# Resource object code (Python 3)
# Created by: object code
# Created by: The Resource Compiler for Qt version 6.10.2
# WARNING! All changes made in this file will be lost!

from PySide6 import QtCore

qt_resource_data = b"\
\x00\x00\x03\x8a\
\xef\
\xbb\xbf<svg xmlns=\x22ht\
tp://www.w3.org/\
2000/svg\x22 width=\
\x22980\x22 height=\x2218\
0\x22 viewBox=\x220 0 \
980 180\x22 fill=\x22n\
one\x22>\x0a  <rect wi\
dth=\x22980\x22 height\
=\x22180\x22 rx=\x2220\x22 f\
ill=\x22#1F2227\x22/>\x0a\
  <g transform=\x22\
translate(24,30)\
\x22 stroke=\x22#00AEE\
F\x22 stroke-width=\
\x223\x22 stroke-linec\
ap=\x22round\x22 strok\
e-linejoin=\x22roun\
d\x22 fill=\x22none\x22>\x0a\
    <path d=\x22M36\
 92 68 20 114 90\
 70 110z\x22/>\x0a    \
<path d=\x22M68 20 \
148 32 114 90\x22/>\
\x0a    <path d=\x22M1\
48 32 178 60 152\
 104 70 110\x22/>\x0a \
   <circle cx=\x223\
6\x22 cy=\x2292\x22 r=\x223\x22\
 fill=\x22#00AEEF\x22/\
>\x0a    <circle cx\
=\x2268\x22 cy=\x2220\x22 r=\
\x223\x22 fill=\x22#00AEE\
F\x22/>\x0a    <circle\
 cx=\x22114\x22 cy=\x2290\
\x22 r=\x223\x22 fill=\x22#0\
0AEEF\x22/>\x0a    <ci\
rcle cx=\x22178\x22 cy\
=\x2260\x22 r=\x223\x22 fill\
=\x22#00AEEF\x22/>\x0a  <\
/g>\x0a  <text x=\x222\
50\x22 y=\x22100\x22 fill\
=\x22#E5E9F0\x22 font-\
family=\x22Segoe UI\
, Inter, Arial\x22 \
font-size=\x2264\x22 f\
ont-weight=\x22700\x22\
>3DXFlat Advance\
d</text>\x0a  <text\
 x=\x22252\x22 y=\x22132\x22\
 fill=\x22#9AA4B2\x22 \
font-family=\x22Seg\
oe UI, Inter, Ar\
ial\x22 font-size=\x22\
24\x22>Precision 3D\
-to-2D Surface F\
lattening</text>\
\x0a</svg>\x0d\x0a\
\x00\x00\x02Z\
\xef\
\xbb\xbf<svg xmlns=\x22ht\
tp://www.w3.org/\
2000/svg\x22 width=\
\x22320\x22 height=\x2212\
0\x22 viewBox=\x220 0 \
320 120\x22 fill=\x22n\
one\x22>\x0a  <rect wi\
dth=\x22320\x22 height\
=\x22120\x22 rx=\x2216\x22 f\
ill=\x22#1F2227\x22/>\x0a\
  <g stroke=\x22#00\
AEEF\x22 stroke-wid\
th=\x223\x22 stroke-li\
necap=\x22round\x22 st\
roke-linejoin=\x22r\
ound\x22 fill=\x22none\
\x22>\x0a    <path d=\x22\
M36 76 60 36 88 \
74 62 88z\x22/>\x0a   \
 <path d=\x22M60 36\
 106 44 88 74\x22/>\
\x0a    <path d=\x22M1\
06 44 126 62 108\
 84 62 88\x22/>\x0a   \
 <circle cx=\x2236\x22\
 cy=\x2276\x22 r=\x223\x22 f\
ill=\x22#00AEEF\x22/>\x0a\
    <circle cx=\x22\
60\x22 cy=\x2236\x22 r=\x223\
\x22 fill=\x22#00AEEF\x22\
/>\x0a    <circle c\
x=\x2288\x22 cy=\x2274\x22 r\
=\x223\x22 fill=\x22#00AE\
EF\x22/>\x0a    <circl\
e cx=\x22126\x22 cy=\x226\
2\x22 r=\x223\x22 fill=\x22#\
00AEEF\x22/>\x0a  </g>\
\x0a</svg>\x0d\x0a\
\x00\x01\xa4\xa2\
\x89\
PNG\x0d\x0a\x1a\x0a\x00\x00\x00\x0dIHDR\x00\
\x00\x01\x00\x00\x00\x01\x00\x08\x06\x00\x00\x00\x5cr\xa8f\
\x00\x01\x00\x00IDATx\x9c\xac\xfdw\xa0e\xd9\
Q\x1e\x8a\x7f\xb5\xf6\x097w\xceyzzr\xd2H\
\x1aiF\x1ae\x10Q\x80\x10\x92A$=\x90\xc0\x18\
\x0c\x1808<\x036\xd8`d\x82\x9f\xc16\xe0G\
06\x19\x1b\x03\x22H(\xa7\x19M\xce9\xf4t\xba\
\xf7v\xf7\xcd\xf7\x9es\xf6^\xf5\xbd?\xaaj\xed3\
\xfc\x9e\xfd\xfc\xfc~\x0d\x9a\xb9s\xfb\x84\xbd\xd7\xaa\xfa\
\xea\xab\xafj\xd5\x16\xfc\xff\xe7O\x02 \x00\xf2\xd8\xef\
f\xd0\xdf\xf5\xaa\xc9m\xbb\xbf\xa4\xd7\xed]\xb1c\xe7\
\xaek;\xbd\xde\xf1n\xbf\xd7\xebt\xba219\xa9\
\x92*\xd1L\xa4$BP\x84 R\x12@($%\
A \x02\x10\x00$1\xd9O\x15\x12)\x10\xa5f(\
\x04\x00@\x15\x11\x11\x88\x80\x80\x00T \x09@\x8a\xd8\
\xdb\x01\x8a*%\x89\x90\x10I$\x09\x01\x12@B\xec\
\x83@\x80\xa0$\x11\x91\xf8O\xd8\xdf\x8a\xbfH\xec\xbf\
\xa9\xed\xcf~#\x84\xd8\x87)\x84Ub\x02)\xfe\x1a\
\xa5\x0a\x09H\x12\x88\xbd\x8e\x10\x90\xb6~\x00@\x02\x22\
\x10\x02\xf0K\xcc\x00\x05\x92\xec\xe6\x13A\xd8J\x09\x85\
\x22\x92\x00\xa50\xee\xd3.\xd2\x96\x00$\x95~\xd1\x04\
U\x05H\x84\x00J\x85@Xn2\xee\x91\xfeVI\
 UH2\x89}\xb7Rc?l]\x91\x00PD\
D\x01\x01AA\x12\x08\x93\xdf^&\x01T\x10Q\xd0\
^#\x22\x09\x89\x22\xb1\xb7$\x95@\x12\x81\x80T\x05\
$\xf9\x9e3!\x89\xdd\xb5f\x05\x08\x88$\x11\xa8 \
\x09 \xc8j&'\x09B\xda\x22\x8a\xd9\x00l\x95\xec\
\x0em\xa9\x93]&\x94)%\x90H\xa4\x90~U$\
i\xbb!\x09J53I\xa2\x04\x983\x90D|\xcd\
\x08 A\x04\x02U\xbb\xd7$\xaa\xb4\xf5H\x09\xb9i\
\xd4\xf73A\x04U\x12\x0a\x90\x1a\x02lT|\x0fH\
U\xaaf\xc9\xcd\x08\xf5p\xa8\x83\x8d\x8d\xac\xda,s\
k\xe3\xa1\xe5\x8b\x0bO\x0e.<\xff\x17\xc0\xe6\xa3\x00\
N\xfb\xee\x02\xfc\xbf\xf5\xb7\xff\xa5?\xf2\xff\xf1\xfd\x09\
f6\x19\x00\x88\xe9\xbd\x13;\xf7|\xe9\xe4\xd4\xdc;\
g\xb6\xef8\xb5s\xcf\xde\xab\xf7\x1c8\x90fgg\
19\xd1E\xb7\xd3\xd5\xaa\xd3i@&R\x91Rb\
%\xbe\xdb\x92\xa0\x84$\x01\x15\xc2\xd6\x10m\xb1\xcdM\
E\xc5\x0d\xd0\xfe\xc5lo\x81fUP\xd9\x81Y\xa4\
\xfb\x91\x00\xd00\x0b\xba'\x19B$2|\x1bp#\
0\xb3\xd4$\x10\xc3\x83\xb0\xd1p~\x92\xf6\x1f@q\
\x15\x0a\x90\x98\x04\x84 \x11B\xd0\xde\x0aH\x96D\x01\
\xfdj\xe1\xbfN\xe5\x8aH\x9a\xb7;\x94\xc0\xae=\xfe\
_DR\x00\x93(\x05\x92\x08\xa1$\x82J(\x93\xbf\
\xc9\x8c\xde\xe1\xc3.\xcenR\x92\xa1[\xdc\xac\xbf\xc4\
\xd6\x97\x04\x05\x22\x92hH`\x88\x18\x1fCR\x14 \
40\xd8\xdcG\x04\x90\x94\x18\x1f\x96\x92\xbd\x1fJ*\
\x99\x02#\x01\xa8\x18B\xc6z\xd9\xdbETRJ\x80\
\xad\x96/\x85\x10P\xbb.$\x02J1\xa8$\xc0$\
\xa2\xa4m-\x99\x08\xdf&\x12(FA\x10I\xc47\
L\xcdJl\xe3\x93\x92L\xb6\x83\x09\xa0\x88\xdd'}\
\x83l\x1fH\xdb\x00A\x82\x92\x8e\xabt\x8b\x81\x99#\
\x05)\x82\x0c}c\xdd\xa1\x05\x84\xdaF\x04H\x93\x90\
TQ\x92]\x11E@\x22A@\x88(\xa9\xe2P\x0c\
P5+S]\xd7i0\x18\xc8\xc6\xda*.\x9d;\
\x8b\xf5\x8b\xf3\xe7V.\x9e\xbfkk\xf1\xc2\x7f\x1b\xae\
\xbc\xf8W\x00\xce\x8d\xf9o\xc2\xff\x07 \xf8_\x05\x00\
\x01P\x01h\x0c\x90\xb6\xbdbz\xcf\xfe\xef\xdas\xe8\
\xf0\xbb\x0e\x1c9\xb2}\xf7\x9e=\x98\x99\xea#\x09\xf2\
\xd6\xd6\x16\xeb\xd1Pr\x93\xa1M\x93R%\x94\x94(\
\x86\xcd\xb1G\x1e\x0fJ\xc0\x12\x08\x95j\xd6\xcc\xf1o\
&\xc3\x8f,\xe4\xd8B\xba\xe1z\xb0\xf5(\x0c\x98\xfb\
\x07\x92\xfb\xfb\xe3##\x9c\xf3\xe5\xeb \x88\xb7\x8b\x88\
\x900\xafO\x92\xd0F\xca \x0b\x84\x85\xde\xe2\x18\xf1\
wf_\xf6\xe2\xf0\x14\xf7\x8c\x82\x03$\xcdA\xcc\xb6\
\x0c\xa0\xcc\xe0\xfd\x92\x04\xc5\x87ZT R\x12\xd5\x0c\
\xaa\x1aF8\xa8\x11\xc6.\x1c4\x01P\xa8\x0c,\x83\
\xb0\xbd(\x05\x1d~R\x12'\x0b\x08\x9f\xa4z\xd4\xa7\
hV\x15I\x86j\xc1\x12\x92\x04i*\x9b\xe2LH\
@\xf55\x17I\x12\xf6\xee\x17\x00e0\x08\xd5\x1c\xe0\
\x01\x80P\xb5\xb7\x9b\x0d\x8cm5\x01&\x8b\xd7$i\
\xd7\x02\x0f\xb5\x92\xccC)\xb4@\x0bB\x09\xc2\x1c*\
\xa8\x94\x88_\xa98\xac\xda\xe7'\xa9\x92\xda\x7f\x93\x0c\
\xfc\xa3\xf1\x86\x04\x88\x88\x86\x13\x8f/*\xa9\xb1\x16\x92\
R\xca\xa0\xc6\x8d\xc6.z\xac\xb0\x9f\x01\xa1$\xa7k\
j\xcb\x0ec,L)\x91\x84d\xcd`\xd3PI(\
\x05\xe8t\xd9\xe9\xf5\xd8\x9b\x98N\xfd\xc9^\x1al\x8d\
0\x7f\xf64.\xbd\xf0\xec\xc6\xea\xf9\xd3\x1f\xa9\x97/\
\xfcr3\xb8\xf4!#\x1d\x0c\x06\xa9\xffc\xb7\xfd\xff\
\xfd\xf3\xbf\x02\x00\x15\x80,\x02t:;n\xe8o\xdf\
\xfd#{\x0f\x1f\x7f\xcf\x89\xab\xaf\xe9\xec\xd89\x0bi\
\x9a\xd1\xfa\xdaZ\x1a\x0c\x06izrR\xf6\xef\xdf\x8b\
\x03\xfb\xf7b\xef\xae\x9d\xd8\xb1s;\xa6g\xa6XI\
B\xaa\x9c\x06B\x12hp\x8b\xd6U\x8cd\x86my\
\x94\x0cvOg\xbbc&i\x01\x94%_(\x11\xd5\
`\xc2\x7f\x14\xa1Z\xac\xb3\x17\xc5\xb7\x88\xe3\x89X\x18\
\xb2M+T\x1cj\x81\xc5Xd|\x85\xc5\xab\xb0{\
fR\x82/\xc0\x89\x22\x12\x14\xaa\xa2\x00RD\x84\xf1\
\xa5w\x93K-\xe7\x1f\x83.\xc0ii\xc9lH\x0a\
ITU\xa2:\x9d7\x0c,\xaf\xb5{\xb74C\xa0\
J\xf3\x83T\x96\x81\x1e\xcb\xc8`\xd4\x12\x5c\x99\xc9W\
X\x85HH\xa0\x07\x7fad\x0a\x12\x00K\xf5\xef\xb2\
\xc0\xafp\x16\x94\xe8\xc0 \x04\xc8\x0c$a\xe4e\x8c\
[\xa4%3\x91\xb0i!GB\x96\xfdq\xfe\xee\xde\
\xe8\xdc\x04\x09bT;%\x0a\x00:\xed\x8e}\xb1\xc8\
\x92,\x07dD\x13\x035g\xe3$\xd5\xa9U\xa1\x15\
\x86\xb0JZ\x96 \xfe\xc1\xc1e\xec\xba\xe8\xfbHj\
\x0b\xda\xc1T\x8b\xa9B*\xdf,\xc7\x14\x8b\x91\x88=\
\xf1;-|K\xa0J\x90\x0a\x92\x18\xd6\x0d\x97./\
\xe3\xd2\xc5\xcbr~a\x01\xa7O\x9f\xc3\xd2\xea:S\
o\x22O\xed\xd8\xce\xc9\xc9\xa9\xee\xea\xa5%y\xe9\xc9\
Gp\xf9\xf9'>\x99/\x9e\xfb\xa9\xadz\xe9\xcf}\
;*\xfc\xbfd\x03\xff/\x01\xe0\x8d\x1d\xc1'\x9aC\
\x871\xb92<\xf9\x0fv\xec?\xf2\xfdW\x5c{\xdd\
\xcc\xa1\x03\xfb\xb8\xb1\xb1Q_Z\x5cHs\xd3\x93\xd5\
uW_\x89k\xaf>\xc5#G\x0e\xc9\xd4\xcc4\x00\
\xa0\xa9\x1bhVd*\xb3\xaa;\x0f\xcb\x02\x83\x14w\
\x00\xd0#\xa5\x9b\x1c\xb3\x1a\xc2Y\xc8O%\x1eJ\x8a\
\x94Z\x94\xaab\x9180\x22\xd2u1\x83 HQ\
\x19\xdfV\xb8\xff'\xfb\x1cX<4\xa7\x02 \xe1\x04\
\x1e5K\xf6\xe01\xdc\x82\xab\x1bE\x0b\x00p\x98\x10\
\x88x\x00E{\xc1\x10a$\xab\xe1\xf0\xe6/RL\
^\xdb\xdcB\x90\x92\xc0\x84\x0b\xe3\xa7%\xb8\x84\xcf\x88\
\x07e\x11ue\x00\x85\x98\xd2\xd2E\xe7(tF\xe3\
\x11?\xe8\xb0\xa19\x02\xf5\x02\xe9,\xece\x82\x16\xa3\
\x01\xd3gl\xe9\x22\xabH\x950\xabz\xa2\xed$\xa0\
\xcd\xee\x03\x0e\xe0\x00G\x0b\xdc\x86\x92\x1c\xdf\x0bOM\
<\xa7k\xd3y\xb4)M\x10\x15\x11\x81$\x89\x9c\xa1\
\xd8\x8d\xbd!\x15\xa2d\xd1\xdd=\x0c\x00%\x01\xd4\x08\
$c\xec2\xae]}O,\x83(\xc8(!`\x00\
I\x22m\x1373\xa7\x0bTSa\x12\xc4\xbe\xd8\xde\
#\xce@\x19F\xed\x8a\x83\x13X\x83h\xc6\x12X\xd6\
\xd2\xedT\xac\xaaJR\x12iF\x03]XX\xc0\xe3\
O=\x87\x07\x1f|\x1cK+k\xb973\xab\xd3\xdb\
w\xca\xca\xe5\xcb\xbd\x17\x1f\xb9\x0fK/<\xfe{\xb8\
\xf4\xfc?\x1a\x0a\x9e\x01Q\xf9\xc5\xbf\x8c8\xff\xf7\xfe\
\xfc\xcf\x02\x80\xd99\x90\xab\xd9\x9d\xaf\x9d\xdb~\xf0\xdf\
^y\xe3\xad\xb7\x1c9z\x88y\xb8\x95\x17\xe6\x17\xaa\
={v\xe3\xado\xb8]o\xbc\xe1Z\x99\x9c\x9a\x94\
\xe1\xb0\xc6\xe6\xd6\x00u]Cs\x86T\x09I\x92\x88\
@SJ\xa4\xe5\xaff\x03\x1a\x91(\xb6DP\xec\xb0\
\xb8E\x10\x02\x06;\x16\xa13\xd9\xb0\x9fq\x96\x1e\xcc\
\xfe\xe5\x04_(N\x0ec\x81J\x06\xe7\xb7Y^\xeb\
\xcc\xd8m\xb1\xa0\x09\xc5DC\x98\xf5\x99aY\xc0H\
\xc5\xf8\x1d\xc8\x9c\xe7\x97\x08!\xc1*\x0a\x8d\x88\x00$\
\xc1>\xc2\xfa\x9c,CB\xa5\x13x:\x1a\x14\xd3S\
\x1f\x83D\x91\xd4\xde{\xa4\x03\xb1^%)\x91\xd6\xb3\
\x94\x99-\xf9I\x08\x9cs\xc5\xac\xdd\x90\x88\xc9\x85\xf6\
\x88\x8c\xad\xa7\x07\xb1`GA\xbd\x03\x09\x9c\x07K\x01\
\x0eU\xa7\xcf\xf1\x89\x888\x1f\xdb\x15\x17H\xc3\xbe\x96\
g\x90\xa0{\x96\xfd\xc6\xb7\x99\xae\xf5\xfa2\xb9g\xa1\
\xe4%f\x1b~\xd9\xea\x04-L\xc4\xd4K\xb8\x92i\
\x09(\xe3%\xc18\x83I\x94\x85\x0d6\xe4iT\x18\
\x93\x8e\xf1)\x186\x95\x8b\xb4\xfbu1\x09\xc9\x16\xd3\
DdU\xaa\xa8\x12\xc9\x83J=j$\xab\x96=\xec\
\xf7'83\xddgnjY\xbc\xb8\xc8\xcf|\xf6^\
\xdew\xff\xc3RMOsv\xf7>,\x9d?\xdf9\
\xf3\xe0gV\xb7.<\xf7\x03\xa3\xad\xa5_\xf5%4\
\xd5\xe1\xff\xe1\xcf\xff\x0c\x00\xa4\xb0\xbf\xa9\x9dG\xbew\
\xe7\xe1+~\xfa\xd4u7\xf6\xf7\xec\x9c\x1d\x9d?{\
\xae[\x81\xf2\xd5_\xf1v\xdc\xf6\x9aW\xa1\xc9\x99\xeb\
k\x1b\xac\x9bZ\x00\xa0J\x15:\xdd.\xba\x9d\x0aA\
u47 DU\xb3\x8b5\xce\xbePh&]\xc4\
\x19s\xe1\xc2\xd9\xc3\x9e=\x8c\x9a\x96\xa0Pg\xed\xc6\
\x89\x9d\xa6\xda\xfe\xb8\xa4\xe3A\x8eF\xf2\xdc\xae\x0b\xd0\
02a\x8f\x15\xee-\x9e\xd0\xb9\xcd\x19\xd6'\x09\xae\
G-\x9e\xa9a\xcaF8\xc6q\xdf\x0d\x92\xb0t;\
\xbc\xcb\xdf\x10\x81?\x85\xcf\x06^YM\x84R\xa5\x04\
\x8e\xe1U\xfc\xe8i)\x08\xa2\x82HJ&[\x01\x14\
\xb6\xf1\xd7\xc9\xbf\x07\xda\x96\x8bX\xecqbc\xac$\
l;\xbc\xc3\x16Q5\x00P\x8a\xad\x88\xa7\x01q]\
\xf4u\x0a\xc4\xf2\xf7Gh#\x88\xa4\xc6\x06\xc2\xab^\
\x0e\xbb\x120Y \xd7+\x1a\xae\xdbHx\xba/2\
J\xf6e\x8c\xc2x{Y\x1d\xbb\xfd\xc0\x81\xf8=Y\
|\xb3\x95\x9e\x84\xdar:\xdb/3\xbf\xc0\xa2p\x5c\
\xc1\x98\x9c\x9c\xa4\x10-P\x0b\x00\xb4Z\x07#\x97\xb1\
/u\x90\x10A2\x0cK\x124J\xe3\x22\xc5\x15\xf5\
\x94\x98R\x05%e8\x1ab\xb05@=\xaa\x99\xed\
:\xd1\xedOpnvR\x96//\xe2/\xff\xfc#\
r\xff\xa3O\xcb\xce\xfd\x07\x9aTu\xab\x97\x1e\xb9W\
.>\xf9\xc0\xaf\xdc\xfae\xc7\xbf\xf7\xf3\xbf\xff\xf9-\
\xfcO\x80\xc0\xff\x13\x00$\x00J\xfe^5\xbd\xe3\x87\
~\xe9\x8a\x9b^\xf9\x81\xe3\xa7N\x8d*\xd6\xe9\xec\xe9\
\x97\xaaW\xdd|=\xdf\xf3\xee\xafI\xfd~\x9f\x17/\
/C\xa9L\x22RU\x89SS\x93P%VVV\
q\xf1\xf2\x92\xac\xae\xaesm}#\x8d\x9aF\xb5\xc9\
\xccJ\xb7:\x8aW\xd3$\x8c6\x8c\xcc\x19\x93xf\
g\x12a\x843\x93~\x22\x22y\xa0\xf6DX\x08\x91\
\xca=RII\x81\x1f\xc2H8]\xa4b\xc4\x82$\
09V\x14`\x1a\xfb` R\xf7H\x81\xed\x83\xdd\
\xed=\xd6'\xabc\x81\xa0\x9ay\xdagQ[\xdf\x91\
\xc0.\xbb_O -\xa0{T/5\x86\x90=d\
\xcc$\xdd\x0f\x19\xc4\xc4Q-\x92&\x10\x1e\xcc\x9d`\
\xb4*\xa3\xb3g\x7f\x9d\xffg\xf1\x8b\xf8\x1d\x03\x10\xda\
\xef\xd7\xe0\xc0h\x11J\xa4\x05\x93\x96\xe1\x14}a\x0c\
e<+F\x82R_F\xc6\x02\xa5\x85\x84R\xa3\x1c\
\x811=\x13\x9a\xb5\x88\xbd~\xbf\x9e*\x8e\xb1\x06\x94\
k\x91rO.RD\x15\xd0\xc5\xce\xa2\xf6;b\xa7\
\xb8\xc2\xb2\x89t\xfd\x90\x1e\xbbE\x08/I\x91\x14X\
\xe5\xa3\xcd\xd1\x08H\xa2\xd5-\x15P'\x18&\x22i\
\xb1eDv\x07\xa3|\xc1lA\xf54\xd2\xef\x1d`\
\xa7\xd3\x91\xa9\xe9)\xcc\xceLa\xef\xde\xbd\xd8\xb1s\
'\xba\xbd\xbe\x0e\xb7\x06\xb2\xb5\xb9\x85\x91*\xeb\xac\xd2\
\xef\xf5p`\xdf.<\xf9\xf8c\xe9w\x7f\xef\xbfb\
\xab\xd6\xbc\xeb\xf0\xe1\xfa\xfcSOM\x5cx\xf4\xaeO\
WK/~\xdd\xa6\xc8\x05\x90\xffC]\xe0\x7f\x04\x00\
\x09\x00\xbf\xf1\x07\xbeq\xeaO\xff\xf3\xe7\x7f\xff\xc4\xf5\
\xaf\xfc\xd2c'\x8e\x0d\xb6\xd6V:\xf3\xe7\xe7\xab\xaf\
\x7f\xd7W\xe2\x8b\xbf\xe8M8;\x7fQr\x93\x91R\
b\x12\xd1\xa9\xc9\x894\x18\x8e\xf0\xfc\xe938wa\
\x9e\xebk\xeb\xa2*LU%\x9dN%\x14jB*\
\xa2\x8a\x19\x03\xa3\xee6\x86\xd9)0\x5cT\xb5p;\
\xb46*4I\xa5\x0d\x9d`\x0aJ\xea\xaf\x88\x08^\
\xfe\x94H#Am$@\xb8\xcd7=\x963\x5c:\
\x96\xca\xbe4\xfc\x1c\xa40l\xa2\xf5\xb3\xa2:\x06\xb8\
 \x82\xac\xdd\x93\x94\x8f\x1b\x8b\xf9\xee\x0aN\xc1\xd5\xdf\
\xe8\xa1\xd6o\xa5\xb5\xd5\x92E\x07\x87\x0a>-%#\
\xa6\xafU\xac@\xa9L\x16Z\x0e\xb4\xc50\x81\xa9}\
\x91\x01\xd8\x1d\x05\x9bg{\x01\xd2\xae\x03\x9d\x81@\xc5\
U\x0c[\xb5\xd0a\xc4U\xb8\x80'\x8eE\xfe\xbf\x01\
u\x00\x94\x11\xcaA\x16\x07\xf3\xcf\xa1#\xbb\x95?\xed\
\xfd\xd1\xdf\x10<\xa6\xbc#(R\xb9\xbb1\x94\x03B\
\x87m3.\xdfz\x00JZ\x1fBYf\xb3A7\
2)\xdfU\xdeH\x01%\xc7\xddC]\xde\x91R}\
1#\xb1\xb4\x13 %\x08\x15H\xa8*r\xceN'\
\x0b\xc0a4\x1a\xc9p4Bn2\xa6\xa6&\xb1o\
\xdf^\x1c=~\x9c{\xf6\xeeF\xdd(7\xd77%\
k\xc6\xd6\xb0\x96={v\xcbD_\xf0\x07\xbf\xfd\xbb\
|\xf0\xd1\xa7\xb8\xeb\xd0\xd1z\xf1\xecK\xfd\x85\x87\xef\
~tj\xf9\xc5/]\x12y\xe9\x7f\x04\x02\xff=\x00\
\x10\xe0\xeb\x12\xf9u\xd8\xbe\xffG\xfe\xe8\xe4\x8d\xb7\xbd\
\xe3\xc0\xa1\xfd\xa3\xe1\xe6Fg}u\x15\x7f\xfb\xdb\xdf\
+W_}\x15\xcf\x9d_\x90n\xaf+\xaa\xca\xc9\xa9\
I$I|\xf6\xb9\x17\xf0\xec\xf3\xa7e8\xaa\xd1\xef\
\xf7Qu*\xa8\x8b~4\x04t\x10\xa4\x94\xe8\x8fB\
\xf0#mJ\x08]\x0c\x10/\xb0\xb6\x90\x11k%\x95\
\x19Bt\xf4\x98/\xb5\xe9t\xf1\xff\x12\x81M{p\
\xef\x19\x07\x9c1\x1a\x87p\x0b\x08\x98\x22\x5cV\x89\xa2\
,(0\x16\xc2\xc7VQ`]Ma\xea\xf6\xb7t\
V.b5\xfc\x80\xaf(\xd1\xb5<m,\xd5L\xa1\
U\xb4[\xe4a<\x80\xa1\x85\xa6\x08\xc7cQ\x99%\
\x85\x09\x8aY(<A\x88)\xf7\x86\x96B\xa1-Z\
\xc9\x05\x22\x1b\x90HE%\xee\xc5\xf5\xafHt\xd9j\
\x06m>GX\xda\xef\xfb\x99\x80\xa4!w9\xd0\xab\
\x08S\xa4z\xc5\xa1\xed\x02\xd5\x16\xa7\xdcd\x11\xdc\x9c\
\x96\x15bQ\xfe\x1eA\xd7@\x81\x06,\x8e\x91\x13g\
\x04\x9e2\xd8\xfaQ\x80\xa4\xea\xfc2\xb6\xa3]T\x93\
]\x1cf\xc3\xf2<K\x08\xa1\xbae9\x020\xc7=\
\xd0\xa2\x8a\xd2>\x98\xc9\xcd\xda,\x95\xce]I\x85\xaa\
\xaa\xf1\xb4rk\xf1U\x02\x10u\xd3\xa0\x1e\x8eP7\
5g\xe7\xb6\xc95\xd7\x5c\xab\x07\x8f\x1c\x96\xcd\xf5u\
\x0c\x87\xb549K\xaa*\x1e=z\x00\x9f\xfb\xe4\xc7\
\xf1\x87\xff\xe5C\xb2\xeb\xe0\xd1\xd1\xda\xd2\xe5\xde\x85\x87\
>\xf3x\xb5\xfc\xd2[7\x81\xf3\xf8\xef\xa4\x03\xffw\
\x00 \xf0\x1a\x7fo\xf6\xe0/_{\xdb\x9d\xef?z\
\xfc\xe8\xd6\xe6\xca\xd2\xc4\xe6\xda\x06~\xe8\xfb>\xc0]\
{\xf6\xc8\xc2\xe2E\xf4\xfb=H\x12\x99\x99\x9e\xc6\xd9\
\xb3\x17\xf8\xe8\x93Os0\x18aj\xa2/\xa8*\xe6\
&\x8b\xd2z\xc08nIT\xe6\x88\xf8\xae\x82F\xea\
^(\xb9\x14[\x025\x14vu\x805VJIn\
\xba09[\xc7\xa2J\xe4\x10.\xc0\x94\xe2q\x98\x0c\
\x11\xcd,f\xce\xb6\x99\xee\x03t\x19\xab\xb8 \xdd7\
,\xc4K\x18C|O\x98Y0C\xf7G\xba\xec\x13\
/\x94\xd4rp7Q\x07:\x8fTE\xe4\x0b\x0b\x90\
\xa2\x1e\x85\x14\x18\xe1\xb4\xfd\xa0HY\x01\xabNY\x8f\
_\xa9h\x22x\xc5\x18%aI\x08\xc2m\x89\xc8\x9c\
\x8d\xa6&\xff\xab\x96\xcb\xb8\x88\x15\x9e\x164(V<\
\x18\xc5\xcb\x0c\x89%k\xf0\xcc>\x1c:\xc8\x85\x7f\x9c\
\xbf\xce\xb1\xad\xe8\x80\x1e\xfe\xad\x18\x13N\x1f\xa5\x84r\
\x1be\xfd#\x8c\xd8v\x8b\xab4v\x9d\xa4\x06s\x22\
R0\x90\xf8\xeaX\x84\x92\x82\xfa\xdd\x88_W\xb0\x05\
[\xd1\x029\xd6+\xc4R\x0f\x10F\xe2`\xec\xde\x82\
\x1c\xc2\xbe\xc4\x00@\x95\x9a\x1c\x00HU\xcfC\x9dh\
xk\x22s\x16z\x84I)\x11\x10\xd4\xa3\x1a\xebk\
+\xd8\xbbo\xaf\xbc\xe2\xb6\xdb\xd8\xadzX]]M\
\x10pss\x80\x13\xa7\xae\xc0\x8bO>\x84_\xf9\xf7\
\xbf\xce=\xc7\xae\xacW/]\xec/>v\xf7\x17v\
\xcf\xf0K\xce\x9c9\xb3\x84X\xd6\xbf\xe1\xec\x7f\xf3O\
%\x22yrv\xff\x8f\x1c<u\xc3\xbf\xb8\xee\xa6\x9b\
\x87\xc3\x8d\xd5\xee\xc5\x8b\x8b\xf2\xc3\xdf\xff]\xdc\xbdw\
/\x16/^\x96^\xbf\x8b~\xaf/\xddn\x07\x0f<\
\xf4\x08\xce\x9e]\xe0\xd4\xd4\xa4\xa6NGr\xd3H\x0e\
\x8eL\x85f\x82\x9ev\xa9a\xa3\xa7\x00e\x17\xcbu\
\xb0,r\x086Z\xd4&\x0f\xe6E\xbb*$7\xb8\
\x9f`\x5ce\x8b\xaaS\xe9\xf6B0\xd70C/\xbf\
3*\xff\xce\x815\xec\xba\xe8Kq-\xe3R\x18\x9d\
\xb6J8\x83y\x9dK\xc7^yo5\x8d\xf8\xa7\xa0\
%\xfd\x11\xbe\x92\xb8\x8a\xe1\x04\x1c\xc6\x0aB\x08\xf1\xac\
\xc0\xc8\xb8\xa4\xb1\x1b4\xb3\x8c,!D\xc1\xf6\x0a\xcd\
g\x0dcJ\xe9\xaa\xb5\xf3\x92S\xb7\xab\x1aI@a\
D,\x84\xa8\xbd\xf3\x08\xf5J\x93\xae\xc3c\x10\x89C\
\xf0/k\x7f%\x9c<\xb7\x04.\x82.\x82\x18\xf9\x9a\
\x8f\xe1T\xd8\x81_\x94upPh]\x0a\x855\xc6\
K_f\xd7\x85\x9ay\xd6\xa3\xf0\x94\xc0\xa5\x221\xb4\
\x1c\xf3O\x86rZ\xbaKHkk\xf0 \x15\xa6\xea\
+\xd0\xa6d\x11\xfe\x09B\xdd\xa0BFR/)\xb4\
\x1a\x942\x9a\x1dE`\xcd\x5c\x1e\xd6\x22e\x80X3\
\x15\x015\x12\xe1U&\xa3\x10\x92\xb0\xb5\xb5\x81\x9c3\
ny\xd5\xab\xe5\xc0\xa1#\xb2t\xf1\x22\xa4J\x5c[\
\xdb\xc4\x95\xd7\x9c\xc4\x8bO>\x82\xff\xf0k\xbf\x8d\xdd\
\x87\x8e\xd6\x17O?\xdb[}\xee\xe1?\x1dm,~\
%\xc9\x0e\x80f\xdc\xd9\xff&\x00T\x00\xf2\xf6\xddG\
\xee\x9c\xd8\xb6\xef\xe3\xd7\xbd\xfa\xd5\x9cHH\x17\xce\x9d\
\x97o\xff\xd6\xf7\xf0\xba\x1bn\xe0\xc2\xc2Et;\x1d\
\xf4'\xfaR7Y>\x7f\xd7\xbd\x18\xd5\x0d&''\
\xd9\xe4\x1c{\x92\xb2\xba\x0a\xa3LY3=\x99J\x96\
\xe0Y\x0f\x1b\x8c\x93#bJ\xa4\x06!|\x8d\xc31\
T\xa2\x0a\x86VD\xb3\xe0b\x9b_\xa2c\xf1\xbeb\
\xac\xc6\xbd=\xd2\x06\x07(Q12x\x14\x02R\xbe\
)Bu\xf0\x87$\xa9u2\x82\xf4>=\x09_E\
\xa9]\xf9\xe5[N\x1c\x1d\x03\xf15)2\x10u\x12\
>\x96\xe2\x8b3\x87\x14\xdd\xb9\xc5\xf0\x0a\xa9A\xc8\xd4\
\xbei)\x85J\xe9A\xbf\x95\xdb\xe3u\xd6\xc2j\x82\
Gl:\xc9(lK\x14\x1e\xbd\xeb\xaf4\xfdg\xd7\
#\x8a@b\x91\xd1\x9b\xa2\x937\x09\x15\x09!\x09h\
\xfdG\xc9\xa0J\xed\x9a<\x86\x1b\x80\x81\xe5,\x82}\
\xae\x88Z+\x11\x92\x96>\xc01w\x8eoD[\xf4\
g\xe1\x1f\x81U%\x9a#$\xb818\x8c\xf0\xde\xd2\
\x05{O*\xd6\x10\xf6Wv\x8d\x14\x11\xff\x181\xe7\
nY\x08P\xca\x1e\xa0\xe3\xb3P\xbd\xb4gx\xe5.\
\xabAv`)\x15\xa3IP\xc8\xec\xc2\x83/+\x92\
*s\xec\x8d\x90\xb4m!\xa0\xf6B\xc3Ak\x0d\xc1\
\xca\xf2\x92\x5cw\xc3Mr\xea\xba\xebqia\x81\xa8\
\x1277\x06r\xe55\xa7p\xf7'>\x82?\xfb\x8b\
\x8f\xca\xae\x03\x07\xeb\x85\xe7\x9e\xean\x9ey\xea\xc7\xea\
\xad\x8b?N\xbe\xbcYh\x1c\x00\x04\x80\xdct\xd3\xbe\
\xc9\x97.\xef\xbe\xf7\xaa[^s\xf5\x8e\xb9\x89\xbcp\
\xfeB\xfa\x8a/y3\xde\xf6\xb6\xb7\xe0\xfc\xfc\x02\xbb\
\x9d\x0ez\xfd\x9e\x0c\x87#|\xfa\xb3wK\xbf?\x81\
n\xb7\x8b\xba\xae\x8dZ\xa9\xe5?J\x15\xaa\x19\x99A\
\x01A\x07~\xcd\xd9\xc8\x1dEl\x81\xccn\xf5eQ\
\x22\xf8A\x1b\x0a\x22\x8e9\xe6\x9a@\xdb\x9a\x09@\xeb\
-\xf0\xb8io.\x02\x0cJ\xf6\xe9\x08l7\xdf\x06\
\x93\xf6\x83,\x15pi\x1eh\xc5@\x8f\xb3\x1e\xf9\xb3\
\x09\x18F\xa4\x93\x87~\x17\xf3\x9cM\x90\xa2\xe2\xa2\x9e\
\xf3\x93B\xca#\x841%\xa4\xdcV\x07\xcc[\xfd\x90\
\x94\x86\xcf\xb9\xe3\xd9\x12J\xb0\xf2 \xde\x12A<\x05\
\x98\xb6\xb6\x8e\xf8QH(\xc6<\x19A_#\xf7`\
\x5c\xbf\xe7\xf8\xd6\x1aS6$\xb9\xc2\x82\xc2\xa2\x18$\
>r7\x14*^v\xacP\xefh\x82\x0b\xa8\x0fJ\
U\xb0A\x22\xa3\x8e\xa5\x91\xb8&!\xa1.\xef\x94\xad\
,\x09\x86/\xd1\xb8\xb2\xe8\x18<F\xd8\x0cr\x00X\
\x06\x00\x94\xa8\xef_T\xac\x8f\x8a\x00\x00\xb3?\x12\x0a\
-a h\x89}\xab\xf3\x0f'\x19\x96X\xf9[\x84\
b\x07\xb5D=\xd5\xb1*\x80\xfa\xf7\x09\xc9\xac\x91\x06\
\xd3BE\x5cn\x16\x8d\x05\xb0\x14\xc6\xd8E(h$\
R\x95d\xe9\xd2%9u\xcd\xb5\xb8\xfa\x86\x1b\xb9\xb8\
\xb0\xc8*\x89l\x0dj\x5c}\xd3u\xf8\xdd_\xfd\xf7\
\xf2\xdc\xe9\xf3:\xb3}g~\xe9\xfe\xcf\x82k\x17^\
\xb7\xb5\xb5\xfa\x05\x8cu\x0c\x8e\x03@%@\x9e\xdaq\
\xe4\xc7O\xdex\xdb?9xd\x7f\xb3t\xf1R\xe7\
\xca\xa3\x07\xf1\xdd\xdf\xfd\x01}\xfe\xf4\x19\x99\xe8\xf7\xd8\
\xe9t\xa1J\xf9\xd4g\xefB\xaf\xd7\x93\x94*\xf8A\
\x1c\xf3u\xa10\x9b\x93\xa9W\xee,\xff\xa7#\xbfC\
\xb3\xb2\x18w\x09\xa8c<+\x16>@\xbf\x10\xe40\
[ik\x02c\xdc,\xb5q\xb1Duw\xb6\xb21\
\xf6\xa3\xf7b\x94\xcd\xf7\x1c?R\x00\x94\xe8_xE\
Y\xa8\xa8\xc5eB%\xda\xe2!vt\x85@\xf4\x93\
\x95k)\x89K\x0a\xa6\xfc\xf2?\xa5\xa8\x11\xc4\xdb\xdd\
\xcb\xaf\x80\x05*\xbc\xc5\xa0$\xc5\x1e\xabZ8kS\
\x0cw\xab\xd2w\x07\xc0{\x80\xed;^\xe6\x87\x883\
\x0fH\xa5W\xc1\xaeT\x8bT\xf0\xf2U`\xfbU\xce\
N^\x066qM\x0e\xde\x0e\x8a\xc1F\x18WX.\
\xb9\x00\x16\xc7\x12!DK\xa0\x03~y\x9d\xb4\xdf\x1c\
\xe9\x90\x1b\x8cC\xaf\xfdg\x88k\xb6!\xfe\xfd\x0aT\
IT\x95i\x8cUy\x9e\xaf\x8e}\xa0\x88\xc2\xb6V\
\x18\xf9=\x0c\x9a\x0bx\x91JI\xc9\xc8\x8b5:$\
-{\xe5\xd6m\x98\xa4\xc1\xa2r\xce~\x8f\x22j=\
\xc0\x06\xc0$%\x09\xa1VJ\xccT\xd0\xbaH\x8b\xc3\
\xdb-\xb7\x01\xd5\x05@Y\xbd|\x09W\xdfp3\x8f\
\x9f\xba\x0aK\x17/\x8a\xa4\x84\xd4\x9b\xc0\xfe=\xdb\xf0\
\x8b\x1f\xfc z\xbb\xf66\x1bKK\x9d\xc5G\xee~\
`\xef\x8e\xee\x1dg\xce\x9c\x19\xc1\xbb\x05;\xbe\x07\x09\
\x80\xee\xdcu\xf0\xea\xee\x8e}?\xb8\xe7\xc0\xbe\xa6\xde\
\xda\xa8\xd8\x0c\xf1\xf5\xdf\xf0.\xcc/\x5cL\xddN\xa5\
\x84\xa0\xaa*|\xf6\xae{\xd8\xedt\xa5\xaa*\xd49\
\x07\x1f\x13'\xfa\x00\xcc\x09\xa8q\xe1\xa6\x01\x14\xddO\
]\x81\xa6\x9dM\xa5\xaaoz\xec\x94m\xbdF>\xe9\
\xffR\xb6\xc8o[\xed\x0d\x1a.\x0b\x8a\x96\x10\xe0\x1f\
\xe7a\xc5\xa9\x1a\x0aB{\x84\xb5cpf.\x1e?\
\xd4\xce\xbf\x09\xc44E\xf7i\xd2\x7f\x10I\x96\xc7\xd9\
\x95\xb65D\x14\xb1X\xdak\x0c\xe1\xc9\xec4!\x87\
\xdb\x18\x1bPQ\xc2\xfa\xd2\xbd\x8a\x8c\x00.\x97\x22\xed\
\x103\x84j\xb1\x9b\xc5#\x0a\xf5\xf5r\x17\xa2\x130\
\xde\x1f\xae\xd22\x82H4\xec\x22\xb5@\xa5Uh\xdc\
r\xd5\xe2\x0d\xed\x9c1\xfc421.\xfc\xdb2\xb4\
-0\xe2\xad\x8b\x1e\xd1\xa3\xd5\x221\x0b%)\xbc\x9b\
\xd8\xf6\xbd\x88hp(s\xcd\xcc\xe1\x0cd&\xbc\xc7\
W%\x88\x02h\xb1\x04\xa5\xa2\xd6\x16x\xc6>Vl\
\x1d}3\xd9^;\xb2\x02~\xfa.\x9c\x1c\x82d\x19\
i\x09\xea\xe2\xdf\xee\xdb\x94\x03\xb5\x84\x81\x90\x05\x9f=\
\x19\xc9*()\xad\x97\x1a\x18\xa8\xd1R\x9b`2\xe6\
\x0a\xceB\xc5R/\xf7o\xab_\xd8\x0b\x8c?\x90v\
\xe6\xc3ts\xe7P\xb6\xe0Y\x15\xa0\xa2\x1e5\x98\x9e\
\x9d\xc3\xe3\x0f\xdd'\xbd\xc9\x09\xee\xdc\xb9\x87k\xeb\xab\
\xa87\xb7\xb0>=\x857\xbf\xed\xcd\xf2\xa7\x1f\xfaH\
g\xfb\xfe\x03\xcd\xc4\xbe\xc3\xb7,\x9c\x7f\xea\x03\x00~\
\x01\xce\x02\xe2\x14\x91\x88\x80\x03\xad\xfe\xd1\xfe\xa3'\xa7\
\xfa\xdd\x94\x17\x16.\xe1\xcb\xde\xfe\x16\xcc\xce\xcdak\
0\xa4*dzjR\x1e~\xf4\x09\x8eFC\xe9t\
;hr.\xd8LO\xd1@\x15\xaf\xa5R]\xe1\xd4\
\xa0-Y\xe9\x22\x88\xa8\xa7\x07F\x8f[\x843\xd0P\
Z\xcb(\xa19\xd6\x9d\x9eN\x84/[\xc2\xa04g\
s\x12\xe2\x1bU\x120\xf1C\x16Bf\x89\xc5U\xcd\
p\xe4\xb5\xc5vP\xf75f\x5c\x87\x1b\x9aA\xa5\xed\
-\xd4\xbe\xc8\x1a8\x95^\xfb\xa5\xef\x9d\xb1\x1dUk\
n\xf1\x93Z\xf6\x15Y\xfd\xa4\x17\xc5:\x22\x95dc\
\xe5)f\xaaZ\xd0PU0\xab\xb3*ECe\xb6\
E\x88\xff\x892\xdb\xb5\xda\xfd\xfaZfhV\x83M\
\xbf\x06;k\xae~\xcd\xf6oU5CR\xda\x11<\
[/[R\x7fo\xa6\x0a\x99\xfd\xc41\xa1\x9a\xad\x91\
\xc7\xaf\x9fP\xe4\xacB\xbf\xaeX\x13\xb5\xe3\xed\xa0R\
\x98\x15\xd9,X\x98\xd5:@mom\x8dr\x06\xb3\
\xb5\xc0f\xdbD!\x15\x99\x0a\xe6\x0c\x22\x8b3\xcb\xb8\
\x1f\xdb\x1c\xf5\xc0\x02MJ\x1b\x13@\xcd`\xf6{S\
\x00\xca\xa4j\xebL\x8d\xebTj\xceV\xcbg\x16\xd2\
\xae\xcb\x84x\x055\x93\x9a\xe9\xa59\xd1\xac`f\xf9\
\x5c\xfb\x1e\x0316\x0a\xd5\x06\x9a\xb3\xef\x9d\x8a\xd2\xf7\
=\xd8\xb0f(\xb3P3\xd4\xd6)\xee\xdbm$\x9b\
M\xa8B\xb3\x8a\x96\xef\xa6\xd8>5\xa2\xda\x80\x9a\xa9\
9\xab\x7f\x8f\xafq|\xae\x92\xaah\xea\x1a\x93\xd3\xd3\
|\xe4\x9e\xbb\xb05\xd8B\x92\xc4\xd4\x11\x9e=}\x1a\
W^\xff\x0a\xec\xdd>\x87\xe1\xdaZ5\xb3\xfb\x80\xca\
\xe4\xec\xf7\xef\xd8\xb1c\x9b3\x00I\xc0\xd7U\x00\xf2\
\x8e}\xfb\xaf\xdd\xb6\xf7\xe0\xd7m\xdf\xb1-\xaf\xaf\xae\
\xa4\xed\xdbf\xf1\xfa;_\xc7\xf9\xf9EVU\xc2\xc4\
\xc4\x04\x16\x16.\xf1\xfc\x85E\x99\x98\x98@\xe3\xf3\x19\
\xc2\xb0h\xde\xe8\xfbo\xc6j\x0e\xa4\x80\xd5E=^\
\x19\x074\xda\x13\x88\xe7\x90N7\x04u<\xc8(\xe0\
`Ud\xf3t\xd5\x00\x8b\x88\x04c\x9f\x14*\xeb\x18\
\x10\x18\xc0\x0bMq\xb5\x98i\x86m\xce\xa0T\x18\xce\
\xb8C\xc5\xfb\xd4\xa3\xb2]\xac\x83\x89\x16\xeai\x8e\xef\
\xdf\xe5j\xae\x03\x15i\x1dc\xcc\x91\xe3\xb5\xbf\xf7 \
\xa0q\x0aL,\x22h\x08\x04\xf0\x1a\xb2\x95N\xfd\xef\
\xa8\x84\x01\x01\x00\xa5h\x18\x00\xfd\x1er\xbb\xde\xc1\xbc\
4\x9c\xd3\x00\x15\x01XPE\xd6\x8c\xec\x86n\x1fc\
\xdf\xe1\xa0m\xdf\x97\x156\x90\x04f\xa0\x01$\xb9\xfd\
\xfc\x9c\x1d(\x14\xa5\xb9\x85\xcc\xe5:4g\xff\x9d\xaf\
Qvg\xa2\x83\xa4\xefA\xce\x99\xe1\x10\x1e=\x00\x03\
D)\x0e\xe4`e}%\xbe\x86\xcc\x0e\x8a\x01\xbe\x01\
\x04T-\x80Q\x946\xc9\x9a\xa1\xe6\xb7\xa2\x0e\x90\xf6\
\x1a\xf8\x11k[\x1fcy*\xaaY\xfcz\x85\x9a%\
\xbe_\x15\x0el\xbe\xbf\xe1\xd4\x01\x98N\xef\xb3\x12\xee\
\xb0\xcc6\xfc\x83\xd9\xfe\x1e\xb9i\xe8\xc1\x02Tec\
\x17\x06\xaaZ\x0bv\xa6\xb4\x9f\x19k\xae\x08\xb0\xa0\x1a\
\x98\x88\x037\x00<r\xef]\xe8\xf6\xfb\x92G\xb5@\
\xb3\x5c^Z\xe6+n\x7f\x0d\xd7\x96.I\xb7\xdb\xd3\
\x89m\xfb\x8e\xad\x0d\xea\xf7\xba7V\x1d`A\x00`\
\x94\xbb\xdfyp\xcf\xbe\x89J\xf2p~~\xbe\xfb\xee\
w\xbdC\x90\x926\xb9\x91N\xea@\x04x\xf4\xa9\xa7\
\xd1\xebw\xd9X\x04I\xc6\x1e\x95P\x81\x9aN\x19\xa9\
\xa88(\xb8\xa3{F/L\xea?[\x8af\x0d?\
\x0c\xd5\xdd\xf3\xe7\xc8\x99\xd5Y\xa7o\x9eZ\x95\xbe\xd8\
Gr\x0eK\xb5&\x12\xc3\x81H\x00\x10\x88\x03h\xce\
c\x02\xba\xff\xbfu\x9bIhJe\xbaO\xbc\xa0$\
\x5c\x91?\x88\xc9\xdc0a\x83\x08\xc5\x8ad4\x97\xd8\
\x99@\xeb\xea\xb4I\x1aF\x89\xfd\xdc\xbe\xddTyq\
\xa4;\x88\x94\xb8\x05M\xe3\xbac\xf9\x03\xfd\x22\xa1\xce\
\x16\xbdeGU\xfd\xc4\xad\x8d\xb0p\x9a_z\xd7\x80\
\x82\xb0\xf0\xf7\x83.~I0i)\xb0Yh\xbe\x8b\
\xf2\x0a\x96S\x02(\xeb\xe9\xdc;\xdaX\xa5\xb5\x80\xe0\
\xce\xf6Y K\x05\xd1\xe8P\xdbB\xe3\xe9@\xc9\xdd\
\xd4\x1a\xfcl\xa8H,\x86dq|\x95\x84&\xbe\x18\
a\x0c\xf65\x96j\xc5\x82\x01\xe6\x1b\x22\x85y\x17a\
@\x8c\x12\x89J\x82$\xcd *_\x19:H{\xc5\
&\x0a\x85\xa5_ \xd1O\x89\xa8\x0d.\x80\xc7\x0b\xef\
X\xb1\xa50\xaagC\x9b\x8c\xfc0\xd4^fX\x9a\
\xab\x99m\xba\xc5\x9c@/\x18\xd0\xc6\x050XSa\
\xce\x1a\x96\x0b\xbf\x06!\xe9\x93\x90h\xc0\xafv\xf2\xb1\
\xeat\xb0\xb4\xb8\x80\x97\x9e\x7f\x16{\xf6\x1d\xc0`c\
\x83\x97\xe6\xe7q\xe8\xf8I\x99\x9d\xeec\xb0\xb9&\xfd\
\xd9\x1d\xd8\xba4\xfd\x817\xde\xb6\xfe\xcb\x9f\xf8\x04r\
\x07\xf8D\xde\xb3g\xcf\x0c'g\xdf137\x87\xad\
\xf5\xcd\xce\xf4\xf4\x94\xbc\xe6\xb6W\xf3\xe2\xc5%I)\
I\x7fr\x82/\x9d=\xcf\xc1\xd6@&\xa7\xa6\x9c\xc6\
D\xa6,%'\xb3.\x12\xb5\x08n\x85\xa1Rh\x87\
\xa9\x98\x0e\xe4\xeaV\x22\x10S\xe5=gk\x8d\xc4|\
2\x17\x95&\xb8y\x0aG\x8a\xafdi%\xb14\x9b\
J\x138\xfd,}\xb2\x9aY\xf8\x90\xd3\xfe\xb0\x0e\xf3\
a\x80I!\x1a\xb3o\x04)\x92G\xb4\xff\xf4\xe3\xa7\
p\xe7\x89h.\xa6\x0cy\x1d\xcc\x1d\x98&<x+\
\x90\xfa\xc1\xd0d\xc58\x92\x94\x04\xcb\xec)LR\xc8\
\xd1X\xd7\xa8}#\xcd\xd3\x10\xfd\x06\x849\x95\xe7)\
\x89\xd1C\x84\x1c\x1f\x10\x92\x83\xf7\xac\x87j\xef`X\
\xf4\xc2@\x1b\xbbR\x0di\x1a\xb1\xde\xb6\xb8d\xd1\xfa\
l/\x11\xfd\xbac\xb0 *a\x00I\xc6N\xd2\xd3\
\x8b\xbd%\xc5\xb3\x9b(\x10J\xff\xaf\x90\x1d%`\x97\
\x81W\x81\x04\x96\xa4\x88\x86\xa0\x11\x9b:V\x0b\x0e\xa6\
\x07\x00HJx\xe7fX\xa7\xd0\x8e\x0e{y\x90\x9a\
\xa0\xc9\xf5\xc9\xa2\x87\xb8A\x10\xed\xe1n\xa2\x14\xee\x22\
0X\xd1\x0fP\xd2\xab\xbe\x92M\xd7\x12\x97\x01\xc4\x0f\
\x16\x829\xdb\xdeYi\xd0| Gu\xdf#\x82\x86\
\x89\xe66#\xf6\xb4\x22\x1a@\x5c\xa5-\x88$\x045\
gg\xc1\xc6>E\x81\xfe\xc4\x04N?\xfd\x04w\xee\
\xda\x83\xac\x8d\xd4u\x83\xa6V\x1c\xbf\xe2\x14\x1e\xb8\xff\
\xbe4\xbb}g\xd3\x9d\xdav\xe3]\xf7\x8d^\x0d,\
}.\x01\xe0\xca\x0a\xdf0\xbbc\xdf\xf1~\xafS/\
//\xa7W\xdcx=\xfa\x13\x132\x1c\x8e \x14\xaa\
*^|\xe9\x0c\xfa\xbd>s\x93Mt\x818\x85#\
\x22w\x14\xa5\xb3U\xeb\xafTD\xf8RO\x01XB\
\x923\x03z\xa90\x14\x5c\x04\xdd\xb5\xe4^\x0aU4\
\x0b4{P\xd2N\x01\x98=\x180\x9a\xd7\xb1|M\
\xa0\xacF\x08\x88\xd4\x226R\xa1\xe2\x14\xc5\x8fq0\
\xba\xc3\xc6\x064\xd8\xf7\x17\xe4B\xbc\x1f\xe5g\xb6z\
\x06\x01\xe3|\xf4/\xd6r\xf8\x88\xf6\xabH\x12\x8cF\
\x9a\x13\x8b\xc2i\xe0\xd8\xbdSY\xba(\x11\x0dU\x88\
\x5c=\xa2\x83\xddd\xa6\xbf\x87p:i\xf4v|A\
\xd4RZ\xdf\xab\xdc\xa6\x17\x9a\xd1X.,\x9e:\x08\
\xddQ\x9cv\x9a\xba\x19\xcb\xe3i\x00I\xfb\x99\x99\x88\
\xdc\xd7\x8e\xb5\x9a\x0e\xe4\xa9\x95\xa5.\xea\xbf\xb2EP\
\xa7\x8a\xb1/\x96\x96d [\x9a\xe0bH\xe4\xfe%\
ER\xd3R\xec\xbb\xedf,\xed\x0a\xc5\xc7s\xc2\xe8\
\xa0\xb1L\xaa\xbd6\xa3m\x16\xc5\xb5!JZ\x93#\
\x9c\x18\xcc\xd8rfO\x87,m\x01a\xd5\xacH\x03\
s4\xb9\x19\x9dos7\x8a\x85\xfe(\x8by`\xf3\
(\x97sc\x8c\xd7t [\x1b\x92\xcc\xb6^\xb0\x94\
\xc7\x00%\xd2@\xb6\x9a\x90\xed\xa5\xe5\xfe\xb9h3\xb6\
f\x9a\xcd1\xb766d\xf1\xc29\xe9\xa4\x0e\x983\
\x96.]\xc2\xa1c\xc7\xa0\xa3\xa1\x90\xdat&fS\
=\x92\xaf\x06\x80\x8e\x08\xd0\x9d\xea\xbdqzn\x1b\x85\
\x0a\xcd#\xde|\xf3M\xb2\xbc\xb2F\x08\xa5\xdb\xeb\xe2\
\xfc\x85\x05n\xaco\xca\xec\xcc\xb4\x8e\xd4\xcfX\xa8\x0a\
\x13D\xad\xb3\xc1l\xbeL\x80B\xd2l#\x14\xc6\xfb\
:\x1c\xa9\xe9\xaa\xbf\x83\x80\xf9Mts9\xdeI\xcc\
\xa2\x89\xc53}\xd7d\xf7\xd29&\xd6Z( \xd5\
\xe6\xef\x94\x9aW`\x0d\xed=V\x8bj{`@\xc2\
\xce\xfd\xc1\xdd\x88\xf1\xfb\x1cA\xc5\xe5z+\xcd\x00\xe2\
z\xbdG\xd2\xa8\x0fI\x04\x0f\xc7\xb6 \xa9D\xc93\
\x22NF\x90\xf1B\x01,\xfe\xdb\xb5\x98\xa7I\xcc8\
\x0d\x96(\xf4\xdfh\x88(\xe2\x01w\xack\xdf\xca\xe4\
V3\x0bb\x16i\x95\xb4\xd1-\xa8\x92\xfd\xda\xaf%\
\x1a~\xc0\xa8\xd3\x9b-YQ\x93\x11\xd0,\x9d\xf1\x18\
\xab\xfe\xb9\x1e\xb6\xe1\xb9\x8c\xef\xa4\x8e\x95\xf5J\xc3\x0f\
\x09M\x86\xd2\xe2\xe1\x98\x9e\xf6\xa8G\xe4d_\x0b\x88\
\x97\xcb-\x94K\xb0. \xba\x98\x0a#r\x00HA\
\xc2\x93\xb1\xfc\xc2\xfc\xcb\x228\xf0\x11c\xfba\x9d7\
~\xd7n\x06NC<G\x0a\x02'\xcc\xa5\x81\x8a\xb1\
\x0f^\xba/\xd1\x19\x01\xc2Fm\xca\xcf\xa0\xa8\xf7\xa9\
\x1bYD2\x81\x10\xf0\xb9\xa3\x84\xa5\x89\xe2\x06j\xd5\
\x92\x97\x01\x8e\xff\xec \x03\x0a\x1bm\x8c/\x99n\x01\
\x8a\x07\x95\xac\x14\x01\x16\xce\xbe$\xb3s\xdb\xa8\xb9\x91\
\x8d\xe5%LNOc\xa2\x93Po\xacvR\x95\x80\
\x0e\xde\xc6\xc1\x8f\xa6\x8e*e\xe7\xa1\xab\xdf:95\
)\xc3\xada\x9a\x9b\x9b\x95\x03\x87\x0f`kk\x0b\xd6\
\xbe\x9exa~\x1e\x9dn\x076\x99G\x9c\xce\x1b\x05\
\x12@\xd4\xcd\xc7\x9d\xd9]\x1b\x16U\x10\x9e\xe8\xe4+\
\x1a\x1a\x1cp\xdbrT0\xa2\x96*\x94\xc8\x1d\xe0^\
\xd2b\x8e\x05w\x8f\xdad\x5c\x5cI4%\xdc\x0dj\
\x94\xb0\xa5\xdaf\x00N\x96\x89\x98\x1f\x1cD\xb5\xe4\xc2\
\x8e\x0c\x96=\x0b\x93\xb7}\xd9\xa7x\xe5'\xba\xe4\xec\
\xabBFP\xe3\xa7v\xb4 \xc8j0\xf1\xa0\xf4D\
\xa6\xb0r\xeb\xb2\xb3\xf7Z:{\x037\xdaT\xd2\xb5\
\x05\x89\xba]\x0c3\x80\xd8hIR\x14\xe5p\x7f8\
\x11\xc8\xd2A\xe0t\xb38\xa8\x9b\xb2u\xb1\x05W7\
\x84-\xb7\xef%H\xcf\xf2\xc56\xbc\xe4U\xde\x01S\
^\xee F\xb8e\xd8\xf2\x86S\xc0\xbb\x85\xe9YJ\
\x8b\x9dN\xe7\xec3#q\x80\xfb\x02l\x8aa\xdb\xf2\
P\x18\x97x^NX\x16d\xbf\xf4\xf9\x0aA\xb3-\
\x92DI^\x5cL\x88*\x8d9\xa9\x03\xa7\xab,&\
p\xb5\xb3j\x82\xc9\x15\xe6\x17\x0d\xa8\xce2\x5c\x0a0\
\x1c\xd71\xe5\x86\xf4k7\x046r\xe7\xcda\xee\xfc\
\xd94\xaa\x97\xb19D5\x82\xae \x9b\x84\xe10\xeb\
\xd5\x8c\xf1VbgF\xb9\xb1\x94c\xf5\xf2%nn\
l\x809\xa3\xc9C\xf4\xfa\x13\x98\xdb\xbe\x1dKK\xcb\
\xa9\xea\xf6XU\xfd\xebff>xmg\xb6\xbf\xeb\
\x9a\xd9\xa3W\x5c\xd5\xebtumeIN\x1c;\x84\
\xc9\x89I\xae\xae\xad\xa7^\xb7\x8b\xad\xc1\x00\xcb\xcbk\
\xe8\xf5z\x0e\x92Zz\xe5m\xb8\x0b\x1dLcO8\
\xb6\x91m;\xa3-\x80\xd7\x03\xc7\x11\x97\xadnS<\
\xd3\xc1\xa2\xf4\xffZ65\x96J\xc2\xa9j\xf2\xee0\
\xa7\x83\x91={\xf7e\x988Q)\xc46\xd9\xf7\xcc\
>\xdda\x0026\x97\xce\xc4-\x8b8\x9ef\x16\xb6\
j\xa7?\x8a{\xd2\x9d\xdf\xc5\x9e\x92Z\xbb\x02\xe5\x19\
\x02Y\xe0\x81)\xfa\xe8L\x14\x0a\x93\x0b\xd8\xc1\x98C\
\xa8/N\xd1\x04Z\x0d\xc4\xb0\x17\x847\xab\x98\xc6H\
\xe7>(\xa4\xc9y\x8e\x89c\xadH\xc1\xb22&0\
 2\x18[\x98\xe4\xc9\xb2'\x02\xcah\x8e2\x10Q\
\xf5\xc6\xded\xa9\x81\x14\xe9C\xe2\xd6\xe1\xc0j4C\
\xe3\x10\xa59\x22\x03dD\xa0j\x8d\xd2q\xd1\x85<\
1\xfei\xd7\x92|O\x83E1t8\x94S\x84\xe2\
\x8d9\x88F\xaeX\x80\xa2bz\x94)\xbc\xd3\xe7\xa3\
\x07\x90\x04\x0c\xd0\xc4eo\xfb\x11\xa0\x94\xb1\xc7F.\
\x95\xe0\x16\x07\x86L\x06\xd2He\xd5\x16\xb7|4)\
\xb0a d&5\xda\xaa\x08U\x8a\x89xZz\xb6\
\xe8]u\xde\x5cd\xc1!\xb3\x18\x05@\x13%\xad\x8a\
!my\xd4+\x03T\x0e\x07\x9b\xb2\xb6|\x19SS\
\xd3\x18\x0d\x07\x18lm\xa071\x81z4@\xa77\
\xc1\xd4\x9b\x98\x18m\xae\xdc\x9a\xeaNu\xb4315\
\xdb\xefwu4\x1c`\xff\xbe\xbd$\x80\xdcd\x8aT\
X_\xdb\x90\xa6\xa9a3&\xd5c\x8e\x1b\x8c\x09\x04\
\x8c:\xbf[^$\xd2Q\x9d\x03`\x03gc\xa1M\
\xf8P\x193\xc5\x12\x93\xdc6|}\xbc\x93\xd7\xf6\xce\
\x12\x1c\x8f\xb0\xb6\x9b*\x88\xbc\xde\x01\x02D;\x1f\xa6\
l\xae\xad\xa3\x7f\xbf\xb4\xe15\x00\xcc}\x11DiM\
\x8e\xe0\xe0\xde\x08\x84\xca\x8cB\xdb%\x12\x80\xd2\x97\x1a\
\xcb\xe2\x0a\x96\x7f_K\xc1\x19\xbd\x08R\xd4:z\x03\
\x22\xc7X\x14\xdb\xeb(\xb4\xc2#\x94z\x90\x11D\xbb\
\xae\x7f\x89\x06p\x86\x870\x0c\xf5e)\x0eHQ\x15\
\x8b\xf0\xf4\xca\xcdx\xda\xc2qC\x1b[\x06/\xb3\x85\
\xf1{\x98\x8a\x86\x0ex\x06\xe1?{S\x83\xab\x98\xee\
\x03\xf0]@\x04\x06\x22l\xdc\x91\x9d-c\x8c=s\
\xbc\xf0\xb5\x88\x9c\xb14}H\xf8\xb6RK\xfe\xe2g\
\x9d\x11\x1c\xd0\xf7B\xbc\xe9\xc2\xc8x\x01\x05\xfb\x0c\xb7\
\xb8\x14Fl\x1a\xa0\x0bH,\xc8,\x16\xfb\xad\xb4\x0a\
\xd7'\x5c\xf3)%BoJ\xb1\xdb\xb6\xffv\x19Q\
\xe3\xab\x22\x96\x9a\x80\xe5\xedN\xbe\xef\xb6\xe9Q\x1e4\
!P\xda\xdfga\xf62`T\xc0\xbd\x9c\x9cs\x03\
\xcd\x0d\xb5\xa9\xa5\xa9GX_\xba\x0c\xcd\x19\xc3\xcd\x0d\
\x8c\x86[\xe8u\x12`~\xa7\xbd\x89ih-\xb7w\
\xa6\xb6m\xbf}br\x02\xd4\xcc\xdcd\xec\xda\xb5\x03\
u\xd3\x14\xa7]]_\x07\xfc\x04\x1a]X\x95\x88\xf2\
v\x09V\x07BdS\x8c8\x1f\xe8k\xdbR\xb8\x1c\
\x83\x11\x13\x94\x97\xb5\x09\x075\x8d<UK$\xb1w\
\x94\xc8\x11\x9bk\xf8\xec\x8b\xeb\xd7\xe5\xe6\xc0\xc0\x151\
gbp9\x94v\xe4\x18\xcfo9_\xdc\x0f\x85\xc9\
\x14\x88\x12\xd6\x8a\x05\xdb\xd6\x99\xa0\x19d>J\x88\xe2\
i\xbc\xe3\x8af3\x17A\xf4\xd9\x82e\x966\xe3D\
\xaaaIj\x89P\x0bI\xb4'\x00\x08\xe8i\xad\x97\
\xc9\x8a\xde\x0e\x8f\x16d\x95,\xea\x91\x8c\xe3\x90\x81\x5c\
@\xc9\x99\xed\xa2\xb3\x0aE\xb2\xb0E-\x90%PF\
Nj!\xb7\x80\x11i\x1d~fp\xa6j\xdbZE\
Hv\x86&\x88\x0c\xcdk^\xf6c\xf2\xa8\x86\x00[\
Wr\xe3\xbc\x13#\x1d\xf0JZ\x1c\x10SDu.\
r-\xf8y\x0f\xdfG\xb4Q\xc5\xb3v\xfb\x8c(U\
\xc4j\xf8\x90\x08\x03{q\x1e\x1b\xe4\xd1v\xb74\xa6\
[\xc2\x11B\xa5\xa8\x1b\x8d\x8ei$^\x0bBdB\
\x050[\x1cAfvQ.\xd4\x1d\xa7\x85\xf4qx\
a/\xe3:\x99d\xcd\x1e`\xd8\xb2C\xab0\x98\x18\
\xee\xc0R\xfa\x02\xd4\x1a\xc047\xcc\xb9A\xce\x19\xda\
d\x227\xd8X_\xc1\xb6\xd1.\xa9\x87C\x0c76\
PA<(e UPI\xbb:\xab\x1b['\x0e\
t{\xa0R\xb3j59=\x8d\xdc\xe4\x12y6\xd6\
7)\x92b\xb4TQ\xd5-\x90\xd3\x89\xa2\x94F\x04\
\xfaE[\x8e%\x8ez-\x13\x88(\xd0NR3\x84\
\xf5\x9fZ\x5c\x860\x8a\xf4j\xd1N\x18\xbb\xe3\xf9\xba\
\x0d\x02\xb6\x94\xdd\xf2K)\xd5\x04O\x02#\xcdwX\
i\xf5/\xaa\xc9R`q\x11\xdf~\xab\xe6[2\xe0\
\xdd\x99h\xed\xb4\xd8\xaa\xddYX\xb4\xd9\xac\x93D/\
\xa9E\x95\x0f\xe1.\x96\xa3\x18\x9ceo\x7f\x86#\x00\
\xfd0K\x01\xae\x92\x84K\x14\xfdb\x85\xc4b\x19\xc2\
J\x903\xa3c\x00\xd9.>\xd6\xa1\xcd\x98Y\xe0\xcf\
\x01\xa2\xadg\xfb&\x08ATHPU)\x83 K\
\x84\xf5\xaf6\xf3\x83Ur\x15e\x0a\x9b\xc3\xb2\xb1\xc4\
\x14,\xc2\x16_\x95\xa1\xe7:N\xb9\xba:.\xe8\xf8\
1\xa5\x02\xe1\xf6\xd9\xd2\x16\xe1\x0ae2\xcf\x1b\x9b\x83\
\xeeBfI\xb7\xa2I!t\x17\xdf,\x15\x8c\x1f\x13\
,\x9d\xe3\x86E\x85\xf4\x88\x1f\x8cd\x08\xab\xf1\xfdN\
\x08\xec\x83\xa3+W\xe9\xbc\x81\xa5:bq\x5c\xcd0\
\x95Lm\x96Pj\xfe\x01;\xe1\x1b\x06\xdeB\xa1\x0d\
'\xf5\xf2Xq~\xa7KB\x88\xaaWo\xbcCQ\
\x9a\xa6\x86\xe6\x06\x9a3\x9a\xa6\x96\xdcdmr#\xa3\
\xc1@F\x83-\x8e\x86\x03\xa9:]d\xcd$\x14\x9a\
5\x11@ob\xe2Hgz\xa2\xbfG \x18\x8d\x86\
\x15i\xcf\x80\xa8\xebZrV\xd4u\xcd\xad\xc1@\x04\
V2\x01M\xc0w\x975\xc1M\xedv\x9dZ\xc5.\
\x89\x0b9VY`8\x8c\x9b\xa4[\xa4\xafwp,\
\x17j<\x11\x879R8\xa2\xc7\xceHeMQA\
\x96\xb8\x84\xc2\x10\x82\xa1\xdbUG\xf8\x8e\xcf\x1c\x0b\xdb\
@\xdbWl\x0a\x81\xc7\xa0$R*\xd2 \xe3\xc8\x98\
\x00\xe5\x94\xac[;K\x16Y\xa8h\x91\x1a\xc5\x0d3\
\x10\xcfcpD\xef\xf8-\x08\xa1\x16O\x14\xffB[\
\xc3\x16\xaf\xc2\x09\xdc\xcbZ\x12\x04\xb6)B\xa4OQ\
.\xf40\x8a\x97]_\x88\xd6\x12)J\x04.#\x16\
~\x16\x82\xfa\xf2{\xb2\xf7\xa1T\x18\x8a\xe4\xa1\xcc\x8c\
\xfe/?\x0cEe\x8e[\xf4\x98A\xf8\xc8\x5c\xdf\xa1\
6\x86\x07uR#H\xe2\xb8\x11\xb8\xec\xf8\xdd\xf6\xf4\
\xf8\xb2\xc3/\xa6\x04\x16{\xb5\xb6\xb6B\x87\xd6\x883\
\x1c\x13\x9eHW}\xe3\xb0\x93+\x1el7\xcb\xe8\x8d\
\x86\xf8$\x05\x97\xbd\x84\xe7O bY,cH\x08\
\xea\x9b`\x99\x88\xa0\x5c\xa3\xc1\x96\xb7\x8e\xc7\x8d\x84\xca\
\x0fx\xf9\x1c\xe6\x18\x16\xf934\x22\x83w9\xc2i\
\x7fn\x1aX\xc7\xa0\x82M\x8d\xa6iD\x9b\x9aM\x93\
IhbVj\xce\x18\x0d\x07\xa2M\x03e\x83f8\
\x10mj\xb0i\x88\x9cA\xca\x81N\x7f\xa2\xb7\x97 \
\xea\xa6N\xcc\x19B \xbb\x02\xd9dE\xce~tX\
\xad\xdd\x12\xf6\x18\x0f\xcfZ\x22\x9c\x87\xe4\xe6\xbe\xefa\
\x8e.\xbd\x07\xbd\x8a\xb2{`\x9e\xa1b\x1c\x8c(\x8e\
^\x80\x22\xf62L\x226AJ\xeb\x0a\xdc\x8ecA\
\xdd.\xfcLk\x5c\xa3\x00q\xc2/\x9c\x09\x90\xf86\
\x17\xfc\xe8M~\xe2\x94\x06!\xf9%\xa3\x22J\xc6\xa0\
\x01\x0f.c\xa42n\xba\x5c'\xa9\x22\xe1\xbc@\xc8\
S\xf1_6Y\x80\xb4\x16\x06\x7f\xfa\x00b\x19\xac\xb9\
\xb2\x9c}E8M,\x1c@\x1b\x7f\x1c\x81\xab\xa8\x1a\
\xe2\x9djAU\xd1\xe2\xab\xc7\x1cUP\x12\xa2?\xc1\
\x8d\xbb\x80\x11\xd9\x8e\xe2b\xa1\x1a\xad\x15\xdb^\xa6\xa2\
\xbb\xda\x0d\xc6\x85e\x00e\x94\xa3\x07Q\xdfz\x11/\
e\x8a\xbc\x9c\xea\x90~\xd3Rv(\xfa\xb1\x8av\x88\
\xf2\x17F\x1dK\xc2\xd6.7[\x9a\x16\xfb\xea\x0f4\
\xc4\x18q\xf1\x8d\x87-N\xd1h\x0a;\xe1\x18\xa8\xf8\
\xddR\x0b\xe8\x15S\x04\x8dA\x926\xf0\x9c\xf4\xfdF\
\xb9\x1dc|\xe61n\xf2~PJK\xe7\x1e\xbd\x1c\
B5\xe8M\x10\x9b\x11\xd8b\x98\xb7%\x03\xd6^M\
\xef\x8dP;U\xa8\x8az4Bnjh\xce\xcc\xda\
\x04\xa08M\xb2\xf3\x0f\xaa\x19\xea\xe7\x17\x98\x1b\xe4\x5c\
\x87N1\xd7!e\x8a\xa4\xf5h\xc3\xab\x95\xde\xc9\xe7\
9\x1f\x15\xc2\x98\xc1D-\x8b\x1e\x00\xe8)\x1a\xe8\x81\
;\xf8\xf8x\xc6_\x22\x94U\x9cJ\xc8\x91X\xd2\xe0\
on\x19\xd6\x94\xe7{$\x02q\x15\xb8x\xfaX\xd2\
\xec\xaa8\x99\xbc\xb6\x16]fVva\x91|\xca{\
K<\x95\xf6\xdb\xc7\xd3L\xaf\x04\x88\x83\xc5X\xef!\
\x19+\xc1\xf2.\x8b)\xc5\xbd\x8b\xe9\x14ta\x18\x89\
\xd9\xa2\x03\x82\xb6\x19s\xd4\x06\xca\xaa\xbaX#bR\
`|\xce\x98\x91{>\xea\xb6\x16\xeb\x1c\x1b\x13\xc1=\
\xde\x09\x94/\xb0\xe8\x16\xdfj\x99\x15\x02\xa8\xe2#|\
\xb1\x9d=x\x99\x83\x00$:\xce\x0a9\x11\xc2\x1e\x07\
\xe8D\xd6\xd8\x8c\x18\xdb\xd6\x02%*t\xd6^\xa4\xed\
R\xce+)\x8b{\x9b\x94\x85C\xb9\xf8\xb1}\x08\xe4\
\x1a\x03\x92\xb8\xf6\xd0b\xe08\x1a\x19X!\x12)\x12\
n\x01\xa4\xf0Cu\xa0u]\x06\xd1\xa5\xec\xc8\x9a5\
P'\xe0\xb7\xa5H\x0c\xc6\x00z9\x92\xed\xda\x97\xf4\
M\xbd\xe8\xd1\xa6\xc9a@\xae][\xbb\x86\xa9\x05\x12\
\x87\xb7L+7\xd4\xb3~+;[\xe1\x8dw\xcc\xcd\
\x08\xcdh$Y-\xf7wk\x900\x0f\x82\xa2\xd9+\
\x05\x9a\xfd\x90\x9aE'[\xba\xdc\xed\xa8\xb2\x07%\x98\
\xb3\xe4\xbaF\xd3\xd4\xa8\x9b\x1aMc\xd1\xdf\x10+\x0b\
\xd9a\x1c\x02i\x9d\xb2\x18^\xe9\xc5rP\x17-\xb5\
8_4\xb3\x8f\xb6B\xed\xd1\xba\xa4\xba\xf0b\x5cq\
\xbaTV\x9b\x01\x1e\xeeM-\x17\x00\xec\xf8\xa6 \xc2\
q\xf1\xce\x80\x16\xb6\xb6/\x11[\xe8\xd4\xb8(\x04\x11\
!\x05 Em\x5c\x94+x\x88\xa8b\xaf)\x8f\xbb\
t.\xe9l\x03\xd1S\x13A\xd1\x1d\xd6\xc3\x87\xdfb\
\x8a\xa3\xe9N\xafm\xe4\x88\x02\x12\xbc\xa4\xcdTD\x22\
M\x12):@\x10\x0d\x09\x5c\x8b%\x1e{\x22NI\
A\xcaz\x14\xfbw\xc9*\x1b\x87W\xb7vII\x8a\
\xf0\x1fop\x8a$4\xa5\xae\x80*\x04\xc1\xff-U\
r\xa9\xc3S#k\xb3\x86\x8f])\xb1\xd9\xaf>G\
\xd6%\x22\xd5\xb8\x02\x87\xe2\xfb~\x93\x9a\xbd\x81\xc8\x11\
\xa4\xad\xc5\xba\xeeP\x90=\x10\x176~3\xdc+3\
2\x87\xa0\x82\x16\xcc\xd4S\xbdT\xdek\x01dL\xa1\
o+#\xa5\xc9\x04\x0ej\x8cS\x91T\xa2\x1d\x0fe\
\x01\x85\xea\xb5\xca\xd8M:\xa0\x88\x80j\xf5T\xf5\x03\
]^\xfa\xf4\xe9\xe1\xb4\xa2\x82\x13\x9b8\x0b@\x8f\xb6\
\xd1\xa1\x99\x9b\xda\xeb\xfe\xcaz4D=\x1a\x8aEv\
o\x8b-\xad8n\xee\x0a(\x1b?\xa9h\xa7\x12\x0b\
\x95\xb1\xcdJ\x1d\x80\x89\xcch\xb2H\x933\xb3\x92M\
\xce\xd1vi\x8aj\xa0\xa4g\xe9\x82\xa8^8r{\
\xda\x9a\xc9\x14\xbapP\x18\xfb.u\xac+V\xc2\xd2\
</\xb0\xc32\x88\x87% \xa8'=\x01k\xa3w\
\x80@\xeb\x08\x16=\x22\xba:\xe3|Y\xde%\x05\x09\
\x22\x1c\xba\x93\xb1\xfd\x5c\x7f\xefx\x0c5\x02\xef\xaf\x09\
\xe2B{\x10'\x0b\xf5\x19w-F\x90*\xa13.\
\xd4c\x16\x5c\xc9\x8c\x00\x89v\xfa`\xa0Q\xc0[\xdb\
\xccd\x97\xd6\xca\x8dc\xd4\x85\x9ep\x1b\xf3\x09\xa1\xc5\
[\xdf\x0a\xc1(\x18\xc7p\x1a\x1f4\xea\xadx\x08\xc1\
\xac\xf8\x7fYK\x01\x10\x82\x18h\xfd\xee\x22\x02Q\xb7\
i\x8f\xbe\x02\xef\xd6Nv\xf7v\xf4\xbe\x85\x18W\x0c\
\xe3\xeb\x9d\xb15\x01[\x11P\xec\xbe\xa3X@\x97h\
D\x05H6lJ\xc9\x0a%\xb7&\xc5\x9e\xd0\xa7\xad\
(!\xe1\xe3/\xeb\x14LR\xaa\x10\x05a5S\xc4\
\xa6\xfa\xfb\xd2\x16\x16\xe5\x11\xdc\x85d\x83\xd9rY\x05\
\x9eA\x96\x1e\x84b\xf2q\x0f\x80_W[\x96\xa0\x84\
\xd2\x1c\xc2^Pz\x14\x96lA\xd0\xdc\xc3\x8eM\xfb\
\x09J\xc9\xdax\xa7_\x96\xd1p\xc0\x9c]\xfd\xd7\xec\
\x11m,-\x8a\x88k!5h\xb1\x03!\x8b\xa8L\
\x08:dJv>=[C!=\xf5\xf4\x1a\xb1\xdd\
\xaf/\xcb\x98]F\x0b\x8b\xfb\x1b|\x0e\x9c\x02\x9a\x5c\
\x91w\xb6\xe5\x93\x7f\x08\xef\xb1*\x8aJh\xa1\x12.\
\xdb\xc68\xb7Z\x16\x07\x8e\xc8`\xdd~\xad\xe3\xda\x9e\
\x8a\x84\x029\x96S\xc6\xa6D\xf5\xa8d\x94\xee\xb6\xe6\
8a\xed,o\xb1\xc8oF\xe6\x1d\x05\x12\x0eMx\
\xa7\x98\xb87\xb7yv\xa0\x0eQ\x8a\x81%\xa8\x174\
\xa0\x04$\xc6\xac2\xaaB\x5c&6\xd03\xe3\x82\x12\
\xf1\xccq\x0b\xe8\xe5S\x11!\xcd\x95\xb3qQI\xda\
\xb0\xcb\xc2\x0d\x22&\x04 \x17vR\x5c8\x0c;v\
\xc7\x88v\xb7\xdbE\xa7\xdbE\xd34\xc8u\xc3*\xf9\
\xe2x\xc9\xb3\xaa:LI\xb85\x18\xb8\x97\x98\xad%\
\xbfu\x06\xab\x8b\xe1\xbc\xde)\x1e\xc4\x09@\x146}\
\xa5\x22\xe2\x07\xd9\x8b\xcb#\xa8`\x1a\x1bh\xc4R\x10\
\x0dcT\xb8\xe4$\xa9\xc8\x0cv\xfb\xeaOA\xa2\xed\
($T\x1c\x8d8\xe2\xb4\xdf]1\x06B:\x14\x84\
\xe5\x8b\x96\xb3\x98\xb0\xe3\xcf\xe1\xb9\xc1\xb6\x0a\xdb\x08F\
\x1c-\xed\x08U\xc3\xa2?\x19\xc6\x16\xae\x1f\x0fr5\
\xb7\x8d3#\xf4\xe3\xd6TdW\xf9\xebzD\xcd\xd9\
{\x0brk^\x1e\xda\xd02\xea\xb0\x09_\xda\xf0\xd9\
\x80/k\xe6\xe8\x00\xaa\xcc\x0a\xe9$;h\x91\xcb!\
\x8c\xd2\xc1\x17\x88\xe8\xb5aj\xb0A\xff\x0b7[\xc4\
\x86\xb8\x1fH\x11\xcc\x18\x8e\x1e\xa1\xc9\x0c\x88\x81Y!\
R\x15\xe3\xa3\xc7\x15\xfb\x1c\x94en\xd1>\xdc6\xa2\
S\x80\x9a\x84\xfd\xb79y\x1b\xd8\xfd)=\x1e/\x8a\
[\xdb\x9e\x8f\xd1\xda1xqI\x16\x92R\x8a&7\
1b/\x9a\xe1\xd7\x12\x05%\xfb\xca\x90\xefY\xc6\x85\
\x85\x999\x0f\x22\xc5{\x1c\x9de\x87/\xd2\xcd\xb3\xf0\
\x1c\xf7^\x16\xcb\x14\xa2\xfd{\xbbq1\xcd \xbc\xc6\
\x0dOhE\x0b\x08\x10\xb9Z\x00\xa4\xaf^\xacO\x89\
d\xbex\xf60n\x95\xcb\x8b\xf3\xb8t\xfe<\x17\xe6\
\xcf\xcb\x91\x93Wafn\x16\xb9\xc9\x98\x98\x9c\xc2\xb3\
O=\x85\xa5K\x8br\xd5u\xd7\xf3\xd0\xd1\xe3B\x02\
\x83\xe1\x10\xa4JrO-~\x1a\x97\x15\x0b\xd4^\xad\
M\xc9\xb4\xef\xb3\xedc\x88\xf5\x01h\xe2\x1eIk\xb1\
u\xb5F\x9c\xc3;\x95\x8e(R\xce\x18h!8\xf1\
p\xd6\x10\x22\xad\xa9^\xe2dBT3\xe0\xff\xa4\x05\
,!\x9d\x9f\x18H\x87\xe4\x04\xc2J\xb8I\x0c\xbc%\
\x1a\xe4<C,\xa8d\xfb\xe3\x19G\x11\x8e\xa8c\xba\
\x886\x1e\x9c\xc9\xa8e\x0b\x80\xec\xe7\xfc\xad\xac\xd7@\
s\x8d\xdcd\xd6\xf5H\xfcP\x94\x97\x12\xda\x99i\x8c\
\x80\x05W\x9f\xfd\xf1\x14\xb1`%\xa5 \xe1M\x5cB\
\xa0\xea\x18>f(:>\x91\x95>\xb7\x5c\x91sC\
\xeb\xd1\xb67\x1bz\x15\xa4\xf3\x5c\x9a^\xdf\xa4\xf8\x7f\
\x17*\xe3\xb6\xebK\xa7\xe1\x956`A\x14\xd0X\xb6\
xi\xe0d\xb1\xfe\x92?\x17[@\xf1\x13\xc0\x15E\
\x08\xa2\xa3\xa4\xcc\xacd\xf097f\x01\xa2\xd52>\
\xc1\x22\x91mKJ\x91\x99\x14C\x8d\xf4N\x04\xf6\xf8\
A01\x98\xa5-l\xb8\xa1\x11\x1exP6|`\
\x84\x16\x83\xdc\x10xX\x16N\x04\xeaJ\x89\xaaC\xa2\
5\xdbDh\x11\x17\x19\x02\xc3\xe34\xe4X\x8e\xe3Q\
O\x03\xbe\xc2q\x22Q\x10\x1fq%b\x8c\xc4\xfb\xc9\
l\xe4]\xacU\x99JN\x91&\x8f\xe4\xf2\xc2\x22/\
\x9c;\x8b\x17\x9ey\x02MVt+\xc1\xcc\xb6\x9dX\
^ZF\xd5\xed`zj\x1a\x9b\x9b\x1b\x5c\xdb\x1c\xe0\
\xbe{\xee\x91\xd3\xa7O\xf3\x8a\x93\xa7\xb0g\xff~\x90\
\x94\xc1ph\x9fk\x0bP\xca2J\xa5O\x1d.\xa8\
@\x81 gGoS{5\xc8e\xa8\xfdlw\xc3\
\x1c\xd95\x11\x9fT\xd8\xf6\xd1\xd8\xcdk\x81\x97H\x95\
\xdc\x8eJ\xe1\xc8\x9c:y\x95\x83\x85\xbdi\xd96[\
sFh\x8f\xc6\x8b`\x00~P\xa7\xe4Z1\x09\x08\
%\xcd\xb0j\x8c\x83Y\x1b\xc4\xcc\xc5Z\xaa\x1e\xc2\xa0\
\xa7Zh\xb2O\xfe\xa9\x1b\x13\xf7\x9a\x1a\xb9n\xa4\xc9\
\xb5\x09}\x8c\x03R\xf4S\x88\xc5aJ\x99\x93>j\
\xac\xc4\x1e\x12h\xcb\x88v\x1f^;\xefD\x8cQ\x1f\
\xb3S\xf2\x14:\x082\x90O\x18\x0aX\xd0Ho\xf5\
@\xf0R\xdfn/\x9f\x09s\x81s\x07\x05\x17\x0b4\
\x1c\x1a\x80\xc0\x8f\x0a;\xd5E\x1b\xa8$\xa8\x03\xe3\xb1\
\xec\xc5\xf3\xe3zP\xe8\x17\xc1B=\xcb\xae\x09\xect\
X\x8c\xben#\x0bP\xa0\x07/\xef\xf1\x86\x0f\xc3(\
D\x83\x10\xb1n\xf4\xe0ON\xa2\xc6\x98\x8e\xdbE\xfc\
\xbe\xf4\x1a\xc6\xe52\xbe6\xaa\x16\x1e\xa7!aQ\x01\
E\x8e\x17n\xf7\xf1\x1c\xfa\xf2\x0d!*\x16T\x1c\xd3\
8\xe2{\x22\x89\x80S(i\x17\xc4\x977\x9enL\
\xa2\xf2\xc7\xa1o\xado\xc8\xc5\x85\x0b\xbc8?/\x10\
\xc8D\xbf\x8f\xd4\xe9\xa0\xdf\xefHj\x86\xect*\xa0\
\xaa\xa4\xaa*HJ\x10I\x90\x94019\x89\x8d\x95\
\x15<\xf4\xe0\x032\xf7\xdc\x0c\x0e\x1d9\xcc\xbd\xfb\x0f\
JJ\x15\x06\x83\x81\x00\x94\x94*\x8b@\x16.\x03\xba\
P\x08\xd2\x98\x01\xc7.\xc7\x85\xc3\xd9\xa5\x87\xd0\xb2d\
\xe1\xd4QRBJ\xa0u\x1ezy!\xe0\xa0\xad\xc1\
\xc4\x96\x96\xa92\xf4\xbf\x88|\xd4\x82L\xdb5\xaa\xf4\
\x07\x86\x9b\xc1\x8d\x1d\x18\x0a\xa1\xa0\xb0\xae\xd6^\xa36\
\x8c\x10\xf3\x04I\xb4\xa4?\x02\xef\xdf\x0fss\x86a\
\xa1\xd7&4\xe5\xcc&\x9b \x9f\x9b\x86\xda4T\xf5\
\xa7*\x8fYIJ\xc2\xdc\x18\xd3\x86D\x13\x84\x84\x13\
\xb5\x0f\xb8.w,\xed\x97\x82\x90$\xb9C\xa5\xcd>\
\x0b\xa5\xd1\xe9\xbf\xb4\x94\xbb\xec\x91\xb3\xba\xd8\x80\xf2a\
\xceBZ\xd6\x878\xa3\x11\xd1=DkJ~\x99\x18\
\x13\xb0\x88\xd6\x07\xa5\x88z\xe1\xef-%/H)\x1e\
S\xa1\xa9|M1\x9c\x97\x05\xfa(\x80\x07\xd5\x1e\xfb\
\x1d|g\xbc\x1e\x91\xdd\x9b\xdc\xe3<\x83h\x01\xc5\xbb\
w\xcb\xbb\xb5t&\x162-\xd1^\x1c\xc4\xd2\xb2\xd0\
\xb1\xea\x00\xbc^a\x0b\xe2\xa3|H\x94\xf6\xbd@\x13\
\xc7\xc11\xa7.8b&\xcc\x88\xd9\xa5m\x01\x1eO\
}/By\x11Kw\x9c*\x89\x00\x9a\x95Ue\x93\
,\x96/]\xc2\xc2\xfcy,]\xba\x84\xaaJ2\xb7\
m;&&\xa70\x18l\xa1\x1e\x0dQuhQ\xd9\
\xaaA\x90\x06^\x8a\xb2&\xd9\xc1\xc6\x1a\xf7]\x7f\x13\
\xd6\x9e~\x92\xab+\x9b\xb2>x\x0e\xa7_x\x11G\
\x8f\x1f\xe3\xde}\x07\x81*\xc9h0\x22I\xa4\xaa\xc4\
\x1f\xa4\xe0^\x81P\x81I\xc6|\xec\x96\xa33\xd9\xa9\
\x84\x93l\xc3\x92\x94\xbc\xea\xe3dB\x15)\xec?|\
\xc4\xd7$\xa2\x9d\xd3b?\xc5\xe3\x8b&\xf1\xd9\x11\x1c\
\xe0\xd9\x9c\xadWb\xb4\x0f\xc4\xffk\xa4(f\x1c)\
\x91\xaa\xc9\x85\x7f\xeb\x22,<\xcdEX?\xa1,\xf4\
\xd9\x04\xeeC\xd1,\xa21\x13\xc0\x8f\xf6\xe6\x5cK\xce\
Yr\xd3 \xd7\xb5\xadI\x98P\xa8H\xe1\xe7\xf05\
\x90\x22i\xd9\xad\xb4i\xa2\xed\xbd\x14~\xe8\xa6( \
\x99:TU\xd5\x06d%\xaa\xd9\x8b:jOj0\
3sd\x8b\x89>V\xde\xb3\x92\x87\xf8\xaa\xa9\xc4\xba\
\xfa\x8aFM\xca\xd9\x837\x8d3\x01\x14X\x0bL\xdb\
Yf\x1fS\xfay\xe9\xce\x11\xe8mLV\x19\xb97\
\xca\xed\x09\xa2\xab\xcd\x14\xdd6\xc0\x17\xa2\xee\x0b%\xa6\
\xa9\x95D\xdd\x81+\x1eH'\x12\xfbID>g5\
\x05K\xf6\xfd\xb0\xaa\x84\xb9\xc1\xd9b0!?\xef\x0a\
\x16\xf8\x89F\xc7V\x040Pp]\xdc\xa6\x0d\xab\x87\
\x1f E\x8fj\xf4H{\xb0\xb7\xb5\x8e\x83\xb8\xad\x9a\
QPS\x15\xa8\x00a\x12\xcf\xf9[U\xd9\x1a\xd9\xb4\
\xa4\x03\x11\x0as\xd3\xc8\xf2\xe2%\x9c?{\x06\xab+\
+299\x89\x9d;w\xb0\xd3\xedBU\xa5\x1e\x0d\
\xa9M-\x923\x98r\xab+\xa9%86\xb4S\x81\
N\x8f\x9b\xf3\x17\xb0\xfb\x1d_\xcd\xebn:\x81\xbb\xbf\
\xe7\x1fb\xb0\xb8 \xd8\xb5\x83\x0f?\xfc\xa8l{\xfe\
\x05\x1c9q\x82{\xf7\x1f\x10\x91\xc4\xd1p\xe8>\x1b\
=\x02e5\x03\xeb\x11$O5\xda\xbc\x00\xab,F\
B&\x12\xcc\xce\xdc\xaa<\x9a\x85\x91\xa9\x9b\xa1\x8ak\
\xd6^k2`\xb5\xd6\x00)|\xb3\x14+]d\x15\
\xbaP\x14\x88\xab(B%\xa0\xeeJ\x81\xc4I\xc4\xfa\
\xfa\xa1D\x8e2t\x04;\xaajtU\xc1?\xcen\
#\xd2\x00\x07@\x92\xd245\xa1d\xce\xd1\xd5\x97\x99\
\x9b\xdaJw\xbed\x91\xb4\x15\xe3v\xf1?p\x13`\
\xe0\x83\x05Q%\x82y\xc4 \x15q\xaf\xf1\x0fH\x1d\
\x8f\xe71a\x06\xea\x91\xc6\xfa\xbd\x8db\x85>%\xd6\
\xaa@\x94\x87y\xa0Ux<l\xa7\xe8\xab\xa2\xd02\
\x5c\x14\x9b51\xca{\xaf\xad\x82\x98\x82\x0b3\xd4\x1d\
\xbfC\xd8\x91I?b\xe0\x9b\xe3\x80!\xc2pv\xa3\
7\x0a\xd0\x8e\xc6F\xceW\xdc\xc4\xea@v\xdb\xfa\xb2\
\x1d\x1aS\x1f\x8ck\xc7FY\x16e~\xe9\xd6\xe1\x91\
\xa7d\xfa-\x92\xf2eWo\xc1\xca\x0f(\x0a\x11\xd8\
\x1b\xd8\xe0Gh\x0b\xa9\x09\xddW\x02\xfaP\x82\x93\xd5\
\x04R\xe1ZAd\xbc\xed\xcesI\xb1\x99g\x04r\
\x91\xb1\x8b\xf0\x10\x1c\xc1\x99\x06F\x83-\x5cZ\x5c\xc4\
\xfc\xf9\xb3\x18lnpjzF\x0e\x1e>\x8cd\xed\
\xdfh\xea\x1a\x10AUu\xc2\x0a\x84\x00*G\xb4R\
\x92\x8d\x7f\x93RU\xc2\xd5\xf5\x0d\xec\xbe\xee\x95x\xcd\
o\xfd\x1e\x9e\xfb\x95\x9f\xe7K\xff\xe5\xbfH\x7fj\x86\
[\xa3!\x1e\x7f\xe4a\x9cy\xf1\x05\x1c<|\x14\xbb\
\xf7\xee\x95n\xd5\x91\xda(-\xc49k\xc0|\xc0s\
I\x09#wn\xc3\x9f\x94\x8cn,\xa0\x85sEh\
\x8e\x95\x1a\xe7\x81\xa5\x06j{)\xa5\xed\xc0,EJ\
\xbc\xb3\x95\x8f\xdaDq_\x1dW^#\xeci\x0e\x1b\
j\x83\xab\x89\xeb\x88\x83\xe36\xa5\x87\x8c3\x13V]\
\x8b^\x02\xeb\xf9\xcf\x8d\x926$T\x9a\xd1\x88Y3\
\x99\xb3\x84> \xc9\xf0\xd6\x8b\xa6~\xefm\xae\x8eh\
\xf0\xf0k1\xee\x84\x10\x8d\xdaz\xf2\x18-\x8d\x1d\xec\
\xc8\xb8\x03[\x0e\x22\x0evv\xe2R\x83\xf8\xb7\xb0a\
\xc6\xed-\x17cu\x07'\xef1\x0b\x0c\x02)7\xeb\
\x06\x13L\xcfk\xac\x85@\xb8\x9b8\x15\x1b\xd3\x02\xc3\
\xa3\xed\x8f\xc5S{\xaa\x9b+W\xad/\x05;o\x1d\
9Bt\x04\x18\x14\x10t^\x80\x22\xd3x/z\x18\
L\x09\x12,\xe6\xeeVX\xf2n\x06\x10\xa3\x18\xa2H\
\xb9'\xd7\xaf\xcc\xb4%(;#\xc3\x89\x88\x0e\xffW\
y\x9a\x99\x04\xbc\xa8\xa6\xb6\x82\xc7V\x8f\x92(\xcd\xc6\
7[\x05\xa2\x944\x1c\x9f\x09\xc2\xeb\x16\xd8X[\x91\
\x8b\xf3\xf3X\x9c\x9fG=\x1a\xc9\xec\xb69\x1c8r\
\xd4\xc2J\xdd`\xd8dS\x8e\x0b\xc5\x02\xc0\x16\xec\xc4\
/\x95\x85\xd19\xf6\xd3\x8d\xa1\xdf\xc5\xe6\xb2\xca\xd6F\
\x0fG\xfe\xc1\x8fb\xcf\xabn\xe7\xdd?\xf4}2\xb5\
s\x17\xbb\xfd\x09\x19\x0ek<\xf7\xf4S8\x7f\xee\x1c\
\xf6\x1f8\x80\x9d\xbbv\xa1\xdb\xe9\xf98\xac\xdc\xeeT\
\xdc\xecX\x09\xd6\x97\x99e\x1d\x10\xc7\x05<7\x94V\
\xdf\xb1\xd40\x04`\x06\xd9\x92\xa8<9\x03\x83\xd0\xba\
\x12\xe3(\xb2W\x0d-\xc7\xf7\xe6\xa1\xc8\xeb\xac\xea\xa2\
!2G\xe5T\xe2J\xd9Jb\xed\x818\x86\xcf\xb8\
\xdfY,p\xf7\xb0\xbf\xd0\x18\xef\xd5d\xa8\xd1}6\
\xcd\x88\xca,\x1a\x0dxA\x87\x9d\xc3h\x1c \xf3O\
5{\xf0\x07\xb0\xc5\x11\xcd(\x80\x86\x91\xb0\xbd\x97X\
\xe2\xf6\xba\x80\x0e\xa99kFf\x16_\x10\xcdM\x93\
\xac\x87X\xa9\xde\x8cJ\xe68r.E\x10\x8c\xc0\xaf\
\x10\xb5\x14 E;\x02KK\xa4\xb6\x17\x83\xb2g\xce\
\x8e\xc2\x8a\x03\xcd|\xa0U\xd8s\xa9\xad9>\xfb,\
O\x93\xbeQd\xf5X\x92\x96\xce\x05$\xda\x82;k\
\xb4\xa6\x08)b|\xa9\xcc@\xcc\x01\xc3\xf2=p\x06\
j\x948C\xaa\xa4\x16\xec\x81\x22\x05\xb6\xaf\x8d\x0e\x81\
6L\x066;\xa4DB\x80 \x99(\xcdCc\xf1\
\x0b\x91\x1c\x89+\xda\xae@\x06\x9c;\x1aI)E\x95\
(\xc9\xb0L\xc5\xea\xd2\xaa\xcc\x9f;\x83\xcb\x8b\x8b\x10\
\x01\xb7\xed\xd8!S3\xfb-\xcf\xb4\xdc\x92.\xe79\
A#\xdak1\x15\xd8A\xd6\xa3\x91\x80\x92b\xc6\x1e\
\x99\xac\x98\x80n\x12\x95D\x8a\xa4\x95s\x99\xfd\xe3\xd7\
@\xfb]\xe6\xa6\x11T\x15\x93\x88tz=ir\xc3\
3gN\xf3\xe2\xc5E\xec\xda\xb5\x1b\xdbw\xec\x94\xde\
D\x1f\xa0\xa2i\xd4\xcfd\x8b\x1bHF;L\xa9]\
g\x89Y\xbdc\xd4)\xb6\xca\xac\xa4\xccT(D~\
\x0c\xbc-a\x84\xa0m\x19\x8b\xdbD`E\xe1\xd1\x01\
\x18\xbe\x19\x11\x01\xbd\xb2\x22A\xf4\xa5l\x8d\x03G\xe9\
\x12\xce%\xe0E>+97BZ\xeb=5Kn\
j6u\xcd\xdc4P\xa8\x9f\xf5\xf7\xbe\x04\x01%%\
\x0b\x8b\x0c\xe7o\x0fF\x09[V\xabZ\xaaRn\xbc\
\x055\x11\xad\xec\x84\x8d\x1cG\xbcY\x84\x1dD\x12\xa1\
qs\xf6\xa16\x8b f\xech\xa1|\xf0D\x7fL\
P\x88\x90\x11\xa87\x16m\xc7U\xb2\xb1^\x1dU#\
'\x91\xdb\x19\x8f\xb1\x89^qu\x06\xfd\x08\x0b@\xeb\
\x06E\x11\x86M\x08t\x08,h\xe2\xcb\xad\xeeg\x12\
\xeb\xdfzsi\x95\x06\x0aw\x17\xd8\xe13\xf1k)\
\xb8b\x08\xeeq\xdds\xc0x \x8a\xf3Va\x89D\
\xc5\xed\xed\xe8h,>#\xb6\xbb\xff\x87\xcb\x8de!\
\xc1\xcf\x1c1H\xbaj\x11\x1f\xe3\x8bWR<g\x1a\
\x22)EdVh=\xc2\xca\xca*\xe6\xcf\x9d\xc5\xca\
\xf2et;\x1d\xec\xdc\xbd\x07S\xd3S\xa29\xa3\x19\
\xd5\x16I\x05\xf0\xb1\x7fh\x0f]\x14\xc4\x0bAD\xe0\
y\xb5\xb7\xe0\xb6\xfc#\xaa\x1e\x10\xf1\xe7{\x08\x14L\
\x9dJ\xea\xe1f9i\xe9']\xa09S \xe8t\
\xbb\xa2\x9ayqq\x11\xab++\x98\x9b\x9b\xc3\xec\xdc\
\x9cLLMS@\xc99\x97\xf3Gq\x04\xb9=\x9a\
\x8cV\xe8\x0eq\xcb\x99\xbe\xab8\xbe\x87R:\x01\xc7\
\x10\xd6Ys\x00\xb0\xef\xbd\x80\xcc\xeaAA%I9\
\xb4\xe4\xc8\xe0{\xeb\xa3\xb7\xcaR\x97D\xab\x05L \
\xce\x03\xd8\xdf\xd3\xd6\xd5oE\xc5\x89\x0es\xaeE\x9b\
\x8c&7lFC4M\x16c=q\x5c\xc9\xda\xc4\
\xbc\xc7\xa1\x84\x1b\x8c\xd7@J\xc3\x01\x9d\x0f\x97 d\
\xc6\x11\x95\x1ei7\xd57\xf8e\xf4\xa4\x83\xe8v\x88\
\xf5u\xf5\x8a\xb0\xc1\x17\x85\xb2D,`\x98\xaf\x80\xe5\
\xd0u\x89<\x91\xb7z\x83\x86-\x9f\xb6\x0c\x8c\xaa\xde\
\xbbO\x81F'\xa1s\xff6\x98\xdb'\x16v\x1fX\
\x8d\x00c\x98\xa7zH7\x9f&M\xbf\x978\x0bn\
\x8ei\x0a]\xc0\x02\x5ck/k\x12\xe8\xa5\xeeL\xe1\
\xf2\x11 JN\xde\xa2\x9a\xb5\x96\xc6\xde\xb8Z(\xd6\
\xa4\xd8\x02o\xe1\xd2\x86Q\x12g#\xe2\xfeJ\xc8i\
s4\xeff0\x82C\x9f\x96\x18\xe2D@\xe3\x18\x8f\
\x08\xb1J5c\xb09\xc0\xca\xa5\x8bX\x98?\x8f\xcd\
\xcd-LLN`\xdf\x81\x83\xec\xf5\xfa\xa2\xb9\xc1h\
4jk\x1c\xe3X\x13\x8b\x1f\xe8\x8b(\x80\xb8\x01\xc7\
\xa2\xc7%\x17\xdb\x197\xa32[\x05\xa0=\xc2\xda\x9f\
\xaf!\x22\x0a{\xc4\x9a\xcdo\xcd\xb9\x86H\x07\xddN\
G\x08\xc5\xea\xea\x0a\xd6VW153#\xdb\xb6m\
C\x7fr\x12\x15\x12\xb26\xe1\xa7h\xb9|\xf4\x1c\x8b\
\x1f=fx B\xf7\x8d\x1a\xa0\xaa\xfa\x18*;_\
\x1f\xf8\xa9q^\x88m{p\x12\x89\xb3\x00\x8c\x02X\
\x1b@\x00\xe6\xb6,\x16U13\x86r\xb2\xc3\x92\xf3\
\x1c\xdbK\x0f@\xf6\x8c\xbf\xa0\xb3TEc\x94\x1fu\
=2\xb1U\xb3aYa\x86\x01|\xf6\xc9\xd11\x01\
'\xbb)\xd8\xab\xb8$\xfd\xb2\x0a\x93U\xb4S\x12\xe4\
,\x12\xf1\x22d\x94\xf2A\x1e\x94 DG\x0a\xa7\x94\
$\x804M\xc3&7\x92\xed\xe9*~\x1d@\x99\xeb\
\x11<\xdb\x11\x8d\xc1\xac\xc2\x1aJ\x94s\xcc\xd6x\x95\
\xb4\xbcX5\x86-JqF\x16J\x1649\xac+\
\x92\xfd\x12\x8bKlw\xcfw:&\xe5\x02\xcc\x80\xdd\
F[\xa3m\xeb\x83\xee\xb9RZ\xd2\xa4U\x15\xd9N\
\x82D\xf8\xdf8I\x0c\xdd\xd3\x8eoI\x19\x92\xdfj\
\x10)\xe0\x86\xa1!8\xa7\xf1\x9b%\xcaF\xfa\x85\x96\
\x87K:\xa3\x0a\xe4v0f\xa9H\x14\x02\x91\x00\xe4\
\xa6\xe6\xfa\xda*./\xcc\xcb\xd2\xa5\xcb\xc8\xaa\x98\x9d\
\x9b\xc5\xae=\xbb\x81\x94\x98\xeb\x06u=\x04\x00\xa6\x14\
\x06Q\x96\xc8\x08\xb7\xb4\xbd\x13\x12\xc2\x99gN\x11A\
\xad^\x13\x80f\xf7\xef\xda\x8eP\xc0T%&u\xe8\
H\xbev)\x94\xf7\xf0M\x15\xb1\xf6\x0a\x906_\x22\
\xa1\x83\x94\x92TU\xc5\xc1`\x80\xe1p\x84~\xbf\x87\
\xe9\x99\x19LMNY\x9d\xdb\xcf\x18\x84h\xe8^\x18\
\x86(\x81\xd4\x91,\xf8\xb5{\x9eW\xa8\xb7\xddo\xc4\
n\x8f\x03\x1e-\xe1\xea\xf3\x18:+\xcae3\x04h\
q\xc8\x0b\x82\xefF\xa4!Rx\x12@R\xfd\x916\
t \xb0\xe5\xb5\xbe\xfdf4\x94\xdc4\x18\x8d\x86\xd0\
\x9c%\x89OetHm\x95-\xdf\x8c\xa8\xee\xb7<\
\xdb\x8a \xde\xacP\xb4\xceXm8\xdd\xc4X\x1di\
\xccr#M !\xcc\x94\x0em\x1a{\x91\xdbc\x83\
\xec\x22\xca\x88\x03 \xcc\x00\xa0\x9d[r\xf6\x11v\xcb\
\x98Q\x16\x94\x08\xb1P\xb0\xe2\x14\xe3\x1e\xdd\x19\x83\xf9\
;\x85g\xa9)\xa2x&\xdck\x8a0\xd32\x99\x96\
.\xb4\xa598zFt\x00$h\x84_\x17\xac^\
\xc7\x80\x06\x8e}\x83\x94\x00\x93J\xa7YD\x83\xb1\x98\
'\x80=X\xd4-Du\x8c\xf6\xfb\x89/7(C\
\x90\xc8X\x01$)\xa7Q5J\xfe\x881\xbe\x01T\
\xde\xb9\x22\xe3\xf5*F\xa6. \x98\x9b\x86\xeb+\xcb\
X\xb8p\x1e\xcbKK\xe8t*l\xdb\xb1\x03\xd3\xd3\
\xd3 \x15u\xd3\x80M\x16\x112I\x0a\xe3@Y\xba\
\xa8\x8b\xc5\x22\x84\x8d\xb8\x04\x13\x173^\xa6\xf3\x8d\xb4\
\xc5r\x97\xb3\xdb\xb3sHAW=>\xc7)\xb1\xa0\
M\x12\xd6\x94HQ%5\x01\xc3\xad\x0d\xf4\xba\x15\xb5\
\xaaPu&\xa5\xaa\x12\xeb\xba\xc6\xca\xd2\x12676\
0;7\x87\xfe\xc4d\x09\x01Je\xa2\xb5\xfa\x97\xa4\
/\xf9\xce\x90\xb0~-[iF\x858\xe8N\xb1\x17\
\x8b\x81\x05?\xdc\xc9\xa5\x04\xa1\xb0\xc0\x14\xa1&\xa2\xb7\
\x84\xc1\xc6\xf7\x15\xe3\x87\x01\x1c#e0\x80\xb3\xdfg\
\x15\xb5g?\x8a6\x0d\xea\xbaF3\x1a\xb5m\xc4F\
;$\x89X6\xeb\xe5O\xa1\x8a\x87PV\x9e\xc3\xb7\
\xf6\xed\x86\x1d=\x05n\xd6\xed0\xd4\xa2\xc4\x19\xac\x17\
\xfe,aNe\xcb;\x85\x1b\x14\x05\xa68\xb1\xa5\xb4\
\x04\xa2^\x0dF\xdfs\x18\xab\x96\x84}\xcc\x071\xb6\
N\x18\xfb\xdbv\xe1D\x98\xfd\xbc\xbbO\xa6(\x1c!\
\xc0#.\x19\xe2E\x82\xd803(G\x10\xef\x1e\x0d\
\x1b\x15\x87\x03o6K\xa9\xc5\x81\x90\x15\xa4\x5cg\x5c\
\x94\x142\x17L)\x98\x800Q\x85^}q\xeaE\
\xbc\xfc)\xdb\xceyLG\x1cS4B\x87)\xed\x0b\
,\x93c\xe2\xb0\x87\xc3N\xa0\xa5\xb4,\x9bNl\x9c\
\xb8Z\x09\x80MSce\xe9\xb2\xcc\x9f;\xc7\xb5\xb5\
\x15LNN\xca\x81\xc3\x87\xd1\xeb\xf5\x90\x9b\x06M\xd3\
\x04\xbbp\xfe%\xe1\xf2! Yna\xa2E\xd1\x8c\
\xedo\x92\xd0bA\xabP\x06h\xf0e\xbb\x1aF\x17\
\xa4\xb2\xcc@\xa2\x07d\xffF\xfbd\x9f\xdbf\xa0\xab\
^\x81\x03\xeaf\x84\x03\xc7\xaf\x96j\xfa\x04\xf2p\x15\
[KO\xb1ij\xa4\xaaB%\x09\xa3\xba\xe6\xd2\xe5\
\xcb\xd2\xefO\xc8\xe4\xf4\x14\xfa\xbd>\xaa*I\xce\xde\
\xd7\x10\x8a\x11K\xd2\x12\xb6\xd9Z\x8by\xae\xa7^\x12\
\xe68f?\x11\xbd\x22\xa5\xf6\xe4\x87\x84?j\xba\xb5\
YD5\x84~w\x96Z\x00B\x83|\xfa\xa1?\x95\
8\xd1\xa7J\xb1\xa7\xf7dd\xcd\xa8\x87#i\xea\x11\
\x19Ye\xe1\xfdeRY\xc4r\x07/\x0b\xf0\xe5\xa8\
e\x9b\xb9\x19/\xb7\x87J#\xd8FJ\x22>>\xcf\
\x9d\xab\xb0\x02\xe7\xa6Ey*\x82U\x07\xaa\xc9o\xb0\
\xa8\xe8\xf0\x15\xf4\x87\x16\xfaB\xabd\xd5\xf2\x0a_\xc7\
\xd8Y\xa3\x83m\x12/\xe54\x869t\x8a\xc0\x1f\xe4\
)\xc8l\x890q\x1f\xf6i\x1e\xbam\xc0\xe8\xf8\xe3\
8\xc6\x9a\xdd<<\xc79X$gP~\xc3)Z\
\xbf=:\x9b\xda\xd1\xee\xa5G;zr\x11\x1c\xcb\x97\
\xcd\x8b\xde1\xc7k\xec\x15l\x97\xd4{w\x18\x0a\x9f\
\x07\xbf\xf2\x18$A\xf4\xef[\xcab\xb2I\xdc\xb5\x0f\
\x9eD\xdbh\xc22/\xc1\x00\xc1N\x07\xa0\x1e\xd6X\
\xba|I.-\xccccc\x03S\xd3\xd3r\xe4\xd8\
1\xf4:]*\x15\xf5pX\xba\xe2\x8ax\x856\x8b\
p\x01?\x1c\xc5/\xc7\x13\x12\x8ak]\x8eB\xad\x0f\
\xb4\xe8h%3I\xbe\xf1F-\x13R\xaa\xa0\xe6\x08\
\xb60\x89@\x82t\x13@Q\x07\x97\x08$\xb6\xa0\xaa\
\x8an\x02N\xbd\xe6+e\x1d\xd7c\xcf\xbe\xbd\xc0\xc4\
\x0c\x16\x1e\xfe#Y;\xffYR&\xa1\xc9\xc5\xb3N\
\x07\xf5h\xc4\xba\xa9\xa5\xaa*L\xf6'\xd0\x9b\x98\x90\
\x94\x12m\x12\x99w\x0aZ>XH[\xe4\xf3\x90\x92\
g!T\xc1B\x0cQ\xda\x8a\xc7r\xb1v!\x0c\x08\
\x19\xe6e\xdf\xe3\xef2\xe5\xdf\xbf\x0e9\x9e\xa8\x84\xa8\
\xff\x97\xc1 \xb9a\xceYL\xe8\xab\xedID\xce\x10\
(\xd6\x0f\x93\xcc\x0e\x99\xbcm\xd7\xc6mY\x82b\xca\
~[\xcc\x08\xf7\x8a\x92/\x95QB\x97\x88P\x06\xb3\
.\x90\x06\x98\x87W\x06\xd6\x87\xef\x89H\x07\xf6\x90#\
\xc4\x81I\x8f\xecv\x91:.\xf2\x85\xd70\x0c\xa6D\
\x08\xaaW\x0e\xc2a\x023\xc7\xeb\xa2m&-1\xe8\
\xc0\x90\xd8\xe6\xda'H\xa9\xacG\xc0\x00BE/\x03\
:\xecy\xf2\x14Z\x8bM\xa9\x1b\xb9\x97\x16\xd2\x17\x8b\
!h\x1bvK\xd4\xf6\xf5C*G\x92\x03\x14\xe8)\
a\x1c\xda\x1d\x8f\xf6\x04l\x00T0\x14\x0ah\xa2R\
\xb4\x98\x16v\x02\x8f\x06p\x05\x85Ek\xf0\x94\xa3\x04\
\x00\xbf\x81\xa2x{NNj\xe6`k\x13+\x97/\
\xe3\xe2\xc2\x82\xd4M\x8d\xb9\xb99\x1c9v\x0cU\xa7\
\xa26\xb5@\x04\xc3\xc1\x08\xddn\x17\xa4\x1d\xf6\xa8D\
\xa0\xe2y\x8eG\x9aT\xa0\x0b\xc5\x16\xdc.\xcc\xaa\xfd\
\xc15\xa4\x13\x84\xe4>\x13IG\xfcs\xec\x13\xc4\xc5\
T\x91$\x9a\xbd\xe6\xabv_J;\xa3,\xb4g\xfd\
\x84\x8ee\xa5\x82,\xd7\xbf\xe1\x9b0\xbfy\x15n\xbe\
\xf6\x00N\xbe\xeeJ<\xf3\xa9gpNv#Uv\
\xefj8\x02\x92>@\xa5\x82\xe6\x06\xeb\x9b\xeb\xec\x0c\
\x86\x98\x98\x9c@\xaf\xdf\x97$\xb1\xd7\xeak*c\xad\
\xdd\xc6\xfb\xa4\xb43\x90\xf0A\xa8\x0c\x82\xf9\xf2\xa0\xd5\
\x1a\x86\xbf\xde\xb6\xc7\xcb\x0a\x90\x10 \xdb\xf9\x09\xe1\x01\
d\x94F\xc1\x88\xfa\xccl\x9a\x06\xf5`\x88Q3\x12\
\x81\xeb-!\xf92\xce3\x96\xe0\x09\xd7-\x0cq<\
\x81\x8f>\x1c\xb4\xbea\x00\x14n-\xc1\x98\x19s\x0e\
\x83\xeb R2\xdb\x94\x96<\x078\x0a\x84\x1d\x8f\x8e\
~/\xd1\x8e.\x84\xb0(6\xa6\x04D\x9fZ|\xba\
\xe7!\xf4\xf9\xf5A\x05\xc4\x9f\xcb\x0e\x19\xbb`g\xc9\
&\xe1\xb9]\x06)\xf0>\xbb\xb1\xd5g\xd9\x85(\xfc\
\x05S-F\x8b\xd0\x15R,\x82\x8e\x0bZA\xe6\xca\
\xc6\xfa\x9b\x19\x88\x821@\xf0\x0c\xb5\x14\x90\x8a\x99\x97\
\xfaHx\x0f\x82\x97\x91\xe5r\x9d\x7f\x15\xb9\xc5s\x00\
\xc7\xda1\x9aZl+.\x88\x05\xca\xdd\xf1E\x125\
\xd7\x5c_]\xc3\xc5\x85\x05YY\xbe\x0c@d\xdb\xf6\
m\x9c\x99\x9dC\xaaD\x9a\xbaan\x1a\xc99\xe3\xe2\
\xb9\xb38\xbc\x7f\x0f\x16./bzv\x07\xfa\xdd\x0e\
\x1b\xd5\xb6\x98\x11\xb7\xea]W\xbe\xc1v\x06\xc7\x0cD\
\x82-\x94\xad\xf2\xcb\xf6\x10\x17J\x87\xbdF\xdb@\xe1\
\x90\x0e\xd2\xf6@}V\x00\x090\xf9\xe8\x13\xa2\xf48\
B\x04\xa3\xc1&\xae\xbf\xed\xcd\xb8\xb0q\x02\xb7\xdfz\
\x00\x8b\xcb\x1d<\xfd\xd9\x97\xf0\xfc3\x170;\xbd\x84\
\xd5\xad\x9a\xdd\x89\x9e\x0b\xbdB\xc9H\xa8*\x0bI\xae\
y\x91\x19\x9b\x9b\x9b\x18\x0e\x87\xd2\xeb\xf5\xd8\x9b\xe8\xb3\
\x93:\xd0\x22\xa5\x1b^I\x98\x12\x83\x82\x05'\xf3\x17\
\xba\xd4\x13\xf7\xd5\xb2\xa3\xe8\x00)\x01S\x22\x95s\xb0\
i\x0d\x94\xf0Nk\x9b\xeb\x0c\x05|47\xb5nX\
\xd7C\xa9\x9b\x91!\x8d\xaf\x8d\x07\xba2\xd6\xb9\xe4[\
\x06\x10a\x1eA\x22m\x0b\xbdQI\xda\x17\xb6\x1fi\
\x16mw\xed\xc8\xc6\xe8j\x19\x93\x08\xbd\x0c\x12\x02\x0e\
\xe2v;\x16\xa6J\xed#h\x9a\x8d\x81cl\xb4\xe3\
\x7fA\x01/\x98{\xc90\xc6E\x15\xca\x1d9\xbd\x80\
\xd4,n\xe1\xf6\xab\xe8\x0fb\x0e\x10\x01\x83\xbf22\
\xdf6\x1f\x8e\x0fl\xfd\x90%\xb5q\x11\xc1\x85\xb5\xc2\
\x01\x8b\x09G\xca\xc0`\x12F\x1acs\xcb\x82\xc6;\
|'\x22:\x94\xdd\xf1U.\xd7\xe1\xe5\x19\xf7\x1a\x0f\
\x08\x01\xc8\xf0\x90\xe3\xef\x8b\xe6%\x9b\x94m\xe44\x8d\
\xe16`\xcfQl\xea\x11\xd7WWdqa\x81\xc3\
\xcdM\xa6\x94d\xd7\xee]25=\x0d\x00R\xd75\
\x9b\x86\xacRB\x93\x09\x19m\xf2'\xfe\xc1\xdf\xc5[\
\xde\xf2F<\xf1\xc4S\xfc\xdf\xbe\xeb\x07e\xe7\xc1\xe3\
R\xa5\xb2\x9ef+E\x06M\x92\xa0`\x0e\xab\x19C\
\xb4\xe2\x19p\xe6\xe7L\x0d\xae\xb1Ij\x8d\x86\xee`\
\xd2&k\xa9\xb2\x87)\xd3\x0eD \x1eg\x5cJ\xf6\
\xb0.\xb6\x99\xd9\x19N\xecy\x15f&g\x81\xee$\
>\xfb\x91O\xe2\xab\xbf\xe9\x0dh\x9aUl-<F\
2\x81\x9a\xa1\x22H\x92\xac\xc9%gt\x8c^It\
\xf0B\x12\xb2*\x07\x83-\x19\xd5#\xf6:]\xe9M\
N\xa0\x93*\xa1\xd9o!\x86\xf22\x0f0'e\x94\
vB\xb8C\x22\xc4\xa2wlw\x1b<,Hyl\
\xb3\xf6x0N\xf0Y\xce\xef\xafQ\xcd\xc89\xa3\xa9\
}V_S\x17\xdb\x0a\xdf.m\xc0\xa4M.\x81/\
wqg\x7f\x82\x15]\xcb\x09\x93+\x14A\x0aP\x17\
\xdf\x88t?BR<kc\xec5\x12\xfe\x1b\x83\x96\
\x1d\xd7\x93\xa7#Nt\x10A\xffeho\xe1?\x9e\
T\x13N\xee\xad\x8c\x11A\xa2\x5cB\xa2\x9c(`\x0c\
\xa8\x162\x1eg+\xd1\xe0\x13D\xc2\xffX\xba\xe0\xc1\
U\xcb\x15F=\x95\xe5g\x9b\x1fG\xdf\x14\xfa\x98e\
g.A\x81|\x9cRP\xb5\xf6a1\xf1\xfa\x90\xe8\
\xc6\x98\x80\x8b\x9fJd\x93N\xed,\x84\xd3\x04G\xc4\
H}\xd4y\x91\xcb\x22.\x93\xd8\x1d\x9bT\xef\x87/\
\x92q\xa88\x05\xeb\x8d\x14\x14\x88h\xd3`k}\x9d\
\xf3gO\xe3\xa9G\x1f\xc6\xb3O=\xc9z4\x94=\
\xfb\xf6\xca\xfeC\x07\xd1\xef\xf7\xd1\xd45\xeaQ\x03k\
\xf8IRU\x15\x16\x17\xe7\xf9\x13?\xf6#\xf2\xeew\
\xbf\x8b\xf5h\xc8;^w\xbb\xfc\x1f\x1f\xfc\xa7\xb8\xf0\
\xd2s\xe8v\xfbhim\xa9\x80!\xe0\xa0 \x9d\xef\
q\xb10\x94\xb5*\x22y\x89\x16\xcex\xc62\x9cH\
!\x00{\xf2s\xd0\x1a\xc7E)\xd4!\xc0\xb7\x1e\x0d\
\xb0\xf7\xf0\x15\xb26\x98\xc1\x89S\x87\xf0\xb1\xff\xf6I\
\x5cwt\x06\xeb\xf3\x03\x80+\xd8Z[F\xeaTB\
\x93\xef\xc3I\xacv\xaeD\xce\x0ds<\xb1W\xb3\xd8\
\xd3tA\xcd*\x83\xe1\x90\x1bkk\xd8\xd8XG=\
\xaa\x8d\xb0W\x16\x0bK\xe4\xb6\x08\x07\xc2\xd5y\xb7L\
wK)\xe4\x81\xbe&\x05\xd4\x0b\x1f\xb4\xf1[\x9ej\
\xd9x\xae\x06Mn$\xe7\x86>\x9dW\x9a\xe1\x10\xa3\
\xc1@\x9a\xa6v\x7f\xb6\xef\xc8,6\xef\xc19l\xdf\
F\xee\xb6vf+\x5cDd\xf7\x8d\xa0\xa6\x91!0\
\xf6B\x04\xf10Q\x10qWc\xff\x1b\xdfY\x00\xf1\
\xa0\x13\xff\x8d\x1f6\x0fn\x13\x8el)m\x1cc\x8c\
\x0fB$\xad\xe0\x98s\xdab\xb1d\x07\x91K\x8e\xe5\
\xdc\xads\xd3qA\xbc3\x1a-k\x93\x12\x12[\x8a\
N\x0fDa\xcf\xf6\x92T\xc4h\x16u\xcd\xad\xb4p\
\xf0\x10\xc4\x02\x9fl=K1\x12\xca\xb1\x22g\xe1\x8e\
^N\x91h\x0c*$D\x8a78d\xb8\x03x\xbb\
\x80\xefl\x82\x8d\xf4\x8e\x98\xe3\xe9\x93S\x1d\xa3`)\
\x896\x99\xeb++|\xe9\xc5\x17\xe4\x89G\x1f\xe4\xd9\
\x97N\xb3\xdb\xeb\xe1\xd0\xd1#r\xf8\xe8\x116J\xd4\
u\xcdn\xaf\xe7\xf7\x87R\xbf\x90T\x095\xe3\x85\x17\
N\x13\x9aEA9\x7f\xfe<\xbe\xe8\x8b\xde\x8a\xef\xf9\
\xb6o\xc03O>\x82\xfe\xe4\x94\xa8\x8b\xb0\xf1\x7f\xe3\
K\xcb\x04X\xd1B\xda\xd04\xa61\x9b\xef\xfb\xbe\xa0\
\x0d7t^\x10)N@\x9a[G\x02$&\xed&\
\x8e\xa5\xa6\x80\x00\x9a9\xb5\xf38Rg\x1a\x1d&\xbc\
\xf4\xe8}\xe0\xe1\x03H\xac1X\x9b\xc7hk\x0d\xdd\
\x8a\xd4z\xab\xb5$\xab\xa0\xb8\x00\xe7-\xb1\xb0\xf3\x8e\
J\xb5\xc2\x97F\xf4U\xd4u\x8d\xad\xcd\x0dlmn\
J=\x1c!\x1cIT\xec$c\xb4\x13\x8d\x05\x1f\xf1\
\xd2\xaf\xff\xaa\x0d\x8d\xbe\xa5\x0c\x93v=+\xec9\xab\
\xb5\xca\x83\xa4j\x16\xd5\xcc\xe1p\xc0\xd1hh\xd5\x08\
\xa7\x8d\xde\xa7\xc7\xe4\x15\x1d2\x22\x8e}\x9a=l[\
P\x89p\x0cq}\xc7\xdc\xca\x92?\xae\xd0\xe2\xbf_\
jQ\x07Q&+&\x91\xd4\xfe\xba|Ga\xc5\x88\
\xca\xa2\x04\xa6\xa1\x13\xb0\xee\xf9\xb38\xc2E.mt\
^\xadg\xaa\x1d2\xe2\xc8\x12e\xc01\x0b\xf1\x9c\xab\
\x94\xc1\x11r\xbe\xb3\x86\xb2.\xf1\xe4`i/\x06\x01\
/\x01\x1c\xa4\xa4\xe4\xa8\xe69`\x19R\xe9w\xd5\x1e\
\xe9\xf5D\xdf\xfb\xb8\xcdI\x0b\x11\x92\xf2\x14\x00\x22\xfa\
*<\xef1\x83\x0d\xe6G\xb0L'\x0d90\x22\x1f\
\xda/\x92\x00\xa5\xe2\x08l+\xfb\xbe\x18\xd1\xc6\xef\xed\
\xbc\x846#\xd9\xdc\xd8\xe0\xfc\xf9\xf3\xe9\xf2\xc5E\xa4\
*q\xdb\xb6\xed2\xbbm\x0e\x9dN\x05\x128\x7f\xe6\
\x8c\x1c\xde\xb7\x8d\x1b\x1b\x9bxi\xfe\x02\xf6\xec?\x80\
n\x95${\x9d\xa8\x1e\x8ed\xf7\x9e\xfd\xf2\x8f\x7f\xf4\
\x9f\xf1\x157_\xc7kN]%k\xab+X\x9c\x9f\
\xc7\x0f|\xff\xf7\xe0\xc2\xc2<\xff\xe8\xaf>+\x87\x0e\
\x1f\xc1p\xb0e'\xfb\x22\xe1\x10\x09M\x12A\xcc\xe0\
yNT&\xc7^\xe0\x11\xcc\xcb_\xf4\xe4\xc5=\xdb\
\xaaC\xea\x15\x07\xc6\xb62B\x8e\x04\xe0\x03P\xcd\xec\
\xf5\xfa\xd2\x9d\xda\x8f\xce\xceY\x5c\x5c\xbe\x04\x0e.c\
v\xff\x0c^\x5cl0\xd1k0{\xdd\xdbd\xc8C\
\xc0\xe6\xd3X\x9f\x7f\x88M&\xba\x9d.s\xae\xd1\xeb\
WbS\xab\x85H\x15;\x9d\x0e\xa4\xea8\xd0f&\
\xdaqOUE\x95\x04\xa3\xd1\x88\xa3\xe1\x08\xa9J\xe8\
O\xf4\xd1\xeb\xf6\x08&Q\xef\xe17*\xdej]\x01\
\x0a.,\xa3\xcdz\x8d\x89\xc6\x141c\xbc6f\x1b\
\xea\xf3\xfaT\xa1\xb9f\xd3\xd4\xa8G\xa3r\x82/\xca\
\x0e1\xaf$\xe8?\x5c\x84\x09\xf6\x1a\x00\xac\xad\xb9\x16\
-9\xd8\x88$D\xb2\x8b$\xc9=$\xba\x04X\xae\
W\xdax\xea\x1f#\x05\xe4\xa3@\xa4c]E\x04\xa5\
c\x9c\xc8\x0f0\x08\xacF\xdd\x1e\xc2!\xe3\xac?\xa3\
\xe9 \xf4A\x15C4\xb5\xa7\xa2\xbe\xaci1\x94l\
\xf7S\x96\xd9A\x02\xd0!W\x83*ZhS\x14\xe7\
)\xb2=\xa2\x8d\xd8\x1f\xa8\xf0rUN<\xfa\xd8\xbc\
.\xcf\xeb\xca1\xf28'\x18e\x89\x08\x88\x8cI\xbc\
\xfe:\x17y$\xae\xd4\xfc\xcc\xc2.\x14Rdl\x96\
s\xaa\xee\x12\xc5\xaf\xe8\xdc\xcd\x9a\xf5\xc4\xc5H\xf8\xc6\
f\xb0\xce\xb2\xbe\xbe\x86\xc5\xf9\xf3X\xbaxQ\xba\xdd\
\x1e\xf6\xed\xdf\x8f\xa9\xe9)k\xa2\xc9\x8d\x00\x15/-\
.\xf2\xbd\xef\xfc\x12\xfc\xd0\xf7\x7f7\xcf\x9f\xbf \x7f\
\xf8_\xff\x14\xbf\xff'\x1f\x86NL!\xc0*3\xb3\
\xdb\xad01\xb7K\xfe\xd6{\xdf\x87O\x7f\xfc#\x9c\
\x98\xe8K\xd34\xbc|\xe9\x22\xfe\xf9O\xfc\xb8<\xf1\
\xf47\xe1\xc9\xd3\xe7d\xdf\xbe}h\x9a&\x16!\xb6\
\x9dqN\xc6~)\xe3V\x03\xb1:@\xd9\xab\xb0\xca\
\x96\x22\x07Nk\xf04[\x09O;\xdd\xe8}\x7f\xfc\
\x88\xaeBzS]d\x99\xc6\xfeN\x17+\xe7\xe6Q\
\x0bq\xacN\xb8\xfb\xa5E\xec\xbf\xe2j,\x9c\x9b\xc0\
\x8d\xd7]\x8d\xe5\xe1\xab\xb1\xf8\xfc\x01Y}\xe1\xa3\xdc\
\xdaX\xc3\xdec7\xc8\xc4\xbe\xd7bu\xf1\x1c\xb1\xf5\
\x14\xa1\xebRom\xa2\x1e\x8e\xd0\xe9N\x22%\x9b\xd8\
\x9b\xfc\x08\xa4=\x18%\x99\xb1\xabbsc\x93\xc3j\
 \xddN\x17\xdd^\x0f\x80\xa7\x83\xe6fR\xc6\x87E\
\x96\xe3})\x01\x80\x0c\x0aC+\xef\x19\xddVf\xa7\
\xff\xcc\x0d\xec\x08\xaf=\x1cT\xfe\x061Le\xfd\xec\
\xba\x92\x00\xb9\xd1\xb1\xa0\x8c\x88a\xb1\xee\xb1\xd0E\xaf\
*\x8c\xd8}'\xe0\x09\xe1\xa7\x8e\xbe\xfe:\x89B0\
\x83\xc2\xc9X\xec\x97\xc2\x81$Z\x09\xbc5\x84\xbe\x97\
\x08z_\x1eK\x163|\x0a9\x11\x1b\xf8\xe1Fa\
\xd6TDC\xf5\xf1b~\xc1\x9e\xfc\xaa\xc6\x82\x0a\xa1\
\x14\x9546\xfd\xa6D\xcd\xbf\xf1S\xe4\xdd\xa1\x95\x96\
\x0b\x12\x1a\x84\xb4\x81\xd9\xf7\xc9\x0bW\x01\xe9q+\xa4\
\xb4\x9f\x14\x7f\x01\xda\x1c\x04\xdf\xfc\xa0\xeb~E\xd6\xff\
0>\x1f\x88\xc1h\xadLJ%J\x1e\x13\xe9\x9do\
<\x01\x22\xd7#,_\xbc\xc8g\x9e|\x9cO>\xf2\
\x107\xd6\xd6\xb0\xef\xe0a\x1e>~\x9c\x93\xd3S6\
\xf0\xb1il`!\x92\xe4\xc1\xba\xbc\xf7o\xbd\x0b\x9b\
[\x03\xe9\xf5\xfb\xfc{\xdf\xf7\xddx\xff\xfb\xde\x83\xc5\
\xc5y\xf4\xfb}\x10\xa6\x034M\xc6\xa1\xc3Gpq\
m\x84o{\xffw\xc8\xcc\xdc6X~\x9c\xb1\xb9\xb1\
\x81_\xfe7?\xc7\xed=\xe5\xc6\xc6\x16S\xa7[H\
\xa0\xad^\xb2G.\x88\xc4\x14o\xfb\xdb\x98<f\x1b\
\xec\x16\x8c\xe0\xf1\x8e\xa2-\xef\x09\x0a\x06J\x99\xb1o\
\xb0\x08G@\xc4\x9bE\xb5\xe1\xc4\xd4\x0c\x07\xb9\x8b\x95\
\xfe\x14\x9a\xf5EH\xa7\x8f\xdc\x9fB?5\xa8k\xc5\
d\xae\xb1=\x8d0\xc9\x06IO\xa2\x7f\xe8\xab\xe5\xc0\
\x0d_#\xcd\xccmX\xdd\xd8\x8d\x1bn}\xbb\xcc\x1d\
\xfc\x8a\x94\xe7\xbeB\xa6\xf6\xdd);\x0f\x1c\x17\x9bh\
\xd9\x18Z\x87\x10l\xc9\xbf\x84\xf8\x0f1\x80\x18\x0d\x87\
\xba\xb1\xb1\x81\xd1h\xe8AQ\xa4\x14\xa9\xb50\xa4\xc2\
h\xad\x0b\xd0\x7f\x0e\xe7\xcf\xd9\xf2\xfe\xba1\xa1o8\
dm\xce_\x98my\x7f\xc0`A\x10\x9b\x81\xa4\x99\
\x81\xc4\xc5\xa3\xe2\xef\xc3\x9f\x18\xb5&\x88\x0d\xc6\xb1\xe2\
\xe1\xf8\x92{\x86\x10\xe9[\xfc/\xb28{{\x09\x97\
\xa1\x89J\xeb)\x8c\xadC\x1c\x951\xac\xf7#\xc1\xae\
\xe4\x9bj\x08W\x10\xbd&\xa9\xd1\xf7 $\xed1b\
\xd1\xef\xec1\xd2\xe9\x0c\xca\xff\xc6~\xa0\xaa\x0d\xd3\xb2\
JCA0\x06\x02\x17\x00\x84g\xda\xd6hbj\x84\
mt\xa4\x08\xf6s\xc8q\x96\x8b\xb97\x16</\x00\
\xe3\xc9i\xdb\xe6-\x85\xe5E\xb9\xac\xb5\xe8vUm\
:\xf2\xb8(9\xb6>\xb1.~8\x03\x00r\xceR\
\x0f\x07\xb8p\xf6\x0c\x1ey\xe0><\xf5\xf8c2\x1a\
\x8d\xe4\xc0\x91#8t\xf4\x18'&\xfbhF#\xe4\
\x9c\x91RB\xaa\xaa$)a4\x1ar\xfb\xb6\x19t\
;]\x8cFC\xd6\xa3\x91lnl\xe0\x93\x9f\xf8\x14\
E\x12\xb3\xb7\x96B\x04)U\x18\x0e\x87\xbc\xf6\xfa\x9b\
\xf0\x97\x1f\xfb,\xbe\xf7\xfb~\x90{\xf6\x1c\x90FU\
\x06\xc3\x01v\xed\xda)\xbf\xf4\xaf?\x88\xf93\xcfY\
\x88\x16D$\x83\xcf)(\x02K\xeb\xde\x9e\xcc\x07\xcf\
\x8b\x05\x91`\xf4V9hM\xb6\xb0\x04&\x93vM\
^\x92`\x01\xa6\xe7&\x08\x9a\xdc\xc8\xf4\xecN\xe9\xf7\
g\xa0\xdb\xbbx\xe9\xe2\x12z\xfd.8\xd9\x07@\xd4\
[K\xe0\x04\xf0\xe4\x99\x15\x0c\xce\x9d\xc1\x1bo\xbb\x12\
'\x8e\xdd\x80\xd9\xc3w`j8\x857\xbc\xe68F\
\x83%\xec\x98\xd9\x85\xb7\xde\xf9j\x5c\xf3\xca\xb7c\xd4\
\xfdR\xcc\x1d\xfdr\xe9\xf4\xa7\xa0\xf5\x86=\xf8\xa2\x19\
\x0a\x9b\x014\xd7\xa4M\xf6\x09*-\x94\x94\x08b4\
\x1cr}}]\x87\xc3\x01K\xeb\xaf\xb3\xd5\x18\xd7\xa5\
\xf1\xdfT\x1f\x8ca\xa2_\xd6,\xa3\xba\x86=\x94c\
$M3\x0a\x01.\x14\xfb\xa8/\x94P\xebl\xa0\xb0\
\xa5X8Hi\x8f\xf7_y\x0bp*\x9a\x961_\
5p\x08V\xe1Z\x02\xdb\xe8^J\x1a\xd2\x82\x8a\xa5\
\x17\xc6F\xdd\xda%\x5c\xd2\x9aY\x1d\xe0\xa5\x03\xf78\
\xf7s$;\xaa\x93\xfc\x86\xc9\xd2\xc5O(\xa3\x1c\xa2\
\x1e\xe0\xedK\xbd\xb5U\xfc\x22\x08\x02\xed\x01\x07\xff\x06\
\xb2mf4\xe9\xc4oDJ\x85\xa6\xbc\xd9\xd3\x14u\
M\x22\x9e6;\x96\x90\x17\xc9?N\x15\x96\x02\xbe\xed\
\x81\xd1A2D.i\xb9\xba\x05\x5ck\xae\xf4\xa4\xc0\
?\xce:\x14\x0cj\xecH\xb6\x96g@\x12trl\
t.\xf8V!\xd6\xaa\xd8\xdc\xd8\xc0\xc5\xc5\x05\x5c^\
\x5c\x90\xa6i0;\xb7]\xf6\x1d8\x80^\xb7\x87\x9c\
\x1bi\xea\x9a\x22\x22\xc9\xf3\xf2\xa8\xd2v\xbb]\xac\xac\
,\xe2\xf5\xb7\xde\xa4{\xf6\xee\x91\xf9\xf9\x0b\xe8OL\
\xe8\xd2\xf2R\xba\xfb\x9e\xfb0\xbd\xeb\x08\x86\x83!\xaa\
\xaa\xe3~ITU%\xa3\xd1\x90\xb7\xdc\xf6:\xfc\xd2\
\xaf\xfe\xa6\xdcz\xeb-x\xdf\xb7~\x0b/\x9c?'\
+\xcb\x97q\xcb\xcd7\xca\xcf\xfe\xe4?\xc4\x0f\xfd\x93\
\x9f\xc6\xf1\xab\xae\xc7h\xb8\x05\x91N\x09\x06\xd1d\x11\
T\xd0\x90\xb2H\xcd\xae\x98\x85z!\x9e\x8aJ\xa4T\
\x85,\x10\xb4Gg\x19@\x83\x02\xf1L\xc8wS\x14\
\xaa\xd2\x9b\x9c\x12\xe4\x84\x13\x9a\xf1\xd4\xf2\x06\xaa^\x07\
\xecV\x90\x0e0X;\x8b\xa5\xe5\x06\xd7\xbe\xfa*<\
\xfa\xd9\xa7\xf1\xdc3w\xa3\xb7w'v\xccM\xe0\xd4\
\xa9\xe3\xb8\xfbsO\xe2\xf1\xcf\xfc\x11\x0e\x9e\x98\xc5\xdc\
\xae\xaf\xc7K/\x9c\xc6\xdb\xdf\xf9\x06\x9c{a\x0b/\
2\xcb\xca\xf2\x13\xecp\x19\x8d&\xe9vg8\x1a\xad\
!o^\x92\x5c+\xa5\xea\xb9Q\xb0\xb51B\x86\xc3\
\x01\x9b\xba\x96\x94\x92t:]\xa4\x94\xc2\xde\x0a%\xf7\
\xa8\x22MnDsfS7&\xf25\xb5\xcf\x09\x18\
\xcf\xaa\xec\x07+\x11\x8b\x03\xaf\x80\xa2\x05L\xdd\xebB\
\xa3B\x91\xf3\xbct\xebhl\x11\xc6\xba\xa1P\xd2\x12\
\x8f\x87c\x13\x8f\x09@T\xadi\xaa\xa4\x14\xcea#\
\xc3\x8bK\x0cp\x88M\x8d\x1d\xeb8X\x03Q\x04\x00\
SI <\x12\x87\x03\xdb\xd7F\x93\x90\xff\x8aA\x1f\
<\xea\x8e5\xdey\x13S!&9>\x91\xc5B\x12\
\xfc\xa1\x7f\x85\x8f0\xee\xd7\xb3p[\xa9\x90\xfd\x1d\x19\
\x1dD\xc6\x02\xb72\x9e\x0d\x18\x8c\xde\x13\x02*b\xda\
\x0e\xe1\x134%.#\x05\x92:= \x18\xa3\x18\xcc\
t\xc1T0'\x8e\xa5zBm\xdb\x97\x9bF6\xd6\
V\xb9x\xe1\x82\x0d\xd6\xecT\xd8\xbes'ff\xb6\
!U\x89\x9ak4\xf5\x08H\x09UJ\x12\xab!2\
\x96\x00J\xc2\xd6\xfa\x1a^\xfb\xeaW\x98\xb0\x04H\x7f\
\xa2\x8f\xa7\x1f~\x9a\xab\x9b\x83\xb4\xfd@\x8f\xb9\xa9\xd1\
\xe9\xd8\xbbT@\x91\xc4(\xe9\xdc\xf8\xaa;\xf0\xdd\x7f\
\xf7\x07p\xf4\xe8\x11\xbc\xe9\x0d\xaf\xc7\xc5K\x97p\xf1\
\xe2E\xbe\xe7\xdd\xef\xc1\xf9\xf9\x8b\xf2\xb3\xff\xfe\xb7x\
\xc5\xc9S\x18\x0e\x06\xae\x11\x97\xa7~\x19\x06'\x0a\xb2\
\xc3\x91\xa5=Q\xd17\x8cC\x91\xc5\x22\xec\xb7\xff\xb2\
\xa7\x9a\x98)\x87D_\x15B\xe4~ \x92\x15\xdc\x1a\
6R5\x09h\xfc)\x1f\x15\xd0\xa9\x04\x17\xe7\x17\xb1\
m\xe7.\xbc\xf8\xf8S\xb8\xe9\xd5\xd7\xe3\x13\x7f\xf4a\
L\x5c>\x8b\x05\x00\xf7mm\xc3[\xbf\xf6\x87\xb0\xf7\
\xfd\x7f\x07\x0f\xfc\xd7_\xc5\x9f\xfd\xe7_\xc2\xcc\xc4\x00\
\xddf\x80\xe5\xf5\x06{\xaf\xba\x0e\xfd\xd9+dyy\
\x09\x07\xe6z\xe8tv\x88t\x07X]9\x83\xd5\xf9\
/`\xb4v\x06HV\x1a\xa5\xef\x5c2_\x92\xac\x8a\
\xa6iX\x8fj\xe9t:\xa8:\x15\xed\xa87mP\
\xae\x98\x80i\xe7,j\xd4\xb5=\x88\x93\xaa\xd6\xb4U\
\xf2#\x8a\xd8\xe1X)\x02B\xdc;\xda\x9e\x11gS\
\x8c\xa2\xa4\x91\x12B\xfd\xf1\xeeH\x9e\x22T\xbe\xb7>\
.\xde\xbc\xc2\x03\x5c\xf2TK[\xd6\xcfp\xf81\x8c\
{\x99\x5c\x16\xae/.4\x98\xfcI\x81\xa0\x03He\
\x1f&\x04\x91\xd4\xe9\xb2\xff_\x1b\x1d\x9c/3@\x00\
\x91\x5cG\xe3B\x04Z\x0a\xc7\xce\x0c@BC\x08\xae\
\xc9\x881\x11\x00\x9d\xd0\xd0\xb1\xc0\xe9\xbfw\xdb\xb8\x95\
\xd9_Jt}\xda\xed\x84\xe6\x1c\xb0\x04\xc4L\xc1\xb6\
-\x82\x8c\xa1Y\xc6J\x04\xa9@\x9e\xf8a\x0aR\xfd\
\xc9\x00e\xa8`i\x8676\xe3\xdcNL\xfb\x94\x04\
\x8c\x06\x03\xac,-aq\xfe\x02\xd6VW\xd1\x9b\x98\
\xc0\xfeC\x870=;\x0b\xcd\xd9\x0f\xe7d\x08 I\
*xE\x89)\x9a\xbeck\xc4j\xc4\xfd^\xc2\xcd\
7^/\x83\xe1\x00\x049=5\x85\x8f\x7f\xf2\xd3\xa2\
\xe8\xa0\xdb\xa9\xec\xc9\xae\x0e@bY,%Ud\xce\
\xe8\xf5{\xb2\xe7\xf85\xf8\xfa\xf7\xbeO>\xfb\x99\x8f\
a\xdf\x9e]\xd8\xd8\xd8\xc4\xb9\xf3\xe7\xf0\x9d\x1fx?\
\x1e}\xf4\x11\xf9\xcb\xcf<\xc0\x13W\x5c\x85\xc1\xe6\x86\
E\x1c\xd72MOi[\x12K\xe1\x17\xad\xd5\x8e\xa5\
\x9f(\x0b\xeeK/\x04+\x07\x84\xe8\xcc\xech\xa6B\
\x85\xa8`\x87\x8cl\x13U\xd5\xba\x12A\x08:\xc8H\
\x185#\xccn\xdf\x8b\xce\xdc\x158\xf3\xf0y\xcc\xf4\
z\xb8\xf1\xceo\xc2S\x9f\xff\x0bt\xfa\xe7\xb1\xad\xb3\
\x89#\x07&P\xef;\x89\xf57|+\xa6\xb7+.\
\xdc{?rg\x07\xaa\x99\x11\x8e\xdcx\x1c33\x93\
x\xe1\xb3\xcf\xa1\xb3w\x07vo\x9f\x06\xd1`\xe1\xcc\
\x1e\xec\xd8}\x15^z\xf2C\xd8\xbc\xfc0\xab\xce\x84\
y\x87\x94He\xe1\xc6N\xe0q8\x1a@jA%\
\x15S\x95\xc4+V6\x9c3\xd7\x1c\x0d\x87\xd24\xf6\
 \x0f\xef\xd9)\x18\x17B\xaa\x00`\x12om7\xb1\
1\x99\x15\xbb\xcc\xa6,5\xb1\xf1L\xa1h(\x82\xe4\
\xb9\x84\x86\xdb\xda\x9fR\xb2\xb6`$\xee!\x88\xbe\x12\
D\xbac\x94\xdf\xff\x81\x16\x86\xc7r\xb7h7\x8eF\
/f\xe7\xf3>\xa5Gi\x0f\x13t)\xcc\xf3\x18F\
\xc6D\xda\xa80\xb7\x12\xcb\x97\x94\xf6\xfb,\xdeP\x9b\
\x18\x0ej}\xce\x12Yy\xe8\x03.\x94\xd8\xc31<\
\x84\xd0\x0f\x1fE\x84V(\xec1\x11*~\xbe\xcal\
2\x00\x8a\x80\x9f\xb3\x16%E\xfd\xd8\x22\x1c\x90\xa8\xd9\
\x00\x87\xfehs2\xa970\x99\xde\x91\xa3\x84)b\
\xaf\xb1\x94.[\xd3\x92\xb51yn\xe5\xbcis}\
\x0d\xa7\x9f{\x16\x0f?p\x9f<\xff\xcc\xd3\x02\x01\x8e\
\x9c8\x81c\xc7O`jj\x12\xcdh\x88\xa6\xaea\
\xf9ZBJ\x09Q\x19\xa8R\xb2\xc0\x9b\x92H\xf2I\
\xa5\xa9\x92\xad\xad\x81\x1c\xda\xb7\x13'\xaf8\x81\xc1`\
\x80\x0a\x1d\xc9Y\xf1\x99\xcf\xdd\x85m;v#g\x85\
\xd8\xe7\xb8\xe3& \x89T\x22\x90d\x0dE\x07\x0e\x1e\
b\x9a\xda\x89w\x7f\xdd{\xa0\x0at\xaa$\x9d\x94d\
mu\x19\xff\xe6\xe7\x7f\x167_yH\xce\x9f?\x87\
n\xaf\x8f\x9c\xd5\xf7\xa48\xf2xj\x1f\xf4\x9en\x82\
,Q\xa3%J\x01\xe7\x02\xa85RgK\x9d\x05\xb6\
~P{DX`\x1d\xe3\xf9\x06\xc6\xea\x90\xaa>.\
A\x90\x05\xa8\x07\xebXY\x5c\xc2\x97}\xff\xbb\xb19\
\xb3\x13;\x0e\x1d\xc1\xdb\xbe\xef\x1f\xe3M\xef\xf9!\x00\
\x1d|\xe8\x0f\x7f\x05\x7f\xfd\xaf\x7f\x12\xe7\x1f\xfa+\x1c\
\xdd\xbf\x07\xa7\xbe\xe4\xcb\xf0\x8a/\xba\x13\x9c\x9b\xc2\xe9\
'\x1f\xc6\xc5\xe7\x96\xb0\xeb\xca\xfd8\xbf\xb2\x85jb\
\x88\xce\xe0\x22\xce>\xfa,\xd2\x9e\x038\xf8\xeawc\
\xfb\x9e\xeb%7\x9bNt}\x8e\x81SU\xe6,\x00\
%I% \xa4ij\x0c\x87[\xa8\xeb\x11\x86\x83-\
\x0e67dkkS\xeafd\x8d@\xd6\x0cTV\
.\x12vq\x05\xd0\x05)X\x9f\x82\xa1\x8d\xdbf\xa4\
\xb6\xc1R#\xa4\x04\xc1\x14\xb5\xa6t\x9f?R\xc8?\
\xb3?\x00D,p:\x10\x84\x98c&jz\x9a\xed\
\x8f?\x00\xa4h\x17(\x01'\x929\x94@\xde!m\
\xac\x1b\x83\xebG*\x1d)Jh\xed\xaes\xf9\xb1\x01\
s\x1cm\x1d\xa4\x1dX\xa8\x12\x8f\x98g\xfc\xec\x7f\x8c\
\xeeJ\xe90\xf4\xa7.X\xa5\xc4_\x16\xe2\x86E\x7f\
-\xda] \x97D\xf7\x00\x09{\xa4T\x12@Y\xf0\
\x0fQ\x9d\x8bp\xc5\xc2\xc0\xe0=\xd5\xber\x02\xb5\xe7\
}@RH\x0f\xb0\xa7\x9e\xfaq\x18\x02UUA\xa9\
\xb2\xb6\xbc\xc4\xf9\xf3\xe7\xb9t\xe9\x92\x10\xc4\x8e\x9d;\
\xb1m\xfb\x0eT\x9d.sS\xa3\xae\x87\x16\xdd\x93\x95\
z\x9cJ#\xf9H2S\xd0Db\xb2\xab3\x0at\
\xaa\x0e\xe7\xe7\xcf\xcb\xdb\xbf\xfc\x8d219\xa5+\xab\
\xab\xe8MN\xc8\x8b\xa7O\xe3\x99\xe7_\xc4\xceC\xa7\
\xd0\xe4\x8cT%3\xb2\xa2\xe4Z\xe8H\x09`\x87\x18\
\x0e6q\xe2\xd4Ux\xe4\xfe/\xe0\xfd\x1f\xf8.\xfc\
\xde\xef\xfe\x16\xce\x9d=\x83\xd4\xe9`sk\x93\xbf\xfc\
\x8b\xff\x1a_\xf1\xaeo\x90\xd5\xb55\xceLOJ\xce\
\xe5\xec\xfb\xb8\xd7\xfbu\xd9\xbe{\xc6\xea\x7f\x13\xc9@\
\xd9\xcd\xc8\x0f,/\xb5\x1dt\x16\x16?36\xde~\
\x91\xc4\xfb\xd4;\x90N\x85\xc5\x06 *\xe4f\x13\xf5\
h\x03\xcf~\xeey|\xe5\x07n\xc7\xe7>z\x06[\
\xcf^\xc2\xf1\xfd\x07\xb0\xfb\xd8\x9bp\xf6\xe9?\xc6\xfe\
\xe37a\xe9\xfc\x8b\xf8O\x1f<\x83m3\xfb\xd1\xef\
\xee@=x\x06\x97\xa7\x05\xfb\xbe\xfc[\xf1\xaa\x03;\
\xf1\xd2s\x9f\xc2'\x1e\x18\x22m>\x8fW\xddv'\
\x96\xb9\x85\xd5A\x0f\xb3\xd7}\x0dF\x0f\x0f\xb1y\xe9\
I\xa4j\x0a\xb0\xca\xb7\x04\x9f\xa5\xab\xba&fY;\
\xaf\xe6\xecS\x92\x01\xe6\x0c\xf8\x0c\xffB>\xe3\xce\xac\
lh\xe4\xc2\xd4%\xf1G\xab\xc1\xbaH\x92D\xe1\xc9\
\xaa\x84\x15\xc9\xa6hu\xe2\xd3\x82K\xa4\xa6 \xd9\xdc\
\x88\xd4n\x8b\xab^N\xb2#\x0d\xb5\xd7\xa2}\x80\xab\
\x9f-\x14$;\xc3\x1e\xae\x172dI\xcc\x0a\x04h\
\x07\xde\xf8\x92\xccoR\xa4\xc3\xd1\x80\x17\xcds\xea\x00\
_88J\xdb\xa1{\xbb\x16\xaf#3\xc1\x14ZD\
\xfb\x91\x80\xb7\xd0\x06\xff\xf1\xfe\x1b\xaf\xcd\x97\x85\xb0D\
\x02\x91@\xb2\xad\x9c\xc4l\x00#s\x8d\xda\xc8\xef\x10\
Sb\xad\x82Z!\xd2\x09\xb0\xec\x9am\x12\xe2XC\
<\x9d&C\x8b\xf1'\xb1\xa7,\xe4&c\xf1\xd2\x05\
\x5c8w\x96k\xcb\xcb\xe8NL\xca\xae\xbd{17\
7\x07\x88 7\x19\xf5h\x08I\x09U\xaa`#\xa8\
h\xeae\xe4\xc1\x16=}\x94ur\xb1R\x8a\x84\x82\
*\x09r\xcd[n\xba\x09M3\x12\x92\x98\x9c\x9c\x94\
\x8f?\xf8\x09,\xad\x0f\xb8\x7fbB\x9a\xd1 V\x0a\
)\x1ekM\x81\xc9\xef\x09\x89\x95t\xaa\x9e\x0c\x07\x03\
\x5cs\xd3\xad\xf8\xa3?\xfb+\xfe\xf4O\xff\x0c~\xf8\
\x87\x7f\x10/\xbdtV4g\x99\x9b\xdb\xc6_\xfd\xc5\
\x9f\xc3\xd7}\xd3\xfb\xd1\xed\x9f@W\xda\x1d\x8bP\x12\
\xba\x80\xb7\x8e\xa0\xa4\xab\xe38Q6\xd9\xe1\x81@B\
kl\xf6\xdf\x1e\x99\x80\x00\x06R\xb3\x18 \x12\x8d\xf4\
1\xdbWl\xef\x02/\x0cj\xec\xd9q\x10\xdc\xda\x89\
\xbd{\xa6q\xf9\xf4\x06^s\xfb><}a\x80G\
>\xfd\x02N\xdc\xf0\x16\xcc\x9f~\x12;\xf7\xde\x8a\xbd\
\x07v@\xe7f0\xea\xed\xc2\xf4p\x80-\xbd\x1d\x9b\
\x17^\xc2\xc5\xc1$~\xff\x81!\xf6\xde\xf0:LM\
\xf6p\xe9\x91\xbf\xc0\x0d\xaf8\x88\x8f<\xbc\x89}\x97\
\xcfb9\x1d\xc6\x15\xd7|\xb9<r\xcf\x029\xb8\x08\
\xa9&\xa3\x82^\xc0\xcdj\xfc64\xb3\xa9k6\xf5\
\x086\xca-\xe2\xace\xdc\xaaDU\x89W\xcb2\x93\
M\x9f\xb1{\xf7!\x1f\x9e\x1a{0%Z\xd9\xdd\x1e\
\x02\x22)\x8d1X3M\xf1\x87e\xc0\x9e\x9e\x06\x8e\
\xc5\xb1\x98\x83^\xf0\xb4\xc5\x8a\xd0\xcb`\xdf\xe0\xc7\xa8\
\x1c\x9aC\xf4\x03\xe9\xf3\xbe\xbc\xb4\x18\x19\x83 u\x82\
\xc20:\x08\xb3\x12q\xa2,D6*\x9c\xad{\x84\
&\xd9\x8e\x1d4\x9a!\x88\xe3\xf1\xb6P\xd1G\x1c\xfe\
\xef\xe9\xa4\xb9\xae\xff\xbe\x9d\xc0\xe2\xce?F\x8d \xaa\
TT\xf1\x80\xc6\x08\xe2t|0`-\xe2#\xe1\xf4\
\x04\xe6%1\xc4\xa48\xb9\xbf9\x04F\xa2|_4\
\x88\x86\xd0(\xa3\xd1H._\xbc\x88\x0b\xe7\xce`c\
c\x1d3\xb3s8t\xfc8&'&\x01\x02M\x93\
\xe1)4\x8d\xe2\xa3\xcd\xb7R\x05\x81?\x84\xd4UM\
\xbb\x9d2}7\x8a\x90B%\x9bF\xd1\xef$\xbc\xe2\
\xe6\x1b\xb05\x18\x02\x22\x98\xe8O\xf0\x93\x9f\xfa4\xfb\
\xd3s\x22T&\xa9B1u\x18@`\x15\x01AJ\
\x84t\x04H\x09\xb9\x19\xe1\x86W\xdd!?\xf2\x8f\xfe\
)\x8e\x1c;\x81w\xbd\xf3\x1d\x9c\xbf0\x8f\x95\xe5e\
\xb9\xe9\xa6\x1b\xf0\xb3\xff\xe2\xc7\xf0-\xdf\xfd\xc3\xbc\xf6\
\x86\x9b\xa5\xde\xda\x0auU\xca\x16\xd9\x0f\xe5\xec\x99-\
r\x84\x0e\xb6\xae\xddj\x02D\xb2\x1a\xb7\xd5\x94!\xa2\
\xe6\xe8\xf6\x01f\x8a\xd4\x06\x9d\x04,\xf7\x80\xa6\xdb\xc3\
\x0e\xcd86\xcax\xbc\xc9\xe8\xcc\xcd\xa0\xb3\xd5\xc7\xf4\
\xbeY<y\xaeF\xfd\xa2Bz\x19\xef\xf8\xd6\xebp\
a]py\xfev<\xf3\x85g\xf0\x86\xaf\xf8Zl\
\xdb3\x89\xfe\xf6\x19\xdc\xf3\xb9\xd3\x989\xb8\x17\xc7w\
t\xb0\xba\xb5\x86\xd1\xca\x06\xd6F\x15\xae>\xd8\xc5\xfc\
\xdav\x9c[\xed\x02\x0b\x9f\xc0\x17}\xd9[q\xf7\x85\
=X\x96\xfd8\xba\xfc%8s\xfe)\xd1\x95'\x00\
\x1d@\xc4\xd8\x9d\x01\x80\x9d3h\x86\x03\x8eF#I\
I(\xc8\x80TA?\x0bK\xb5\x12\xaeQ;\xf5\xc3\
\x10H\x22Hq\xf8\xd1\xc9Z\x84y\xa0\xfc$be\
m3E\xf5\xcc\x81\xae)\x88\x95\xe1\x8a\xb1\xfbvg\
/\x84\x89\xc0\xfd\x9b\xe5\xe71=\xc11\xa3\xb4\xf5D\
\xf0\x89\x9a\x1f\xedQ\xe2\x82(A\x81\xd2\x09\x8b2\x9f\
\x0e\xean\xc8b\x17E\xa8\x92\xa9\x12\x17\x1c\xe3 \x82\
\x1f\xcc\xd1\xb0\x18\xef\xf7\x8f\xabv_v\xf9\x10^\x97\
38\xc9*\xf6\x04\x11\x16\xaa]\x82\x0a\x82\x9c\xf81\
\xe1\x1c\xe7\xfe\xc3\x00\xed\xdc\xa9\xdd\x0c\xca\xb9\x00:\xc3\
\xb6o\xd6\x82ta\xd7\x91Z\xb8\x9ei\x97TI\x9c\
\x19\xa0\xa8\xca\xc6\xfa\x1a..\xcccq\xfe\x02\x9a\xba\
\xc1\xb6\x1d;\xb0\xff\xd0!\xf4\xba=4>qGD\
\x9c\xda\xa7\xc0*\x17WKH\x89\xe2+!l\xcf\xe2\
\xd3\xd9o\xe4X$RUaye\x99\xa7N\x1c\x96\
\x83\x07\x0f\xca\xd2\xd22{\xdd.\xd6\xd6\xd6p\xff#\
\x8f\xcb\xb6\xed;\x90s\xb6\xb2\x8b\x04\x9b\x18\xb3*\xbf\
wq\xc3I\x14\xa8\x08\xaa\x04\x5c\xfd\x8a\xd7\xe2\x03\xdf\
\xf1\xb7y\xd5U'\xe5\x9a+\xaf\xe4\xca\xca\x0a\xce\x9f\
\xbf\x80/y\xfb\xdb\xe5\x87\xbf\xebq\xfe\xec\xbf\xfb\x0d\
\x9c\xba\xe6F\x0c\x06\x9b\x11r\x22(zq4\xd8\x01\
\xcb\xda\x05\x08H\xbbi\x96\x02\x8ce\x90\xa0\x91\xe56\
U\x00D\x92l\xac,r.ey\xa9\xa9\xd0\x9f\xec\
!o5hV2:\xa8\xb0r\xe1I\xe4\xe9\x1d\xf8\
\xd3_\xf9(\xbe\xea-W\xa2{\xe51\x0c\xa6g\xf1\
\xb1\x8f]\xc6\x5c\xaf\x87\xd4\x9b\xc0\xee\x1dC\xac\xae\xad\
\xe3\xb3\x9f~\x0c\x07O\xec\xc3\xc6\xca\x10\x9d\xd5\x0b\xb8\
p\xf2\x0a\xdc\xb0g\x88\xfb\x86\x8a\xad\xba\x83s\x17\x16\
\xf1\xea\xd7\x9c\xc4\xef\xff\xdb\x9fB\x7fR\xf1\x87\xf5\x16\
\xa6\xf6\xec\xc7\xcd\xaf\xfb2\xdc\xbb\xf7:\xf9\xe2+\xaf\
\xc7\xa3\xcf\xdf\x8f\x17\x1e\xf8}TI\xc0\xac&\xcd\xa9\
b4\xd84\xfd\xc6\x99\x9c=\xc3J\xad\xef\xcd\x07\x9c\
\xc4>G\xffHY\x15\x8f\x8b%l\xc6\xca\x19\xd3\xf5\
\xb4\xddY\xa8Z\xd9\xbdJ\x95\xf7w\x18\x0a\xa4\xc2\xc5\
\xe8Y\x83\xd5\xea\xca\xd4\x10\x0f\x9e\xee\xe0nEmF\
\x0f\xa4\xf2\xd4\xe3\xf0\x17D\x81\xc0\x11\xa5mR\xb5\xcb\
I\xc0\xf8\xd08\x8f\xa4\x1c;\xb6X\x8e\x17\x15\xaf\x1e\
K{\x80\xe8\x13\xb0\xb21\xd8\x9e\x22,8\xe0]\xb2\
\xfe{\xcb J]!\x16\xb3\xbc\xceOFi\xeb\xa8\
$],ii\x90)\xd7\xed\xdc\x8eV\xaa\xf0\x8b}\
Y\xc0Bp\x01_\x17w\xa2\xe43\xd8V._\xc2\
S\x8f?\x86G\x1e\xb8\x17\x0b\xf3\xe7\xb9}\xd7.\x9c\
\xbc\xe6\x1a\xec=p\x10\x10\xc1\xa8\x1e\x01 RU\x19\
\xb1\x92Hw\xc5\x8d\xc5k36y\x13\x22\xe2:_\
r\xf0\x12\xc4\x10[/DZWC\xaa\xb0\xb5\xb9.\
\xb7\xdf\xf6J\xe9t;$\x15\x13\xfd\x09y\xfe\xf9\x17\
\xf0\xe2K\xe79=3\x83L\x22\x8d\x7f%\xc6\xbe[\
\xa2\x97!y\x19I\x90\xaa\x0e\xb4Q\xccm\xdf\x86\x9d\
\x07O\xe1\x9d\xef|7/\x5c\xbc\x84^\xbfG\xa4\x84\
\x0b\x17\xce\xf3\x87~\xf0\xfb\xe4\x03\xdf\xf4.\xbe\xf0\xfc\
\xd3\xe8OL\x14\x06G\x89\xe6\xa61\xefE\x9b&\xf8\
\xd2\xb7\x8c\xae\xb4\x8c\x9b\xdd\x94&\x93\xb0!\x98\xec\xd3\
\xa9\x12\x8e^\xff&9\xb3X\x03\xe7\x96q`\xfb\x14\
\x06\x13; )\xa3\xdbIX\xbb|\x09\x97\x9e\xfc}\
\x1c9\xb6\x88O=~\x0e\x7f\xf4o\xff\x1bV\xef\xfa\
\x1cv\xed\x9b\xc4\x16G\x98_\x12\xbct\xa1\x02\xa6'\
\xf0\x8e\xf7\xbd\x05;\x0f\x1e\xc0[\xdey\x0b\x8e\xbe\xf2\
j\x1c\xee\x00W\x1e\x10\x5c\xb8t\x11\xc7\x8f\x1e\xc1J\
:\x8c\xc5\xe5Y\xdc\xf8\x9a/G\x7fb\x07\x1e\xbe\xf7\
sx\xf0#\x1f\xc2o\xfc\xe4\x8f\xe2\xd0n\xe0\xe0\xb1\
\x03\xd8\xbfm\x8f\x8cF\x9e\xce\x82\x92\x9b\x1a\x83\xad\x0d\
D\x9f\x86\xf8\xfa\x86\xa3 L\xbeP\xf90-\x0b\xdd\
.\x0cX\xaf\x9fyDh\xcb6\x97\x0eq\xd4?\xaa\
\xc0m\x9c\x14I\x85?\x9a\xbb\x8e\xa5_\xd2\xc6\x0bo\
\x0f\x04\xe0=mq\xa1a\x0e\xc9&\x81\xb1Mn,\
g\x11\xb4\x22\xaei\x01\x96+\xf8\xceu\xec!kj\
\xf0AE\xce\x99Ys\x1a\xd3\x9bB\xe5C9g\xed\
\xcc:\x84\xc01\x152\xda{\x051e/\xd8S\x10\
\x04\xf8\x848\xa5\xf8\xf9\x9e\xb6\x03\xb9@\x8d#\x95\xe1\
\x9bD\xbal`\x96M\x09\xf4\x0c[\xdb\xce\x88R\xce\
\x1aK2\xec\xed\xb9\x84\x22\x88\x08\xb4i8\x1a\x8e\xb0\
\xba\xb2\x84\x0b\xe7\xcfbcm-MNO\xf3\xe0\xe1\
#\x98\x9e\x99\x11%\xedA\x0dM-R%Z\xdem\
\xab\x97\x82W@|D\x96mc\xe1\xc8\x12\xbe\xea\xbd\
\x1c\xe2\xf4%\xb53\x8f\x82g%I\x9a\x07[\xb8\xe9\
\xa6\x9bd4\x1c\x02$\xa6\xa7\xa7q\xcf\xbd\xf7a\xd0\
\xa8LLLB\xeb\xc6sF\x87\xc2\x96\xd9\xa0l\x84\
@\xec\x11\x1f\x8a\x94\x12z\xbd>\x9af\x84\x83G\x8f\
\xca\x13\x8f.\xe3o\xbd\xf7\x9b\xf1\x89\x8f\xfc%\x9a\x95\
\xcb@\x95p\xf6\xec9\xfe\xa3\x7f\xf8\xc3\xf2\xe0#\x8f\
\xf3\xfe\xc7_\x90#G\x8f`0\x18\x95\xf5w,\x90\
\xc8_\xddX}0[\xa0r\xab\xe5\xa41\xa30\x8e\
\x93\x88\x94$\x89\xc8h\xb0\xc1\x937\xbe\x0e\x9b\x13w\
\xc8\xd1]=\x5c\xbfg\x16\xcf\xc8Q\xacn\xdf\x85\xe1\
\xfa\x1aV\x977\xb0kz\x96\x97/\x9c\xc1\x85G?\
$S\xbb\x0e\xf1\xe4-o\x94O~\xfaa\xec\xba\xfb\
\x09\xec\x7f\xc3\x1dx\xd3\xb7\xbf\x13k\xf7\xdf\x82\xe5\xe5\
M|\xfa/\x9f\xc6k\xde~5\x9e\xba\xeb)\xdc\xf3\
\xb1\x07\xf0w\xfe\xe1;\xf0\xa1/\xbc\x00y\xe1/\xf0\
\xe0\xfc\xfd\x98\x98$&o\xfej\xec\xb8\xfaK\x81\x93\
_\x8ak\xebe\xec\x99\x18\xe1\xa1g\x9e\xc1\x13\x9f\xfa\
<\x1e\xd8{\x15t\xf5\x12\xfa\xdd\xc4\xdcd\x8c\x86\x03\
\x9b\x9cL\xa7\xf1\x0c\xb2\xd62j\x80\xf6P\xf3\xf6\x08\
k\xc9f\x91|\xe8[\x04(\xb38gi\x06\x87\x0c\
\x9cHUpx\x82>\xbfO\x82\x9a:\x91\x97\x08x\
\x05|\x9d\xe1\x16\xa8\xf1F\x19\xba/\xb5\x04\xc0\xe60\
\xb5D\xce\xe3\xa2\xc4\xd0\xa7\x80.\xdfD!\x15\x1d\xfa\
@W\x80\xb0^/!\x9d\xa3\xc4\x96\xda\x10W\x83\x11\
-N\xca\xa0\xd3\x1e\x1brk\x9b4\x19\xc4n>\xe2\
\x87\x94\x08\xcc(Y\x8c-\x0e<a\x1ek\xa3\xf0\xf5\
\x0f\x0c\xb0\xdbA\xe5n\x060\x93L\x92\x92\xd5W\xc1\
\x04k\xa8\x96\x02\x19\xb6\x8bV\xedT4\xf5\x08\x83\xc1\
\x00\xcb\x97.aq\xe1\x02F\xc3!\xb6\xed\xd8\x81\x93\
W_\xcb\x89\xc9I\xd1\xa6\xd6\xbai \xa4$\x7f\x08\
\x86!\xf4\x98\xf2\x9eZ\x10\x8fq\x19\x92br\xa8\xa3\
\x98$\x07Z\xbb\xf9hdtM\x09\xa0Q\xfa\xad\xad\
M\xec\xdc6\x8d\x9bn\xb8\x16\x1b\x9b[^\xea\xa3~\
\xf6sw\xa7\x99m;\x15T\x91T\x15:]\xa5*\
\xaa\xd8\xbe\x90\xbe\xd7,\x97\x06\x88\xa0ID\xd5\xe9p\
8\xdc\xc4\xa9\xeb\xaf\x97\x87\xee\xfa\x0c\xbe\xf3o\x7f\x17\
\xff\xcf\xff\xf0+8{\xf6,\xaa*\xe1\xf2\xe5%\xfc\
\xd2/|\x10_\xf3\xee\xf7rye\x15\xb33\xd3\xa8\
G\x8d\x89\xae\x9eq\xa50\x17x\xe28\x06;\x88\x00\
#\x88\xe1\xb4\x0e\x1c\xf1\x84\x1e3\x8c*\x11Mw\xb7\
\xec\xde9\x85\xeb_q\x15\x967\x1b<s\xae\xc1\xb1\
}\xdb\xb0\xab\xdf\xc1\xf5+W\xe2\xd2\xc2P\xa6/\x9e\
\xe3\xe6\xc6\x00S\xc3\x15HSarb\x1aG\xae:\
\x84}\xc7\xf6\xe1\xa3\xbfy\x17\xbe\xe2\xf6m\x18\xae5\
\xf8\xe6\xaf?\x85\xc7/%\x1cz\xdb\xab\x80]Sx\
\xfc\xb9%d\x10[\x9b\x17\xd0\xe1\x12\xd6Wjlm\
\x9c\xc3\xcc\xa1W\xe1\xc8\xd1S\xd89=\x83\xd3\x97;\
\xd8u\xfd\xed\xd8{k\xc2\x83\x7f\xfe\x17\xa8\xf3\xb3\xc8\
y\x84\xd10KS\x0f\x8b\xef\xdbM{\xf0\xa0;\xd1\
XMI\x02\xfd\xccK%U\xa9X\xacy\xae\x97\xfa\
 \x918\xb90\xe6u{?\xa8D\xeb\xba\x8a\xc5\xf4\
0\x09\x1b\x82b\x92\xbe=\xea\xbe\x84[\x03\x08ze\
\xc6t\x84\x90[\xcd#-1n?\xf4e?\x89\x7f\
\x85\x88\x8b\x09\x88LO\x8b\x08\xe8\x9e(\xb4\xd6nP\
\xfc\x09\xc1~:\xd0\x1d5\x9a\xfe\x85\x889vFz\
<\xd0\xdb\xc1\xac@ \xaf8FzDX\x18i\xdf\
\x16\xab\x8ch\x93\x08\x9d\xa4\xa5\x99\xde\xf4T\x9aQ\xa2\
q\xd0\x0dQ\xfd\xf1%\xe5\x01 \xd1\x88\x91\xacl\x96\
537C\xac/\xaf\xf0\xf2\xe5E\xac,\xaf\x08@\
\xec\xd8\xb5\x1b;v\xedBUu\xd045\x86\xa3\x01\
\x13D*\xa9\x94\xfe\xfc/\xa7\xf0\x08\xa6U\xe8Xl\
\x9bW\xe6\xa2\xb9\xd6\xe9\xbfS}\x0b\x8dA\x09l\x5c\
[\xd12$\xa5\x8a\xabk\x97\xe4\xb6k\xae\xe4\xce\x1d\
\xbb\xf4\xd2\xd2E\xe9v;\x5cZZ\x96\x07\x1f}\x5c\
\xb7m\xdb\x8e\x9c\x15)U\x80\x88\x17;|A\xda\xc3\
\xcdm\xbcq\x18\xf7b\x15(V\x99\x18\x0d\x06\xb8\xf1\
\x95w\xe0\xb7~\xf7\x8fq\xf5\xb5\xd7\xe0\xef\xff\xc0\xdf\
\xc3\x993/\x01Y1;=\x8d\x7f\xff\x8b\xbf\xc0\xaf\
\xfb\x96\xef\x90\x89\xc9)H\x8c-W\xf8\x13A\xc3t\
\xda\x8c\xcaq\xdb\xbd\xc0\xeb\xb8\x91\x96!z\xd7\xdb\xae\
\xe9\x9cU&\xaa!\x16/\xae\xe0\xd9\xe7\xe7\xb1\xc5>\
n\xba\xe5\x10\xea\x99\x0e6\xb3\xe2\xd0\xcd7\xa2\x7f\x7f\
\x83\xe5\xd9\xc32+\xe7p\xf4\x95\xdf,\x97/\xcf\xe2\
\xed_u\x0c\x9b\xdd\x9d8v\xc5N\xdc\xf5\xdb\x1f\xc7\
o>\xf04&\xbas8\xfd\xe2\xed\xd8sb\x0fv\
^|\x06K\x8f<\x86\xd9\xb7\x7f%\xea3\x8f\xa0\x1e\
\xd6\xe8\xf4;\xe8\xf6'1\x1alb\xe1\x89\xbf\xc2\xe2\
\x93\x1fA\xce\x15\xc0\x8c~\xaf\x87\xcd;\xbf\x0dW\xdc\
\xf1\xc5x\xf4\xa3\x1f\xe4\xc6\xda*$\xd9\xbc\x05\x03:\
\x1a>\xabO\xd6*\x0f\x931w\x17I\xa9\x14\xa5\xe1\
k\x1cuD\xd0\xca\xbb)\xd98\xf0 \xb3\x11\xeac\
)\x05\xf6\x84$\x89\xb0$A\xec\x04\xe2\x1d\xf5\x90\xc2\
y\x1d\xeb\xe3\xe5HVBV\x02)\xb9m\x1b\xe1B\
A(\x81\x95\x05\x8b\x0f\x06I\xf4\xa8\xe5\xf4\x05A\xd7\
;\x91F:<\x88O\x00\x14\xd5\x92\xc1\x8b'\xfeZ\
F\x0d\xb5\x95u\xc7\x8d\x00B\xeb|H\x22R\x1a\x13\
J>\xe9\xb3\xe3\xd4\xfa\x84bHHqt\x8f\xb3>\
\xe7\xc7\x93,\x118\xd6\xf9\x0d\x09\x98\xe3\x9c\xa4'D\
E-H\xf6\x91\x8a$\x95\x00\xe4\xd6\xc6\x0676\xd6\
\xb1\xb9\xb1\x81\xf5\xd5U\xe9\xf5*\xec;\xb0\x9f\xd33\
3\x00\x12rS#\xd7&\xecUQ\x0c\x15\xa92\xe0\
\xcf\x16\x90\x82<E\x14o!\xaa$.\x88\xf7\x96:\
q\xa9:\xb6Zz8\xa9\xafj\xd5\xed\xcaps\x9d\
\xb7\xbd\xfa\x16I\x09\xd2\xe4\xcc\xe9\xa9\x19y\xe0\x81\x07\
\xb0pyEN^s\x029\xbb\xf6\x10y7JP\
*H\xe2\x8c\x02A\x0b\x02\xe5\x05*\xa8:\xe8\x00T\
m\xe4\xe6\xdb\xef\x94\x1f\xfbg\xff\x92\xa7\xae<\x89\xaf\
\xfa\xca\xaf\x903g\xcereu\x85W\x9e<\x81\x9f\
\xff\xe7\xff\x04\xef\xff\x9e\xbf\x8f\xc3W\x9cJ\x9a\x1b\x88\
T\xc5\xcd\xcb\x1a\x88\xb4Rl\xb0U*\xa2_ y\
\xa9\xd5r\xddDgp\x92:=\xac^x\x92;\xf7\
\xde!\x8f\xdd3\xc4\xed\xdf\xf0f\xccn\xef`X\x09\
\x1e~t\x88\xabd\x09\x8b\x97\xd7\xd0\x9b\xe8s\xd7\x91\
\xb7\xcb\xe5\x95\x1d\xb8\xfd\x0dW\xe1\xaf~\xfb\xf7\x91\xf5\
2\xd6\xde\xf8F\xcc\xdcx\x03^\xb5\xf3Z\x0cG\x13\
\xd0\xc9)T\x93\xc0\xc7\xfe\xf3_`c\xe9\x05l\xec\
\xbc\x0a7\xdd\xfeEX\xb90\x8f\xf5\xadg0\x5c:\
\x07r\xe8\xb1E\xd1\xeb\x02\xa8\xba\x18m\xad\xe0\xfc\xc3\
\x7f\x8c\x9d\xc7\xaeC\xea\xec\x005[\xd5\xd6l0\xb8\
\xf8\xcb\x98i;\x10\x86\x12\x0eX\x8e\x95K\xe1\xcc\xc5\
U#5c\xf9\xc1\xa9*\xe0\x09CK\x1f\x05tr\
\xe0\x8e\xeb\x1a\x11\xc4\x11\xde\xdcU\xa2G\x05\x16\x9eK\
,\xf1\xf7\x8a\x9f\xbe3V\xa0\x99\x92\x12\x1d\xd3 \x10\
\xa4\xaa\x824M\x00\x84\xf7\xa2D1\x0e\xa9\x03\x9bI\
T\xb0\x0dNe|\xe0\xd5\xb8;:l Z\xf9\xca\
\xff\xec_\xda\xb6\x19\xc7x\xa3B\x15]F\x88\x9ap\
\xdb\x1dd\x9a\xb1\xc4A\x1c\x89l!T>\xc7)\xcf\
\xbd\x14\x8cPj3a\xcc5C\x82\xa6B:\x9d\x8a\
\xf5p\x80\xe5\xa5%Y__\xc5\xda\xea\x1a\xb76W\
\xb1}\xfb\x9c\xf4&f9\xb7m\x87\xe4\xa6f]\x8f\
PU\x86\xda\xc6\x9e\xaa@^V\x96\xd5z\x9dQ\x04\
\x92\x9c\xc6\x93\x12\xad\xbc\x02\xa6\xb2\xce&\xfc\x17\x89\xc7\
\x9b~\x00\xef6\x88\xd4,\xc1;\xa9\xc4JI\xac\xf9\
\xeaW\xbd\x92\x1b\x1b\x9bI(\x98\x9a\x99\xc2\xc7>\xf9\
\x19T\xfd)\xd8\x134D|$:C]\x8b\xa6\x06\
Ku\x22\xb7p\x0a\xe5\xc4\xc3z\xa3\xcc\xd8R\xd5A\
njT\x228q\xdd-\xf2\xcd\xef\xfbN~\xfc\xaf\
?\xc4\xabN\x9e\xc4\xd2\xca\x8a\xcc\xcf/\xe0mo{\
\xab\xfc\xef\x7f\xff\xef\xf2\xc7\x7f\xfa\xff\xc0\x89SW\x9b\
\xe8\x19\xc9X\xd0G7\xf7\x806\x89\x06'\xc6Dh\
?Q,\x00+A\xa21\xbcN\xaf\x87\x8b\xe7_\x94\
C7\x9c\xc7\xa0:\x89\x9d)c\xf3\xfc\x00\x9dm\x93\
8~t\x12\x0f\xfc\xc1=\xb8|q\x11\xaf\xb8\xf95\
\xf2\xc4\x93=\xbc\xe1\x1dW\xe3\xa3\xff\xe5\xcf\xb0r\xe6\
\xbfaj6\xe3\xa3\xbfq/\xde\xfb\x03?\x85\xb5\xcd\
I\x0c6Vqdr\x88g_\xa8\xf1\x9a\xafz\x17\
\xb6\x06C\x5c}d\x16\xdd\x89u\xe4\xd7\xbc\x09H_\
\x8c,#\x9c~\xe94v\xe6\xcb`^\xc7\xe9\xd3\xa7\
\x81\xc1y\xacn\x0e\xb0m\xe2\x0a\x5c\x5cY\xc1\xb6=\
Ge\xe1\xe9\x0e\x1b\xcd\xfe@\x8e1\x84u\x0bt\xad\
\xc7\x0d\xb8r\x8fc\xc4\xaa\xe0\xb0\xf1\x04?_\x07u\
\x90\xf0\xc50\xa9\xd7\xa2\x93$\xd3\xf1\xc6\x9c\x1fQ\x03\
\x8c1\x92b\xa3\xe2\xe1\x86\x14\xd9u\x82\xf5[z\xae\
\x82\x80\xe3hp\x0f\x8ejME\x18\xcb[\xda\x10\xd4\
\xc6\x0f\xe7\x8e\x86c\xecxa\xc1\xb3\xec ?\x12\x07\
\xeeK\x0e\xef0Wdw\x7f5[FX(jY\
K\xfb\xcb\x92\xe3\xdb\xcb\x12\xfc\xb4\x95\x8d#t\xe7G\
\xf9\x16\x9f\xfb\x11\xa0\xc3\x88\xa4\x8cA\xa1\xe3\xac\xa2\x88\
4\xd0&3u*,\x9c?\x8f\x8b\x8b\xf3\xec\xf5\xfa\
h\xea\x06s\xd3]\xfc\xd4\x8f\xfe\x18\x0f\xec\xdf\xc7\xdf\
\xf8\xad\xdf\x91\xcf|\xe1\x01v&f\xb0{\xcf^V\
)I]\xd7\xb0\x1a\x9a\xf3Z\xdf\x0c\xcf\xee%\x84C\
\x01 U\x82+{\xfe\xf4 w\xfc\xc8b\x92\x05\x7f\
\x16\x07\x89\xf5i\x17\xdd\xf0\x1d\xd8\xd8\x1a\xe0\xc8\xc1\xfd\
8~\xf4\x08\x06\xc3\x01R\x950\x1c\x0c\xf1\xe0C\x0f\
sfn\xbb\xf7\xcd\xb7\xc3\x08$xEIG\xe2\x0a\
\x03\xff\xbc\xbcP\x16O)\x95@r\x92*u\xd04\
#N\xcf\xcc\xc8\x8e\x83'\xf0\xad\xef\xfbv\xf9\xc4\xc7\
>\xcc\x89~\x8f\xa3Q\x833g\xcf\xca\xb7\xbe\xef[\
\xe4\x81\x07\x1f\xe2\x87?}\x9f\xec\xd9\x7f@\x9a\xc1V\
\xbb\x89\x81\xf9\x11\xd9\x04Am=d\x8c\xb1^\xdfG\
\x96m\x12\xc99\xa3\xde\xbc\x04tNb\x0d\xc4c\x17\
\x14W\xcc\x10\x13T\xbc\xf1Kn\xc4\xc7\xff`\x05\x0f\
?\xba\x86cG\xf6`\xf3\xf2\x0a\xce=\xf2\xd7\xd8\xb1\
\xbb\x82\xe6>v\xed\x15|\xe4w\x7f\x01[\xeb#T\
\x9d\x8c\xcf,\x0f\xf0\xa67\xbd\x09S\xbbN\xe1\xe1\x87\
\xef\xc3\xde\xe9[\xf1\xd1_\xf9O\xa8u\x19\xfd\x89\x1d\
\xa8\xb6\x1d\xc2\xf4\xcc\x1c\xd6\xfa\x82\xba\xb3\x03\xc7\xae{\
+F\xbdm\x98j\x80\xe1\xf2\x10\xd3\x8b5\xce.\xbc\
\x88Q\xdd\xa0\xd3\x99`\xf4\x9e\xb0\xa0\x5c\xc9\xd8M\xaf\
sU\x9b\x81\x81%c\xb6\x03A\x81\xbe\x96\xc3Z\xec\
\x95H\xd7<\xfc'{b\x91\xa4$\xc81lK\xc4\
\x1e\x0b\xe6#A\xe9\x02\xa0\x84\xdcX\xd2x\x06\x15\x08\
>\x12\xf0\x22\x85\x9f\x89\xe7)0n`\x10\x13\x9c\x7f\
\xec\xceJ\x07\xa3\xb9\x1f\x85\xe8\xc0\xa3\xbc',\xa2Y\
m|\x86\xe3\x9d\x0d\xd7T\xb1\xc1\xc7\x8c\xa0\x86H\x0f\
\xa2?\xbf\x8d\xee\x0c!H\x5c\x00\x88~{{\x08\xa3\
\xc6\xa1\x9e,,p\x88`\xd6\x86z:fQ\xb0\xc3\
*\x81\xbdh\xd4\xbe\xae<@\xdeR\x84\xdc4\x22\x9a\
\xb1\xb80\x8f\xfed\x1f\xfb\xf6\xee\xc3\xc2\x85s\xf8\xf1\
\x7f\xfc\x83\xf8\xaa\xaf\xf8\x12\xcc\xcf/\xc8/\xfe\xc2\xbf\
\xc4\xc3\x0f?\x8a_\xfd\xf5\xdf\xc2\xc7?{\x8fL\xce\
\xed\xc4\xae\x1d;\x89\x04\xc9\xaa\xf0\x88\xee\x90\x224\x1d\
\xdb\x17\xcd\xb1\x00IP\xa8\x1c\xa3\xdb \xf6\xaaM\xf6\
[\x95'\xf2\xc0\xa8\x13\x10\xa9Sa\xf3\xd2\x0a\xee\xbc\
\xe3\x16l\x9b\x9bK\x0b\x8b\x17\xa57\xd1\xe7\xfc\x85y\
<\xfc\xf8S\xb2\xf3\xd0\x95dVqQ\x90\x10\x7fP\
\xa8\x16\xd3\x84\x8f>\xb3\x9d(\xa2\xb0\x1bL\x5cp\x08\
T\x22\xa8:\x95\xd4u\x83#G\x8f\xc9\x93\x8f>\xc0\
w~\xed{\xf0'\x7f\xf2\xc72\x1a^B%\x15\x16\
\xce\xcf\xf3\x87\x7f\xe8\xfb\xf1W\x1f\x7f7|\x04\x9c\xd3\
PiA\xdd#\x80O\xc4\xf5\xbe+e\x8c\xb2\xb1K\
\xa1\xa4\x9c\xd1>\xd8\xca\xae\x22\x8f6\xe5r\xae\xd0\x1f\
5\xb8n\x97`\x93@-\x1d|\xf2\xcf\xef\xc6-\xaf\
\xbb\x0a\x7f\xfe\x1b\x7f\x8e\xdem7\xe3\x81{\x9f\xc1d\
g\x84\xa6!\x04\x0am\x14\xc3\xe6\x05t\xba\x09\x09\x09\
\xbbv\x13\xf7>\xf0Q\xe4/\xfc9\xba\xd5\x08\x7fz\
\xfaS\x98\x9a\xeca\x22%(/\xa3YZ\xc0\xe5\x8b\
\x8a\x85\x9c\x91 x~\xa4\xa8\xd3.l\xdb\xfeJ\x1c\
\xbf\xfd\xadX^\xdf\xc0\xe2\xd2YVaoq\xd6\xc3\
\xfb\xb7\xcba3\x7fb\xa8-\xa1=h\xc7P\x22\x81\
Tq&fwn\x1eS$p\x8d\x0c@\x15\x92*\
DW\xadF\xf4\xf4w*\xd5i\x22\xdah\x0a\xfa<\
\x15Z`\xb2s0\x88\x87\x5c\x95@\xea\x8e\xddn9\
%%\x9b\x9a\x1c\x16\xe9\xca\x03\x9c2\xa0D\xa7\xf8\x1c\
\x9al\x96\x0de\xe2\xd5>u\xd7O\x03\xb5)@\xc0\
d\xf4\x03\xb0\x1c\xca\x89\x1b\x0b qc!\x11\x1a\xa2\
\xdd\xb6\x9f\x93\x10\xe68\x13e\xc6\x14\x83\x11\x8a\xea`\
\x9f/\x0c5\x161J9\x8b\x7f\x9f\xd8A\x87\x8cx\
\xfc\x92j\x83\xc1\xd6&\x94\x8a\xa9\x89I\xa9\xeb\x06{\
vm\xc7\xeb\xef\xb8\x0d\xcf\xbf\xf0\x82\x0c\x86\x03,\xcc\
/\xe0\xd4\x95W\xc8\xbf\xf9\xb9\x9f\xc2\xaf\xff\xdb\x0f\xe2\
\x8e\x9bO\xe1\xc2\xd9\xe7\xe5\xd2\xc5K\xe8u\xfbRu\
*d\xcd\x859E\x09\xc2\x1f@\xe1=\x00\xc9w\xdd\
\xb3\xa8\xa2\x88ID\xfd\x18\xda\x00\xd7\x0e,:x\xe9\
\x92P\xa4\xd4\x91\xad\xf55\xdc\xfe\xea[\x91\xa9\xa4*\
ggf\xe5\xde\xfb\xee\xc3\xca\xc6\x16\xfa\xfd\x09\x8f\x02\
NAZ\x9b\x09\xa7\x8f,\xcbc,b\xa7\x11V8\
~F\xdcJ\xba\x09\xddN\x97\xa3\xe1\x90W]w\x8b\
\xdc\xfd\xd0S\xf2\x83?\xf8\xf7q\xe8\xc8\x11\xa4$8\
r\xf4\x08\x1f~\xe4q6uSh\x9c8\x9b,<\
\x8cd\x1c\xa6\x8a\x94\x00\xb0#\x1d\xb1\xc7\xb6n\x12o\
C\xac\xd4\xd6\xda<\xb6O&tA<\xbbiG\x82\
wm\xeb`\xeb\xf2\xf3\xf8\xcc\x7f\xf9\x03\xbc\xf5\xdd_\
\x8a\xebvl\xc3h\xf52P\xad\x86\xc1 \x83\x10\xe9\
\x82jO\x1cn\x9a\x0e:i\x88\x89\xc9\x0aUo\x0a\
\xd3S]\x90D\x93\x01\xd5\x0aL}\xa4\xee$z\xfd\
\x19\xfb\x1d\x1bt\xf2\x19\xac-\xdc\x0d\xcd\x1bX\xbb|\
\x06ix\x1a*\x15b\x1a\xb0\x03\x81\xf9I*}n\
\x1e,ieX\xeb}\xb1C>\x02\xc6!G\xb4\x82\
\xbbYj\xf8\x853\x00e\xcc\xcd,\xec\xc1\xceNd\
\xc6D\xa6\xe2\xcc\x88\x83reZ\xb3\xc2\x88\x9f@\xa1\
e\x97\x19\x156\x7fj\x97\x14\x00&\xec\xec\x5c\xb8\x1c\
\xdbv\xef\x08VE\xd3\xb3_\xa7b8\xe6\xa9\xfe\xc9\
\x1e\x05\xc7N\x8c\xa9\x9b\x97F\xf4\x8f\xeaG\x00}\x9c\
\x09F\xccM\xf3\xc9*~el'\xeb\xb0PD\xcb\
\xfbS\x04-\xcb1\x10\x8bb\xe6G\xbf\x09\xfb\x95_\
\xb7z3\xbd]1I\xe4F\xb9\xb5i\xb3\xe2\xaaN\
\x87)\x01K+\x9b\xf2\x97\x1f\xfe8\x8e\x1e=\x86\xd9\
\xe9i\x10\xe4\xea\xfa:\xce_\x98\xe7\xd5W\x9d\xe2\xbf\
\xfa\x97?\x89_\xff\xa5\x9f\xc3kn\xba\x8a/=\xff\
\xb4..,\xb0\xd3\x9bd\xb7\xd7CL+\x12\xa7\xf6\
\xe6\xca\x89\xf1\xf4\xdb\xe4'}\x0c\x03<\xf2\xa7\xc8\xc5\
\xa5\xe0t\x00\xbcKE$\x05u]sv\xb2\x87\x9b\
n\xbc\x1e\xeb\xebv<W$\xf1\xf3w\xdf\xc3\xee\xd4\
\x0c=g4\xc3\x8b\x1c<R\x14\x1b\xfb\xea\x92\x5c4\
\x8dx\x9a\x00\x07q\xcf\xd5\xe1\xe9\x89\xbd\xc7J\x16U\
U\xa1\x1e\x0dp\xc3+o\xe3\x7f\xfc\x9d?\xc2\x07?\
\xf83P\x11\xfe\xab\x9f\xfd9\xf9\xb6o\xfb\x80\xcc\xed\
\xdak\xc7^#\xcd-;\xe6\xc4&t\x1ax\xda(\
\xad\x09E\xd6\xccT\x08\x901\x16*\xa6f\xe6Xo\
\xad\xe3\xf1\xcf?\x85\xab\x0f\xf51=Ua\xa4@\xd5\
\x99\xc6\x99'?\x87\xa7\x1f\xba\x1b{\xee\xb8\x02[#\
\x22\xc5\xd0\xcc\xf1\xfe\x10\x06\xda\xe56\x16\xa9\xa2\x89\xf9\
z.H\x02\x8065\xd6\xd7\x961\xaa\x07\xe6\x95i\
\x12M>\x8b\x0b\x0f\xfd\x19f\x8e]\x89\x8d\xf5\x01\xac\
\xfbQ\xc6\x9e\xd2\xec.X\xa0:n\x11\x88\xa7\xd3\x14\
\x11\x8c\x08\x8d*\x92\xdbx\xfe\xa1\xb4T\xd1@\xd7\x17\
\x8c\x0e\x22\x14$\x9b\xfac\xcd\x97\x1e\xfd\xcdB$z\
\xf2J\xd6>\xb6\x88\xe5\xe7\x12\xd6m\x14\x83\x18Z\x15\
\xa6\x9a\xd0*\x08\x9e\x9b\x060{\xbaj\x7f\xe1\x7f\x93\
\x04\xa8,\x16\x9b-\xc7\xfc~U\x17\x06\x83c\xf8\x88\
$\xd2\x9f\xeeH\x86\x98\xe7\xaf\x0a\xdd\xa1\xa5\x8cc\x86\
\x1f\xa9\x93\xc4\x10\x05\xa1\x0a\x09d\x92\x01\x18\x81\xa01\
bL\xbd\xdd8\xc63\xb5)\x09\xbc\x22\xa9B\xcd\xcc\
\x9a\x91s#\x83\xad-\xc9\xb9\x96N\xa7\x8b\xba\xae1\
9;\xc3\x7f\xf8c\xff\x1c\xdf\xf0\x0d\xdf\xcc\x87\x1f}\
\x9c\xfb\xf7\xed\x97\xd9\x99\x19\x82\x90\xf5\xf5\x8d\xb4\xb8x\
\x11'O\x1e\xc7\xbf\xf9W?\x89\xdf\xfcw\xff\x0ao\
\xbc\xf5jYx\xe1\x09\xb9p\xfe,z\xbd\x1e\xba\xdd\
n<g\xce\xef&\x0ap\x96\x95\xa7p;z6V\
\xe62;H\xa4d\x99^x-\x04UUacc\
\x1d\xd7\x5cqX\x0e\x1f>$\xf5\xa8\x96TU2\x18\
\x0dq\xdf\x83\x8f\xc8\xec\xec\x0e\xb1C%\x96~$7\
\x16\xf8\xaeyV\xe9\xff\x1d$\xc0s\xbe\x94\x22*\xfb\
\xde\xdbgx\x81\xc7\x9a\x91\x92H\xaa*\xb0\xc9r\xcd\
-\xaf\x91\x9f\xfa\xd9\x7f\x8b\xdbn{-\xfe\xc1\x0f\xff\
\x08\xe6\x0e\x1cG\xaf\xd7G\xaeks\xb2b\x88\xeda\
\x9fH)`\xa9\x80\x90J\xf1\xd3hA9%\x836\
\xa9\xc9z\x9f\xba\xdd\x84\xa6\x7fB\xf6\x1f\xdc\x85\xa9c\
\xfb\xb0\xf8\xfce\x5c8?\xc4\xb9K#L\xef=\x85\
\x99\xed{\xf1\xc4]\x7f\x82\xbf\xfa\xc3\xbbp\xf4\xfak\
0\x1c\x1dFB\xcf\xcc.7\x01>m$\x12\x81\xb0\
\x86w\x97AsF<\xf7a4\xd8\xc2\xfa\xda*\xa8\
M\xf4\xf5@\xb5A\xaf\x97py\xfe9\xec\xea%\xec\
\xd8s\x1c\xcc\xb5\x87\x8eh\xe0q\x97q\x9f'\x98X\
d6?\xde\x8ah\xf6\xf4\xc7B\xc689\xfa\x19\x88\
\x97\xf3\xb3H\xf6#\xd9h\x1d\x98\xc1\x9c=<\x8c\xe7\
\x87\x88\x1c/\x05\xee\x15lo\xff\x88\xd9~i\x18\x8a\
\x0d\x0f\xe2o\x0e\xed\xe1\xb9\xc51FCaH\x1a\x92\
\x12I\x9f\x0a\xecO\xe8\xf6\x14\xc0\x91\xdb?\xc6P&\
\xbc4F\xc0\xba\x93\x8aW\x0b\xbcW \xe6\xe79\xa5\
\xf7\x0bTF\xa6Qz\x0a\xfc\xee_F\xf9\xc1\x10E\
|\xd6\xa0j\xb6\xd7\xa8\xc2\x9e\xb9f\xb4\xcd\xcfuC\
U%75\x9af\x84\xe1p@j\xa6TI2\x01\
m2\x0e\x1e\xbd\x02\x9fy\xe0\x09\xf9\x9a\xaf\xfbF\xf9\
\xd6o\xfb\x0e>p\xff\x83\xb2w\xef^l\xdf\xb6\x0d\
\x09\x94\xad\xcd\x0d,^\x5c\x94\xabO\x9dL?\xfb\xc1\
\x9f\xc2o\xff\xfa/\xe2-\xaf\xb9A\xce=\xff\x04\x17\
\xe6\xcf\xa3\xdb\xed!U\x09dFi~\xf3\x15\x08\xbf\
+\x9e\xc9\x90\x0b$\xb4%G\x03\x04\x8f\x96\xaaS\xc9\
\xea\xf2e\xb9\xf1\xfa\xeb\xd0\x9f\x9ad\xd6\xcc\x89\xfe\x04\
N\xbfx\x1a\xcf\xbdp\x1as\xdb\xb6Y(q\xc7\x85\
\x9d\x03\x08\xa7/\x84N\x8ceDo\x18\xe2\xb4W\xd8\
\x82AT\xf8l\x04\xa6\x04I\x1d\x88$\xa4\xaaB\xa7\
\x93x\xf2\xfaW\xc8\xeec\xd7\xc9\xcdo\xf8R\xec\xd8\
\xb1[47F \x18\x86\x18\xfc\x0c(\xc5F\xfa\xed\
\x98\x95\x97r\x96\x93 \xb72\xbb<O\xe4@\x01\xd6\
\xd6\x878vr'\xce\x9e]C3\xda\xc4\x95G\xbb\
x\xdd\xeb\xaf\x83TG\xd0\xefuq\xe9\xae{\xb1\xef\
\xd41\xe8\xc4\x95\x00g\x01\x10\xdd\xde\xac\xdb\x8a\x96\x16\
s\xe8\x00\x83|=\xb2\xee\x01X\xfb7\x01\x9b\x1b\xeb\
\xd8\xdc\x5cG\x1ca%\xed|\x84\x95s\x12*]\xc7\
u\xb35&f\xf6\x8a\xb2\x81@\xa4\x0c\xb9\x08\xeb\x0f\
\xfd\xcc\xc9k\x80\xa0\x08\xadgV\xc7|\xa1H\xf1e\
d~Q\xf8,8\xaa\x07Jw\xfc\xa0\xf9\x0e\xe3\xc2\
\xf2\xb4I\xa3W\x1e&M\x0c/S\xb8\x8b\xfc\xe5\xa4\
$\xf4\xfaB\xc3\x81H\x07\x9c)\x17<s\xf6\x10,\
\x15\xed\xeb\xfd\xff\xd5\x86\x8c\xb7d^\x82\xc9\xc5\x07\xa9\
F_\x98\x00\x94\x14\xa7\xe9\xc2\xc1K\xf2\xc7\xd2\x1d`\
\xcf\x7f\xf7\xc1\x0b\x1a\x07\x22\xe8z\x00\xe0\xcfLw\x0e\
\x9f\xd5\xab\x8a\x96\x7f\x04P\x96t\x00\xf0\x83Ih_\
g`#\x9a}\x90\xa3\x12u\xddp8\x1c\xda\xe28\
\xa4\x12I\xea\xd1\x08\x87\x8f\x1e\xc3\x957\xbe\x12\x9f\xbc\
\xe7\x11\xf9\x9a\xbf\xf5M|\xd7{\xde\x8b\xbb\xef\xb9\x87\
{\xf7\xed\xe5\xec\xec\x1c\x08\xe1\xda\xc6:\x17\x16\x16x\
\xe4\xe8Q\xfc\xfc\xcf\xfc\x14~\xebW\xfe\xb5\xbc\xe1\x96\
\xabq\xee\xf9\xa7\xb1\xb00/\xa9\xd3eUU\xc8>\
*Y\xfc\xf6\xdb@\xcc \xe6\x94\x92\x99Ix\x02D\
\xe8CV\x04:\xda\xe2\x1dw\xbc\x96\x9b\xeb\x9b\x02\x12\
\x13\x93\x13\xbc\xef\xfe\x070\xccD\xb7\xdbs\xcf\x92\x88\
\x09\xd2\x8e\xb74#1q\xd0l&\x8d\xed\x97\xcdf\
G\xd9d\xa7\xa1\x14\xc0\xfe\xed\xd5\xc9\xca\xc6\x93\x99i\
P155\x15O\xb9\xb1c\xa9.B\x99\x05I\x11\
\xb7\x8a\x1d\x06\xef\xf3\xac\xa0\xd4\x90\xc2f\x0a\x1f5\x06\
\x98\x1b\x92+O\xe2\xd2\x85\x0b\xf8\xdc_>\x84}\x07\
\xb7\xe1\xc0D\x07\x9f\xfa\xd3\xd3\x18\x0d36\xb6\xdf\x00\
\xa9\xae\xc1\x99\x17. -]\xc0\x81W\xdc\x8a\xcd\xd5\
\x1e\xfaS\xd7\xe2\xd5ox\x17\xea\xe1\x08\xe5@'\x04\
\xc3a\x8d\x9bo{\x15&\xa6v \xe7\x1a`\xc6`\
c\x15\xcdh\x03I\xd4\xaa5H\x18?\x13/$P\
MbTM\x826I\xb8\x98\xb1H\x1c\xef%\x85e\
\x8a\x9e\xc7\xca\x10\xd0\x04\xa9\x12k\x96\xa2Q\x01x\x89\
+\x1c\xd7q\xa6\xf8^t\x87\xc6QnK\x0dKs\
\x81o\xefx\xbc\xd4\x00\x02\xda\x9d\xfa\xcf\xdekV\xfc\
[ \xfe\xfd\x05\xa5\x03Z\xdc\xee4\x92\x18\xa1 f\
\xef\xdag\xb59\x84\xc0:\x0eeL\xc2\xb7\x88\xae\xd1\
\x07\xe0]\xb5FY\xec\xc1\x0a\x16\xe4-\x9d\x01Z0\
\x82?@\xa1\x8d\xe2v\xd7Y\x0b\x00\xc0\xdf\x1c\x00\xc4\
\x80V\x7fO\x19\xc3d\x93V9\x06$\x88,\x94J\
\xd1lN\xaf\x9a\x01*\xb2f4M-\x9a\xb3\xe1\x84\
\x0d\xa9\x94\xaa\x12TU\xc7\xe6\xec\xe5\x8c#\xc7N\xc8\
\xa9\x1b_\x8d\xfb\x9fx\x01_\xfb\x9eo\xc6{\xbf\xe9\
}\xb8\xf7\xde\xfb\xb9k\xf7\x1e\x99\x9b\xdb\x86\xac\x9a6\
\xd6\xd6\xe5\xec\x85\xf3<~\xe2\x04\x7f\xf6\x83\xff\x02\xff\
\xe9W\x7f\x9e\xaf\xbb\xf9\x14\xcf>\xfb\xb8\xcc/\xcc\xa3\
\xaa:\x88CD\xf0<\xd0\xd2\x9a\xe8\x94\xf7\xf9\x05\xa9\
\xe0\xb7x\x09GD\x84\x83\xe1\x16\x0f\xee\xdd\x85k\xae\
:%\x83\xad-\x00\x22\x9dN\x17\x9f\xfd\xfc\xe7\xa5?\
5'UJ\xf0\xa6\xa26\x8a\xa7`x%=\x0cL\
/\xc6\x14\xf6\x1b\x1ej)n\xbc\xc9dL\xdbe{\
bo\xeat\xd8\x9b\x98@\xa7\xd7GVRRG\x8c\
\xf5\x15\x1a\x1c\x94r\x9c\x8a\xc25$G??;S\
\xab\xb0\xc9\xc2\x5cS\xeb\x0c\xd6\x8do\xb8\x8b\x84\x84\xe4\
\xd1\x16\xf6\xec\x9f\xc6\xc53\x170\xdc\x1cA*\xc1\xc5\
\xfb\xee\xc3\xc5\x8d\x15|\xfbO\xbe\x07{\xef\xf8\x124\
\x83\xcbx\xe4\xc3\x7f\x81\xdb^\x7f-\xb0\xf3u\x185\
7\xe1\xae\xf3S\xe8HF\xdb:\xd2\xa0\xd1=\xd8\xbd\
{/\xfa\x9dK\x18n\xd6X\xbc\xb0\x8c\xcd\xb5\x8c\xcc\
=\xa8u?\x06\xeb5\x90G\x11I\x8a\xb7)\xba\xd8\
\xc8\x09\x09\x0d\xfcD\xae=\x91\xd8f\xc0\x14V\xeb\x02\
\x9e\xab\xe4\x12\xb6,T\xafz\x19\xa5p\x95?\xfd\x0d\
d,\xdb\xe1\x1c\xc1\x98xr\xa6\x16\xd1\xd2\xbd\xa1\xb0\
\xddH\x17\xdc\x11E#5\x19\x13\x06_\x96\x5c3X\
\x8b\xab@\x12Bea\xd6^\xb12\xf6\xe4\x17\xe5\x9a\
^y\xa0o\xea\xc0\xd8r\x1ce\x02s\xa6U\x01\xec\
\xae\xd5\x86\xed\xb4\x82\x1blT\xb8S\x13i\x9d]\xc7\
 \x13\xf1\x00\xf76\xa4\x07\xa6\xb6\xa4f\x8c`\x1a\xa8\
\xf9\x00\x7f\x18\x84\x95\xf9\xdd\x01\x0c\x91\x7f\x04P\x91T\
hV\x7fB\x8b\xe5\xa4\x8eZ\x8e\xa2\xb4I:L@\
\xc5\xb2\x88\xc7\xae\xb8\x12z\xfc\xa4|\xfe\xc1\xa7\xf1\xe1\
\xf7|\x13\xdet\xe7\xed\xf8\xde\xbf\xfb=\xf2\xba\xdb_\
\xc3\xd1h\x80\xf5\xf5u\x0c670\x18l\xf0\xc4\xf1\
c\xf2\x0b\x1f\xfc\x17\xbc\xff\x81\xfb\xf9\xeb\xbf\xf5;\xe9\
c\x9f\xb9\x8f\xdd\xe9m\xb2w\xff~I\x92hSc\
Js\xc3\xb8ZS\xf6*D\xcc\xaaJ\xb2\xb2\xbc\xce\
\xebO\x1c\x94\xdd\xbbv\xe1\xe2\xe2\x22\xbb\xbd.\xd6V\
W\xd3\xfd\x0f>\xc6]{\xf6\x22\xe7\xc6\xda\x7f\x93\xa7\
\x10\xf1\xf8F\xb1\x08\xcf\xb1\xb5d\xb1ps\xf5\xd0l\
\x04\xc0\xd8\x985\x02\x90T%t\xa5\x82j\x07\xc3\xe1\
\x10\x97.]\x96<\x1a\x10\xcc\xb2cvRV7G\
\x98\x98\x9a!\xe2<W\xb4\xf4\x16\xbcim\xbct\x84\
K\x05!)\xdd\x0e\xfa\xdb+V\xa3\x19\xe9N\x80\xbd\
\xc1\x14\x925GA\xa9\x9c\x9c\xec\xcb\xce\x93o\xc5\xa5\
\xad\x09\x1c\xd8\x91qbW\x0f\xa3\xe5M\x9c}\xfaY\
<4\x99\xb1\xfd\x81g\xf0\x9a7\xdd\x82\xad\x95\xb7\xe0\
\xc9\xbf\xfa\x18N\xbe~\x01_\xf2\x03\xef\xc6\x9f|\xf0\
\xc3\xb8e\xae\x8f\xa79\x8d\xae\xd4P\xad\x90u\x88]\
\xfb\x8ea\xe1\xb2\xe2\x99\xc7\xd71w\xf0\xd5\xb8\xfe\xe6\
S\xe8\x1f8\x8eC3\xb3\xd8>\xd9\xc1\x0b\x17\xe7\xf1\
\xc0\xc7\x7f\x1fy\xfd)tz\x13\x96\xaa65f\xf7\
\xee\xc0'Oo\xe2\xf2\xf9gPu\xbb\x04\xbc\xdd\xbd\
8\xa6\xdd\x9dH\x12/43\xa3 \xa7m\xab\x86B\
h\x85}\xf5q]1\x06\x80n\x7f)%\xaa\x8d\xc9\
\x12*D\x93RP\x95c\xb0\xe1\xe8@\x0a\x98\x10\xf7\
\x0c\xff\x08\x05%\xf9\xcc\xd8\x0a\xd1w\xdc\xd6\x92\x5c/\
\x8f\x18\xa0*)y\x16\xed\x17\x88hg+yA\xc8\
\x8e\xb4\x9e\x05\xd2\xc6\x82\x8b\x05\x06\xffhi\xeb\xfc\xce\
\x1d\xda<H\xca\xf9\x7fG'\x14\x8b$\x88\xe4U\x83\
2.\x95-wD{\xe3\xf4\xd4Q\xe2xI\xbc \
4M\x1f\x01 \xe3\x9f\x0f\xb8\x5c\x1bO\xf6)\x0f\x07\
\x01U%\xe7\xa60\x08\x17eQ\xc61\x95<\x8bL\
\xe8H\xce\x99T\xe5\xe1c\xc7\xa9G\x8e\xc9\x17\x1ey\
\x96\xef|\xcf7\xe0-o|=\xbe\xeb;?\xc0;\
\xef|\xbd\xe4z$+\xab\xab\x5c_[\xc7\xda\xfa\xba\
\x5c}\xcd\xd5\xfc\x85\x9f\xfd\x97|\xf8\xa1G\xe5W\x7f\
\xfd?\xe2\xe3\x9f\xb9\x87\xdd\xe9m\xd8\xb3\xef\x10\xaa\x04\
4\xb9\x81=\x81\x17\x88\xca\xdd\x98a\x81$\xab\xd4\xc5\
\xea\xf2\x12^\xfb\xca\xb73\xabJ\xa6bzb\x9a\x8f\
=\xf1$\x17.-\xc9\x81\x13\xfbh\xe7\x18\x82\xdf\x07\
\xd7\xb6h\xee\xa7\x22Jh\x80\xdb\x9c\x06\x228\xd8X\
\xae\x00t:\x1d\x10\x22M\xdd`cc\x03\xeb\xabK\
\xe8\x0a\xb1}v\x1ao\xbb\xfd&\x5cs\xf5)\xdcz\
\xf3M<x\xe8\x10>\xfa\xf1O\xcaO\xfe\xcc\xbf\xc1\
\xce={\x99\x95b\xa7\xfc\x8b\xd9[ i\x1f\x00\xe2\
\xbfS\xa0\xd3\x91\xc1\xb3\xcfb\xfdc\x9f\xa2\xae\xadB\
&\xfb\x82\xa5\x8b@\xce\x90TQ5\xcb\xd4\xdc,.\
-)^\xfb\xe6kp\xf55\x07\xf0\xf3\xbf\xf10\xae\
\xbe\xf3\x0a|\xe0g\xbe\x1d\x8f}\xe83\xb8\xef\x99s\
\xd8\xfc\x8b\x06\xafy\xcb\xad8\xfa\xaa\x9b0\x91\x87X\
\xba\xf7q|\xd5\xb7\xdf\x86m\xab\xebx\xe4\xe3{\xd0\
\xe5i{\x1e\xc2\x00\xd8v\xf0VT\xd3\xb3x\xe5;\
\xbf\x13\xbb\xf7\x1f\xc4\xc6\xe2\x0a\x16\x16.\xe1\x85\xc7_\
\xc4hu\x15{\xb6\xad\xe1\xda\xb7~\x07\x9e\xfc\xc4\x1f\
b\xb4\xf49\xf4&\xa6P+\xd1\x9b<\x8eC\xbdu\
\x5c\xaa7lM\xc7\xd14j\xa9\x91\xcf\x04\xa1\x1a;\
\x84A\xd8\xf9\x10*i\xe5\x83\x98\xb7'\x85A\x8b;\
\x5c\xe0nK\x0e\xad$(\x92@\xb1\xb4\xd7@\xc2\x03\
\x93\x9d=3\xa6%B\xd1\xa8\xe4\x08\xad\xed\x05cO\
\xb7\x0b\x8afU|\x12H\x95\x14\x92\x86\xc2z\xbc\x99\
6~@\x14\x95\x1d\xcdEr\x07d{\xdc\xac\x8c\xe5\
E\x04}\xbbI\xefJ\x0bjN?\x8c\x0f\xa1?\xe3\
\xcf\x22\x8e\x0fY\xb3:\xa3\xaf\xa5j6\xc6\xe4\x8a\xa9\
\xf5L\x18\xfa\xb1h\x1c\xdeb\xef\xdf]\x1e\x9e\xee\xa2\
\x8a\x01F\xa4\x00\x00`CK5\xdbs\xda\xb2f\xe6\
\x9c%\xc7 S\xcf0b\x94RqJ\xbf\xcfD\x00\
\xa9\x82\xda\xb3\xb2q\xfc\x8aS2\xd2\xe3\xb8\xf7\xb1\xe7\
\xf8\xb5\x7f\xeb\x9b\xf1\x967\xdc\x8e\xef\xfd\x9e\xef\xe6\xeb\
\xee\xb8CF\xf5\x08+++\x5c_\xdd\x90\xd5\xd5\x0d\
\x1c?q\x9c?\xff3\xffB\x1ez\xf8!\xfc\xe6\x7f\
\xfa=|\xec\xb3_\x00\xba38p\xf8\x08D\x80\xa6\
\xa9\x91P\xb5y\xa5\x9b\x12h\x8f\x5c\xefw\xc1[_\
q\x93M\xff%ebrB\xbep\xcf=\xb29\xca\
\xecv\xbb\xac\xeb\x91i\x8a\xed\x09\x0f3)-\x8b+\
\x1e\xf3\x19\x1a\x8c\xaa\xed\x91\xa4\x84n\xb7\x8b\x9c\x89\xc1\
p\x13\xab\xcb\xcb\xe8&\xe1\xf6\xd9)\x5csd\x97\xdc\
\xfe\xda/\xc6\x0d\xd7\x5c\x8bk\xae9\x85\xe9\xe9i\xaa\
*\xb6\x06C\xa8R\xde\xf9U_\xc9\xff\xf0k\xff\x91\
\xcb\x83a\x9a\xe8\xf7\x08\xbe<Y-\x87\xbb\xc7\xe8.\
\x9b\x11\xaa\x99m\xb8\xfc;\xbf\x86\xe5?\xf8O\x22\xd6\
\xe4\x05\x22#u-\xb6\xa4Taue\x19\x87{+\
\xf8\xfc'\x1f\xc7\xb6\xddS8z\xf3\x11\xe4\xe9)L\
\xa4\x1a\x0b\x97\x06\xb8\xe1\x9aI\xac/\xbd\x88G?U\
\xe1\xc8\x91\x1dx\xe8\xb1\x97\xb0\xb1\xb2\x8a\x13\x0b\x97p\
\xe25\xaf\xc2\xdc\xae#\x18\xae\xbc\x88n\xb7\x81\xf4n\
\xc5\xa1[n\xc7\xe8\xd2\x226\xd72\x1ex\xf1!t\
\xe42d\xf8,\xe6\xa6vb\xd7u_\x84\x87\xfe\xeb\
\xbf\xc3\xf2\xe2\x02n\xfb\xb2o\xc5g~\xef24?\
\x01\x91)\xcc\x1d\xbe\x11O=\xff\x14\xd8l \xa5\x9e\
-`\x09\x17\xa1v\xfb\x0d\xc7\xa4/\xf7\x05\x11\x87\x02\
\x8d\xa6 w0\x90\xc9C\xaf\xb9\x9ek\x08\xe1I\xf4\
\xf9\xd6tQ\xc6\xc7\x85\x19\xc9\x80k\xb3\xed\x099\x89\
V\xf7H\x90\x0b\xe4\x8e3\x07\x81$\x9bLd\xd7\xa2\
\xb0B[\x11\xc0Z\xa0\x16@R\x9cA(\xfc\xb8\xc4\
\xf4N\x81/g\xeb\xa6\xcbi\xf2\x0c\xc0\xe96\x91\x94\
m\xbe\xef\x87}\xadc\x98\xe5\xe2\x95\x80A\x9e\x1dR\
\x88\xf9H:\xde\xb5bN\x1d\xc7\x07\x83\xab8\x82\xb4\
N\xefV\xd7\x12#\x1f*\x22\xae\x17\xd8x2\x152\
\xc34\x01\x952\xb1\x95low\x5c\x12\x13\x7f\x8e\x9c\
Kg\x09\x1da\xb2qP\x89\x82CGN`\xff\xc1\
c\xb8\xf7\xb1\x17\xe4\x9d\xef\xf9\x16\xbc\xfe\xf6W\xe2\xef\
\xfc\xed\xef\xe4\x9b\xde\xf4F4\xcd\x08k\xab\xab2\xd8\
\x5c\xe7pk\x03W^y\x12?\xf73\xff\x1c\x8f?\
\xf98~\xf5?\xfcG|\xec3\xf7\x80\xfd\x19\xee?\
xPD\x924\xb5\x95\xafR\x0c)\x020\xaa\x07\xb2\
sv\x06W\x9d\xba\x0a\xa3\x91?;^\x12>\xf1\xe9\
\xcfa\xfb\xae\xbdPUI\xa9\x82\xd7\xee\x0d\xb4\xec\xc1\
\x8b\xc5\xa8\xe8&E\xb5\x12l\xa7\xd7#\x9aF\xb66\
7\xb1\xb1\xb9\x81\xe1\xe6:fz\x15\xf6\xee\xde\x81/\
\xfd\x8a7\xf1\x0d\xaf{-N\x1c;\x8e}{w\x93\
\x10\x19\x8e\x86\x1cl\x0dp\xe9\xd2%h6\xadH\xaa\
\x0e\xf6\xed\xdb\x83N\xb7#ys\xe8'\x10-\xf5(\
\xe3\xe5ID\x17*\x0b\x0b4s\x9f\xdc\xb5\x8b\x93\xd3\
3\xc8\xf0\xa9DTn\xad\xad\x8a6#B\x04M\xce\
\xb2v\xe6.TGN\xe0\x91\xfb\x9f\xc5\xd5w\xbe\x1a\
G\xf6\xf4p\xcf\xef~\x02+M\x8d\xe6\xe9\x8f\xe0\xf2\
\xb9\xa7y\xe8\xe6w\xc9\xf3\xcf\xcdbnn\x05\xbbw\
\x8dxv!\xc9\xcc\xc3O\xe2\xf8\xd57\xe1\xb1\xcf\xdc\
\x87\xad\xf5\x06'\xdf\xfcf\xac\x9c9\x83\x07\xef~\x08\
\x07\x8e$t\x07\x0f`}\xfe)\x0c\xd7V\xd0\x9b\xda\
\x86='\xef\xc4\xc97\xbd\x1bO\xfc\xe9\xbf\xc7s\x8f\
?\x8eW|\xf3?\xc2}\xbf\xf6\xf7\xd00\xe3\x8eC\
sx\xb8\x1e\xe1\xbeQ\x83\xc9~\xd7S,D\xad,\
\xe8}T\xed\xc4\x82\xb6\x8a$\x7f\x08\x803;\x89\x7f\
xJ\xeb\x0f\x0f-L\x96\x8e\xda\xc2r\x16\xd8i\xb8\
\x10\xd1\xe7Wr\xab\xe0\xe3\xc9+\xa7\xa5\xf8j\xcd`\
q\xcc\xdc\x9e\xc6#`j\xc3:\x0a\xeb\x88P\x11g\
j\xa4\x1c\xaa\x0bEIR\xdci\x8b\xeb\x14\xed\xc0\x1e\
\x7f\x11t\xdd\xb3s\x12\xcc\xa2\xe8\xb8\x007\xfe}\xa5\
G\x99E^d)r\xf8\x5cy+S\x91a\xbb,\
\xa3:\xc2/K AaXRd\x05\x0f?V\x0a\
4\xe2b\xcf\x22R7;\x84\x88\xe1S\x86T\xac\x83\
\xd9\xfa3\x19H\xe8O\x0b\x88\x11O\xf0\xe5\x877\xd4\
\xb92.\x94\xc4\x04\xab'\x83\xca\x83\xc7N@\x0f\x1f\
\x97\xfb\x9f:\xcdw\xbd\xf7}x\xe3\x1d\xaf\xc2\xdf\xfb\
\xfe\xef\xc5\x9dw\xbe\x9e\xf5h$+++\x5c\xdfX\
\xc7\xc6\xe6&\x0e\x1f:\x82\x9f\xf9\xe9\x9f\xc0\xe3\x8f?\
!\xbf\xf5\xdb\xbf\xcf\xbf\xfc\xd8g\x89\x89m\xd8\xb3g\
\x1fR\x02s\xd3\x08@TU\xc5\xcb\x8b\x97\xe4\xf5\xb7\
\x5c\x85\xd9\xb9\x19,,,rbr\x12\xe7\xce\x9f\xe7\
\x93\xcf<\x8f\xb9\x1d\x87$\xe7\xcc\xca\x8f\xff\xfaFY\
vH\xcb\xe4+\x81T\x9d\x8aU\xaa\xb0\xb95\xc0p\
k\x13\x9b\xeb\x8b\x928\xc2\xee\x1d3\xb8\xf9\xc6\x93x\
\xf3\xeb_\x8bk\xaf\xbd\x06G\x8e\x1c\xc1\xec\xcc\xb4l\
\x0d\x07\x18l\x0dpii\x99\x96&\x99\x16155\
\xc5\xc9\xc9I\x08 \x1b\x9b[\xfc\xb5_\xff\x0d\xbc\xf8\
\xd2Y\xd9\xb9\xff\xa8w\xbb\xf9\xb0\x89\x02\xd1\xbe\xa4\xb1\
g\xfe\xdb\x94\x12F\x83-;U\x09\xd8C2U\xa5\
\xaa\xccpIe\xaf7\x853O=\x88[\x8e\xdc\x80\
\xfb\xef\xbf\x12\x07g{\xb8\x7fy\x84\xc7\x9f[\xc1\xb1\
m\xe7\xf0\xc4#\x8f\xb2\xea\xf6\xe5\xec\x03\x7f\xc8\xfe\xd4\
\x14.o\x0d\xa0\xa3-\x1c\xbe\xe5K\xb1><\x8c\xd9\
\xfdG1\x18\xeeGwb;\x0e\x1c:\x8c\x87\x1ex\
\x02G\x8f^\xc4\xe9{\xff\x8c\xb9\xce\xa8z\x13\xa8&\
f\xa5\xa97p\xe6\xc1?\xc7Moz\x1f^\xdc\x7f\
#\x0e\xec\xec\x80\xab+8\xfc\xd6\xef\xc6S\x1f\xfa\x03\
l\xd4\xc0\xc6(!I\x1c~+^\x1f\xc7q\x00\x98\
\x1c\xc6\x10\x9dR\xe9\xacC\x1b\x9a\xdb\xb5A\xf0\xf1\xe2\
<c\xa5<OS\xa5L\xee\xf3Y\x0b\x0a\xd8\xf0\xce\
\xc4\x10\xff\x94js\x06\xcd0E\xcb\x80\xd1\x1ct \
\x84\x18'\xcb\xad\xd4\x04\xb6\x047\xb2\x84P\x83\xc3\xe3\
\xdb\xac\xc0\xb0\xcb\xe7\xf3H\xc7\x91\xc0\xbe\xc4g\xf4\x15\
E\x92\x01\xfc\x04\x93\xb5\xac\x9a\xc6\xe7\xf3\xfd[\xe0p\
\xd1P\x146\xf7\xd8\xd3\x07 \x8a\x7f\xc1\xe0\x83v\x05\
 \xa2\x15E\x02?\x9d\xdb\x96&\xc7\xa0\x05\x8e!\x02\
j&\xfd\x11\xe6\xf6vK\x05\xfc\x03\xc4e\x02;\xe0\
\x1d:V\xdcy\xe1\x02~\xcf\xf0cF\x22\xa8\xc4\xf2\
\xbax\xd2\xeb\x91\xe3W\xc8\xa1\xa3\xc7\xf9\xf0s/\xf0\
=\xef\xfd6\xdc\xf9\xbaW\xcbw\xbc\xff\xfdx\xcb\x9b\
\xdf\x84\xa6\xa9\xb1\xb4\xbc\x845\x07\x82#\xc7\x8e\xe1\x9f\
\xff\xc4\x8f\xc9\xfb\x9f{\x16\xbf\xfc\x7f\xfe\x16?\xfc\x89\
\xcf\xa3\x91\x1e\xf6\x1f:\xe2\xc7;\xc8\xe1\xc6\x1a\xef\xb8\
\xedU\xfe\xb8#\xa6\x89\x89\x09\xdew\xef}\xb2\xb8\xb4\
\x86+\x0fN2\xd7#\x8f\xf2&\xd6TU%RY\
U\x00Bnllb\xb0\xb9!\xf5p\x88]\xb3}\
\x1c\xdb\xb3C^\xfdE\xaf\xe5\x1b\xee\xbc\x03G\x8f\x1c\
\xc1\xf6\x1d; \x02\x0c\x06\x03nm\x0dp~~\x0d\
^\xa4b\xb7\xd3\x91\xed;v\xa0SU\xa8G#>\
\xff\xfc\xf3\xb8\xeb\xee/\xe03\x9f\xbfK\xef\xbe\xfb\x1e\
9\x7fq\x0d\xfb\x8e\x1c'U%u*\x09\x88M\xc5\
\x14\xecq6\xe2V%\xf6w\xacGC\xd9{`?\
\x0e\x1c>.M=\x22$!U\x82'\x1e}\x18b\
\x07\x16\x84 \xaa^\x9f\x0f}\xe2wq\xfd\xeb\xde)\
w=\xd6G\x02qt\xdb\xb3x\xeas\x7f\x8c\xaa\xd3\
\x8b\xf1i\x18n\x0d\xa5\xea\xf4@$.\x9fy\x00\x83\
\x83\xa7\xb0\xf7\xf0~T\x9d\x1d\xe8\xf7g0\xb1w\x0e\
\xbbv\xec\x03\xb6\xceC)\xa8\xfa\x93pI\x1eD\xe2\
\xf0\xf2\xa3r\xee\xfc\x22\x0e\x9d<\x89\x97.,cn\
\xf2 \x8e\xccM\xa0\xfb\xca7\xe3\xe3\xf7\x9e\xc3\xf5\xb7\
\xbf\x0e\x17\xcf?\x88\xd5\x0b\x8f\xa1\xeaN\xb8 \x1e\x11\
\x14\x16\xb1\xc3[BJ6\xa7\xb3\xd0\xeb\xe1?\x02\xa1\
\x88P\x929\xac\x0fTp+\x15\xc4\xb8/\xb7{H\
%dVk\x9e\x8cy\xb8b\xdf\xef8\x0f\x91\x10\x16\
\xa3\x81\xcf7B\xa4\xed\xfa\x11\x09\x9ea\xa2A\xf2\xfc\
\x02&\x1d\x06.\xc8X\xed\x07E\xe2\x80\x8d\x8b\xf0\xaf\
\xef\x00\xd9A\xa4\x0c\xfb$\xc94\xdel\xeel\x9e\x11\
\xadK\x14\xf0\x94\x01\xee\xad\xb6T\xbeB\xad\x108\xd6\
TZ2\x11\x05\x98\x0c\x09\xc3\xfb\x03\x0c\xec\xe5%\xd6\
G\x83\x91\x0f.\x13O\x11\xfc\xe1%\x02\xcdl\xea&\
*\x00\x0eI,\xe9L\xb9\x01 h\x90\xff\x1c\xb9\x96\
\xc4Yp\xcf\xcb\xc4\xa7\xf0\xd0\xe7\xc1\x03\x87\x8f])\
<r\x12\xf7<\xf6\x9c\xfc\xf5{\xbf\x8do\xb8\xe3U\
\xf2=\x7f\xe7\xef\xf0\x0dw\xdea3\x05\xd7Vdk\
}\x9d\x83\xcd\x0d\xec\xdb\xb7O~\xea\x9f\xfd\xef\xf2\xbe\
\xa7\x9e\xc2\xaf\xfd\xe6\xef\xe0/>\xfa)\xa0?\xcd\xfd\
\x87\x8f\x8b\xe8\x087\xddx\x03\x876\xe6\x1bS\x933\
\xf8\xdc\xdd\xf7\xa0\xeaLJ\x12\xb1G\xa7Y\xb7\x1e@\
`kk\x0b\xeb\xab\xcb\xd0\xbaF7\x11\xd7^s\x05\
\xaf8z5n\x7f\xf5\xad\xb8\xf9\xc6\x1b077\x87\
\xa9\xe9)\x0e\x06C\x19lmay\xe9\xb2i.\xa9\
\x92NUq\xdb\xdcvLLL\x227\x8d,-_\
\xc6'>\xf6\x09|\xfa\xd3\x9f\x95\xcf\x7f\xe1n>\xf2\
\xe43h4ajv\x87\xec\xdc}@\xae9x\x15\
\x9b\xda\x1fZ\x0aaj\x8fGF\x80\x88\xa2\xa2\xfd\xda\
\x9e\x03!\xf5\xe6\x1ao\xbd\xfdkq\xe7\x17\xbf\x83\x97\
\x16\xe7Qu{\xcc\xcd\x08\x8f?t\xaf\xa4\xce\x84%\
\x05\xfe\xf6Tu\xf0\xd8\xe7\xfe\x18{\x8f<\x8aN\xb7\
\xcf'\xce<#Ru\xd0\x11\xcb\x0a\x05\x95HJh\
\x86\x03\x0aj\xa0\x16T\x9dM\xe8\xb6)t\x8f\x1e\xc7\
\xd2\xfd\x9f\xc7\xe7\xef>\x8do\xf8\xc6\xdb\xf1\xa9\xdf\x9a\
G\xeaM@\xeb\x91\xa4\x92\xe3&Y^:\xc7k\xf5\
\x9c\x5cyh\x0a\xbf\xf3g\x8f\xe2\xcd\xaf}3\x1e\xff\
\xcb?A\xef\xc8\x8dXx\xe6^|\xd1\xf1\xb7\xe0\xe9\
\x99}R7\x0f\xa0\xeaL \xfeD\xeb\xbb\xb5\xf6\x88\
\x90\x1e\x9f%\xfe\xd6\xad\xd1N\xb9y2\x06\x01\xd1j\
=f\x9f\x96*\xc4\x14\x9bT\x16\x11\x08\x8d\xb0t\x10\
\xaa$Il{\x11\xedy\x02\x1e\xd2\x8b\x96\x16,\xc3\
\xe3iI\xf6\x83\x89D\xd9\xb6}\xe2\x9f\xe1B\x1b\xa0\
\x8b,\x00\xbf\x8e\xd8H\xe9D&\xd3\xb2\xf3\x88\xcb/\
\xeb\xd8\xf3K\xd0Do\xc4\xf70%\x1c\xcf\xb7]A\
U\x106H\xb5\x1c\xf3)\xd2\xa5k\x16\x96\xab\xbb\xe7\
\x91\xea \x18\xef6\xe0rwVj<\xafP\xadw\
\xc5\x0e\xd0\x14}\xc2\x01\x81\xde\x9a\x5c\xd2\x83\xe4\x03\xdb\
\x8a\x88\x82\x82\x86$m\xc6~\xa4b!\xb5I0\x04\
\xa8\xa0\x9b\xa0\x0aa\xceTU\x1c=~\x05\xf3\xd1\x13\
x\xf8\x99\x17\xf0\xf5\xdf\xf2m\xbc\xed\xd6\x1b\xf1\xb7\xbf\
\xe3\xfd\xf2\xc5o\xffb\x0a\x80\x95\xe5el\xacop\
cc\x0b\x87\x0f\x1d\xc6O\xfd\xe4\x8f\xe2\xfd\xcf<\xcb\
_\xff\x8f\xbf\x8d?\xfe\x8b\xbf\xe6\xc1=\xbbp\xd5U\
W\xca\xd2\xd22;\x9d\x0e\xd67\xd6q\xd7\xdd\xf7p\
\xcf\xfe\xfd\xb6a\x92\xb0\xb2\xbc\x82\xe1\xc6\x1a&{\x15\
\xf6\xee\xda\x81\xb7\xbc\xf5v\xdct\xdd5\xbc\xe5\x96\x1b\
p\xe8\xe0A{L8\xc9\xf5\xf5u\xd9\xdc\xda\xc4\xea\
\xfa\xba\x08\x88N\xd5\xc1\xe4\xe4\x04gffD!X\
Y^\xc6\xa3\x8f<\x8cO}\xe6\xb3|\xe0\xc1\x87\xf0\
\x85{\xee\xc7\xc2\xa55t'\xa7e\xdb\xce\x9dr\xf8\
\xd4M\xe8\xf7\xfa\xb6\x9d9{\x15Cl\x0aRJ\x8e\
\xfan\xd4\xc2X\xc66u\x8b\xa3\xecIdsc\x9d\
\x8b\xf3\x17\xb0tq\x01\x9d^_\xb4\x14\xa4!\x12\xc1\
\x92\xa4T\x09)uq\xf1\xec\xb3\x00\x80\xde\xc4\xb4\xb7\
\xeb\xb6-\xec\xcdh\xc0\x1d\xfb\x8eH\x7f\xd7\x8d@o\
;V6\xa7p^&Q\xeb\x0c\xb6\x9f\xba\x0d\xb7\xdf\
t\x00\x1f\xfe\xcf\x9f\xc0\xe6\xf2\xd3\x90zSR\xeaS\
\x00\xe4\xa6\x96\xc9\xc9\x09l\xdfq= S\x18\x0c7\
p\xed\xabn\xc4\xc6C\xf7`\x05\x82w\x1c\x1e\xe1c\
\x0b\xbb\xf0\xb9\xcf<\x86\xad\xd5\x05t\xecA\xab\x91\xce\
\x96\xf0\xe8\xd1\x07\xde\xcehV\xa3\x1eI[\xef\xf2\xd1\
i\xe1\x93\x84W\x00\x9d\xa4{\xec\x13\x00\x0aQ\xd0\xa6\
:GL\xf3?R\x8e\x03\xdbwGj\xc2R\xf0\xf5\
\x9c!\x1e\x9f\x01\xfa\x83f\x82W\x98\xa3de)\xbb\
\x8e\xb3\x19\xe7\xc1\xc5\xb9=\x0c\x8eQ\x84\xc4\x8e\x94\xc4\
\xce\xc9\xce\x18P\xa8\x17\x93#\xae\xc2\xc58\x0f\xd2^\
\xf2/\xa7\xfc@@\x93\x8fB\x88\x0b\x16\xc0\x9e\xd0\x15\
\xee\xec\xf4I\xbcv\x0e\x13\xe5\xedC\xbdXaJW\
I\xac\xe2\xf2\xbd\x10\xd6\xb6]\x22\x0eb\x82\x96i \
 \xc5o\xd3Z\xf3\xed\xbb\x0b\xffH\xe5\xf4j\x19\xd2\
WJ\x85\xa5l(6\xd9\x8c\xa8:\xc6\x0aRVf\
Uh\x93\xe5\xf0\x89+\xc0\xe3W\xa4'N\xbf\xc0\xf7\
\xfeo\xdf\x89\xd7\xdez3\xbe\xef{\xff.\xde\xf6\xb6\
7CD\xb0\xbc\xb2\x8c\xf5\x8dM\xacon`\xcf\xbe\
\xfd\xf8\x89\x7f\xfa\xa3x\xc7;\xbe\x1c\x97\x96V\xd84\
\x19\x84JUu0\x1cl\xe1\x9e{\xefC5\xb7\x0f\
\xac\xb7\xd0\xef$\xdc~\xe3ux\xc3\x1d\xaf\xc1\xb5W\
_\x85\x93'\x8fsbjJ4g\xd9\x1a\x0c\xb8\xb1\
\xb9\x89\xd5\xb5u\x89\xe7/t\xbb\x1d\xccm\x9b\xc6\xe4\
\xc4\x04W\xd76\xe4\xe2\xe2\x82\xfc\xe9\x87>\x84\x0f\x7f\
\xe4\xe3|\xf4\xf1'\xf8\xdc\xf3/J\x8d\x8eL\xcfn\
\xc7\x8e\xdd\x87p\xed\xf1\x1d\x10(T35SrS\
{\x97lB\x82\xf5a\x8c\xb7\x1cx%G\x8aq\x94\
tM\xc0\xa8\x12DAH\x92\xf8\xe3\xcea\xcf\x9a)\
:\x06b\xe6\x06\x14\x10Q\xa9\xba}J\xd0\x1cC\x15\
A\x02rSs\xdb\x9e\x83\xd8}\xdd7a\xfb\x81\x13\
\xe8\xf6\x05\x93\x93]l\x8a\xe0\x0bO<\x86\xaf\xf9\xa6\
/\xc7\xc5\xe7\xcfb}\xf9)l\x9e\xfe\x183+t\
D\x90\x9b\x1a\xb3\xdb\xf7b\xe7\x8d\xdf\x8c\xfe\xf6C\xd2\
?\xb0\x0b\xf7\xfe\xf5\xdd\xb8\xfeP\x07\xcf\x5c\x02n\xba\
\xfd\xd5x\xec\xdcy\xec\xdf?\x8b\xe5\xcbOap\xf9\
1\x95\xd4O\xde\x18Rf\xce\x89\xc3\x9dE\xcc\xf6\x0c\
\x88\x97\xceRa\xc1/\x0b\xa8\xed\xf1]\xf1HkU\
B\x94\xd0\x9b\xe0G\xe1\xc1r\xb0(\x1cRZ\xaf-\
\xd9\xb1\xa1\x89?<\xd3\xad?%A\xce\xce\xb3\xe9\xa6\
\x1b\xec\xa0P\xb3\x979\xbb\xadzD\xbc0\xf1\xc0\x01\
X\x19\xd7\x1e\x0d\x16;\x19P\xed}\xf9&\x83\x12T\
@\xa5<\xb7\xaf\x10\x00\x03K/C\x99\x04)\xea\xe6\
#\xed\xe8p\x09\x17\x07\xa2hm\xcfSp\x13#\xbc\
\xa8e\x15>\x8b4@9\xd5\xe8\x8a\x8c\xf7w\xab\x9f\
x\xb6\xc5\x1fSk|\x1f\xb2\xed\x89-h\x86\xd8\x13\
\x1b\x827\x85\xeb\xc7W8\xfdg2A0\xa8S0\
0\xd3\x09*\x81\xb0\xf2XUuL\x98g\xc6\x91c\
W\xc8\x91\xe3'\xf9\xdcK\xcf\xcb7~\xdbw\xe2\xb5\
\xaf\xbc\x19\x1f\xf8\xb6\xf7\xe1\x8b\xdf\xfev\xf4\xba\x1d\x5c\
\xbe|\x19\xc3\xc1\x16.ln\xf0\xda\xab\xafB\xb7\xd7\
\x95\xb5\xd5\x15t\xaaJ\x04@U%\xfd\xe9\x9f\xfc\xa7\
\xb2\xb2\xba\x8a;n\xbf\x8d\xfb\xf7\xed\xc5\xfe\xfd\xfb\x91\
\xb3r0\xd8\x92\xad\xcdM\xac\xafoX\xba\xa8\x8an\
\xa7\x8b\xc9\xc9)LMO\x0bU\xb1\xb0\xb0\xc0\x07\x1f\
x\x18\x7f\xfd\xd1\x8f\xc9\xe7\xbep/\x9e\x7f\xfe\x05,\
o\x0c1\xbbc\xb7l\xdb\xbeS\xae\xba\xe5\x0e{\xec\
\xb5\x12\xaa\xb5\x09J\x14&\xa9\xa4\xea\x8e\xddj\x81j\
\x9bo\x13\xa5\xaa0\xc7\x96R\x8e\xd5\xbb[ng\x0f\
\xd1\x88\xf8Gk}M\xc5M\xa2\x99!\x89T\x02H\
\xe5&h\x1c\x0dbk\x9dREA#\xb3\x87\xef\xc4\
\xe1\xab\xae\xc1\xee\xeb\x8e\xe1\x0b\x1f~\x02\xfb\x0f\xcc\xe1\
\x0b\x9f}\x06\xdb\xf6\x1e\xc2\x93\x1b\x1dLtgPm\
<\x81\xf5\x95\xcb\xe8O\xceY\xce\xcb\x1a\x93\x07^\x8b\
S\xb7\x7f\x11\x9e\x1f\x11+\xcbk\x18q\x12O\xf5O\
\xe1\xaa/\xbf\x02\x1b\x17\x17\xf0\xf4\x0bO\xe0\x86\xeb\xae\
\xc0\xc1\xa9\x11.<\x98\xa5\xdf\xefZ\xfc$\x5c$\xf6\
\xca\x15\xdcT\xe3)\x9dl\xc3\xaaX\x8bs\xb4\xc0\xb2\
\x80\x855\xfby\xcd9\xd6\xc8\x8ee\xd1\x1f\xfd\xed6\
\xea\x03\xfe\x22#\x88\xc3tnx.\xd9\x8dk\xf1\xc1\
\xef\x95\x1c\xb3\xe1\xf88\x8b\xf0\xe2L\xcc?\xc4C\x1a\
\x11\xdc\xc4`\xad<`\xa7\xf4\xab\x11@\x07\xb01\x88\
\x1a!R\xd1\x1e\xb4\x89\xa4\xdc\x1c\x09\xf1\x91.\x16\x14\
\xa1/9Px\xdc\x08\xc6\x1f\xb4\xa5\x88\xf2\x96{\x03\
\xa4Jn\x93\x14\x97\xc8\xcc/\xdd\x9dM\xc8\xf4\xf0\xef\
\x9f\x02\xaf\xf0{-U\xfd\xd4 \x05\x9ac\xaa\x90\xf5\
&\x84\x9b\x07\x9dp\x93\x93Hm\xfc\xaf\xaa\xa8\x98\xa4\
Da\xbb\xec\x12g\xbb\x1c^\x05\xf0\xcf\xf4\xd0gM\
\xa4TUh\xa3r\xf0\xc8q\xec?t\x14O\x9c~\
\x11\xdf\xf8\xed\xdf\xcdW\xdcp\x0a?\xf8\xf7\xbe_\xde\
\xfe\xf6/\xa6\x80X[_\xc3`k\x80\xc1\xd6\x96\xa4\
*\x85H!97\xf2\x8d\xef}\x0f\xab\xaa\x92\xb5\xb5\
u4M\xc3\xc5\xc5E\xef}\x10\xa6dj}\xbf\xdf\
G\xb7\xd7\xc3\xf2\xd2\x12\x9f|\xf2I\xb9\xfb\xae\xbb\xf8\
\xb1O~\x1aO<\xf5,.,^dwbV\xe6\
v\xee\xc6\xeec\xd7\xe0\xc8\xd4\x14H\xa2i\xecA\x96\
9+\x93$TU/\x82\x0b\x9c\x8b\x8a\xb7\xf7\xd8\x7f\
\xab\xb9\xae='<\x1c\xb9,\x1d\xed\x91#\xedC\xbf\
\x88\xb1\xc5\xf1\x83:\xc8\xb9\x04\x09\x8c\xaf\x7f\x84F\x87\
\x03\xf15\x961\xb0m\xeaZ\xb4\x1e\x80\xdd\xed\x98\xd9\
\xd1\xc3\xfc}\x8f\xe3\xe8\xbe\x84\xfe\xac\xe2\xado;\x86\
\xcc#\xb8\xb4\xb4\x85\x8b\xcf\x9c\xc6h\xb8LI\x9d\x08\
BL\x02\x0c:s\xb2p\xfe2v7\xcb\xd0\xaa\x83\
[\xdfp-v\xcd\xf5\x90\x97^B\xb3<\xc0\xedo\
\xbf\x1d2T,<\xfd\x14\xba\xddN\xc9\x8d\xe3n\xda\
\x90\xde\xb6\xcf\x15\xc2\x03A\x1c\xb9\xb5)l\xd6&\xe8\
OF\xf70gU;+y\xdb\x14G\x155N,\
\xd1\xbefb.s\x16I\xc9\x03\xac\x8f\xf4\x0a\xa6:\
>\x19\xd4\xc6\x01\x9a2\xef\xfb\xc6\x88\xccA\x96\xfd\x87\
\xa4\xca\x94\x1c |a\xca\xc9\x10W\x0a\xca\xf6;\x00\
\x89@:\xfed\x09\xdb\x14\xc6\x5c\x93X\x8a2\xbf\xa8\
\xe4\xda.\xdd\xfb\xd14%\xcba!\xf7\x1e\x18{r\
\x80\x09\x15s\x1c\xd1\x0a\xb0\x01\xedS\x954\x9e\xeb%\
-\x91\xf1R\xab\xe5\xf6.q:\xaf\x90\xf8 \x1fF\
\xe1\x08\xe1i\x10\x83\xe1\x9b\xe9\xb6\xc5\xec\xf1\xe2\x08\xf0\
\x7f\xf1\xf5\xdeq\x92\x5c\xd5\xd9\xf0s\xee\xad\xea0i\
gvfgs\xd0j\x95s@BH\x88\x9c1A\
\xc8\x80\xc1 0&\x8a\x9cD6 \x91\x0d2\x129\
\x08\x04\x98 0\x06\x07\x0c\xc6\x89$@\x12(\xa0\xb0\
\xca\x9bwggwf'vwU\xdd{\xbe?\xce\
9\xb7Z~\xdf\xf7\x9b\x9f\xc2\xeeLOwU\xdd\x13\
\x9e\xf3\x9c\xa4\xd6R\xf9m\xfbiz\xb1\x0cl0W\
&b\xc11\x06]\xfe(oL\x8e\x11C\xe0\x18\x03\
\xd6o\xdeB\xeb7o\xa5\xfd{w\xf0K_\xfd\x06\
>\xed\x84c\xf0\xfe\xbfy/?\xec\xec3\xd0YZ\
&\xf2^U\x82\x11\x94.=t\xe8\x90\x08\xa0\xf3 \
\x06\x06\xda\x03\xdch\xb5(\xcfr\xae\xaa\x12\x0f\xee\xd8\
Ewn\xbf\x8b\xff\xeb?\xff\x1b\xbf\xbb\xf1\x8f\xb4\xf7\
\xc04w\xab\x80\x15+Wadl\x0d\x8e\xdft<\
9b\x84\xa2D\x88\x8c\xa2,\xe1\x9c\x87\xf7\x1e\xf0Y\
\xc2\xf0\xb0\xd0\x0b\xa9L\x12\x12\xda\xcb\xd2t$\x0bh\
\xd8U\x0eC\xbei\xcc\xae\xc1\xccZ\x8a\x18\xc4U\x90\
\xccI\x88\x01\x88\xd1\x86m&\xb7HRQ\xc7V#\
\xc3\xf6\xeeN\xd2c\xbdn\x87\xab\xb2\x22p\xc9a\xfe\
^\xfc\xe6\xa7C\xb44\xb7\x88\xa1\xd1\x11\x84@\xc8\x1d\
\xa1(K\x0c\x0d6\x11\x97\xef\xc4\xfc\xd4}\xc8\xb2\x16\
\x84i\xf3\x88\xf0\xc8\xe7n\xc7\xc1[\x9a(\x91\x01\xd4\
\x90\x1a\xb9\xa2\x0bP@\xa3\xd1B\x15\x19\x14\xbb(f\
\x7f\x07p\x00|N2\xbe\x88\x14<\x82u\x96\xa9R\
\xf2\x12\x02H'\x0fR?\xbb<\x1co\xa5\x00\x8a\x8d\
\xb4\xe2\x8c\xfa\x22t\x91 S:\xd6\xf7\x15V\x5cQ\
\x814j\xd5D\x1d\xab'w\xd0\xe9\xc2L \xc4z\
\x1a\x9e\xe9\x85<C\xb2\x132m\x86\xee\xbb'\xf3v\
\xf2\xfc\x8d\xb6\xa8\xaf\x1f\xa0\xa8\x0e-\x93\xc5\x1e6S\
\x1b*\xcc\xaa\xf8\xa9\xe8\x94I\xd7\x86\xb3\x0d8Q\x0f\
B\xd6zi\x5c\x81a\x16\x0d\xf6\xeb\xf9H\xea\x95e\
vh\xbdR\x0d\xc4\x08vqZ\xab\x1f\xad\x9d\x1a \
\xe6\xa85\x01\x89\x89T>\xd0V\x10\xb3\xc2\xd5\xe4\xf5\
\xc9p\x8f\xd6!!\xb1=\x22\x83z\xe1\x86G \x0c\
\xb4#\xc8Bk]\xd8\xc0\xb5\xe6\xa0\xb6qV\xec\xab\
\x95b\xa25R\x09\x961\xc7\xc8\x81\x03\xad\xdb\xb8\x85\
6l\xda\xca\xf7\xdew\x0f^y\xe9\x1b\xe8\x86\xeb\x7f\
a|\xad\xe0lEe\x008\xf3\xb9\x8b\xcc\xec\xbdG\
\xb3\xd5\xa2\xc3\x87\x0e\xe1\xe6_\xfc\x0a\x7f\xb8\xf9f\xfa\
\xe5\xaf\xae\xc7\x8e=\x070\xbf\xd4\xa5Fk\x80'\xd6\
\xac\xa1\xcd\xc7o@\x9eg\x9c\xce\xa4\xaaD\x0c\x5c\x8e\
<#8[$\x99\xachr\x16\x22nlO\xd6H\
*G\xce\xc0\xa8zjBj\xa8\x15\xb3\xa8\x9b\x87\xfa\
\x9e\xb2:\x03\xad\xda\x88\x8c\x10\x83\x99u\xb2\x8982\
\xb4\x94\xd3J]\x89\x12\xc1.2\x91\xf7\x88\xa1B\xb7\
\xd7\x058\x92s\x9e\xc9\xe5\xb4\xeb\xd6\x7f\xe1\x15\xabn\
\xe1\xd6\xc0\x08\x8a\xe5\x9c|\xde\xe4\xcae\xe4\x89\xb18\
\xb3\xcc\x0bS\xf7R`g<%\x88#(k\xe2\xf0\
\x9e[\xd0\x98\xbe\x0bYs\x90\xb3\xbc\x8d\x18+\x84\xb2\
K\xcc\x01\xdd\xac%\xde\xb9\xecpU\x14 \xd7d\x83\
\xeb0\x0cO\xa9\xb4\x97k8\x9e\xee\x88ty\x92\x91\
\xd5\xa6\xb4DpBJ\x91\x11IQu\xde@\x10C\
\xc0\x83d\xdfb\xb4\xae&\xc9\x02\xa8\x9d\xd5\xb0\xd5\x12\
\x0a1\xb5\xf0iC\x059Y\x05`!\x19+ZH\
\xa6\x86\x01\x8a!h\x08`C\x13d\xa8\x8c\x8c\x89p\
\xc9f\xab\x96\x0ay\xac\x00\xc6\x226\x8b\xaa\x15\x8a[\
\xae\xddT\xcc\xc2\x1bu\xf6\xb1v\x19\xcc\xe9\xd1\x80\x01\
\xe2\xbe\x8d=Q\xcc)\x91\x12k\xac\xe5%B\xf5\x93\
\xf6\x05 \x95\x14\xc3\x18#\x06\xb3\xcecS\xadg\x0b\
\x97\xe4}l\xa0\xa2X;\x8b$\xc4\x9fqB\xa2f\
=\xf5\xfa\xb48\x03\xe2A\xec\xc1\xd8\xd9\x13j\x0b\x02\
\xb0\x8c\xff\xd47\x11\xb2\x85R\x0c\xec\x00\xd2\xb2\x11\x99\
\x08\xeb\x018\xc4\x10@Y\x06\xaaz\xb8\xe2C\xef\xa1\
f#\x8f\xddN\x07$U\x16*\x5cj\xd6\xc0\xd19\
\xb8*\x04\xbc\xeae\xaf\xe2\x1bn\xfa#\x16\xbb%Q\
\xde\xe4\xd1\xf1I\x9a\xd8x\x0c\xd6\xb7Z\x8219\x00\
\x919\x86\x00\x22b\xe72x2\x9a\xae\x86x\x86\x02\
E&S\xbb\xa5\xca\xa4\x00^\x1bI\xc9\x94N\x96\xa5\
\x85\xd6\x9e\xb5\x1e\xb7\x12\x04\xfd\x84\x94|\x8e\x9aQ\x92\
E\xb0\xa1\xaa$\x85\x18\x22t\xa8\xbc\xd3\x95v\xe8\xdf\
=\xe7\x00\x22\xef\xb9*\x0bTE\x8f\xc8\xc9&fS\
'\x22G\xb3S\xbb\x999\x2254\x8ab1\xc8q\
\xd6h\xa9\x11\xe6\x84\xdc\x98\x19\xce5\xb8(\x02\xf5\xba\
\xb3\x00\xcf@\xf7\xa9\x09T\xa7\xae\xf0\x8c\xce\x81|\x0e\
\xeda\x04\x94(\xab\x9d\xa8c]\xcc\xe1\xc0\xcc\x8e4\
-\x14e\x1c\xa3\x02\xe9>]`\xf3-\xdc\xf7d\x01\
\xb6\xd6\x1aE\x8d\x16K\xa8t\xd6d\x9f9\xa7\xe4\xb1\
\xa5\xe6\xc6f\x12\xd9m+*\xb3i\xa0\xf6{\xe6x\
\xd5\x98\x18(0\xda\x85\xd1w\xb2\xba\xe9\xc7\xfe\x1e\x95\
\xf3\x8cY\xc2+Q\xeb<#[#+YG`\x1f\
\x17\x97\x84\x80\x0d\x11\xa6[\x97W\x10t\xad/\xfa\xf3\
o\xace\xbd\xd6\xa3V'2\x99\x99\xc4\x08\x98\xbd\xd0\
7\xb4B\x09\x09\xf9]\xfd\xe74nLO\xa2\xb6:\
\x86\xd8\x90~Bj\xe0\xe5%\x12n8NH\x96u\
\x89\x88\x074\xd7\x02\x08#hHI\x10\x9d\xab\x19k\
\xcb\xe1\x8a\xf5r\xaa\x15\xa2\xfc\xec\x98<3\xf2V\x93\
\xef\xfe\xd3\x8d\xf8\xf8\xfb\xde\xc6\xcfy\xce\xb3qpj\
\x0ay\x9e\xcbS\x15\xda\x81\x95\xd3!@\x10\xcf\xd0\xc8\
\x0a\x84P`z\xbe\x83\xb3\xcf\x7f4\x97\xdd\x0e\x82\x14\
\x8d T%\x9c\xf7\xec\x5cF\xe4\xd5\xcd8G\xce\xc6\
\x0f\x99ti\xc5\xbaB>1\x1a$\x13\xc6\x13\x11\xa5\
\x0fI\x8fP\xa4\x98\x88\xc0\xa1N\xf29\xee\x07\x0e\xf4\
P\x91M\x12C\x09\x0d\xc8\xb0\x16\x12\x03P\x81eO\
Y\x9fA\x92\xddL\x04\x029p\xd1\xed T\x15\xbc\
\xf72Z\x8d \xfd\xb2\xfa\x86>o !-\x12m\
U\xec\xa2\x7f 1\xbc\x04\xd46^\x9b\xc0\xb2\xdcH\
y\xb9FU\xc2~\xc0,\x9e\xc2\x89ew\xb2\x8eW\
\xc7\xb2\xc9\xdd\x0b\x9c\x87\x09*+\xe9C\xda'Gl\
\xdc\x87<w\xcd5\x992\xda'\xd9\xc3\x84NG \
a~j\x8d\x06,\xbf\xaaz\x22\xc8\x83\xac\xc5\x08R\
\x04\xa8\xdaGdYsJ\xf9\x99\x1a\xed9Cii\
\xa2nm\xbeSnA/\x01\x04\x05\x83\x0e\x8e\x10\xbd\
\xa2?\x95\xeaD\x88\x98\xdfT\xc1\xad+\x01Y7}\
\xca\xdfc\xed\x19D1\xf5\x19!\xc1k\xee#\xee\x15\
{\x1a7H\x9c\xa0\xbe\x1a\xac\x94\x08\x85\x0d\xff$(\
M\x18\xedqiL\xa6\xf4J]G\xc1\x0c\x19\x1cj\
p3\x8d7c\xe5=\x85\xa4a\xcd\xf2\x12d\x12\xb0\
\x01\x04YsM\xda\x09\x9b\x84\xdd\xac+\xc9k\xea\x11\
[\xccly\x1d\x8b\xb1|\xde\xc0=\xb7\xfe\x9e>\xf9\
\x81w\xd0\x8b_\xfcb\x9a:0Ey\xa3AUU\
\xb9d\x11\x15\xe5\x84\x10\x11\xaa@ G\x9d\xc5%|\
\xfd\xab_\xa2\x97<\xf7i\xb8\xe7\xce[\x09\xce\x93\xf3\
\xb2\xec3\xcb\x9b\xe4|\x0e\xf2\x8e\xbd\xcf\xe0}N\xce\
y\x92\xdc\xafcr\x1eD\x99\x0e\x0aq\xc2'8o\
\x0e\xb2>\xcbd\x0c\x15\x12\x9a\x5c\xa8\xf7K\xdfcU\
2s\xb0\xc9k\xf9\xa4B\xf6\xa6\x91#\xc7(+\xd3\
C\x8c\x1cB@U\x95\x00$\xbdH\xe4\xe0\xc8\xb1s\
\x1e\x8c\x88\xee\xf228F4\x1am\xf8F\x03\xbe\x91\
\x93\xcfs\x12\x03\xe7E\x09\x19\xb0\x96cf\x91\xb3(\
HQ\xbd\xa5\x5cO\xe0`\xe2\x02&\x99\xdd\xcb\x0c\x84\
\x18\x11\xd8\x22`\x81A\x91m\x80\x86c\x86g8\xcf\
\xec\x9c\x14=;O\x91\x1cU\xcc\x88\xe4\x98I\xcb\xb1\
\x1d!\xea\xe3a\xd6\xe18Z\xd8f\xfe\x94!\x09\xc3\
\x00\xc8\xb6n@\x12QZL\xa4}\xfd\xfa;\x81\x99\
\x99\xa2\xe0Z\x04\x01\xa2.\x814\xa8\xb7\xd4\xd3R\x13\
+z\x99\xfc\xa3\x91\xd86'\x83\x00\xd6^\x18fS\
zR\x18!n\x9a58a\x9d\x9fh\xa5\xaf\x88\x94\
A=\x9f\x8c\x89\xa8=\xa91\xf8Q\x09\xf0\xbe\xf8\x03\
\x06\xbfIS\x1a\xd2\x7f\x13\x09\xda*\xe9\xc8*\x9a\x14\
\xdb\xb8h\xb0\x92\xe4\x19\x05J\xde\x10R\xc4C:\x9d\
\xb1\xe6\x0fY7\x22\xd4\x9f\x99RO\xa4U\x05\x00t\
$\x9d}\xb1\xd9\xb9d\xbd\x14\xbf\xaa\xcd\x14c\x9a\xa2\
`P\xcaWY\xea0AKyd\x04\xf3?f\x87\
\x05\x01D\xad\x0ea\xd4\xb1\xa3\xcf2\xbe\xf7\xf6\x1b\xe9\
SW\xbc\x07\x7f\xf1\xfc\xbf\xe0]\xbbwa\xa0\xd5F\
Q\x96\x18\x1f\x9f\xe0\xe5\xce\x12\x8a^!\xee!F\x0c\
\x0d\x0e1\x13can\x1e>\xcf\xb9\xd7\x0b\xb8\xea\xef\
>Eg~\xe3\xef\xf1\xe1+?\x87\x89u[\xb9\xdd\
\x94\xd5\xe4\xce9\xe8\x8ap\xb6\x8aFSD\xa7\xc2j\
\xf7\xac!b\x1f\x5c4e\x96\x09\xec\xc9.H\xeck\
\x82\xa5\xce\x0e:&\xab\xb6\x0d\xacrI\x04\x85\xd6\xa8\
?\x08D!\x94\x5cU%\xc7PQUy\xc4P1\
\x98\xac?\x1d\xde{\x22\x10\x8a^\xc9\xcc\xc0\xf2R\x07\
e\x5c\x80#\xd2\x81\x1ab>\xf3\xbc\x81\xe1\xe1\x15\xf0\
\x99\x83#\xe2\x10\xaa$\xcf\x22\x9c\x8ee\xb1<\x98|\
\xa6\xf3\xb4\xc8\x82\x07=\x1d\xedZVcGJ\x8e\x09\
\x1f\xc4\xc8\xb2L\x1eb\xac \xcaL\xe6\xedE@\x18\
Z\xff\x1c\x15s\xebn\x06\xf5[\x8e\xd2\x88\x10r\xe4\
\x10CEQ\x8b\xa8,\x08`0\x85\xc8LDQE\
\x08\xc4@\x96\xe5\xc4F\x94\xd9?\x22\xdbD\xc4\xa8\xaa\
BgP\xca\xe7\x99\xac\xaag\x84f\xe9\x0d\xda\xb2\x9c\
g\xff\xebM\x80\xfb\xae\x84\xedx\x15\xd3\xa6\x9b\x94\x17\
i\x1a\x90R\xad\x0c,(b\x08c\x13e\x94U\xe6\
\x89\xfa\xc6\x84:\x22\xe2\x18\xa2BY\xcd!D\xc5a\
\xd6'\x1d9\x09\x8f1\xc0\xc9\xdd\xc23\x09\x17I\xa4\
\xb5\x08\xa4`Ea\x8e\x99X\xb3\xb5z?\x82\xf0\x15\
C\xd4\xde\x97\x8d[\xb0\x0f\x84\xc9y\xfadS\x16\x1b\
\xed'\x8d\x19\x91\xc8;{x )\xac\x86>|\xb3\
\xc2\xa2\x0e:\x9cS31\xd2\xf1\x14\x94Iv\x0e\xf7\
\xfe\xe9\x8f\xf4\xa9\xcb\xdf\xc5\x7f\xfe\xbc\xe7\xd1\xee=\xbb\
\xd1n\xb5\xb8W\xf4\xb0jr5>\xf6\xf1\xbf\xe5\xa7\
?\xfd)\xd8\xb2i\x13u\xba\x1d\x1e\x1e\x1e\xc1/~\
\xf5k8f~\xeaS\x9fD\xbbv\xef\xa1F\x9e\xf3\
\x81\xa9)\xfc\xd5K_\x8c\x8d\xeb\xd7\xe2-\xef\xfe\xb0\
+F&\xb0r\xe5J.\x8a\x9eT%\x89\x06\xb23\
\xb0\xe6\x90(M\xd5Y\xb0\x89\x0e\xd9\xb4\x1a\x9d\x1a\x1b\
\x93\x83M\xcf\xd6\x00\xbe\xea\x91\xfd\xa26#\x1a\x8e\xee\
#\xc1US\xf4\x07\x82\x98##\x84@UY\x01\xce\
\x8b7\xb2\xe7\xed<-\xcc/`y\xf607Z9\
F\x86\x06\xe8\xcc\xb3N\x88C\xad&EM]\xc5\x08\
8\xef\xa9ST\xfc\xa7;\xef\xc6\xfcr\x0f\xd1e4\
:>A\x0e@\x08\x15'4\x0d\x02;\x8f\xe5\xd9C\
\x88\xc52+\x06\xb4H\x88\xb9\x86\xe3\xcc\x14\x85\xc3q\
\x9e\xe13\x86\xcf]Q\x14\x8c\xac\x81\xe1\x15\xa3\xd4j\
\x0dp\xa3\xddF\xac*\xa9\xe5W[\x99Z\xd7c\x85\
\xe5\xd9C\x08eO#\x0c@P\x8aY\x04\xa058\
\xc4\xad\xc1A\xc4\xb2\xd2\xd8J\xb8.\x9d\x03&*\xe7\
\x88\xab\xa2\xa2#\x87\xa7\xe5z\xa3f\x18\x0cH1\x91\
s\xcc\xc3\xc3+\xa4\x90\xca\xd5\xfeUO\xa0\x8e\xc1\xac\
m\xc9\x98\x08{\x85\xed9\x13\xab\xc7j\x1c%\x1c\x92\
,nR\x89\x14\xce\x118\x83\xe1\x13=Ra--\
\xbd\xa6p@<~\xe2\x02\x15\xa6\x90\xa9\xa7\xe5\xe3\x8d\
H\xad\x8d\x9cn\xaf`\x85\x95J\xa4H1\x90\xa2\x00\
\xab\x8c2E\xb3\xff\xd4\xc5U\xb2OP\xfc:Y\xd1\
T\xd4\x19\x09 \x19\xed\xacwn\xd2O\x8a\xfe\xd2A\
\x99\xd1\xd4|\xac\x88\xba\x0epS\x05\x88\xce\xbe\xa1\x22\
N\xe6}\xd2\x05\x9a\x97\x14\x0c\x15B`G\x84\x10\x81\
}\xf7\xdd\x81\xab>\xf6~~\xe6\x9f=\x8d\xf6\xee\xd9\
\x8bv\xbbE\x9dn\x17\x1b7l\xc4U\x9f\xf9,\xde\
\xf7\x9ew\xd1\xf1'\x9e\x80c\xb7m\xc3\xc2\xfc\x025\
\x1a\x0d,\xcc\x1d\xc1%/z\x09}\xed\xdak\xe9y\
\xcf\xbb\x98\x0f\x1e\x98\xa2<\xcbh\xcf\x9e\xdd|\xc1\x05\
\x17\xe0\x9f\xbf\xffu~\xf9\xa5o\xa2={v\xd3\x86\
M\x9b\xd0\xed\xf5\xe0I\x93\x12NuAG\x07\x99\x8d\
\xed\xbb\xed\xbe6lU\x0fO@P\xfb&[Z8\
y}\xa6:\xcb\xa78\x88\x93\xbd 2\x16\x99\xd44\
&k\xe0\x18UUQ\xd1+\xb8\xacJ0\x11Ue\
\x01\x97e\xbc\xdc-\xd1\x9d;\xc8\xc7\x1f\xbd\x05\xcf~\
\xc5\x0b\xf1\x84'>\x1e[6m\xc4\xe6\x8d\x1b\xec\x1d\
\xfaL\xb3\x5c\xe8\xce\xdd\xbb\xf9\xce;\xb7\xf3\x0f~\xf8\
\x8f\xf4\xe3\x7f\xfbO\xf4\xa8\xcd#c\xa3\xa8\xca\x12\x0e\
\x0e\xbe\xd1\xe4\xc333x\xfd\xcb/\xc1_\xbf\xe0\xd9\
T\x94\x81\xb2\xcc\x1bL\xb5wJFQ\xc45\xa2\xaa\
\x22\x1d\x9a\x9b\xe7?\xfe\xe1\x16>2{\x98o\xb8\xf5\
.w\xe7\xdd\xf7a\xdf\xf4\x01\x0c\x8d\xaf\xc1\xc0@K\
\xa7!\x8b\xc2T>\xa3\xde\xdc\x11\xfe\xc1\xd7\xae\xc2\x86\
\xb5\xab\xd1-\x0a\x22\x80c\x8cTjUhYUx\
\xfb\xdf|\x14\xb7\xdd\xb7\x87V\x8c\xae\x80\xac\xfd\x01\x88\
\x88\x1d\x1b\xdf\x03T\x11hS\xe0\xcf|\xea\x0a\x1a\x1c\
\x1c@Y\x94J\xa2\x82\xaa\x10@p<\xd7\x0dx\xd7\
\xfb>\x84\x01\xb0z\x1a]\xd1eV\x1aP\xa2\x99\x94\
K0@\xad5\x07\xd2J\xce\xfaEi\xdf\x86\xb93\
'NR\xb8\xb3\xa8\xa1\x1e\xbb\x8c5\x93o\xce j\
8\xa0s\xff\xc0\xd0\x01\xb1\xa2\xfeu\xa7\x94z\x00\x09\
\x83Y\xcd/\x9b%V\x07\xcb\x08\xc9\xb0D\xa5\xbf$\
*2\x0f/\x0d8\x9cp\x88\xcd\x5cS\x8b\x9c\x82 \
\xe3\x22\x13\xbc\xa7\xf4\xc6\xb0\xc0\xa7\x96M55\xa6\xd9\
\xb0e\xb7rm\xe4\x98A\x8eb\x0cp\xb2\xcb^\xd0\
\x98\x8c\xe3I:\x93X]\xf9|\x99\x09\xad\x86Q\x0e\
C\xe6\xe6\xec{`;}\xe6\x13\x1f\xe4'<\xfe1\
\xd8w`?\xb7Zm\xea,w\xb1a\xe3\x06\xfa\xd4\
\x95\x9f\xe6\xcb\xde\xf7!\x0c\xad\xde\x86\x99\xe9\x83\xe4}\
\xc6\x00\xd0\xeb\xf6h\xed\xda\xf5<\xbav\x0b\xfe\xf2\xa5\
\xaf\xc4\x9fn\xbd\x19\x1f\xbc\xe2\x0a>2s\x18\x99\xf7\
<;{\x98\xc7\xc6F\xe9\xfb\xdf\xfa\x1a\xbd\xe6\x0do\
\xc5\x0dw\xdc\x8b-[\xb7\xa1,\x0b\x05:R\xac\xa4\
\xc00\xd5\xef'eRO.yX=\x1bU\x08\xae\
\x13\x04f\xdfMm\x00\xaby2\xab\xa2\x1aO5^\
MF\xda\x82\xa2P\x15\x5c\x16\x05\xf7z=*\x8a\x1e\
\x9cwq\xee\xd0!\xda\xb4~5\xde\x7f\xf9\xc7\xf9\xf9\
\xcf\x7f.\xb5[\xad\xf4\x9b\xa1\x0aV\x00#\xf0O\x81\
\xa2\xf7\x8e7o\xdc\x88\xcd\x1b7\xe2)Oz\x02\xbf\
\xfeOw\xe0\xd2\xd7\xbf\x197\xde\xbb\x17\xab&\xd7p\
Y\x14\x88\xe4\x08\x888\xf7\x9c\xb3\xf9\xe8m\xc7\xe0\xff\
\xf2e\xe1\xb9\xfb\xbf\xfc\x8c\x1f\xf9\xf0sa?\xdb\xb9\
{7\xfd\xec\xdf\xff\x03\xd7|\xeb\x87\xb8\xe5\xc1\x9d<\
\xb9\xe1(B(9D s9/t\xcbx\xdf\x03\
;\xe8Q\x8f<\xdf\xde\xf7!\xef\x05\x00\x1fx\xd7[\
\xf0\xc4g\xbd\x90\x07W\x8c\x02\xd2\xd7/a\x11\x83\x11\
+4\x07\x06i\xea\xfe{\xf0\x85\x8f\xbd\x07\x7fq\xd1\
3\xfeo\xd7\x0b\x00x\xcfW~\xc8s\xd3S\xd4^\
\xbf\x8ec\x8c\x92\xd1'\x8bW\xd9p7\x98MK\xcd\
!I\xd0\x9c\xe4\xf4\x7f]\x1f\xf7\xc3XA\xcad\x04\
1\x04\xb3\x98N\x9b\xd9g]`)C/\xe5C\x88\
%\x0e\x92\xb09\x05\x15\x915['\x00\xbe\x16%%\
\x10\x00(&\xed\x8bR\xe4b\xac\xcd\x80\x99-\xfb\xc9\
\x5c\x07\x9f\xb2\xb1D^\xa0\x88CB\x04\x85!\x89b\
dB\xfd\x1a5\x0b\xb5\x5c\x0b{\xaf\xa3\x97\x95\xd1\xb7\
\xcfV\x9e\xc6n=A[\x8a\x16\xf3\xa7\xd88!\x09\
\xf9\xf4\xc8\x913\xe780x\xcf\xfdw\xe1\xaa\x8f\xbd\
\x9f\x9f\xf0\xf8\xc7`\xff\x81\x03h5\x9b\xe8t:\xbc\
a\xd3F|\xfa\xd3W\xc5\xb7\x5c\xf6~\x1c\x7f\xfa9\
402\x8c[n\xdf.\xf0\xcf\x11\x16\x97\x97\xf8\xb8\
c\xb7a\xf5\xea\x09\x1cw\xc69\xfc\xc9\xcf~\x09\x17\
?\xf7\xf9 \x9fc\xa0\xdd\x063cii\x89\xca\x18\
\xf0\xf5\xaf~\x0e/z\xf6\xe3q\xf7\xed\xb7\x90\xf3\x0d\
8Y\xe3\x9d\x02$\xc3\xfd\x86\xeb\x0cO%\xe0h\x94\
f\x8ae`\xb0\xae\xf6\xc0)\xd9\xa9\x80\xbf\xceM\xd9\
\xc1\xd9{\x1b\x9e\x10\xd8@\xc4!D\x14E\x97\x10\x99\
B\xa8p\xe7\xad\xb7\xd0\x93\x1eu\x0e~\xf9\x9f\xff\x82\
\x97\xbe\xe4\xc5\xd4l4\xa8,\x0a\x94eI!\x04\x86\
#\xe4y\x8e,\xcf\xe0\xb3\x9c\xbdw\xf0>\x87\x83L\
].\xca\x8a\x8a\xb2\xc4i\xa7\x9c\x84\x7f\xfb\xa7\x1f\xe0\
\xdc\xe36\xf1\xdc\x91#\xf0yF\x91\x19\xcd,\xc3\xa6\
\xf5\x93\x14c\xa4\xb2,\x11BD\x082B>\xc4@\
!\x04'\x93\xa2\x22\xe9\xc4(\xd9OXUT\x96%\
\x15E\x81*\x06\xda\xbcq#^\xf1\xb2\x97\xf2/\x7f\
\xfa\x03\xbc\xf5\xe5/\xe0\xe9\x9d\xf7\xc6\x8a\x89\xbc\xf3\x1c\
\xaa\x12\x83\xe3\xab\xdd\x87>y5\x1d\x9c\x9e\xa6\xaa\xaa\
\xa8\xac*\x12\x923 \x84H\xbd\xa2\xc4c/8\x0f\
\x8f\xb9\xe0a82=\x0d\x9f7E\xb1\xd4\x0de\x8d\
\x16\xa6\x0fN\xe1\x89\x8f|\x18\xbf\xec%/F\xa7\xd3\
EQV\xa8*\x99`\xd5-JF\x0c\xfcO\xb7\xdc\
\x87\x0f\xbd\xf1\x0d4>1\xcaA\xc6\x04\xb1\x85\x9b\xda\
\x91\x10S\xebD\xc2\xc5\xa8UL\xec\xbdH0\xf7Y\
\xeaZ\x7fT\xbd\xe5\xbb}\xb0\x8b\x1d\xcc92\x04\x0c\
\x98n'~\x82\x01\xb0\x8e\xf1\x8e\x9c\xe6\xb3[\xe4`\
9\x09\xd3j\x8d5\x985\x0e\x8c6LJ(\xbeh\
3\x05t\xa2\x8fjw\xca\xf2\x08k\x1f\x11\x18i\x98\
\xa9\xb9-F\x1fF\x8d\xc6YH \x9c\xee.Ix\
zZ\x16\x15h\xbc+\xc1\x04\xd9\xcb\x00\x1d\xb7\x15\xe5\
G\x91\x9d\x89;\xd7\x7f`\xb3\xb6\xa1\x0ap\xce\xd1r\
\xaf\xa0\xfd;\xee\xa5\xcf\x7f\xeaCx\xd2\x13\x1e\x87\xfd\
\x07\x0e\xa0\xd9l\xa1\xd7+h\xd3\xa6Mt\xe5\x95\x7f\
\x87\xb7\xbc\xe3\xfdt\xcay\x8fD\x9ey4\x9a-\xdc\
{\xcf=\xec\xbdgfF\xa8*dy\x03\xb9D+\
t\xday\x8f\xc1\x7f\xfd\xfa&z\xf2\x93\x9e\x84\x03\x07\
\x0f\xd1\xf8\xf8\x04\x85\x18\x11C\x85C\x87\x0e\xe1\xbd\xef\
z\x07>\xf6\xbe7\xf3\xde\xfb\xef\xc2\xe2r\x97\xb2<\
KS\x91\xa3\x9e\x89\xacJS\xf6<\x99<\xa0\x8ec\
\xd4\x9d\x8b\xf1\xa5\xda\xbd\x98\xab'i\xad\x85e\x0b\xfa\
\x14\xbf\xcf\xdc\xa8\xc1\x90o\xc7\x80\xbc\xd1\x00yG\xd3\
\x07\xa7\xf8\x86\xeb\x7f\x8bc\xd6\x0c\xe3'\xff\xf6cl\
\xde\xb4\x09\xbd\xa2 \x00\xec\xb3\x0c\xce\x89\xa8\x85\x108\
T\x81\xaa*P\x15*\x1d\xb5\x1e\x01'iO\xef\x1d\
\xb2<\xa7\xa2,ixx\x18\xdf\xf8\xda\x17\xa9\x11{\
TE \xc2q\xe8-\xf1\xe8\xe0\x00;\xe7\xe0\x9c\x83\
\xf7\x0e\xce\x119\xe7\xd9\x91#\xef=\x9cs\xec\x9dc\
\xcdB\xc0{\x0f\x9fe\xf0\xce#\xcb\xb2H \x0e1\
\xa0,K\xf8,\xc7\x15\xef~+}\xf3\xea+hi\
\xff\x83\x5c\xc1!p\xc0@\xab\xc1\xbb\x0f-\xf2\x17\xbe\
\xfcUdY\x060K\xea2\xf3p^IY\x00o\
\xb8\xf4U\xe8\xccM#%\xa9\xa4\x80\x01\xdd*b\x88\
*\xfe\xcc\xc7/g\x00\xf0Y\x86\xcc9d\x99\x97\xf1\
m\x04\xccU\xa07]\xfa\x06\xb4<\xc15\x07\xa5\xf2\
\x80%\x05\xaf\xdc\x16\x11\xb9\xb4q\xdbt\xdb\x9a\xb5\xbd\
\xf3vD)\x95\x9e\xca\xba`\xfc\xbd:\xfcD\x86\xa5\
\x1c/;$\x00\x06'\x1c\x1e\xb3i^b\x0aX\xb4\
Q\x1c\xb9\xa2\x02\xc5\x13\x5c\x1b\x14\x02\x81R\x05\x99\x0d\
M\x14o\x94.N3\xa8}\xf9\xdbh\x9fCl\xb0\
\x1f\xac5\xe5\xf6\xca\x04c\xe5\x81\xc8\x8d\xd1C\xae\xcb\
\xb4^-\x80\xd1\x83\xe96\x22k\xc6P|\xbb\x90=\
\x91\xac\xbf\x80\x84\xceg\xa6\x88\xc8R\xd3\x1e9\xc0\xaa\
\x1fc\x8c\xb2\x80\xd4\x01\xcb\x9d\x0e\x0e\xee\xbe\x1f_\xba\
\xf2\xc3\xfc\xd8G_\x88}\x07\x0e\xa0\x917\xd0\xeb\xf6\
\xb0q\xe3F\xfe\xc8\xc7>\x8e\xb7\xbe\xfbr\x9c|\xee\
#\x91{\x99\xcd<<4\x82\xe5n\x8f\x0eM\x1f\xa2\
\xcce\x881R3o\xe0ag\x9f\x89n\xb7\x87X\
V8\xe9\xcc\x87c\xef\x91\x12\x8fy\xec\x13\xf1_\xff\
\xf3\x0b\xda\xbci3bUr\xee=\xef\xdf\xbf\x8f\x9f\
\xff\xdc\x8b\xf1\xed/\x7f\x0aa\xfe\x00\xa6\xa6\x0fR#\
o\xa0,K \x06p\x88uc\x96NG\xd2I\xc9\
\xfa 4\xf9\xac\x13\xaaD^\x14\x9a%&\xd0\x00\x05\
\xc9cg\xae\x01\x22X9\xf6\xda\x06HLHD\xe4\
p\xd7-\x7f\xe0[\xfex\x03\xe2\xfc\x14\x7f\xe6\xca\x8f\
\xb1\x83\xe3\xb2,\x917\x1a\xec\x9c\xcc\xe9\x0f\xa1B\x96\
y4\xf2\x9c|\xe69\xcb<2\x9f!\xcf21`\
\x90\x05\xa0\xde9F\x04\xe7Y\x86\xa2,\xb0e\xd3F\
\x5c\xf4\xb4\xc7c\xf6\xf04\xfb<s\x8e\x08\xce\xe5\xc9\
\xde\x87X_&\x11\xc5\xb2\xaaP\x94%\x17E\x89\xb2\
,\xb9\x0a\x01UU\xc9|\x07\xefX\xac\x05\xd89\x07\
\x9f\xe7 \x07\x14\xbd\x82.~\xd63\xf0\xc1\xcb^\x8f\
\x03\x0f\xdeC>o\xa2*:\x18]\xbb\x11_\xf8\xc6\
w\xb1_j9\xb8\x0a\xe6\x95\x22\xfb<C\x15\x02\x9e\
\xf2\x84\xc7\xf0\xf9\xe7\x9c\xc9\x87\x0eM\x83|\x86\x08\x86\
o\xb40\xbd{'_\xf1\x8e7\xf1Q[\xb7RQ\
\x14\x9cy\x07\xa8\xbeV!\xb0\xcfsz\xdd\x87\xaf\xa2\
\x07~\xfbK\x8c\xae\xdf\x88X\xf4@fF\xe4\x7f\xfa\
\xe8c\xbf;\x22q\xd5\xf2\x97\x18\x83\x19l\x03\xca,\
\x0eQ\x0b\xcd\xa2\x16\xdd%\xac\xd8G\x8e0\xcb\x16z\
K\x80Q\xc2\xf2\xf2@\x85e\xd7\x02\xfc:\x9dXS\
v\xea^\x99\xf9\xa1C+\xb5F\x00\xc6\x13\x8a\xf1J\
\xa1\x05+\x94'\x9d7c\xe8\x82\xeb\xb8@Z\x14\x98\
u\xdc\xb7\x1e\xad^\xcdC\x0c\x85\xe5\x0d`Y\x00\x95\
w\xfdL\xf3\xffH\x81\xadNKK\xe6\xd2\xd2gd\
&\x8d)\x11\x99\x801$!\x06x\xef\xd0\xe9\xf60\
\xbb\x7f\x07\xbe\xf1\xc5+\xf9\x82\x0b\xce\xc3\xbe\x03\x07\xd0\
j5\xb9W\xf4\xb0i\xd3\x06\xfa\xe8G?J\xefy\
\xff\xc7\xf8\x94\x87]\xc0\xe0\xa0:\xc6\x18\x1c\x1c\xc4\x8e\
]{x\xe7\xae]h\xb6Z\x1c\xaa\xc0\x83\x83\x034\
91\xc6\x9d\xa5\x05n\xb4Z\xe8v\x16\xb1\xe9\xe8c\
1\xb4\xe6(\xfc\xf9\xf3^\x84\xab>\xf3Y\xacY\xb7\
\x01U\x15\xe0\xbc\xa3}\x07\xa6\xe8\xc4\x93O\xa6\x7f\xfa\
\xc17\xf9\xc4\x0d+\xf9\xc1\x07\xeeC\xb3\xd9D\x88\x01\
\x91\xb5\x0e\x9f\xa42\xa1n]%\xe2\xc8\x84\xbe]\x0f\
Z;\x99j*\x12)T\x7fi\x9cG\x16%\xe8\x98\
\x0a#^\xf4\xe9\xc7\x88\xc6\xc0 n\xbf\xedV\xecz\
\xe0~\xf4\xe6\x8f\xd0s\x9e\xf5T\x1c\xb5y\x13\x15E\
AY\x96\xe9\x993\x85X\xa1\xd1h\xf0\xf6\xfbw\xf1\
\xdb\xdf\xfbA>\xff\xb1O\xc2\xf9\x17>\x9a\x9f\xf4\x8c\
\xe7\xe2k\xdf\xfa\x1e2\xef!\xd5hv\xb6\x96I\x90\
\x0f;\xe3\xf4\x93\x10:K\xa8\xca\x0a\xabV\xaf\xc6\xf0\
\xe8\x8at\xc1\xe4\xa0\xe9\xba\x88\x88Hy\x96Q#\xcf\
]\xa3\x91\xa3\xd1\xc8\x91g\x19gY\xc6\xde{Te\
I@\xd4\xf2#\xe83s\x9c\xe5\x19\x17e\x897\xbe\
\xe6\xaf\xf1\xb8sO\xc1\xe1\x03\x07\x98\x5c\x86f\xb3\x81\
\x03s=|\xfeK_S\xa3\x17\x191\xc2)h\x09\
\x81\xe1\x01z\xfb\x1b_K\xc5\x91i\xc09\xe4>\xc3\
\xf4\xd4\x14?\xe5\xc23\xf0\xb2\x97\xbd\x98\x8a\xb2\x84\xf3\
\x99\x22b\x87\xb2\x0ahd\x19\xbe}\xfd\x9f\xf8\x9b\x1f\
\xfe\x10\xaf\xdc\xb4\x95BU\xa4\xbeI\x80$3\xd9W\
j\xa7\x1a\xaeV\x97\x94\x0c\x80\x02oN\xd5\xbf0\xcb\
M\x86i\x09I-Tg\xfa\x03\xc7,\x05\x0c\xd2\x09\
\xea\xd3\x80\x0dS\xcch&Ai\x07k\xc8Aj\xe0\
\xd1k\x92|n\xd4n9D\xd8\xb2\xb1:\xb6WD\
.\xbe\x88)\x22P\x92&@{*\x84\x842r\x8b\
\x00\x8e\x04\xa7\xa1\x04H\xe2\x225J\xc9\xba\xd4\x9e\x9e\
P\xfb)sb\xfd\x0c!?\x84.Q\xe2C\xda\x9d\
S\xe8lr\xce\xda\xee\x5cE\xe4YN\x8bKK\xbc\
pp\x0f}\xed\x8bW\xe2ag\x9eA\x07\xa6\xa6\xb8\
\xd9l\xa0\xe8\xf5h\xd3\xe6-\xf8\xe8G>\x8a\xf7\x5c\
\xfe\xb7|\xea\xb9\x8f$B\x00\x93\x87\xf3\x99-\x90 \
\xf8\x8cC,\xe1\xb4\xbe\xb8[\xf40\xb9f\x0d\xbc\xf7\
`\x10\xb2\xacAeY`\xc5\xd8\x18\xb7O?\x0fo\
|\xfb\xfb\xf0\xa7[\xff\x84\xab\xaf\xbe\x12\x8b\xf3\xf3\xdc\
\x09=\xcc\xce\xceR\xbb\xd5r\xdf\xbc\xe6s\xfc\xb6\xcb\
\xde\x87\x1f\xfd\xe7o\xb1e\xdbq@UI\xf1KF\
\xfa\x8c\xa4\x09GC,q\x1b\xc6\xd12K\xf2\xd5*\
P,d\x93\xc8\xce\xf2)b\x07T\xebSm\x86=\
m\xa3m a\x80k4\xc8q\x89\x97\xbe\xe8\x05\xa8\
\xaa\x8a\x18\xe0\xaa\x0aL\x04\x94!\xa2\xd9l\xf0\xb5\xd7\
\xfd\x18\xafy\xf5kh\xb9\x1b8\x1b\x16\x05vn\x1a\
\xff\xfeo?\xe3\xdbo\xbb\x95>\xf1\xd1\x0f#r%\
\x0e\xc6\xc9|\x1c\xb3K\xe3k7#o\xb5hiq\
\x89O=y\x13\xc6GG8\x84H\x9e\xbc\xc8at\
\xa8bD\x96e\xf8\xca\xb7\xbf\xcf\xbf\xfb\xef\x9f\xb1\xcb\
\xdaD\xbeA\xab\xd7\xad\x8b\xe7\x9du\x0aN;\xfd,\
\xac[=\x0e\xc4\x10\x03\x8c \x92\xc2!GD\xce\x89\
Cz\xdf;\xdf\xca\x8f}\xe6\x8b\x80\x89UTu\xbb\
\x18[\xbd\x91\xbf\xfa\xad\xeb\xe8\xb5\xaf~9&V\x8e\
i\x5c\xee\x88\x88)\xcb\xb2X\x96\x15=\xfd)\x8f\xc7\
\x85\x0f?\x0b\xbf\xbfg\x0fFW\x8e\xf3\xb0+p\xe5\
\xc7\xafH\x9d\x01:{\x86\xaa\x18\x90\x13\xe8\xbe#=\
\xbc\xee\xaf_\xcb\xed\xa1\x16\x5c\xa3\x09\xc9\x8ayKh\
j|k\x92\xca*\xc7)\xd8\x16\xa7\xa6\x9c\x8c\x0e\xc7\
W\xdc\x96R\x87z\x8a\xbabL\xb3\x81\x5c\x07\x84f\
;5c(3!\x10\xab\xc0Q\xdb:\xd92\x7fQ\
\x93\xfcP\x0f\x22H\x9ajc\xc2\x1c9\xd6l2\xea\
^\x1a\x8e\x91bb\x1e%\xc7\x1a\xac\x1cO'\x03\xb1\
\xb2\x8c\xc6FB\xf8+\x9b*\xa6U\x1cB\xc7%`\
\xa28\xd6\xe0\x81\xa99\x0b\xb5\xa0HG\x1fXBO\
\xfd\x16P\x84\xbeNuC7\xbfH\xd6#F\x9bu\
\x10\x90\xe5\x19\x96:\xcb\xb13\xbb\x9f\xbe\xfb\xf5\xcf\xe1\
\xcc\xd3N\xc3\xd4\xd4\x14\x1aY\x83\xca\xb2\xc4\xbau\x1b\
p\xf9\xe5\x1f\xc2{?\xf4I>\xed\xe1\x17\x92w\x80\
s9\xf2,\x97\xeaz\x0dZ|\xd6\xa0[o\xdf\xce\
Y\x9e\xb3s\x0e\xcbK\xcb\xf1\xac\xd3Oe\xc4HQ\
G<g>\x03\x98\xd0h4q\xd6\x05\x8f\xc55\xdf\
\xfd\x11\x9e\xf1\xac\xe7P\x19A+\x86G\x10\xab*\x16\
\xbd\x1e\xcf\xce\xcc\xd2\xa7>\xf1!\xbc\xebu\x97`\xd7\
\xdd\xb7\xa1\x0c\x15\x9c\x97\xe1\x181\x06\xd63#\xe6 \
\x92nd\x88\x99rq\x7f\x82\x888\xa6\xe2\x86\x876\
EX\x1d\x0d\xb1\xf13R\xd9YW\x0a\x11\x00O@\
ga\x81\x8f;v\x1b\xce{\xf89\xc8\xb2\x8c\x9b\x8d\
\x06\xe5y\x86,\x13/z\xf7\x83\xbb\xdd\xcb^q)\
\xd1\xf0\x04Mn=\xd6\x8d\xae\x9c\xc0\xd8\xf8$\xad\x18\
\x9f\xa0\xc9S\xce\xc1\xd5_\xbb\x8eo\xbb\xe3Nd>\
\x03\x1b\xc1\x9c\xac60\xb7\xb0,\xe4Y\x0c\x18n5\
\x09\x80\x84h\xca\xf5\xf7Q\xf4\xf1K\xdf\xf8\x1e\x7f\xf5\
\xda\x1f\xd1\x97\x7f\xf4\x1f\xf8\xd2\xf7\xfe\x99/\xff\xf4\x97\
\xe8i\x7f\xf1rw\xe6\xf9\x8f\xc5\x87>\xf6I.\xd8\
\xcb$i1qd9t'\xab\xdf\xe2\x85\x0f\x7f\x18\
\x1e}\xdeY4{x\x1a\x94\xe5h\xb5\xdb\xb4o\xae\
\x87/|\xe5\x1arN\x8a\x7f\xea\x1cC @\xc6\xc7\
\xbc\xe9\xd2Wr\xb5\xb4\x18\x0e\xee\xdb\x83\x0f^\xf6\x06\
:\xf6\xe8\xa3\x11\xca\x0a\xde\xb9T\xd6\x12c\x00{\x8f\
\x97\xbc\xe62\x9e\xb9\xeb\x06\x1a\x9e\x5cO\x0e\x11\x99\xd7\
i\xd0\xf2*qD\xfd\x88\xbc\xbfh\x80\x8d\xbd\x91F\
\xbe\x04\xde\x18\x14\xb8/\xd5\x07 FX\xab\xbc\x9e\xb9\
Ay\x07&r\x99N\x020\xab\x02V\x0fk\xe1D\
\xaa\xff\x13oA\xe6J\x00hE\x91\xe8\xb2`\xedH\
\xf6\x02\xc5\x09\x96=b\xc5\x9a2\xa5\x07uu\x19\xac\
\x9e\x80\xd1w\x15R\x8e\x9eF\x82\x03\xb5\xec&Od\
\x9c\x80\xeeY\x06\xacWB\xb3\x89\x0c\xd6\xfa\xe8\xf4\xe0\
R\x0dLb\xc5\xf4\xfdR%\x04kL\xe2\x00F\x08\
\x8cf\xb3\x89\xc5\xc5\x05tf\x0f\xf0\xdf_\xf3\x05>\
\xf6\x98\xa3iz\xfa \xe7\x0d\x89\xbf\xd7\xae]\x8bw\
\xbe\xe7\xdd\xf8\xe4\xd5\xd7\xd0\x19\x0f\xbf\x00\x1c\xab\xb4\x80\
\x93\x88\xa4\xc6\x5cv\xc1sQF<p\xdf}\xd4l\
\xb5\x10\x82(_\xab\xd5b\xaezLNrz Y\
g\xa6\x0d6t\xfa\xb9\x17\xd0oo\xb9\x0d\xe7_\xf8\
X|\xff\xbb\xdf\xc0\xc9'\x9dH\x07\x0eL!\xcf\x1b\
80u\x90^\xf1\xb2\x97\xf2\xd1Gm\xe1\xb7\xbc\xfb\
CD\xed\x15\x18\x1f\x1fG\xb7W\x10\xc9\xfar&\x22\
\xb2\xc9N\xa0\xc4\xc9\x12\xe0R\xfd)\x01\x1c\xf4\xb1\x92\
\x1a\x08\xd5@\x01\x11Z\xe3j\xeeX\xb9\x04h\x05\x1a\
\x81\x08\xa1*yb\xe5\x0a\xfc\xea7\xbfE\xb7(\x90\
;\xa9\xae+c\xc5\xad,\xc7U\x9f\xff2\xc8\xe5\x18\
\x1c\x1cF\xd9\xeb2\xb9\x8c\xc81\x10\x02\xbc\x0b\xd4\x1c\
\x1c\xe2\xa9\xc3\x87\xed\xac@\xde!\xc2\x81\xb9\x02\x00\xec\
\xde\xf9 \xc7\xa2 \x8e\x15BQ\xf4\x0b\x03\x01\xda\x1d\
hb\xd9YFs\xf31X9\xb6R\xc83'\xe3\
'\x8b^\x0f\xefy\xff\x95\xd8\xb1\xe7\x80\xfb\xf2\xd5\x9f\
@Y\x05\x22\xe7\x14\xda\x8a\xcc\x86P\x91w\x0d<\xff\
\x99O\xc1\x7f_\x7f\x050>\x81\xaa\xe8al\xf5z\
|\xe9\xda\xef\xf3+\xff\xea%\xb4zr\x15\x87\x18\x09\
\xceE0\xc1yGeU\xd1S\x9f\xf8\x18\x9c\xb4u\
\x1d9\xc7x\xe5_\xbd\x08eU\xc1\xfb\x0c\xe6\xedB\
\x08\xd4j4\xf8\xfd\xd7\xfe\x98\x7f\xf3\x9d\xcf\xd1\xe8\xd6\
S8\x86\x0a\x9e\x1c\x91\x0c\xb0SY\x94ZS\xab\xee\
tl\xc0^\xc2\x156\xc6\x16\xd0rg\xa4\x8c\x8f\x16\
\x09(<KL\x9b\x84\xd2\xb5\x15\x00X\x10C\x06K\
\xde\xa9'\xd47\x03l\xe2Y\x84\xc5\xecR\xf8m\xcf\
\x5c\x88x\xd2\xe6\x16\x8b\xa3\x99u\xad\xb2jm\x1fP\
T\xf5R\x9b!\xe0\x84\xea\xef\xeb\x1f#`\xb8\x14\xea\
\xa5\x19LN\xbb\x99\x8c\xaa\x22\xb3\x00\xfaf\xe9\xee\x92\
)\xac\xadb\xdf\x0a\xd6\xfe\xd8\x00\x96\x18\xac_(c\
\xf0#\x03\x1c9P\xb3\xd9\xc2\x91#\xb3\x08\x8b\x87\xf0\
\xbdo|\xd9m\xde\xbc\x19\x87\x0e\x1fF\xa3\xd1\xa4\x10\
+\xacY\xb7\x1e\xefx\xc7;\xe2\xa7?w\x0d\xce8\
\xef\xd1\x84\x18\xe0H\x18h'\xcd\xee \x90\xac\x90b\
\xe6\xc1\xe1a\xcc\xcc\xcd\xa3\xd3Y\x06y\xa0(\x0b\x9a\
X5\x89mG\x1f\x85\xd9N\x17\xedf\x93\xa05\xf9\
>\x0ar\xe8\xf5z8\xfe\x94\xd3\xb1\x7f\xf7\x0e<\xee\
\xf1O\xc6\xe7?\xf79<\xef\xcf/\xc2\xee\xbd\xbb\xd9\
\xfb\x0c\xfb\xf6\xed\xc3\x05\xe7_@?\xfe\xceW\xf1\xd7\
\xaf~\x03\x1e|\xf0Al>\xeah\xf4\xba\x1d\x96A\
\xe2vb\xda\xec$\xb15\xcb,z{\x88\x16+\xa8\
\x14!\xd5\x0c\xa0\x06\xa2\xfaEF\xe5\xb0\x9d;\xc7\x18\
hhd\x84n\xfa\xd3\xfd\xb8\xf0\x89\xcf\x80\xa4\x82\x88\
\xad\x98\x0b\x1c\xd0\x1c\x1c\xc5\x8a\x89\xd5\xa8\xca\x02\xceg\
b\xa0\xc8q\xdelb\xa9\xd3\xa3\x91\xa6\xc3Y\xa7\x9c\
$\x1f\xe1\xf4C\x5c\x84\x17\xe5\xc5?\xff\xf4?\xa85\
2\x86P\x15<\xb1v\x9d\x1e\x99Tn\xc5h\xaeJ\
\x0e\xb4\xe8,p(+.\x8b\x9e\xb2\x9fb\xe0}\xe6\
\xb0\xf6\x8cs\xe8\xab\xdf\xfe>\x9e\xf1\x94\xc7\xe1\xcf\x9e\
\xfad.\xab\x0a\xdee\xec\x1c(\xc2\xc1Ea\xe9.\
\xb8\xe0\xe1\xc8]\x04W\x92Yi4s\xec\x9bZ\xc2\
5_\xfb\x1a\xdey\xd9\xdb)\x84@9i]\xbb\x96\
\x97\xe6yF\x9f\xfa\xc8\xfbh\xc5@\x9b\x9d\xf7\x5cU\
\x959u.\x03\xa3\x99{\xfe\xcf{\x0f\xe2\x8a7\xbc\
\x81\x06&6H\x06\xc3\xb1\x19!J\x06\x15\x0a|\x94\
\xf9\x8fR\x8e\xc5\x8e<\xc9\xc8v2]I\xfaC\xce\
%\x15PV\xdf\xfa\xab\xac(\x06\xe8W\x13\xa5\x05t\
\xdcA\x845\x17\x10G\x0e,\x83\x06Y\xdboU'\
\x91\xd6\x86\xa7\x19\x02P\x11\x12\x0f[\xe3\x01h\xf8N\
\x0a\xdc\xd5di\x83(\x9b%\xb0\x14\xa1\x10t\xca\xea\
\x1b\xc67\xa8\xce\xc9q\xf7!\x19\xaeS\x91\xda$\x84\
\xa8\xf7\xa2\xe6\xa4\xc6\x1c\x09\x02\xb1v\xc5\xd5\x0a\xaf%\
P\x96Y\xd02\x87*\x14\x94\xe5\x0d\x1c>|\x18X\
:\x84\xeb\xbeu\x0do\xda\xb4\x81gf\x0f#\xf39\
b\x0cX\xbdz-\xde\xf6\xb6w\xf0\xd5_\xfe\x06\x9d\
\xfa\xf0\x0b\x89\xc0\xec|\x06Mw\x91\x18\x01\xd2\xec\x0b\
q\x8c\xa0\x81\x816\xddz\xdb\xedX\x5cXF\x9e\xe5\
T\xf4\x0a^\xbbz5\xaf\x18l\xa1\xb3\xbc,\xcd3\
\x8e\xc8\x13\x81\x9c\x87s\x1e\xadV\x1b1\x94X\xbfi\
\x0bVm=\x95^\xf8\xa2K\xe8c\x1f\xfd\x18\xad_\
\xbf!\xad\x96\x99\x9d9\x84\x89U\xab\xf0\x83\xef^\x8b\
\xc7\x9cs\x12\x1e\xbc\xf7N4\x9a\x0d\x80CRb\x16\
\x89\x80(\x89\xb5\xde%[l\x02A\x09\x8a\x91\xaf\xeb\
\xaa\xd5$\xd4MPF\xc7\xea\xa1\x90g\x8e\xccy\xbb\
\xc5+\xd7l\xa6\x95\xeb\x8e\xe2\x95\xeb\x8e\xa2\xf1u[\
\xdc\xc4\x86\xad\x98\xd8|\x1cF&VS\x19*\x94\xec\
P\x04\xa6n\x15Q0pxf\x06\xcb\x07\x1e\xe4+\
?\xfc\x1e\x9e\x18_\x89\xaa\xaa\x92\xb4\xf6\xba%\xf9,\
\xc37\xfe\xe1'\xb8\xf5\x86\x1b1:\xb1\x0a\x5cUt\
\xfa\xa9'\xab\x9d\x10\xff\xe2Dv\xd9{\x87\x03\x0b\xcb\
|\xb8S\xa2\x99yy\xf2D\x90y\x852\x86\x0d\xa1\
\x84\x1f]\x8bk\xbeu]\xb4'\xe3\xa4\xd9\x97\x1cj\
\xa8\xbdrb\x12\xeb6m\xe2nw\x19D\x8cX\x16\
\x18]\xbd\x8e\xbe\xfc\xcd\xeb033\x8b\xcc{\x15y\
\xc9\xb6\xf8L6g=\xf6\xc2\x0b\xe2Yg\x9f\x85\x10\
\x02e\xce1\x13b\x15#rD\xec-\x1c\xbf\xf0\x92\
W\x93/\x161\xb0r\x12\x9e\xa34tA\xd3zN\
+\xfc,^\x80BH9\x17\x8aH\xca\xaf\xccv\xfd\
\x95\x8cx\x8d\xb7m\xfc\xa0U\xdc\xdal\x0e\x83\xc4\xf2\
\x0c\xa5h\xc9\xb4K\x15%rJ\x12\xa5\xc0_/(\
Z\xac\xa8Y\x03p\xff\xef\xb2\xf4\xd7\x0aU/\xeeZ\
J\x8d\xa4\xb3O\xae\x9aI\x08F\xc1\xa5\xac\xe8\xc1\xb4\
\x95\x19ZS-\xcc6RQN\x9fS\x8f5l\x89\
\xfa\x82dx\xb8\x0e\x14Rh\x9b\xac\x87\x11\x90J}\
%\xf7\x98n<\x86\xc0\xadf\x0bGf\x0ec\x88\x96\
\xf9\x9f\x7f\xf8=L\xae\x9e\xa4\xd9\xd9#\xec\x9dG\xe4\
\x88\x89U\x93\xfc\xeaK_\xcf\x9f\xbf\xe6\x9b8\xf9\xac\
G\xc8\xd4S\x22\xa4\xad>D\xe6y\x92n\x11\x98\xc9\
e\xe8\xf6\x0a)\x82\x80\xb4\x1d\x97e\xc1\xab''\x81\
\x18\x98t`\x009\xe9\xabr\xdek\xfe:\xe7\xb2,\
122\x82\x93\xcf}\x0c\xdes\xf9\xc7\xf8\x85/|\
1\xb7\x07\x071\xd8nsd\xc6\xc2\xe2\x02\x17E\xc1\
\xd7|\xe1*\xbc\xee%\x7f\x8e\x07\xb6\xdfN\x11$\xad\
\xcd\xa1\x12T\x17\x0d\xe6\xa9\x9d\xac\x8f\x5c\xb3\x06v\xe0\
\x027k\x97R\xbfN\xef\xa7\xff+\xb5\x10p\x0c\xa8\
\xaa\x1e\xca\xa2@(\x0a\x84\xb2\xe0\xb2\xeaq(K\xea\
u\x96y\xac\x05\xac\x1f\xc9y\xf5\x80\x8b\xab\x07\x08\xab\
\xf3\x0a\x17?\xf6a\xf8\x8f\x7f\xfe\x0e\x9e\xfb\x9c\x8b(\
\x84\xc8N<\x19We\x85v\xab\xc97\xdd\xb5\x03o\
x\xed\x1b1\xb2v#G\x8e\x1c\x8a\x92\xd6O\x8c\xca\
\x91\x828\xc6\xa8\xa4\xb0\x5c\xe0\xee=\x07\xe8\xe0\xf4,\
\xe5\x8d\x86\xde\x83\xa2A\x02\x03\x0eU\xa8026\x8a\
?\xde\xbe\xdd\x1d\x9e\x99\xa1,\xcb\x05A\xc8{\x81\xbc\
\xe3PU\x98\x1c\x1b\xc1QkVbqy\x99\xa1}\
/\xcdV\x93\x1f<\xb8\x80/]s-;\xe7P\x85\
\x12)\x09\xa5\x8dCVtd\xcc\xb3\xc8`\x05\x97\xe7\
\xf8\xeb\xb7\x7f\x92\xa6~\xfbS\x1e^\x7f\x14\xb8*\xe0\
\xbc\xb3\x92eC/\x09\x0d\x93\xaa.\x99b\x91)\xad\
9,\x18\xceG2\xdaj\xba\x93\x92\xf4\x9d\xb04\xc4\
\xaa\x81\xb0@\x8f\xc02\xbf\x110\xb2\x10QP\x81z\
\x03\x80\xb4\xddW\x18}K\xd5\x81\x99\x9c\xe5\xfc\xd1\xe7\
N\x84+\x80x&\xbbJ-\xe0\xd1\xc0<)<\xa5\
\xae6\xb5\x05I[\xd2\x18a5C)rP\x94\xa2\
\x88\x84\xc5\xfe\x9a\x1c\xd6\xb7\xab!\x01\x19M\xa9O\x8a\
\xb9\xfe-\xd4e2\xd2\xfb \xf5\xdd\xd4h\xb4\xf8\xf0\
\xe1\xc3<\xe4\xba\xf8\xfew\xbe\x89\x81\xc1A\x9e\x9f\x9f\
\x87\xf7\x19\x81\x81\xc9\xc9I\xbc\xe2\x15\xaf\xc6\xd7\xfe\xfe\
\x078\xe5a\x17 \x86\x0aD\x0e\xcey\x22B_\x1f\
\xbb<\x13\xe5\x02\x08D\xc8\xf3\x06/u\x0a\xbak\xfb\
\xbd\xd4j\xb5\xb4\xbb\x82\xe9\x82G\x9c\x8b\xce\xd2\x229\
\xefT`\x1d\x08N'\x1a;x\xe7)o\xe4\x1c\x01\
\xf6y\x8e3.x\x22\xfe\xf9?~\x8d\xa7>\xe5i\
827O+\xc7\xc7\xb9,\x0a\x0aU\xc0\xae={\
\xf0\xfa7\xbe\x01W}\xe4\xbd<\xbb\xe7>,--\
s\x96e\xa8\xaa\x92\xa3\xb5\x8dj\x83\x86*\x08[\x91\
\x09\xa7\xb3\x82Uk\xa8Dq2\x92b\xc4\xe5\x99\x92\
=X\x13V1s\x92\xe2pr\xed\xc4DY\x9e\xf3\
\xe2\xec!|\xe3\x0b\x9f\xc2m\xbf\xfd9\xdd\xf8\x8b\x7f\
\xa5?\xfe\xfa\xa7\xb8\xe5w\xff\x81\xbf\xbf\xe6\x0bx\xd4\
\x05\x17\xa0(%\x16\xd6\x02\x1e\xd7h6\xe8'\xff\xfd\
;<\xfdi\xcf@\x8f\x09\xf9\xe0\x88|DU\xb2\xab\
\x9b\xf7\x04i\xb94\xb0\x17K\x87\xa6\xa9\x9c\x9b\x85\x93\
\xa9I\x1a\xd5\xd5\x99d&\x07\xe72^\xea\x14\xe8.\
/\x9bd\x88\x06;\xdd\x10\xa5\xb7\x9a\x85\x92b\xd1\xd3\
\xd2sG\xa1(hl\xdd&\xbe\xfa+\xd7b\xfa\xd0\
!dy\x9e\xa2\xa6$z\xe4\x88\xbcW?\xe6\x10C\
\x85f\xde\xc0\xa7\xff\xf1W\xf8\xe9\xa7\xaf\xc0\x8a-[\
uw\x83>\x1f#\xabU\x07\x14\xb1p=\x91\xd1J\
\xb6\xc9Lo\xc2\xb3T\x1f\xd4C\xa0\xbd\xfe\xebD\xe9\
dy(\xd5&F\x95E\xac\x8a\x03\xc3#\x15\xec(\
\xd3\x00\xa4\x8a\xb2\xa0\xec\xb8\x1a\x07k^N\xa4\x89,\
\xe8\x88\xb5%Rh\x81\xa8}\xcf\xb1f$Y\xca\x8c\
\xa5\xde\x06\x0cM=\x99\x03'\xc5\xf6r\x81\xc2\x82R\
\xfa\xbe\x9a\x17N\x9feDH\xa2\x09\xc9b\x0d\xb6\xa0\
\x82\xa5\xf9UZ\x0d\xcd\x0f\xc8S\x88\x0c\x04\x8e\xdas\
\xc0TqI\x8dF\x03\xd3\xd3S~\x90:t\xddw\
\xbe\xc1\x03\x03\x03X\x5c\x5c\x10\x86\x16\xec\xc6WM\xd2\
_\xbf\xfc\xd5\xfc\xbd\x1f\xfd\x84\xce8\xf7\x91\xe0\xaaD\
\xe63\xa9<\x93\x83{\xc8\xa1\xc1\x9c\xbf\x5c&5\x9b\
\x0d\x9a_X\xc0\xbe=\xbb1\xd0n\xa7|M\xab\xd9\
\xa6^o\xc9@\x8e|\xdf\x19\xe4\x16\xe8N\xceQ\x9e\
5\x90e9\xaaP\xd1Ig\x9eK;\x0e.\xd1\xf9\
\x8f|4\xfd\xe2\x17\xbf\xc4\xa6\x8d\x9bQ\x85\x8a2\x9f\
\xe1\xc0\xde=x\xca\x93\x1fO\xdf\xfe\xeag\xd0\xa8\xe6\
h\xea\xe0\x01n63\x0a\xa1D\x84\xedQ\x8c:\xfc\
5\xaa!\x88H0LUZ\xbd[\xe2|\x0d\xaa\x12\
,\xc3B\xd0\xa1(r^\x963\x04t:\x8d\x9c]\
\x944 V\x8cNp\xdeh\xf1\xd0\xd00F\x86\x86\
\xd1j\x0f T\x15\xaa\xaa\x82\xf7\x8e#G,\xf7z\
\xf4\x8b\xeb\x7f\xcf/|\xe5\xeb\xf8\xa2\xe7\xbd\x80\x16\xa3\
\xc7\xc8\xba\xcd\xb2\xf7\x11\x84\xac\x99\xa3=\xb4R5A\
\x9a`b\x8c\x16:\x13b\xa1\x0d\xe4\xce\x89k\x0fP\
\xf9\x95\xdc\xb3\xde_\xd6lpO\xf63\xbat\xc5\xcc\
.\x22\x92\xd3\xfa\x14\x91\x9f\x98*]#3\xf2F\x8b\
\xf6\x1d\xe9\xd1g\xbf\xf4U8\x80B\x08\xb5z\x06!\
#\xac\xb6\xa0*+\xe4y\xc6\xf7\x1eZ\xc4{\xde\xf0\
z\x0c\xac\x1a\x85\xf3-r`\xd9\xbf\x00\x9b\xccg\x02\
\xaaV7\x06\x0b\xbaT\xa5\xfa\x8ap\xb8.\x17\xa8\xcf\
\x0az\x8e\x8c\x18\x83\x5c\xaf\x19\x05\xeb\x8eT\xa0,8\
\xc0\x94 \x92\x038\xa8\x8a%dW\xc7 l\xb63\
)\xb6\xfa\x0a\xa8\xde\x99\x1dH\x0a\xce\xe9\x82\x0c\x99h\
\xbf\x12\x07\xd4\x11'SL\x90F\xd4\xc4v\x0b\xd4\xf4\
\x9eU\xff\xa5\xa0\x05i\xf3\xc9C\xe2\x86\xfe\x0a\x96t\
%\xaa\x88\x94v.k\xc4\x92\x22\x09'?\x12\xae%\
Dn5Z\x98>t\x08\xa3\xcd\x18\x7ft\xdd\xb7\xd1\
n\xb5iaa\x1eN;\xb3FV\x8c\xf1_\xbe\xf0\
\x12\xbe\xeeG\xffF'\x9d\xf9p\x94E\x97\x9c\xd3Y\
\xf8\xce)\x7f\xa0v\x86\x08\x0f\xb9pH\xf5\x0d\x87\x0a\
\x03\xc3\xa38xx\x16U\x88\xec\xbd\xc3\xd2\xf2r<\
\xf6\xf8c\xb1zb\x82\xcb\xa2`G\xae\xa6n\xc5\xc7\
\xa9\xa7\xf0\xf0\xde\x93\xf7\x9e\x1bY\xcee\xaf\x8b\xcd\xdb\
\x8eCkb3?\xe7\xe2\xe7\xd1U\x9f\xb9\x1ak\xd7\
n\x90\x9c\xbc'>8u\x90\xb7l=\x0a?\xba\xee\
\x9b8\xe7\xb8\x0d\xf4\xe0}\xf7\xa2\x91\xb7\x80\x10\x11B\
%\x1d\x9c\x92\x92\x95\xaa\xc7h\x06S\x06\xbf\x90\xd6k\
\xf4\xd5\x80$sf\x80\x0e\x89 4\x0b\xac\x5c\xa3\xda\
ZAD\x84^\xafK\x9b7o\xc2\x86\x8d\x1b`i\
\xc6\x10\x82f\x00\xa4\xaf\x9fT\xba80~\xf0\xfd\x1f\
\xf0\x0f\xbfw\x1d\x97\xbe\x8d\xc1\xf15\x14e\x22\x12\xca\
\xb2\xc2\xf8\xaaq\x1c\xb5m\x0bT\xb6\x01\x07H\xfe^\
N|\xb1\xd3\x93\xf8IHHs\xcb\xb0\x04\x1b\x00D\
\x8a\xe4\xbc#\x9fe\xe9\xe2\x0dmj\xfe\x09\x00Pq\
b\xb0R\x1a\xaf*;\xbcr\xedF\x5c\xf9\x85o\xf0\
\xae\xbd\x07\xb8\xd9h\x88\xec\x02\x80\xb7\xdc\xa0\x03\xeb\x82\
\x8c\xa2\x02^\xf1\xea\xb7bqj'5\xc7V\x03\x1c\
\xa42\x92I\x1a\xd1@6\x06\x0f\xa6\xff\xfd48j\
\xeco\xead\xd2az\x9e\xe0\x9a\x00/\xa7\x1d\xb6l\
\xeaY\xfbu\x12\xd2L\xd10\x086\xb3\x98!5\xbc\
\xa2(\xce>\xae\xae\xdf\x81\x8dKT\xf6M\xf0y-\
\x17\xc9\xcb\x8b9\x8b\x91u\x92'l\xce\xb1*\x1d\xd8\
\x12\x09Q\x8d\xb2L\x0c\x12\x89JF\xc6.\xc0\xac\x8c\
i\xb4\x93\x11i\xac?\xe2t\xa60\xa2@E\xb3\xae\
AL\xce_\xddQ\x9f\x81!\x12\xa4\xd3h5q\xe8\
\xd04\xafl\x96\xfc\x83o}\x1d>\xcfyqi\x09\
\x9e<\x9c#\x8c\x8c\x8c\xe0\xb9\xcf}\x1e\xfe\xf5?~\
\x81\x93\xcf:\x17e\xd1\x85\xf7YRv\xe7\x9c\x91\xe7\
5Q!B\x97`\xb3\xc9b\xa3\xd9\xe4\xdf\xfe\xf6\x06\
e\xd0#Ue\x85\x0dkW3\x07Y\xcb\xc5H\x17\
_\xd3\xef\x06\x0d\x1d\xc1yO\xce;\xe4\xcd6\x97U\
\x81\x89U\x93t\xd4i\xe7\xe3\xcd\x97\xbd\x97_\xf3\xaa\
W\xf2\xf8\xc4*\xce\xb2\x0c\x0c\xc6\xc2\xc2\x02\x8a\xa2\xc4\
\xe7\xaf\xfe;\xfc\xd5\xf3\x9f\x89{\xef\xba\x15\x91\xc1\x9e\
\x1cB%\xdb\x8e8\x06\x84X\xd9$&\xb0i\x0b)\
;\xc5\xe6\x98\xc4/\x90V\x83\xa7\xfde6\x1b\xd0\x22\
V\xfbe\x12P\x00r({\x05V\x0c\xb6xld\
\x08\xddn\x89\x10\x02\xa5\xfe\x05;\x19\x8d|\xdb\xad\x06\
\xae\xbe\xf2\x13\xb4\xfb\xfe\xed\xf4\xdc'?\x12\x87w=\
\x08\x9f5\x01\x10*\x8e4\xdcjb\xed\xe4\x84<a\
\x09\xba\x10\xeb\xf9\x03\xbc}\xc7~\xc05\x9d,+ \
\xa9\x10$\xd1\x15\xd6\x10\x80\xc8s\xd5\xedQ\xeeR\xf7\
7\xc0\x11\xce9\xe6\x10\xc9{G\x0be\xe4}s]\
4\x1bM\xe8\x9c@\x00\xa0F\xa3E\xb3\x87\xa6\xf1\xe4\
\xc7>\x92\xd6\xac\x1aGYJ\x08H\xceI:\x02\xea\
vBE\xe4@!T\xb4\x7f\xc7\xbd\xc8\x86F\x01\x0e\
$\x93\x91\x90z\x15\x89HV\x10\x00:\x5cC\x1cN\
_fZ\xccS-\xe65\xda'EA:\xd4V\x91\
\xb9\xd1u\xfa\xdf\x949K\xefB2\xc8\x12,\x97\xc1\
N3\x10fl\x14\x9e\xd7\x11C\xcd\xd7I\xac\xa4\x14\
\x9a\xa1]3F\xd0!\xa1\x0aO\x12\xdc\xa64\xe0O\
\x94Q\x8dq\xb4_6\xb2F~`#\x81\xd5\x9a\xd4\
\x1cd\x92NC\xff\x80\xceo\xb3\xfb\xb2\x8bJ\xe1\x88\
\xe6%l(c\x1fb\x12\xc4\x16*j4s\x1c:\
8\x85\xb1f\xa0\xef\xff\xfd\xb5\x9452ZZ^\x04\
\x01p\xce\xd1\xf0\xc8(.~\xee_\xe0W7\xfe\x89\
N=\xfb\x11T\x95=dY\x03.\xf3 JiX\
\xcd\xde\xda\x9b\x93\x89U\xd2\x08\x93\xc2,oQ\xb7\xd7\
\xd5\x02!\xc7\xcc\xd1E\x10\x8d\x8f\xafD\x08e:%\
\xa2\xbeQe\x09\xc4\xc9\xa0x\xd2y\x80y\xded\x06\
\xa1\xd9h\xe0\xb4\x87?\x8e\xbe\xf1\x0f\xffFO}\xfa\
3hi\xa9\x8b\xb1\xb1\x95\x88!\x128\xf0\xc1\xc3\xd3\
\xfc\xeew\xbc\x85\xff\xee\x8aw`\xff\x83w\xd1\xe2\xf2\
\x22\x1ay\x06\xe7\x81,\xcf\x905\x1a\xa0L\xe6\xc3\x87\
P\x22T\x81C\x15\xf4\xc8X\x0c\x1b[-\xaa]a\
B8\x06\xb8\xfa_\x01iH\x91F\x96\x18+^1\
\xbc\xc29\xe7\xa8\xd5jR\xb3\xd1@\x9e\xe5\xc8\xb2\x8c\
8V\x22S)zr\xe8\xf5\x0a\x9a\x18\x1f\xc3w\xbe\
\xf6\x05\xbc\xf4\xf9O\x8f\xd3{wq\xdeh\x82C`\
\x94]j\xaa\xe2\xa6<u_3\xd8\x03;v\x03y\
.\x8d@\xd22\x9d\xd0\xa0\x9c\x17!\x14%V\x8d\x8f\
\xc5\x91\xd11\xb6\xe3\xd2\x05\x9f\xda!\xed0=u\x90\
v\xef\xdcC\xedv[\x9a\xae\x1c\x91w\x8e\x97:\x05\
\x8eZ\xd9\xc6U\x1f\xbf\x1c\x8d\x86\xcc\x1f$ )\xbf\
s`\x22fG\x8eC`n73\xbc\xe7m\xafF\
\xb50\xc7\xceg\xb0Z\x19\xe2\xbe\x91w\x166[\x88\
\xca\xd2\x08\xac\xd3\xae\x88\x8d6N\x0a`(\x9b\x13\x87\
 !\xb3\xbd\x88\xc5\xfa\xda\x06\xad\xda\xef\xa9VX\x81\
\x8f\x94@)\xffk\xd5\x03\xba\x92\x9b\x98\xb4\x07\xd0\xfc\
:\x00N\xb8\x8a\xa3\x8d\xf5\x12\xef\xcf\xd63\xac\xc8P\
\xe8-\x18<\x12\x95W7\x92\xac\x94\xde8\xd9\xb6\x08\
\x84\x04\xe7\xf5\x09\xf4W\x07*\xe07\xe4\xaefF\x09\
v\xb5\x1aR\xcag\x81F\xec#\xfaLB\x8c\xd4\x0c\
\x01\x8df\x13\x07\xa7\x0fbb\xb8\x81\xef\x7f\xfb\x9bp\
Y\x86\xc5\xe5%&H\x87\xd9\xc0\xd0 ?\xfb\xa2\x8b\
\xf1\xdb?\xde\x85\x93N?\x9b{\xdde\xf8,\x87\xf3\
^\x09\x08Y\xfa\xc4Vu\xcb\xdcw\xb9z\x9f,O\
\x98\xc1\x1cc\xc4\xf0\xf00\xee{p'\x1exp'\
\xb7[-\x94U\xc9c+V\xf0\xd9\xa7\x9f\x86\xc3\xb3\
3\xec\xbcgyV\xd6\x8f\xa9\xb8\x90j$K\x00;\
G\xec\x9c\x84\x04\xde{0\x07\x9cz\xce\xf9\xb8\xe9\x8e\
\x07\xf1\xa8\xc7<\x0e7\xfd\xf1\x16Z\xb7n\x1d\x87\xaa\
\xa2\xdc{\xec\xdc\xb5\x0bO\x7f\xda\xd3p\xdd7\xbf\xc4\
\xcd\xb0\xc8\x07\x0e\x1c\xa0\xd9\x99\xc3\xd8\xf3\xe0\xfd\xd8s\
\xff}\x98\xde\xbf\x9b\x17\xe7\xe78\xcfs\x8e\xa1\x92!\
,\x06?\xf5\xd4-M%\xe92\xd8\x11\x90\x19\x03\xcb\
\x12\xaa\xa0$\xb0\x95e9\x95D\xb8\xfa+\xd7\xe2\x93\
\x9f\xfb\x0a\xfe\xeeK_\xc7?\xfd\xe4g\xfc\xa7\xdb\xef\
`\x9feR\xfd\x97\xca\xb8\x22\xf2<\xe3\xaa\xaa\x10c\
\xe4\x8f\x7f\xe8oh\xf3\xc4\x00\x96\x16\xe7A\xc4\xec\xf2\
6;\x9f\x99\x94\xa8o\xa9\xd3\xd2\x0b\xd3{\x00\xef\xfb\
 ur\x16`&x\xefiqa\xde\x9ds\xfa\x89\
\x18\x1a\x1a\xa0\xa2\xac`\xc5k\xce9\x1d\xf5\x06\xdc\xbf\
o?\xba\x0b\xb3Ly&w\x11##o\xa2sh\
7\x7f\xe6\x13\xef\xe7\xd5\x93\xabPVA\xf2x\xb5\xed\
BD\xa4\xa8\xee\xdd{\x87\x10\x02\xfe\xfc\xd9\xcf\xc4I\
\xa7\x9e@\xf3G\x8e@\xba\xf7\xcc$\x99l\xd6\xcfQ\
\x8a\xf0\xd5\xc2\xaaC\x16\x04\xc85\xa0f\xc3\xf1\xe9\xc7\
zN\xc6\xd4j\xadn\xc2\x0b\xb6\xa8A\x0d&'}\
\xe0\xac\x06\xa7\x12\xef\xb0\x05 \xac\xae]+\x0a\xf5\xdd\
Y\xdd8T\xde\xc1$\xd3\xaee\x9a1\x12\xbf'G\
o\xf1\x09\xd7h\xdd\xdeWm\x1d \x96\x0a\xca~\xea\
\xe0\xc2D%H4\xcdZ\xca\xc3\xfd\xc0\xc4Lb?\
\x19\xed\xb8/\x95j\x8e*y*Y\xd3\x88\x18\x22\xb7\
\xdb-\xec\xdf\xbf\x0f\x1b'\x86\xf1\xadk\xbf\xc2D\xe0\
\xe5\xe5\x0e9m\xd7\x1c\x1a\x1a\xc6\xb3/\xba\x187\xdc\
v\x1fN>\xe3lt:K\xc8\xb2\x06\xcb$^\xe8\
\x14\x22q+\x8el\x10\x8c\x8d\xdbM\xf7\x9e\x96\xedA\
-t\x96g827\x8f^\xd1\x81\xcf2\xa3'\xa8\
\xd9lQ\xe8t\x98\xc8!2+F3m\xb2'\xab\
\x19\x10\xf5d\x88\x0c\xe7<\xb1\x8b\xf0\x9eQ\x15]\x1c\
s\xe2)\xd8\xbfw\x17=\xe5i\xcf\xe0\x8f^\xf1\x01\
\x5c\xfa\xda\xd7\xf0\xbe={\xe0\x9d\xa3\xfd\x07\x0e`\xeb\
\xd6\xadt\xdd7\xbe\xc2o{\xe7\xfbx\xeb\xd6\xadx\
\xda\x93\x1f\xc7UUa\xff\xd4!\x5c\xf7\x83\x7f\xc2M\
\x7f\xda\x8e\xc9\xf5\x1b\x89\xb9\x12\x18(\xb5\x84\x09\x83\xd6\
\x8f_\x91j\x22;\xfb\xafWI(\x028T\xd4j\
\x0f\xe0\xc6[\xef\xe0_\xfd\xfe\x8f5(\x8d%\x9a\x9e\
p\xde\xe9\xa7\xe2\x8b_\xb8\x9a\x8f\xde\xb2\x89\xaa\x10\x88\
\x88\xd8k\x9bo\xaf,162\x8c\xa7<\xf9I\xf8\
\xfc\xb7\x7f\x88\x81\xe11\xdav\xec\xd1\xc82\x8f\x10\x03\
y)\x9d\x93\x91b\xaaMK\xdd\x0e\xc19f8\xa9\
\x04\x95\x8bTk\xc6\x04\x9fq\xec-\xf23\x9f\xfa\x04\
\xb1\xe1\x897r\xd2\xbf\x12\x19\xf0\xc0\xf5\xbf\xfe-\xc7\
@\xf0.CY\x96h\x0e\x0e`\xea\xc1\x07\xf0\xee\xd7\
\xbd\x98\x9e\xf2\xc4'\xa0\xdb+\xd1\xc8s\xd2A7`\
\x06b\x90vaH+<\x93'\x842\xa0\x99\xe7x\
\xd7eo\xa6\x17\xbe\xf8U\xc0\xd88sX\xd6\x0a\xa9\
\x94\xfaK\xc5J\x16\xd7\x8b\xa2Z\x96@u\x97,\xe3\
M Kz\x9b|s\xd2d2%sF\x0e$#\
A\xf6\xfevhp\xcc\xb6\x82\xcf\x982\xc1\xe26\x12\
LC\x03\xc7:\x0a\x18`i=U\xd4`\xf4\x0bY\
\xc8*\xb6\x84j6\x9f\xa1\xa9CS\x0e1+\x16\x1e\
\xa4\xe1fQ\xdb\x81\xa5F\x9f\x0d\xadh\x19_\xb4\x10\
T\xbb\xb0L\xfd!\xd7\xcb\x16\xabZA\x95\xbah}\
\xa4\xa9\xbc\x8a\x22\x22Z\xed\x16M\x1d\xd8O\x9b'G\
\xf0\xedk\xbf\x0cp\xc0Rg\x89\xc8\x11e>\xa3\xf6\
\xc0\x00\x9e\xfd\x9c\xe7\xf2\x1f\xfe\xf4\x00\x9dt\xdaY\xe8\
u;\xc8\xb2\x06\xbcw\xea\x84\xad\xc2\xdf\xa54\x84z\
\x91\x04\x99\xb5\xd4F{;(\x1d\x161S{x\x05\
\x1e\xd8\xb9\x17\xde{\x10\xc8-w\xbbt\xee\xc3\xce\xe2\
F#GUUi\xb1\x06Ko8R\x92\xa9V>\
yS\xb2\x9a\x01\x07\xe72\xf8\xac\x81*TX\xbdf\
=\x8e:\xe9\x1cz\xcb;\xdf\x8fW\xbf\xe6\xb5\x18\x1e\
\x1d\xa3\xc1\xf6 \x9csXZZD\xab\xd5\xc65_\
\xfc\x0c\xde\xf1\xb67\xe2\xa4\x93N\xc2\xe9g\x9c\x81'\
?\xf1q\xb8\xee\xdb_\xc5[/}\x11\xed\xdfq\x9f\
\x94\x06\x13\x09)\xc8V\x8b\x91\x92\x84}\xe1\x1es\x96\
\xe7\x9c7[\xc8\x9aM4Zm4\x9b-d\xad&\
\xf2f\x1b>k\x80\xc1\xdch\x0falb\x0dV\xae\
ZC+W\xaf\xa7\xb15[hp\xf5\x16\xfc\xe7o\
o\xc1\xf3\xfe\xf2\xafhq\xb9\xa3I\x05\x0d\x0fc$\
\xaf\xd6\xe5\xc9\x8f\x7f4SY\xa0\xb3\xb4\xcc\xa7l\xdd\
\xc8\x80\xcc\x14@L\x0e\x0a\x99wTF`\xf7\xf4<\
g\xcd\x01 M\xc0UL\xca\x8c\xcc;^\x9c\x9f\xc7\
i[\xd6\xe0\xc9Ox\x9c\xa4Uev\x00d0%\
\xa0\xe5B\xf8\xf9\x7f\xfc\xc2eC\xc3\xc4\x0cdy\x8e\
C\x87\x0e\xe1\xc23\x8e\xc6{\xdf\xfe&\x94e\x85F\
\x9e\x09~6\xf9\xf7\xa0\xdc{f\xcd\x00x\x07p\x00\
y\xefQU\x15\x9ew\xd13\xe39\x0f;\x95\xe7\x0e\
Mk\xbf\x07j\xbdP\xe1L\xa7\xab#\xf0\xc4\x932\
E+\xe9e\xb6\xd7\xa9w\xaf\x93\xfe\xca\xc9\xe9wA\
\x91\xcdC\x99\xc7\xadC6M\xaf\x81%I\xcaA\x01\
\xab\x0e\xc2\xa8\x03\xbdt\x11u\xe0\xecb\x12r\x83\x06\
\x0aI\x98)r$N\xa0_\xed\xa21`\xb0\xcb\x06\
\x99`3\x84h\x94\xc4\x84\x86\x0a:\xfdTB\xabh\
\x18/\xc1\x1eQ{\x15=%\x1a\xa3\x84m\xe94\x12\
\xbc\xa8\x8d\x8e\x81\x04n6\x9b8x\xf0\x00o\xdd8\
\xc9\xdf\xfc\xda\x97Q\x85\x8a;\x9d\x0e98\xf2\xe4y\
`h\x80/z\xce\xf3\xf0\xc7;\x1e\xa4\xe3O;\x1d\
U\xd9E\x96e\xf0:\xe2\xda8\x9a\xc4{\xb0\xe9\xa3\
|\xa2\x1d\x88U*\xc2\xb4\xc7\x96\xc08\xc7\xddn\x81\
\x9bo\xbc\x09\xedv\x0b\x81#\x87*\xf0\xfa\xb5\xab\xb1\
\xbc8\xa7\xa3\xccC\xe2Y\xfa\x81\x1c\xd7w\x95\xc8\x16\
\xb6\xfe\x81\xd4[\x9f\x03\x04\x0c\x0c\x0e\xe0\xd4\xf3\x1eE\
_\xff\xf6\x8f\xe8\xe9O\xff3\x1c>2\xc7\x13\x13\xe3\
 f.\xab\x12\x87g\x0e\xe3\xc8\x91\x19,,,`\
q~\x1e\x8b\x0b\xf3\xd8\xb3w\x0f\xde\xfa\xa67\xe1y\
\xcfz\x12\xa6\xa6\xa6\x907Z\x12}\xd4\x04z\x82W\
&\x11D\x8e\xe6\x0eM\xe1\xf0\x03\xdb\xe3\xe1\x07\xee\xe1\
\xe9\x07\xb6c\xfa\xfe\xed<}\xff\xdd\x98\xbe\xffn^\
\x9c\x9fc\x9fg\xe0\x10(T%bYq,K\x8a\
U\x81\xaaW`\xf5\xb6\xe3\xf0\x87\x9b\xff\x84\xdf\x5c\xff\
[\xf6\xce\xc7XE\x02\x5c\x1f\xff\x0c\x1eld\xe0^\
\x0f\x5c\xf4\x90i\x5cbM*\xd1$\xd6y^\xea\xf6\
hjz\x06\xad\x816\xb3\xad\xa6gy\x95s\x00\xbb\
\x8c;S;\xf9c\x1fx\x17\xb5\x9a-DA\x1cj\
\xd3\x88#G\x22\x97\xe1\x8f\xf7\xec\xa5\x1b~\xfb\xfb8\
<\xbe\x8a#GT\x0c\x8cTG\xf0\xc5\xab>\x8ef\
\xb3\xc5\xe4\x00\xe7\x92/\x22\x0084\xbb\xc0\xd7\xdft\
\x0b\xbc\x93\xae\xc4\x10\x136Ed\xc0{\x8f\xf7\xbd\xfb\
\xed\x5c,\xceh\x19\x1b\xab\xae\xcb8\xf5h2\xce\x91\
\xa3\xf8Gq\x19\xb1v\x00\xba\x08G\xffn\xc07&\
A\xd7\xb3\x82\xc5\xe2\x12\x9a[<\x01$\x0b\x80$P\
\xc8\x92eI\x9b6\x8c\xbfg\x8a1\x9a3J\xfa+\
\xbeV\x1b\x83\xfa\xdeUg\xe7K\x95_\x8cL\x8e\xa0\
\xeb\xcd\xb8\x96\xd9\xbe\x8at\x95g\x07\x92\x8d\xc2}\xc8\
\x9e\xfa\xdc\x1d\xf7\x85\xa0v\x85\x9c\xec\x8f\xb8@mQ\
\xee\xfb\x80\xf4DR\xcc\x0af4\x9aM\xec\xdb\xb7\x0f\
'\x1c\xb5\x1e\xd7|\xf1*t;\xcb\xe8\xf5\x0a\x22\x22\
\xce\xb3\x8c\x06\x07\x07q\xd1\xb3.\xc6\xcd\xdbw\xe1\xb8\
\x93OE\xaf\xd3E\xde\xc8\xd4C85\xa1D>\xcd\
\x0e\x15\xc8!\xf6@`\x99E@\x09\x13\xb0\xbd\x8c\x15\
\xc9\x03\x8d\xf6\x00\xf5\xaa\x8aC\x15\x88\x80XU%\x0d\
\x8c\x8c\xd0\xaa\xf1Q.\xcb\x82}\xa3E\xaa\xfd\x06\xfb\
\x08\xb0\x89\xa8T\x1b\x1d\x02Q\x14.\xc2xYm-\
\xe6XU\xc4\x1cp\xea\xb9\xe7c\xfb=w\xe1\xc2\x0b\
\x1f\x8dk\xaf\xfd*\x9fs\xf69X\x5cZ\x90\xd7\x19\
ld\xd9\xce\xebAt`j\x8a_\xf6\xb2\x97\xe0\xda\
o\xff\x03*\xc3\x8d\x82\xaf4^S\xd6\xcc\x112\xe7\
\xb9\x5cX\xa0\xe7?\xe7ix\xeac\x1fEe\x08\x92\
\xdff\xa6*Dn\xe4\x19\xbe\xf2\x8d\xef\xe2\xc6;w\
\xd2\xf0\xd8\x0a\x0eA\x84\x07D\xcc\xe4\x01\xa9!!\xca\
[\xec\xc8'\xa4\xdb'\xa9\xa2$&\xf5\x04\x0c\x8cJ\
\x06\x00\x8ed~c\x04 \x93')t;\xe8-\xcc\
\x22\x1f\x9e$\xf2\x19<\x18 O.\xf3\xbc\xbc\xb8\x8c\
\xa5\xfdw\xd3\xd7>\xf5~<\xe1\xb1\x8f\xe6\xb2,\xc9\
\xe7\xb9\xee\xac\x92\x0f\x8a!r\xd6p\xf4\xc5\xaf|\x85\
\xcbN\x07Yk\x00\xec\x1c\xcf\xdcw\x17\xbe\xf5\xc5O\
\xd0\xf1\xc7\x1d\xc7EY\xa2!\x05@r\x1f!D\xdf\
\xc8\xe9}W^\x8b\x1f\xff\xfd\x97\xb0\xf3\xee[\xe0\xeb\
i\x03\x00\x1c\xbc\x07zEIO{\xd2\x13\xf1\xe8G\
]\xc0\xbf\xb9\xf1V\x1a\x9f\x9c\x04\x87 \x8fC\xe3n\
\x83\xf8Nq\xb5\xd6\xdd\xf4\x85\xc4&HHu\x01\x1a\
=\xa7\x00L\xc3\xf8\xe4\x9f\xe47\xeb\x02\x19\xd3F\xd5\
I\xce`\xc3\x96\xf5B\xcc\xc9\xd4J$t$\xd7\x9b\
a\x09\xc9\xaaX\xf1\x88\x19\x16\x9bKP\xef2W\xe3\
\xa0\xefov\x8f\xe0\x88)F\xe1\xedH\x06\xaek\x0b\
\xab\xb96\x09\xa3\xa8~\x93>{\xa3q\x06\x00-c\
\xa8;\x8b,L\x96)\x02\x009D\x8eh\xb7\x06\xb0\
\x7f\xff>\x9cz\xccf|\xe9\xeaO\xd2\xf2\xf22\x97\
e\x09f\xc6@{\x80\x5c\xe6\xe3\xb3\x9e}\xb1\xbbe\
\xfbN\x1c{\xcaiT\x16=dY\x06\x19Z\xe2\xe0\
\x9c\xad\xbc\xd4\xcf\xb7\xb1\xcbfLet\x93\x9aOQ\
V\xbb^ED\xe4\x9cG\x8c\x81GFV\xf0\xf5\xbf\
\xfb=\x16\x97\x16\x91\xf9\xccu{]\xda\xbca\x03\x8e\
\xde\xb2\xd9\xdd\xb3o\x16\xed\xe6\x80\xe1\xac\x9a)Q\xa3\
bV>\xb2\xae\xdf!6\xb7\x0c\x9bE\x9dy\xd9.\
\x13\xd8q\xa8Jl9\xe6x:tp\x8a^\xf0\xc2\
\x17\xf3\xcd7\xfd\x9e\x9a\xad&\x17Ei\xe7Cb\xbe\
\xc5\xc8\xf6\xba]\xac\x1c[I\xab\xc6W\xe0\xc1\x9d\xfb\
\xd9\xe7\xb9\xd4\xa13\xb4<F\xce\x9dX\xa4\xb3\xeav\
\xf9Q\x17>\x0a/\xba\xe4\x12\xfc\xaf/\x02\xc0+W\
\xaf\xc5\x9f]\xf4b\x1e\x99\x5c\x0bO=\xd9\x03\xa9\x8f\
\xb0\xd1\x1e\xa4\xd9\x99\x19\x1c\xbbu#\xce=\xf7l\x9d\
l\xab\x052\x0a\xa1\x99\x19\xb7\xde\xb3\x83\xe12\xca\x1b\
9\xb6n\xdb\x92lD\x8cj\xf0+\x00\x0e80{\
\x84\x0f\x1e\x9a\x81\x8b\x83\x16\x01\xca\xac\xe3\xe5y\x9c\xb2\
e\x0d\xfd\xcdG\xae\xe6g<\xfd\xa9\x5c\x94\xa5\x14w\
1\x13;)\xdc\x09\xcch\xe4\x9e\xfe\xb0}\x07\x7f\xe3\
\xcb_\xc3\xd0\xa6\xa3\x88|\x86\xe9\xdd;\xf0\xf6K/\
\xe1\x17>\xef\xcfQ\x16%52/2\x0e\x19n\xda\
h\xe4\xf4\xaf7\xde\x83/\x7f\xf6\xf3\x14\x97\xa6\xf9\xc7\
\xff\xf4/\xf8\xf3\x8b\x9e\x8525=I\xd7\x9d\xcd\x03\
x\xff\xbb\xde\x8a\xc7>\xe5\x22\x0e\x1a\xb9\xaa\x93J\x83\
\xcd\x9d.w\xd4\xa1\xa9Jy;8 \xcd\x95\xe0\xa4\
\xfc\x96\x05\x10o\xa4\x92\xa7Y\x00\xe3c\x92\xc6#\xd5\
\xee+\xe1\xc0\x80\xcb\xc8\x22j\xa7\x9bS\x989rt\
\x0aH\xb4\x09\x88\xe1\xa2\x0e\x16\x00C\x99:g\xfaf\
\x95\x84\xfd\xcc]\xbf\xaa\xca\xfaIK\xd6i\x86@\x1d\
(3\x98(\x92\xf2&l:e~\x14\xb0f\x9e\x1a\
\xfd\x222K\x8e\x95\xc5\xdd+\x0cb\xe30DDA\
BqP\xab\xdd\xe6\xfd\xfb\xf6\xe2\xd4\x13\x8e\xa2/^\
\xf5),,\xcds\xa8\x02\xc5\x18144\xc4\xdd^\
\x0f\xcf}\xf6_\xd0\x83\x07\xe6\xf8\xf8SNC\xd1\xeb\
\xb1\xf7^:j\x9d\x93,\x05,G\x9b\xcc\x92Q\x0f\
\x1ajR\xf2\xfb\xa8\x97\xd6iz\xd8\x14TH\x18\xe7\
3ZZ\x9aEY\x94\x91\x9c\x07\xaa@\x00#\x94E\
\x0ce\x8f,4\x12G\xa2a\xae\x1c\xbe\xd8[\x16\xf6\
1=G\xc5!j\x03$\xdcs\x1e\x14$\xc3\x92e\
\x19\xdaC#\x18\xda\xb8\x99\xb2<c\x0eR\x89\xa6\x13\
e\xc5\x02\xc7\xfa\xbd\xca\xa2\x94{5b\xc3\xe9\xbd\xa6\
s\x91c\x8e\x11\x04\xefp\xdf\x03;\x10B\xe0\xa2(\
 5\x08\xe2\xabB\x08x\xfa\x93\x9f\x88\xb7\xbd\xf9\x95\
\xf8\xc4'>O\xedu\x9b8k\xb6\x10C\x04\xb8\xa2\
\xd9\xc3\x871\xde\x0c|\xcdg?\x8d\x91\xa1A\xaeB\
\xa0\x8c\xbc\xb9\x92\x04\xcd\x7f\xf5?\xff\x038\x8f\xdcS\
\xdc\xbai-\x016\x13OR\x07v=\x87\x8ft\xf0\
\xf8\xf3\xce\x80\xcf\xdb\x1c\xe1\xe1)\xd2\xc3\xcf;\x9b\xcf\
=\xedd<\xfe\x09\x8f\xe5,\xcb\xb9\xac*d>\x07\
\xac\xfcF\xdb\x1f\x88\x19%\x11^u\xe9\x9b\xd0s\x19\
\xad\x18\x9d\xe0C\x07\xf6\xf1\xa3\xce<\x01\x1f\xfb\xd0\x07\
d\xed\x99w\x88\x8a:\x94N\xc6\x91\xd2\xd3+/}\
\x0b;t\xe1Wo\xa2\xab>\xff%~\xce\xb3\x9e\x01\
\xe7\xf4>\xacl\xda9\x94U\x89G=\xf2|z\xd2\
\xe3\x1fC?\xfb\xf5\x0d<9\xb9\x8abU\xb1K.\
^N[uFDJFz\xd9pP\xd2\x81\xc0l\
\xa1GT\x99\xa3\x08\x90\x87\xfd\xad\xbe?\xad\xdd\xac!\
\x89x~(+\x9a\xd9qZ\xbd\x8e\x92\x09\xf6a\xe9\
W\xeaw\x10\x0bC$}?\xb6\xf7K\xb6A\xaaF\
\xc7\x98d\xc7\x10\xab\x0e2\x86d\x94a\x0a\x0f@\xe6\
\x0f\x98\x9f\x84]Z\x8a\x02\xb8\xef\xcf\xb0J4\x1b\x92\
\xa8\xa1Rz\x05\x01Ho\x0cfj4\x1b\xbcw\xd7\
.<\xec\xf4\x13\xf1\x99\xbf\xfb(\xcf/\xccQY\x05\
 \x04^1:J\xf3\xf3\x0bx\xe6E\xcf\xc1\xe1\xc5\
\x88\xa3\x8f9\x8e{\x9d\x0e\xb2<'\xab\xaa\x22-\xc9\
\x95\xc7\xad\xf7.\x97e\x03v\x8c\x81\xd6r?\xad\x85\
bK\x0c\xeaq\x90\xed\x8eg4\x1a\x0d\xcc\xceT|\
\xf7=\xf7\xd2\xc9'\x9f\xc4E\xd1\xe5\x10#\x9d\xf7\x88\
\x87\xd3\xad\xdf\xf8\x07v\xe4\x5c\x90Iw\xb5\x994\x8a\
\xb7OX\x80\xd4m\x0a\x82b4\xb6#\x96v\xf2\xe6\
\xe00\xed\xdb\xbd\x8bW\xafh\xe33\x9f\xfd\x02\xb5[\
\x83X\x5c\x9a\x17\x01\x95\xf7\xa3\x9a\xd7\x91{,\xab\x82\
\xa6\xa7\xa7\xd9g91\x87\x14v\x10\x99\xcai\x7f\x83\
\x0a\xd2\x8e\x1d;\xe0\xbdg\xef<eYf\xb6\x09\xde\
{\xaa\xaa\x8a?~\xc5\x07\xe8\xa4c\xb6\xf1w\x7f\xfc\
o\xb8\xff\xbe\xfb\x99\xe1\x90y\xcf\x8f{\xdaS\xf1\xda\
K_\x89\xe3\x8f\xdd\x862\x04\xca\xbd\x17\xd1\x01H\x18\
u\xc7;\xf7M\xe1\x7f\xfe\xe7\x97h\xaf\x5c\xc3q\xe1\
 \x0d6\x9b)<\xb0\x09>.\x93o]x\xd6\x09\
\xfc\xf3\x7f\xfb1\xe1\x7f\x85\x10&De\x15\xc8\xbb\x0c\
\xd6\xf8\xa2\xc6\x9a\xabP\xa1\xd9h\xe0\x8d\x1f\xfc\x14\xdf\
\xf4\xab\xdf\xd0\xf8)g\xf2\xc2\xfc<\xaf\x1e\xc8\xf0\xed\
k\xae\xe2 |\x02e\xdesD$8\xc7\xb1\x8c\x94\
\xe79.\xfb\xd0Wx\xefM\xbf\xa0\xd1\xe3N\x02\xf9\
\x1c\xd7\xdf\xf8'\xfa\xe9\xcf~\x8e\xa7>\xe5I\x5c\x14\
\x05e\x8d\x86\xb8#\xf2P\x8a\x88?\xf0\x9e\xcb\xf0_\
\x8f\x7f:U!\xb2\x07\x03\xec\xb4\x9e@\xbd5%/\
)|\x87^mRE\x0d\xfd$\x8f\xa0zU\xdbA\
\xb5:\x8a/\x12X\xb6\x02GU.\xfd\x9cL02\
\x00\xcf\x0c\xb6%\x9c}\xde<1\x86\xba\x8aH7r\
\xd8\xa8#)h\x88\x00\x11\xe9\xcfl\x94\x84<{\xed\
*\x93\xec\x82m\x0eI\xdd$r)\x22UF\xa3\x8b\
\x10\x93\x19OJ/\x83\x11\x01\xf2\xd9\xd6?\xac&\x8f\
U\xe8\xe5\xaf1\x06\xe4\x8d&\x0eNM\xe1\xbc\xb3N\
\xc6UW~\x8c\x8f\xcc\xcc\x10\x83\x11\xab\x80\xf1\xb11\
\xcc\xcc\xcd\xe1Y\xcfz\x0ef\xba\x8c\xcd\xdb\x8eA\xd9\
\xed\xb9,\xcf\x99\x9c\x138\x8fZ\x96t\x83\xad(\xb4\
S\xb9b+\x10\x83|r\x82\xc8\xc6\xce:\xbbn)\
\xab\xd0<E\x96e|x\xf6\x08\xa6\xa6\x0e\xe0\xac\xb3\
\xce\xa4#ss\xf0\xdec\xfd\xeaIZ\x9c\x9f\x83s\
\x8e\xcb\xb2\x22\x9b\xcdI\xf6\xe8PGE\xda\xc1C\xc9\
\xd02'h\x1aC\x80\xcf<B$\xday\xefv~\
\xc6\x13\x1fM\xef{\xcfe\xf0\xceaqq\x81\xbc\xcf\
\xd0+zL\x04\x99\xc5\xa7 \xa2\xd3\xed\xd0\xb6\xa37\
\xe0\xef\xbfw\x1d\x96\xbb\x059\xef\x11,\x11\xab\xe2\xe7\
\xfa\xc3\x11\x8e\xe4\xdam~\xe0\xc1\x07Q\x85\x08\xed\xe4\
\x13\x5c\xa4\x87\xe5\x9c\xa7\x18#_r\xc9\x8bp\xc9%\
/\xa2Ng\x19\x00\xd8SF\x8dV\x03\x00\x10B\x05\
\xef3S~\xf1\xb0U\x85\xac\xd9\xc4\xdb\xff\xe6\xc34\
?\xd7\xe5\xb1\xd5\x83T,y\xf84\x0c\x94\x08\x11\x14\
\x9d\x8c\x033q\x88iO\x9c>\x1e\xd5\x0b\xe7\x1c\xf9\
\xcc\x1b\xdeerD:\xb2\x8c\x9a\x8d\x06>\xfa\xe9\xaf\
\xf0\xa7?\xf4\xb7\x18=\xeeT\x04&*f\xa7\xf0\xa5\
k?\xcb\xeb\xd6\xac\xa3^\xaf\x87F\xb3IVsT\
\x95\x155\xf2\x8c\xbe\xff\xdf\x7f\xe4/]\xfe^\x8cl\
9Z\x1c\x5cU\x01\x8dA|\xe2\xef>\x83\xa7>\xe5\
I\xb2k\x92\x99\xe0\xc0\x1c\x029\xe7\xb8(K<\xec\
\xec3p\xd13\x9f\x8c\xef\xfe\xf0gX\xb7q=U\
!\xa8#\x95\xd5c\x86\x8f\x99\xd9BM\xab\xbe\x11\xbf\
\x1b\xd50XQ\x90X\x00\xb2\xe8\xca\xee\x9f\xc8\xc0\xbe\
\xa1h23`\xd2\xac\x1dC\x92\xf4\x13|i\xd3c\
\x92\xad\xe0dA\xacc4\xaa\x97\x07G\x04Upf\
\xeb\x0d\x04\x8cY\x95\xf7\xd3\xb1\xff\x96\xc3L:\x03\xd8\
\xa6_\x00\xb67\x984\xc6\x15{\x98z\x0bX\xe5-\
e\xc0\x99\xad\xf0(\xdd\xb2J\xa6d\x01)\xc6\xc8\x0b\
\x8b\x0b8z\xd3j\x5c\xf9\xb1+x\xf6\xd0!\xd8X\
\xef\x95\xe3c4u\xf8\x10=\xfd\x19\xcf\xc6|\xe9\xb1\
e\xeb1\x08EAY\x9e\x83\x1ci\x15)Y\xf5\x81\
D%\xa2\xe6\xd2\xab/ZNV\x0a\x5c\xe3\x1cU\x95\
d\xae5\x17\xc3l\xac.\xf49\xd2\xc0\xd0\x08\x1d\x98\
:\xcc`b\xef<\xf5z=\x9e\x98\x9c\xe4\x91\xe1\x01\
\x94U%\xa6W\xa4@\x0eP\x97?J\xf3\x95\x9c\x03\
\x180\xfe\xb3\xaev\x0ch\xb6\x9b\x98\x9b\x9f\xe7\xa5\xc3\
\xfb\xf0\x89\xf7\xbd\x05\x9f\xf8\xc8\x07\xb9\xd7\xed\xa0\xd3Y\
\xb6\xc0\x05\xab''\xb1bd\x05\xcc\x8c\x84*b\xf3\
\xa6-|\xeb\xad7\xf3eo\x7f7\x8fM\xac\xe1P\
\xf4\x94\xfct\xb0\x02\xaat\xc6*\x1a\xed\x91\x15t\xf3\
\x1fn\xc3\xcf~\xfe_\x94\xe5\x19BYZi\x19d\
\x1601\x1cP\x96\x15UU\xc9\xed\xf6\x00\xb7\xdb\x03\
h\xb4\x1a\x5cV\x95\xb4\xe0R&\xc2\xe7\xa44\xbb(\
\x0b4\x9aM|\xf2\xcb\xdf\xc4u\xd7~\x0b\xa3\xdbN\
\xa0ng\x19k6l\xe0\x89\xc9I=\x12ptV\
\xe2\x22\xab\xcf\x88\x1ce2m\x983\xe7\xe02\xcfY\
\x96q\x96\xc9\x12u\xab\x17\x0c\x11T\x16\x15\xf2,C\
\xa0\x0cox\xe7\xe5\xfc\xcew\xbc\x97F\x8e?\x85\xb2\
\x81\x01>\xb2{\x17\xbf\xf9\x15/\xc6\xd3\x9e\xfcx\x14\
E\x89<o\x92\xb6\xbe\x22V\x0cO\x84]s\x1d~\
\xd5\xcb_I\xcd\xc1&Q\xdeb\x84\xc8\xa1\xe8ax\
l\x8c~\xf1\xdb?\xe0g?\xffO\xe4Y\xc6U\x08\
\x9cRT\xce\xca\x11\x18o}\xcb\x1b9\xa7\x0aeY\
1\xc7\x90\xc6\xac\xc5\x9a\x83S\xff\x19\xa5 .\xd6\xa0\
\xdc|\x8ce\xdblj\xb5\x19j\xcb\x1cE\x06\x82\xfe\
\x02\xa9\x8e\x1a\x0a1\xa51f\x0f\xfd(\xd0l@\x94\
\x14p\x22\x04\xc9LQR`N\xb1\xaf\xf1\x94\xa2\xa4\
\x8c\x94\x9e0\xc8\x9anJ\x22gy\xb9r\x03\xd2\x9e\
\x9a\x0c\x8ff2\xf5\xaa$%\xc2\x96\xeeg\x0d\x82\xd3\
k\xfb\xfeM&N\xaa\xa9\xaa\xaa\x82'\xa0\xd5n\xa1\
,K\xeat\xbb\x18\x9fX\x89\xfd\x07\x0e\xf23\x9f\xfd\
\x5ct\xb8\xc5\xeb6l\xe2\xa2+\xb5\xfd\x00\xd8\x91c\
\xab\xe9W\x22\xa9\x1f4!\xa9\x81\xeb\xbf\x0a\x81`l\
\xd5\xa9\xf6\xc4,yij\xc3`I\x8f0\xf2\xbc\x81\
\xdf\xfc\xeew\xf0\x99c0\xf3Rg\x99N>\xe9\x04\
\xb4\x1b\x19\xf7z\xbddx\xa3\xd9\xe0\xbe\x12\x1c\xf3\xff\
)\xf3\x01\x86\xf56\xf8,\xc7\xee\x1d\x0f\xe2\x98uc\
\xf4\xdd\xaf}\x96\x9f\xf2\xf4\xa7a\xef\xbe\xbd\xc4\xcc\x5c\
\x96\x15\xc6FG\xc1\x0c\xbc\xefo\xde\x8f\x9f\xfd\xfb\xcf\
\xd1n\xb7\x91g\x19\x0f\x0e\xb5\xf9\x07?\xfc\x01?\xe9\
\xa9\xcfBh\xae\xc0\xc0`\x9b8h\x97\xe8C?Z\
M\x9b>\x9c\x18\x91\x0f\x8f\xe2\xcdoy;\x0e\xcd\xcc\
\x22o4\xb8\xaa*0+K\xef\xc0\xc4D.wL\
\xe4\x11\xa2n\x11\x969xZ<\x15\x11btUQ\
 \xcb\x1cZ\xcd\x06\xff\xdd\x97\xae\xc5[_\xfff\x1a\
\xdcr,\x80\x80n\xb7\xcbG\xad[\x8d\x89\x95+P\
\x95\x95\x88\xa3\x0cn\x84\x19\x0e\x22\xd8|\x00\x8a6%\
\x98\x85\xc0\xacb\xe4\xb2(\x09\x1c\x90g\x0e\xcdF\x03\
7\xdcr'=\xe6\x89\xcf\xe0\xab>\xfbU\x8c\x9e|\
\x16\xf2V\x93ggf\xe9\xd1\xe7\x9eD\x97\xbf\xf7m\
\x90i\xbe\x9e\x8cf\x88\x90\x1d\x0c\x94y\xbc\xfam\x1f\
\xa4\x99\x07\xb6skr\x1d\x87P\x8a\xaf%\x80c\x00\
5\x87\xe8C\x1f\xff\x94\x187\x88\xcb\x06H\xa6\xdbf\
\x19\xca\x10p\xe6\xa9\xa7\xd0\xf3\xff\xfc\x1984\xb5\x1f\
\xdee`\xb6:\x18\xf3\xe8\x06t%\x22213@\
c@\x1fu8X\xb3\x8a`\xae\xb7\xad\xb3\xfdS\xbb\
K\xfb;\xc0\x99D4\xeai4\xc7\xd3WZ\x97Z\
\x95,S):\xa8\x1c\x80\x09\x83\xfa\x04\xd2\xfaQy\
\x15\x19\x82\xd7(X?;M4\x87E\xeb\xf5\xe8z\
\x8d\xb6\x8d\x8f\xb2\x0c\x00\xab}\xa1>\xe7\x03\x10Y\xdf\
\x00%\xb5\x03\x19b\xe5\x18idd\x05n\xbe\xfdn\
|\xf0\xf2\x8f\xe0o\xde\xf7.\x10\x01w\xdfw?.\
\xbe\xf8\x85@k\x98\xd7\xad^\x83\xa2WR\x96g`\
\x02{X\xbc\xafd]\x8d\xef\x05\x819\xc7\x9a\x92K\
D\x83\xbdB\xf8\xb4\xbe\xaa-\x07X\x0eT\xf36\xfa\
R\x00\xc4\xec}\x86\xb2,H\x04\x96\xb5P%\xa3f\
\x9e\xa3\xaa*\xe4Y&\x16^\xd3T\x04\xc36ju\
\xfa\x82\xc4\x18#\xf2,\xc7\xc2\xd2\x22\x96\x8f\x1c\xc2\xa5\
\x97<\x0f\xafz\xf9K17\xbf\x80\xe9\xe9C\x94e\
\xb2\x87`\xc3\xc6\x0d\xf8\xaf\xff\xfc/\xbc\xe1Mo\xe6\
\xfb\xef\xdfE\xad\xa1\xebx\xcd\xc4\x88\xf8\x12\x06\xed\xdc\
}\x00+Wo\xa4\x95\x93\x93\xe8-\xcf3\xbb$p\
R\xe9\xa9\xd5\x8c\xfd\x02\x15b\xe4\xc6\xf0\x08\xee\xd95\
\x8d'<\xf1\x19\xf8\xf1?~\x1b\x9b6n$\x00\xa8\
B\xc51\xb2\xf3B\x02\x1bk-LB$\xab%\x22\
\xe7\x1cy\xef\xe0\x1b\x0d\xec\xdc\x7f\x10o{\xcf\xfb\xf0\
\xfdk\xff\x9e\x87\x8e:\x99\x9c\xcf\x018p\x88\x94s\
e\xe65\xa5\x1bA\x1a\xb7*)\xa5)_\xad\xacs\
\x09 \xba\xcc\x03\x10\x06\xff\xb77\xdd\x12?\xfb\x95\xaf\
\xbb\xef\xff\xe3O8\xb6G1~\xf2YTv;\x88\
L\xc8\x17\x0e\xf1\xa7?\xfaE8\xe7QVZ\x12\x1d\
\xe4m\xaa\x101\xd0n\xe1\x8b?\xfeo\xfa\xc9\x97\xaf\
\xc2\xc0\xe6c(\x14\x05\x93\xf3\xe9tb\xa8xd|\
\x15~\xfd\x9b\x1b\xf0o\xff\xfe\xefx\xda\x93\x9f\x8c\xc5\
\xa5%\xe4y\x0e\xf3\x93\x9a\xf0\xa7\xb7\xbf\xf9M\xf8\xee\
\xf7\x7f\x8c\xa2\x0a\x9c\xf5\xe5\xc7\xe1\xccK'Q\xa7\xe4\
\x84HEB\xac]Bt:\xd6\x944\xe3F\x09\xb8\
\xc3|\x17\xd7&\xa4v\xe3\x9c\x81C\x14\xf8n\x9d\xde\
J\xa0s\x82\xbe\xdao\x0d\xd3~\x91E\xd5\xe3\xa8q\
D\x8c\x91\xe0R*\xc0\xb6\xce\xc0\x0c\x95\xc9>\x94&\
\x80U.\x99-P\xc3\xa1F\x85\x08Ne\x8e\xf5\xba\
I'\x0f\xdbt!\x96;N\xbe?\x05\x1eb\xa0\x1c\
\xa1,{\xbcv\xc3f\xba\xe6[\xdf\xa7\xedwm\x8f\
\x7f\xf6gO\xa5O}\xe6\x0b\xe0\xd60MN\xaeA\
Y\x14\xc8\xb3\x9c\xc9\x119\x92B\x1fM#\xa4\x1d\x18\
Rn\xa7\x7f\x84\x96o\x8a\xa1\x11\xbb\xe3l\xb3p\x8a\
{`\xb1'\xa7g\xcd\x0a\x03%\x1d\x10B\xa0\x81\xa1\
!\xec\x9b:\x1c\xf7\x1f\x98\xa6f\xb3\x81P\x96<:\
\xb6\x12g\x9cy\x1a\xff\xe6\x0f\xdb\xa9\xddnAV\xad\
K\x14\x11\xf5\x90\xd9X\x22\x00B5\x12g\x8d\x06\xed\
\xdb\xb3\x07\xc7m^\x8d\x0f\xfc\xed\xdf\xe1\xd4\x93O\xe6\
\xa9\x83S\xb0+\x1ah\x0fpk`\x80>\xfc\xe1\x0f\
\xe3\xc3\x1f\xbb\x92\x87Wo\xc6qg?\x12\x1c*,\
..P\x0c\x15\xc8{\xdev\xf2:R\x9b\xcd\x99\xcf\
\x13\xb5\x22\xf2\xc0$a\x80\xb8C\x07kS&\x8ae\
\xe0\x15k\xd7\xe1\x96\x07\xf6\xe2\xe1\x8fz\x12\xbd\xeb\xb2\
7\xf3\xc5\xcfz\x16\xadY=\x01I\xc6?\x84\x94\xfb\
?\xbe\x02\xc0\xb7o\xbf\x9b\xbf\xf3\xdd\xef\xd3W\xbe\xf6\
\x0d\x1c\x9c]\xa4\x15\xc7\x9e\xa1\xedq\x00e\x19\x01\x91\
8os\x05\xa0\x1b\x22Ue`i\x80\x13\xf0\xe8\xcc\
p\x93\x93)\xc8\x81)\x84\x88\xaa\xd7\xe5\xc5N\x87n\
\xbc\xf9V\xba\xf9\xb6?\xc5\x7f\xf9\xd7\x9f\xd3\xcdw\xdd\
G\xa19\xc8\xc3[Ot\x19y\x94e\x0f\xae\xd5\xc6\
\xfc\xbe=\xf4\xa5\x8f\xbd\x8fO=\xf9D\x02\xc0Y\xe6\
\xd3\x81\x02@\x03\xc0}{\x0f\xe1m\xafz\x15Zk\
7\xc1\xe7-V\x88\xae\x81\xab\x13\x82\x88+n\x8cL\
\xb8\x0f}\xe4\x93\xfc\xb4'?\x19C\x83\x83\xd4\xff>\
\xf6u\xd2I'\xd0\xa5\x97\xbe2~\xfa\xf3_\xa3\xc9\
\xd5\xabeq\x09E\xe8\x842\xf1\xbeZ\xc2\xccF\xdb\
)\xf0\xd5\x04\xbc\xd6\x81HA\x92\xe3\xf8\x10g\xabz\
S;R\xf1\xe1\xd6\xf7L\x0c\x8a\x19\xa2\xd1:Z\xec\
!\xa8[@\x9e\xc5\x05\x1ay\xeb\xe5X\xfc\xcd\xf2\xb8\
%\xb67\xc7$\x1f\x14\xebo\x90\xe9\xa4|\x0a\xa5\x10\
\xc0.\x8c\x09\x88Z\xfd\xab\xe5SB7&\x8fi\xc6\
Oq\x01IvD\x9a\x9eu\xc084\xc8\xd6\x9b6\
h\x0c\x0aU\x89\xa3\x8f?\x81\xefxp?]\x7f\xf9\
\xdf\xf2\x9au\xebibp02\x07j\xb6Z\x86\x98\
\x186\xe0\x8dH\xbc\x883\x1c\x90\x1e\xa51r\x06\xce\
T\xcf\xc5\x14$\x93\xaa\xf7\x99,\xb0\xbe,\xf6\x11\x96\
\x91\xc1y\xde\xa0\xdd;\x1e\xa4\xa5\xa5\x8584\xb8\xda\
-\x17%\x06\xda-\x1e\x1d\x1a\xc0rg\x09\xe3\xb4\x8a\
\x99Y'4'X\xa8\xa7\x0e\xc4\x18(\xcbr*\xca\
\x8a\xa7v\xde\x8f\xe7?\xf3\xc9x\xfb\x9b_\x0b\x06\xf1\
\xbe\x03\xfb\xd1\xf0\x19\x8a\xaa\xc4\xba\xb5kq\xf7=\xf7\
\xd0\x1b^\xf7:\xbe\xfe\xa6\xdbi\xf3qgP\xa3\x91\
A\x16Q\x10\x86\x87\x87\x13\x87 \xe7\x06\xc8D\x1b\xf5\
\xf4\x8e\xa9\x86=\xe9<\x139\x05\x22 \xcbP\xc5\x80\
\x15\xab\xd7\xd2\xe1n\x17\xaf{\xdb\x07\xf0\xc1\x8f|\x8a\
/8\xefl\x1cs\xf4V<\xfaQ\x17bbt\x08\
,\xdbkAR\xf9Fw\xde\xb7\x8bn\xfe\xfd\xf5\xfc\
\x87;\xef\xe1[o\xbb\x13\xcb\xcb=n\xadZK+\
6\xaeC\xa8J\xc0{\x90\xf3\x14\x22cpt%\xff\
\xee\xb6\xbb\xe9aO\xbc\xc8\x0a\xcd8\xf3\x9e8\xe8R\
\x14v\xec\xbc\xa3F#\x87\x18\xff\xc8\x9d\xe5\x1e\xcd\x1d\
\x9aB\xaf\xe8\xf0\xf42\x03\xd1\x93\x1b\x1b\xc7\xf0\xb1\xa7\
\x93s\x8ebY\x22\x00\x8c\xacE\x0c`pt%_\
\x7f\xc3\x1f\xf0\x87\x1b\x7f'I1\xa7.P\xc1V\x9e\
y\xfc\xf2\x0f\xb7c\xb9[\xf0\xc0\xaa\xd5\x14CI\xe4\
<\x1b\xb1\xa6.\x11U\x09j\x8f\x0c\xf3\x8d\xb7\xdc\x8e\
g?\xe7\xcf\xb1i\xc3\xbaX\x86H\xde\xa9\xe3\xf4N\
\xfb8\x08\x07\x0e\x1dA#\xf3\xa8\xaa\x00o\x85\x16Z\
\xf1E\x86\xe9M\xb3\x94\x16#i\xe7\xad\x13v\xcc\x09\
\xb92+\x1f*/'\x8b\xeb-\xc7W\xbb)q\xf9\
\x99AU\xfd\x18\xa7EIz\xd7\xb0\xe9?f\xc6e\
X?Y\x12(\x981\x10\x18\x22\x0c\x9eKvJ\x99\
\xbb\xbe\xd8\x9e\xd8\xa5M\xe5\x02\x0b\x95\xbc\xb0nrM\
M\x8b\x1a\x09\x81a#\x0a\xcd\xf8\xa8pZ\xc1\x13#\
\x951)67\xf6\x80\x1c\x11\x98\xb8,KL\xacZ\
\x85\xc95k\x5cY\x96X\x9c[ts\xf3G\xb8\xdd\
n\xa3\xd5\x1e@\xb3\xd5\xc6\xe0\xf0\x10k\xcb\x131@\
!X\xa6\xd5\x8c\x8e\xd9\x99\xc4\x0fp2\x0f\xaa\xda\x89\
]Q\xba\xde\x9e4\xa3\xa6@)\x9d\x01\xb1\xcb\x1a\x98\
\x99\x99\xa5\xb5\xeb\xd6\x82\x1c\xd0\xe9t\xe9\xe8\xa3\xb7\x81\
\xf8\x17\x80\x8e\xec\xaaS\xa2.\x99\x1a\x8e\x8cfk\x00\
S\x07\xf6c8g\xfa\xd4\x87\xdf\x8d\xa7>\xe1\xf18\
p\xe0 @Zt\xe5\x1c\xd6\xae]\x87o}\xeb\xef\
\xf1\xd6\xb7\xbe\x1dUc\x98\x8e=\xe3<\xc4\xb2`f\
\x16\xc2Sm\x1f\x1c\x93\x13\x5c\xa9&\xcb[\x0b\x86A\
42/a\xa2\x95\xee\x8d<PV\xe0^\x89\xca\x15\
\x9c\xe7\x1e\xed\xb5\x1bi\x89\x19\xff\xf8\xef\xbfft~\
F\x1f\xbf\xf2s\x00\x22\x93\xf7\x12\x22\x065\xee.\x03\
\xd8\xc3\x0d\x8fPs\xc5\x1aZ1\xd9\xe4\xc8\x011\x04\
P\x96\x03\x9a\x8d\x019\xb8f\x86\xd0h\xd2\xdd\xbbg\
\x80f\x03\xec<\xe9\xe4\x1d\xc0\xc9\xe8s\x02\x00\xd7S\
\x04\xe8\xc0>g\xb7b#9\x97a\xbc\xd5f8G\
U%\x0b9\xd99b\xdf`\xaf\x22\x0b0;\xefp\
\xcd\xcf~M\xe8t\x18\x5cI\xb6=DB\x0c\x8c(\
\x9b\x97\xfc\xc0\x10\xb5W\xad\xe6XU \xe7\x19\xb0\x05\
+\xe2\x93\xc9\x1a\x99\x96fAYN?\xfa\xe1\xbf\x88\
\x82\x91'\xe8\x8cKHG\xa0\xc4\xd0\xad\x16VL\xac\
F\x0c\x15\xbc\xcb,\xbcrL,\x80\xd1\xc1\xea`M\
\x8d\xfa\x82\x81\x87\xb4f\x01H\xe1\xbbU\xc3\xa7\x17\xa7\
\x9f\x9ao\x12k\xe220K\xf9@\xfa\x15\xd9\xe9%\
J\x17\x0c@\x10X\xcc\xb6J\xbb\x86\x03*\x0f\xff\xcb\
C!9\xe3h\xf0\xdc\x5c# -\xbaQ\xdf\xc44\
#\x99,\x18\xed\x98\xe0\x825\x06\xc1\xda{Y\x90P\
@\x0d.\xd9\x1ar\xe5\xce\x22#r`\x0a\xc2\xe6\xc3\
\xc9\xd6\xd9\x18*\xee\x15\x05\xd6\xaf\x1a\xc4\xbb\xdf\xf4\xd7\
4;?\xcf\xbf\xb9\xfe\xf7X\x5c^\xc6\x03;w\x00\
\xc8\x10A\xe4\xb2\x06\x06\x87\x87\xd9\xfb\x8c\x9a\xcd\x1c\x8e\
t\xf8$k\x05\x88\xc0\x04\x22)\xc7\xd0\xe5Iu\x9a\
\x0f\xca\x06\xb0\xbeX\x9e\x8d\x9a^\x12{\x92e9\xba\
E\xc5\xbf\xbf\xe1\x0ft\xf6Ygbqa\x01U\xa8\
\xf8\xb4\x93O\xa0\xaa\xb3L6\x94\xd9\x91\x18\x5c\x06#\
\xc4\xc0\xb9\xcb\x00\x9f\xd1\x83\xf7\xdd\x85\xc7\x9fwf\xfc\
\x9b\xf7\x5c\x86\xf1\x95+\xdd\xbe}\xfb\xe13\x8f^\xaf\
\xa2\x89\x89U\xbc\xb00\x8f\xbfz\xe9_\xe1\xba\xef\xff\
\x13\xd6\x1f\x7f\x1aF\xc6F\x11\xab\x0ay.\x99_\xaf\
[\x98\xec\x19\xc6\xc4a2\x9c#)\xcd\xa5\x04!\xc5\
\xc3q\xed\x8c\xc4&y\x8aE\x97[\xab\xd6``\xe3\
Z\x0e\xddH\x01@XZfL\xef\xc3\x8a\xd5\xeb\x09\
\xe4\x14\x8e\x91#\x07&8[=B\xe4\x88\x9d\xce\x0b\
\x08Q\xa7;\xbb\x1c$\xfb\xfb\xc0\xe4\x99e[\xa8>\
T\x17\x9b\x83#\x04\xe7\xa5\x8d\x85\x9c\x90\xaaTs7\
2.Sg\xea\x91\x07\x9cc&\xa2\x9e\xe4\x01\x18m\
\xcf`F(*\xf6\xdeSc\xf5\x04\xaa\xa5e.\x8f\
\x1c\x06\x220\xb6\xe9\x18F\xa8\x88B\xc5\x88\x919\x94\
\x8cP9)^\x8a\x1c\xcb\x82cY\x10\xf2\x86bc\
\x00\x88\x80\xf3\xec\xc8#\x14]\xea\xce\x1d\xe4\xd0\xeb\xc0\
\xf9\x0c\xcd\x89I\x92\x99\xff\x04\xf2.M\x1e&\xe7\xe1\
\x9d,c\x8dL\xf0.i\x02l\xc5\xb8\xd6\xf3\xe9\x80\
\x1b\xad\x8c5/CB\xa4\xd8_-\x14Oz\x13\x93\
\x03z\xa8\x89\x00\xabK%\x00\x91\xac\xb1\x1a\x5cK\x82\
\xa8_\xb4\x08\xcc\x10\x00\x89\x182!\xaa\xf2\x11\xd5e\
\x87\xa4\xd5JZ\x98`\xc1\x83i5\xac\xba\xc89Q\
d\xa8\x8b\xd4\xe5\x85\x9c\x84\xca\xe2e\x8e\xe9\xb3\x89\x85\
\xe8J\xebbH\xa6\xa8\x84XO\x1bR\xb6\x14f\x05\
\xd2=\x12`\xab\xc6\xf3f\x13\xfb\xf6\xed\xc1\xeb\xff\xfa\
\x0d\xfcW/}\x11\xef\xdd\xb7\x9f^\xf8\xbc\x8b\xd1+\
\x0a\xec\xde\xb3\x17ss\xf3\xb8\xfe\xb77\xc4\xc5\xa5%\
\xba\xf9\xb6;iqy\x81\x0f\x1eZ\xa4*:\x1e\x1c\
\x1c\x88\xbe\xd1\xa2\x81\x81\x01\x22r\x9cyG\x0cFU\
E8\xe8f^\xd2\x91L\x84zaQ2\xdd\xfd\xe5\
M\x02-\xc9y\x9e\x9b\x9bI.\xa8\x0a\x15\x0f\x0c\x0c\
\xa0\xd5\xf0\x14B\xc5\x0e)\x17\x02\xe2H\xedv\x13\xb3\
\xb3\xf3\x1c\x96g\xf9\x03o}\x0d\x9e{\xf1E4;\
7\xc7\x87\x0f\xcf\xb0\xf3\x8eB\x08\xbce\xf3&\xfa\xcf\
\xff\xf9\x05.}\xcd\xa5\xd8}p\x1e\xc7\x9d{\xa1\xe4\
zC\xd4\x0d\xb7\x8e\xac\xc8\x0c\x92\xa2\x13\xdch\x02\xa8\
\xf6\xba\xbeX-\x1f18\xd4\x17bf\x99\x07-.\
\xd0\xf8c\x9e\x10\xd7\x5c|\x11w\x0f.\xc25s\x87\
\xfd\xbb\xb0\xfd#\xef\x03\xc7\x8a\xd1\xf7[\xd2v\xa6e\
\x95`\x80<Y\x91\xa4w\xb2\xd3\xc5\xb2C`\x12\xa8\
\xe3\x88(\xc8\xfc\x85\xe8\x1cP:\x11\x22\x90,\xf9\x14\
f\x86\xb9\x1e\xbeJ\xec\x1c@\x9eA\x9e\xe0\x1c\x93\xcc\
\x07 \x0e`\xee\x82<1\x8d\xae\x19\xe7U'n\xc3\
\xcc\xe1e^z\xe0>\xf2\xb1\x07\x84\x80P\xf6@\xa1\
\x02dZ\x12Q\xac\xc0\xba|\xd5\x22o\xebZ\x10\x12\
\x96\x95\x1c\x22\xaa\xba\xcb\xa8\xe6\x0e\x83\x1cQs`\xa0\
\x86\xe6jI\xed\xf2\x90z\xff\x859t*7\x09\x9e\
\xdb\xf3\x97G\xa7\x13\xd6\xac\xb9\x998\xd6\xcb\xeb\x10\x95\
\xb23%R|\xaai\x07\xa2\xbe\x19\x1c\x86\xe6\x80\xfa\
\xd51#g\xedm\x0a\xbb\xb9\xaf\x02\x90\xfbUS\x5c\
\x84\x04\xcb\x94\x9aU\x94\xfc\x86\xfd\xf2C\xc9\x00\xb6\x00\
XoW\x86\x94h\xf1J\x8d\xa2\xd9\xe2\x17\xaea\xa9\
\xfd\xbe\x18@Wc\x19\xddQ\x10\xfb\xac\x96<\xd8H\
\x8e|U\xf6\xc0`d\xdeS\x15J8dl\xb7W\
\x85\x80\x91\xa1A:\xfe\xd8\xe3p\xfb\xedw\xa2(K\
x\xef\x917\xf2\xb8v\xdd:\xb7i\xe3&\x9c{\xce\
\xc3\xe0\xc8a~a\x01\xbdn\x0f\xb7\xdfy\x17\x0e\xcf\
\x1c\xc6\xefo\xf8\x03\x1d\x9a9\x82\x1d\xbb\xf7\xa1S\x14\
\x08\x01\xec\x1am\x1a\x1e\x1e\x96UX\xad6!\xca\x12\
\xd1zoB-\x00\x5c\xc3$\x220W!bd\xc5\
(\xddq\xc7\xdd\xe8\xf6:p\xdeQg\xa9\x83\xadG\
\x1fE[\xb6l\xe2\xa9\xf9%\x1a\x1e\x1eF\xe4H\x9e\
\x1cg\xcd\x16v\xed\xdaA'oYK\x1f\xba\xfa\xb3\
\xbcu\xdbV\xec?p\x00\x8d<\xa7\xc0\x81\x86[C\
h\xb5\xdbt\xf9\xe5\x97\xe3\xa3\x7f{\x15\x86\xd7n\xc6\
\xd6\x13\xb7\x88\xf1\x03\xe0\xb2L\x98Q\xe3k\x88`;\
q\xa2\xe9wHq\xbd\x95\x98\x91e/\x98,\xe3(\
\x00\x12D\xc8\x89\x91\x0d\x0d\xa2\xd8~\xab\x9b\xfa\xda\x12\
b\xb7\xc7\xe43\xb8\xd8A3\xcf\xe0(h\x92/Q\
\xa1\x04\x8a\xd2\xfcB\x04FPkc\x9e\x87\xa0\xdd[\
\x14+1\x16D\x80\xf7\xb9\x5cA\x04\x09\xeb\xa45\xd2\
\x8e\x10\xa2u\xe4\x0bN\x05\xc9(0\x22\xa73\xfa\x1c\
U\xa5\xcc\x1fl\x0e\xb5il\xdd\x04\x06\xd6O\xa2w\
d\x81\xf6\xfe\xf8G(;=\xca3\x02B\x00)\xcc\
G\xea\xb0c\xcd\x82E\x11{\xe5\xe0MF\x09\x048\
B,\x0a\x17\xcb.;fj\x0d\x0d%\x153\x16\xdd\
9\xaaIJK(\xa9!\xb5\xb5dP\xdc\xae\xb6B\
\xf3\xac}P\x9e\x15\x5cS\xdf\xcb\xd5\xc0\x90\x86\x1ef\
\xd6\xf5\xf7(\x15\xa1\x98g$2]NH5\xe3\x08\
-*\xf4)\xe8#\x1d\xa0`\xa5\xbd\x22\xc1\xd1br\
\x98S\x13\xcb\x12k\x88\x9f\x22]\xfb\x1c\x08\xe4g\xcb\
K\x12\xa4\xb4\xd4Yw\x19\xd9\x8d\xda\x13\xb6\x1b\xd0f\
\x17\xc0\xdai\xf5\xb1r\xbf\xda\xa7\xa8\x5c.7\xcbr\
\xf4\xaa\x82v\xdc{\x176m=\x96[\xad\x01\x14\xbd\
.\x22\x97\x00\xc9\x8a\xc1\xaa,\xd1+z\xd8\xbc\xe5(\
\xcc\xcd\xcdRU\x05\xeev:\xae\xb3\xbcDKU\xe0\
\xd9#\xe4\x1c\x81\xf3f\x93\xb3<\xc3\xf9\x8f8\x87\x1b\
\x8d\x06\xff\xf9E\xcf\xa0\x08`\xcf\xae}8rd\x86\
~\xf9\xeb\xdf\xf2\xc2\xd2\x12\xdfp\xe3\xcdX\xea,\xd2\
\xde\xfd\xf3\x80o\xa0\xd5n#\xcb\x1b\x18\x1a\x1cR^\
@\xe0@\xb0\xe7'2\x0a\x8e\xa0\xbc\xd9\x8e;v\xef\
!\x0f\xd9a\x1fc\xa0f\xb3\x89\xe1\xc1A\xec\x9b\x99\
&p\xe4,\xcbP\x96\x81\x0e\xee\xb8\x97_\xf1\xa2\x8b\
\xf1\x9a\x97\xbf\x84\xcb*bjj\x8a\xf2,\xe3^\xaf\
\xc0\xfa\xf5\xeby\xc7\x8e\x9d\xf4\x9a\xd7\x5c\x8a_\xff\xfe\
Vl;\xe5a\x94e\x19\x98\xa5;P=\x8fq\x0f\
uT\xa6O\x96\x88\xe0b\xe4h\xb4\x13\x88I\xba\xf3\
 \xc7,\x9e\xc4\x846\xaaP\xc3\x11BE(\xb2\x1c\
1o\x22\x06\x10y\x87\xac\xe8ba\xb9\x03\xf2\xb9~\
\x9a\xfd\x0f\xb5\xec\x09\xa0\xedW\x0c\x85\xefr\x05\xedv\
\x1b\xce;0\x1c\xe6\x97\xbb\xa8J9C\x92\x85\x09\x22\
$D484\x88,\xcb\x04\x0c\x93\x93L\x94\xf7\x88\
\xec\xa8\xaa\x18Y\x96ap|\x00\xc3k\xc708\xb9\
\x12\xb1\xdb\xe3\x03w\xec\xc4\xe2\xf4ad\x8d\x8c\xdc\xa0\
\x07\xf7\x0a\xd10W\xcb\xaei\x88\xf2\xbe\x94&\xf1G\
e\xe8\x5c\x06\x0e%\xe2\xf22E%,m\x9f\x85\xde\
\x1b\x91!\x00\xb5\xfdV3c\xe7@d\xb8\xcab-\
+\x1c\xef\x0b\xa85\x9c\x14\xab\xa4\x0c\xb9\xd8h\x8eT\
\x8f\xdeD\x84\xb4\xbe\x98\xd35\x0dL\x06#\x99\x07J\
\x12\xc0\x8c\x0c\xc4\x01\xc4\x88\xa98\x9f\x81\xbe\x1aVN\
\xaa,\x0f\x80-)\xc6\x5c\x87\xf6\x0a\xf8\xc9R\x84\x0a\
\xdd\xb5\x09H\xed&\x03V\xd2\xca\xc9B\x90\xad\x1bV\
\x0b\x97l\x80\x0e\x10\xb5\x9b\xb0\xc1\x0f\xf6\x02}n\x04\
H\x10\xc82\x14\x83\x90e\x0dt\xbb\x1d\xbe\xe7\xb6\x9b\
\xb1f\xfdFZ\xb5n#WU@Y\xf6\x00\x8eh\
\x0d\x8e\xf0\xeb\xdf\xf2N<\xe2\x9c3\xf1\xc8\xf3\xcf\xe3\
\x0d\xeb\xd7\xe3\xc4\x13N@\xa3\xd9\xe0F\xa3\x89\xa2\xea\
r\xaf[ \x84@E\xaf\xcb3\xbd.\xc0 \x9f9\
\x069766\x8a\xd5\xabW\xf1\xe9g\x9c\x0e\x02a\
a~\x1eK\x9d%\xdcq\xc7\xdd8<3\x83\xff\xf9\
\xd5\xaf\xb1\xdc)x\xfb\xbd;\xa9\xe2\xc8E\x19(k\
\xb4084\xcc>\xcb\xa8\xd9h\xc8\x5c\xba\xaa\xc4\xc0\
\xe0\x00\x16\x0f-\xf0\xfd;v\xd1\xc6\xf5ky\xa9\x5c\
\x22\x80p\xe2\x89\xc7\xe3\xa6;\x1f\x88k\xd7o\xc0\xae\
\x1d\xbbhb\xc8\xe1\x8bW^A\x8f<\xff\x11|\xe0\
\xe0\x14\x1c\x1c\x1b\xb2X\xbfa\x1d\xbe\xf7\xbd\xef\xe2\xb2\
\xcb\xde\xcb=?D'=\xec<TU\x09\x22Y4\
*=^\x06/\x15}R\x9d1\x01\x00\xe2\xa8\x93\xea\
T\xf2]-\x81\xfdr\x0bM\x8f\x00\x90!$\xe4P\
V\x15\xd6\x0d\xb7\xb0y\xf3*\xf4\x96:p\x99\x87\xab\
\x06x\xe6\xa4m$;\x12\xfb\xa5\xd0r\x8a\xc2O\xeb\
`\x15\xd1\x0fg\xb2&\xb3\x0d\xee\xd9\xb9\x1f\x9d\xc0\xe0\
P\xe1\xe9\x17\x9e\x8b\x15#C(C\x1a\x1d%2\xe0\
<~\xf9\x87\xdb0\xb3\x5c\xa0\x997\xa4\xe5\x8e\x08\xa1\
\x12\xc37\xbav\x14#\xebW\x22\x1fi\xc3\x11\xe1\xc8\
\x8e\x03<\xf3\xc0^Df\xca\xdbM\xa6\xb2\x04\xc7\x0a\
\xd2\xb7\x1e\xa5\xe1\xcaB\xdeD\x95\xf5O&`\x8da\
\x19\xb1\xb3\x84PtE\x06]\xaa\x0d\xb7\x00\xaf\x0e\xf8\
\x00\xc3\xfeH\x00]\xbeg?\x03X\x1a\xe6$I\xa0\
\xc8\xc2H\xf1>FM\x03\xf1\x84\xd7\x15I+|3\
Us\xfd\xfa\x05\x83XH\xceU\x89t\x8d+2 \
Z\xeb\xa0\x22\x8d\x94\x05\xa0X\xcf\x8aO\xc6$\x01@\
'\x0aj A\x00%'\x03GpZ\xf8!f\xd4\
*\xd9\xcd\xc8\xc8O\xea\xeay5|l\x10\xb5\xe60\
\xa1\x954F\x83@\x5c\xbf\xec;\x80\xf3\x8ec\x14\x85\
p\x1a\x13fy\x83\xa3\xf7\xb4{\xf7\x0e\xcc\x1e\x9e\xc2\
\xfa-\xc7`pd\x14\xdd\xce2{\xef\x1c\x9a\x83\xfc\
\x93\xff\xfc5\xae\xfb\xe1?S#s\xbc~\xddjL\
\xae\x1a\xc79g\x9f\x8d-[6\xf3\xc3\xce>\x13\xc3\
\xc3+h\xcd\xba5\x08U@dF\xd1\xeb\xa1\xdb\xeb\
\xf1Rg\x99\x16\x97\x02\xe1\x08Efr\x8dF\xc6\x8d\
f\x8b\xcf\xbf\xe0<\x97gM<\xf7\xe2\x8bP\x94\x05\
\xf6\xec\xd9\x8f\x99\x99\xc3|\xc3M\x7f\xc4\x91\xf9y\xdc\
x\xd3-XX^\xe6C3S\xe8tzh\xb4\xda\
\x9c5Z\xb4c\xc7\x83\xbc\xe3\x81\xfb\xe9\xe8\xad\x9b\xb1\
\xdc\xe9pg\xb9C\x8f\x7f\xf4\x85\xf8\xceu?\xe4\x07\
\xee\xbc\x85\x9e\xf0\xd8\x0b\xf1\x81\xf7\x5c\x86\xa1\xe1a\xde\
\xb3\x7f\x1f5\x1bM\x14\xbd\x1e\xaf\x5c9\x86N\xb7\xc0\
+_\xfe*|\xe7\xfb\xffD\xeb\x8e=\x05kV\xac\
@\xa8Jx\x9f\xc3\x09O\x02\xe7d\xa6\x9d\xed,H\
\xf3\xd7T\xa4D\xe9\x9d\xd5gp\xea\x1eS\xd7b\x88\
L\x85Q\x9d\x80zo\xef\xd1YZ\xc2\xeb\xfe\xec\x09\
x\xd9\x8b^\x00i\xb3\xcd\x04\x80\xf6m\x10F:\xca\
$f\x095\x1a\xaaL\xd8\x03@U\x05<\xe2\x19\x7f\
\x81\xdb\xf7\x1c\xc6\x8aV\x03W}\xf02lX\xb7\xb6\
\xdf\x92\xa4\xafG\xbf\xf8u8p\xd7\x0e\xb4\x1aM\x94\
E\x85\xcc{\x8c\xaf\x1f\xc3\xd0\xba\x95\xa0\xc1\x16\xe0\x08\
\xbd#\xcb\x98\xbdo/\x96f\xe7\xc9g\x0e\x9e\x18\x5c\
U\x94\x14\xbfo\xa8F\x0aqT\xf5\xea`\x182j\
\xac\xecQ\xe8.\x839@g\x13\xaa\xbf\x17\xafl}\
$6&.\x86 \xdf'\xaffK9\x00Jjk\
>\x9e\x85\x17\xed\x1f3D\xa4\x15\xa6\x9akH\x17C\
\xfd\xd13'\xf5q\x1aZ\xd7\xe53\xaav)\x80K\
6A\xcf&\x83\xac`\xd5\x9b\x8fd\xdd\x121\x81\x01\
}\x17\x8e5M\xa0\xf6\x80A\xa9\x86Y\x1e\x82S\xb3\
%C\x1c\x92\xfa*\x09V\x9b \xa9\x13\x8c\xd1\x1e\x84\
\xd4\xee'c\x15\xfb\xe2M\xb2\x9a\x83\x94\x8e|(\x92\
Q\x8b\xe1\xc8\x93w\x19\xfb,(\x9aa\xb4\x06\x87\xd0\
\xe9\x15\xb8\xe7\x8e[\xb1jr\x0d\xd6l\xdaB\x81\x1d\
\x98Ak\xd6\xaeg^\xbb\x8eC\x08XZZ\xc6\xf6\
\x9d\xd3\xb8\xf1\xb6\xef\x10B\x89<sX3\xb9\x1a\xc7\
n\xdbL\x9b6o\xe2\x0b\xce?\x0fk\xd7\xac\xa3\xe3\
\x8f;\x86\x08\x8e[\xed6\xf5\x8a\xc2\x95e\xc1EQ\
\xa0\xd3\xe9\xban\xa7\x0b\x80X\xce\xdf\xd1\xc4\xaaq^\
59Ag\x9du\x06\xbc\xf7X^ZBQ\x94\xf4\
\xa7;\xb6ci\xe1\x08\xef\xdd\x7f\x107\xfe\xf16^\
=\x18166\x0a\x06\x90y\xe7\x16\x17\x16\xf8\xcc3\
N\xc7\x8f\xbe{-\xed\xd9\xb3\x9b\x1e\xf3\xb8\xc7ba\
~\x01\xb3\xb33\xc8|\xc6\xbdnA\xeb7lp\xd7\
\xff\xeew\xfc\x9aW]\x8a=\xd3st\xfcY\xe7\xc3\
ZJ}\xd6\x80\xed$Tg\x89\x9a\x82\xb5\x00\xb3\xff\
\xcb\x5c\xb0\xb8\xae\x08\x86g'\x9eD\xb0C\x0d\x8bm\
*\x12iX\x13#\x06\x86\x87p\xc2\xb6\xad\x00\xa0S\
\x93d)\x10\xeb\xe0T\x86\x82Wp\xaa\x8eLc4\
\xd9\x81\x9du\x00\x09\xe8tDX\x5cZ\xc6R\x11\xa4\
\x05\xb8\xd1B\x84\x0c\xd7\x8c,?\x8f,\x95\x80\xfb\xa6\
gq\xff\xd4\x11x\xdfFD\x86\x95\xeb\xc70\xb4v\
\x0c~\xb0)\xef\x18\x02\xe6v\x1e\xc6\xcc\xcei\xc4X\
!k8pU\x8a\x10\xc5\x8a\x88+\xcd1\xc7\xda\x18\
ioK26\x0c\x90\xf3\xc4\xa1B\x5c^\xa4X\x15\
\x10y\xcb`H:\xcb\x1a\x5cV\x15\xaa2 \x84\x1e\
\xca\xb2\x04\xc7@\xcd<\xc7\xd0\xc8\x0a\x80\xa3)?T\
\xad\x93\xe2C\x1dZ='\xdc\xa4\xdd\xd8\x7f6G\x09\
#k\x051\xc1\xd67\xa8jIWw\xb2\x07v\xac\
\xa4\xe3\xfdD\x15\xed\xecY\xe1\x1de\x8cz\x07)`\
\xf7\xcf\xa6\x5c\xfaO_L\x91\xa0\x8e\x0c\xbd\xd0T\xbd\
T\xaaEQg\x89\xe8#\xab\xf9\xd2\x97\xdb\x7f9]\
\x81\xc66v\xbf\x96PS\xe3\xc6\xc9\xfeJ}\x9e\xf8\
 C\x94\xa9\xebK\x09l\xf2\x0e\x14=\xf9\x901{\
\xb9\x97PU\xc8\x1a9!o\xe0\xd0\xa1C8rd\
\x86\xd7\xac\xdf\x88\xd1Uk\xb8*\x0a\xaa\xca\x0a\xcey\
\x1e\x1a\x1e\xa2!\x0ca\xd5\xc4$G\x08Y\xd8\xeb\xf5\
\xf0\xbb[\xef\xe1_\xdep\x1b}\xf9\xeb\xdf\xe1\x91\xe1\
!\x8c\x8f\x0e\xf1\xb1\xc7\x1d\x87\x93\x8f;\x06k7l\
\xe4\xb3\xce8\x0d+\xc7V\xd2\xda\xf5\xeb\xa4\x22\x8c@\
EQ\xa0\xb3\xdcA\xb7\xd3\xa5\xb2*x~n\x0e\x99\
\xf7p:V\xec\xac3O\x8dy\x9e\x13G\xc6_\xbd\
\xf8\x85\xe8\x95\x15w\xba\x1d,/-J\x0e\xd9\x13\xe6\
\xe6\xe6\xb0z\xcdjl\xde\xb2\x19\xd3S\xd3\x9c\xe5\x92\
\x1fn\xe4\x19M\x8cO\xe0\xb3\x9f\xb9\x9a\xdf\xfb\x81\x8f\
bt\xcdf\xdav\xd2\x19\xccUI\xcey\x99\x01\xa0\
\x8ao\x9c\x8b\x09\x9bx\x8b\xe4|\xe4\xcc\xd8P\x1f\xdb\
\xa1\x93\xd7\xc0\x8c\xa5\x8b-\x1d?Q\xe2\x03a\x1e\x9c\
\x99\xd1n50)s\xfa\xc5\xd0\xd4\xcd\xd8`\x00\xc1\
\x1a\xbe\x88@\xc1\xce\xbdF\xa7i\x07\xa1\x03b\x88\xc8\
\xbc\xc3\xf6\x07wa\xff\xec<\x98<\x8e\xda\xb8\x16\x1b\
\xd6L\x82\x9cu\x22\x8a\xf1\xf1\xceavv\x16G\x16\
\x961\xb1q-Vn\x18\x03\xb53h\xb10\x8a\xd9\
e\xcc<p\x10\x9d\xc5%\xb8\x0cp\x88\xe0\xb2\x02q\
\xd0\x92\xd3\x00\x84>\xef\xcf:`01\xdf\x1a\xf3\x10\
!v\x97\x10\xbb]Q#\xe7a!\xaf#\x87\xaa\x0a\
4?3\x85\xb1\xb1\x11\x1e\x1b\x19\xa4\xd5\x93\x93\xd8\xbc\
q-N<\xfeDp\xacp\xe5\x17\xbf\x8e\xe6\xe0\x90\
\x84\x17\xa6\xf8\x86\x7f\xeb(A\xb6\xa8\xc1\xec\xb4 f\
\xadvV, \x00\xdf(\xb7\xa4\x9e\xc9\xfb\x9b\xb2\x92\
\x98\x8ez\xc3V\x0dhj\xefi\x9f\xcb\x99\x9e\x03\xc0\
V\x85\xac\x81;CF\x82\xe9\xc8ef\x99\x7f\x1ca\
\xcc\xb6\x0e\xfe${c\x89\x1e \x8bE\xd8\x91\xd3q\
E\xd4\xf7P\x01\x90T\xd1jl\xc3\xb5U\xe2$\x1b\
5V\x90\x07\x16\xd3\xa8d\x0dF\x19F\xa4\xc9S\x82\
\x8ct\xf6\xdeS\xcc38X\x9f5K\xaa\x10\x8cF\
\xab\x8d*\x06\xecz\xf0\x01\xcc\xcd\x1c\xc2\xba\xcd[\xb9\
=0\x88\xa2\xdb\x13HC@Y\x95  z\x22\xd7\
j61\xd4^\xab\x88\x98\xa8(\x0a^\xeetp\xfd\
\x1f\xee\xa0\x9f\xff\xf7\xf5\xc82\x0f\x8f\x0a\xabVM\xf0\
\xd1[6b\xdd\xda\xf5|\xfe#\xce\xc5\xfau\xebq\
\xd2)'\xa1\xd5h\xd2\xd0\xf0*\x8e\x1c\xa9\xdb\xe9q\
\x15J,w:\x98\x9d+$\xa5\xa4\x10\xd0;\x0f\xe7\
\x89\xa5\x8cZ\x0e\xd1g\x9e\x8b^\x81^\xaf\x87\xbc\x99\
SQ\x14<\xber%ff\xe7\xf0\x82\x17\xbe\x10?\
\xf9\xb7\xff\xa6\xad\xa7=\x8c\xdb\xad\x16b%\x1bt\x9d\
\xb2\xc0\xa4\x8b0\x8cQ\xe6\xba.K\xa7\xa4\x98\xd4X\
\xa4\x99\x90A}D\x89E\xaa\x03\xf8\xe4\xb0,\x16\xd0\
\xac\xca\xaa\xf1\x15X\xb1bL\x0c\xb5\xce\x10\xe9\xe3\x84\
\xa5\xdd\xf8\xff\xf7\xcb\xf5\xfdQ\xfe\x5c\x96%\xca\xc8\x88\
>\xc3\xe0\xc8\x08\x9c3\xb6\xb2\x16d\x00\xe8\xc6\x88\xd5\
'n\xc0\xe0\x9aU\xa8\x8aJ0K/`f\xd7\x0c\
\xe6\xa7\xe7\x00\x0a\xf0\x0d\x07.\x0bPY\x01\x1c\x1e\x12\
\xef\xeb&$1B6{O\x1f\x95\xc0\xfd\x82\xc2\xf2\
\x02\x10\x033\xf9\xf4X\xcc\xc0\x96U\x85\xc9\xd1A|\
\xfd3\x1f\xc3\xc9'\x9fL+\xc7F166&u\
\xff\x00~\xfa\xd3\x9f\xe1\xa3\x9f\xfe\x22\x06\x86W\xd4<\
\xb6\xc9uz/\xd4\xc8\x0a\xc6\xd1\xa8\xe4K\x1e\x86S\
\xbd3H \x81xY\x09\xc3\x03\xaclPb\x10\xf0\
Cx\x83\x87|f\xfd\xff\x04A2\x82s\x82\xfe\xa4\
\xb6\xd3\xd9\x98\xcfh\xfe\xc3\x09sOl\x17B\x09\xdc\
[\xe0\x02\x83 \x09\xb3\x93\x1a\x0a\xf1\x8c\xb0 \x92\x10\
\xa5\x8cF\x1a\x02\x84x\x84\x80\x05!\xab\xac\xc1\x076\
\xb0\xc6\xee\x86\x13\xc3\xa8\xa1\xa9I\xb0\xd8\x0dG\x8e\xd8\
12\xef\x88cf\x99\x01F\x15\xc0!0s$G\
\xa0\xbc5\xc0\xf3\x0bK\xb4x\xfb\xadX\xbba\x03\xaf\
Z\xbb\x09\x91\x09\xbd\xa2#c\xa2\xc8\xb9(k\x8b8\
\xca=\x99\xf7E\xa31B##\xc3p\x1b6!\x86\
\x8a\xc0@\xaf\xd7\xe5\x9b\xb7\xef\xc2\xcdw\xee\xa0\xeb~\
\xf4\xaf\xdc\xccs\x1a]1\x88\xd5\xabV\xe1\x8cSN\
\xa2\xf5\x9b6\xd2\xa3.|$F\x86Gp\xd4\xd1G\
QU\x05 \x02\xdd^\x87\x16\x97\x16\x11BE\xce7\
\x92\xcdc\x19\xceCBh;*\x8a\x92'\xc6\xc7\xe9\
\xb6\xdbn\xe5\x17\xfc\xe5K\xf8H\xc7\xd3\x09\xe7>\x92\
\xa1\xcf5o4 \xd4\xb7)\xbd\x08\xa7\xb0,N\xce\
\x80A\xac\xcf:9\x09UhN\x16@%D\xe1\xbd\
|\xc7\xdc\x87\x09\x0f\x9b\x84\x00\xc4\xe8\x15\x05\x8e\xdf\xba\
\x09\xab&\xc6m\x84U_\xc0\xcf(C\xc4\xfe\x03S\
\x08!\xa8~\xeb\xec\xc2dm44Q\x83\x1e#\xa3\
\xd9\xc8q\xff\xae\xbd\x88Y\x0b!2N\xd8v4\x00\
A|\xde;KJ\x02\x00\x1e82\x83N\xc3a\x80\
\x81\xdc\x01\x0b\x07\x16px\xd7aTU!\xa4|`\
\xa0*\x81J\x89\xbeX\xa5\x16tBP#\x00h\xd5\
\x95\x18\x04\xe7\x80*\x22,/\x10\x17=q\xbd\xe4\xc9\
p\xb0\x5c5\xc1{\x87\xc5\xa5\x1e6o<\x0e\x17?\
\xe7\xa2\x87\xa8Z\xafW \xcb<n\xf9\xd3\x1d\x80\x93\
\xedR\xd1\xea_\xa9~\x9a\xd0\xf7\x12\x04$\xcf\xc1\x19\
\xf6&\x90\x0e\x92%@GK\x89\xeb${n\xfd\xcc\
\x1c\xc3\x06E\x18\xbfg<c?\xa9i\x87h\x97\xc0\
\x9cA\x9b\x15\xad6D\xd9O\xb1$\xaam\x04]\xf2\
\x990 \x1b\xde\x93\xa6\x10m\xdb\xe0:\xe4$C\xf0\
\xf6\xb151)\x05V\xb5\x97\x01\x91s\x9a\x05L\xe0\
\x1fu\xb0bM\xc3J\x0e\xe8J\x13\xadE\x84\xd5\x0e\
\x90#P$v\xce#\xcb\x18\x95ZS\xef\x81 \x9e\
\x8e\x5ct\x1c\xb9B\xd6\xc89\xc6\x88=;wbf\
z\x1a\x9b\x8e>\x06\x83#+\xd1\xedv \xb5'N\
\x94\x1f\x04\xe7\x1dj\x0aS\xf4#V\x15@`\xe7\x1c\
\xda\x03\x83\x18\x1c\x1e!\x00\xf0t\x14\x95\xa1B\xa7\xd3\
\xc1\x9e\xc3\x1d\xdc\xf9\xe3\x7f\xa7P\xf4\xf0\x91O\x5c\x85\
\xa1\xe1A:~\xdb\x16^\xbfa#.8\xef\x1cl\
\xdbv\x0cN<\xe1\x04n4\x9b47w\x84=y\
)a5\xf3L\xe2\x09\xc7\xc7\xc7\xf1o?\xf9\x19\xbf\
\xf0\x85\x7f\xc9\xebO8\x9b\x8e9j\x92KiS\x95\
u\xe4\x9ac\x16\x93\xda\xa7\x80J&%\x88\xa8OS\
\x82\xca\x84\x098\xd9f\xee\xf3~\xca\x03\x13\x1b\xd1\xc2\
F'\x00 E\x85\x00\x07\xc6\xd0\xf0\x8at\xbe\xa4\x1d\
mQ!\xfa\xbe}\xfbq\xe1\xb3\xff\x12\xddJ\xf8\x03\
\x91W\xdd\xd6\xc3\xd0\x94\x9ev\xe9{\x0f\xc0\x81t\x08\
I{x\x04\xbd\xf99lY'\xe1E\x04\xe3\xa1\xad\
9\xc0\x91\xa5\x05\xf8\xcc\x83\x96{8p\xffA,\x1e\
Y\x94mG\x8e\xc1\x95\x14\xf3 T\xa0 \xcaO\x89\
\xf4\xe3\xe4\xfd\x05\x10E\xf3\xa0\xe0\xce\x22BwI>\
\xc0\xbb\xf4Lk\x00K\x0a\x10\x1cbY\xe1\x82\x87\x9f\
\x83\x10\x02B\x8c6\xe6\x1d>\x93\xb5\xeew\xdfs/\
\xea'\xd8\xa7\xdclf\x04)\x94`N\x09q%\xfb\
In\xd8\xc2j\x86p\x15}WC0\x86,\x9d\xae\
\xa9\x19A\x95>Z\xb8f\x9f+\x1fk\xbde13\
hg\x1fk\x5c\xa18W3\x03\xe6\xf3-\xc4\x80\xad\
P\x96\x87\xf7\x90\xe8F\xde\xae/\xd2S'\xc3 \x96\
T\x9d$\x05H\xfdxML\x10\xb4\x84I\x83\x8d~\
#`'/\xa1F$\xb3\x04p>Yu\xa7\xf5\xad\
\xec<\x9c\xaf\x15\xd6\x91CE\xe0\x18\x03#:\x17C\
\xc5D\xc4y{\x90:E\x85\xbb\xfft+\x8f\xaf\x9a\
\xa4\xb5\x9b\x8fF\xd6lr\xb7\xbb\x5c\xe7k\xf4\xd4\x9d\
>~ J|\xed\x81T;\xa1\xd9\xd72T \x02\
\xb7\x07\xdah\xb7\x07hb\xd5*f0\xca\xb2B\xd9\
\xeb\xf2\xf6]\x87p\xcb\xdd\xbb\xf0\x0f\xff\xf4S\x0c\x0d\
\x0e\xf0\xc4H\x1b\xaf|\xe5\xcb\xe3\x8b\xff\xf2\x05nv\
nNI4\x9d\xb0\xc4@\x9eg<77\xe7\x1e~\
\xee9|\xc1\xa3\x1fC\xbb\x0ew\x88\xb5\xe3\xda9\xc7\
DD\x8e\x1cK\xedL\xbaV\x95$1\xc9N\x0a\xea\
\xfa\xec\x00\xd5\x02\xaf\xe9n\x19\xadB\xc9\xc5i\x8c\xd6\
w\x9eJG\x99\xc8\x06%~\xab\x12g\x9er\x82<\
\x82\x18A\xce#\x15r\x03\xd8s\xe0 \x0e-t\x91\
\xb7\x07\x01\x8b\x02\x9dG\x0d8\x1c\xc0^\x16\xd4s\x06\
x'\xe9\xec,C\xa3\xd5\x04\x96:h\xb4\x06\xfau\
^\xfe\xac\xef\x7f\xf7\x9e\xfdX\xdc9\x87\x85\xe5Y\x94\
U\x0f>\x87x\xfb\x10@Q\x0c\x80\x8b\x01@\x90\x1a\
\x06\xa7\x92\xc9\x00\xa2>1O\x00rp\xd1A\xb58\
\x87X\xf6\xd4H\xb9\xba\xc5\xc7\x18{\x803\xef\x89\x9c\
C\x9e7\xe1\xbc\xc3\xf0\xf00\xbc\xf7\x89\xa0\x04\x90\x8a\
\xaf\x96\xba=4\x9b-x\xef\x98\x5c\xc3\x1c\xb2\xecb\
4\xa1\xd67v}a\x18\xd9dY[\xc7\xa3\xf4\x98\
\x9a\x0d\x03pH\x89=\xf1\xb9\xb5QH\xe6\xca\xa2{\
\xaec\xb2\x1a\xfb\x01\x80\x96\x02G\xee[G\xae\x9e_\
\xcdV_\x9eQd \x9a\x81\xd2\x8b\xec\x03\x14\xa4\x85\
\xccQ1l\x8cA\xae\xc5L\x9f]\x9aX\x17b+\
>\xb7\xfa\x07\x22y\x7fe:L\x07\xa5\x90\x80\xed\x8f\
$\x87\xa7\x90\x93\x98\xb5\x04\x97\x03C\x12\x11,\x95\x80\
\x01`\x0a\x04\x22\x19\x96Q\x05\x22\xa7m\x1b\x81\x22E\
\x8e\xe4\xbdc\xca\xdat\xe8\xd0A\x9e\x9b=\xec6l\
\xd9\x86\xb1\xd5\xeb\xa8W\x14\x88e\xa5;0\xc5\xbd\x91\
\x03k\xbd/\x80:/\x03\x8d\xc1\x8c\xe4\xb6C\x091\
(\x14\x075[-L\x0e\x0e\xc2AREU\xa8p\
h\xea\x00\x7f\xfa\xea\xcf\xb9\xe7?\xefybs\x19\x08\
1 \xcfs\xc4\x10\xa9\x0a\x8182\x8f\x0c\x0f\xe1+\
_\xf8\x0c?\xe3\xb9/FY\xca>C)\xec1F\
\x1e\xf69\xa8C\x01&\x90\xb3\xe3\xd3\xbe\x0by\x8e&\
\x06LI\x86\xa8\xf6\x1a0\xbcc9Z\xb0\x02O\x93\
\xdaX\xd7g`lt\x04\xf6\x93\x87\x80L\x00w\xdd\
\xf7\x00:\x9d\x1e\x06V\x8c\xe9\xe2S\x928_*\xe2\
\xc5\x188'M\xddN\x0ai\xbc\xcf\x10\x9dG\xaf\xcb\
\x18\x1e\x1a\xc2#N?I\x14$\xa5\xaej\x81\xbb\xff\
\xb6\x9d\x98\xdd7\x8b\xd1\xb1!xT@!\x1e\xdeY\
z\x1a\x8c\xa2\xe8\xa1\xbb\xb4\x88\xaa\xd7Ux\x22+O\
\x10\xb51\x87\x00,\x1e\x01\x8a\x1e\xb2\x81A\x0c\x0c\x0e\
\xc0\x11\xa1\x0a\xb2\xf4SS\x17L\x04r\xce\xd3\xe2\xd2\
2\x8a^\x17y\xde@\x98;\x82\xcd[\xb6\xf4\xeb1\
X3\x14\xf3\x0b\x0b\xf8\xfd\x0d7aqaNkP\
\x0c\x9bE\x0c\x0f\x8f\xc8\xf0T\x0b\x9b\xd4h\xab<\xeb\
1\xc10<Y\x8f\xbc~\xc3j\x89I\xe3\xe8$\x80\
\x12+\x18wn\x93\x7f9\x1dd\x7fU\x8f\x05|\x19\
t\x85J\x12\x5c\xae3#\x0f\x8dW\xb4\xaeQ\xd9\xdf\
T?J\xc6\xc8\xeb;\xe8\xfa\xc0\x18\x03\xa7x\x80\x0d\
\xfa \x19\x96\x1a\xb0\x1a,e\xeb\x01\xd4\x1a\x03J\xa6\
Hs\xcaJb\xa6\xec\x02)f\x16\x9fCV\x16.\
\xf5\x00\x11\xb6\xe9D\xf1\x09\x01\x9e\x88\xa2\xc4\xa3\x0c\x04\
\x22&\xc8`\xe1\x80\xbc5H1\x04\xec\xb8\x7f;\x0e\
\x1f:\xc0\x1b\x8f:\x96\x06\x86FP\xf4\xba\xb0m\xc7\
\x02J\xa8\x8f\xbd\xad#+RHkH\x072\xe8G\
B+\xb2\x82;B\x0cLV|\xb2bt%\xf2\xd8\
AU\x15\x003\xca\x18\xb8\xd5j\xd2\xf4\xc1\xc3\xd4\x1e\
h\xc5\x91\xe1\x11\xd7\xebv\xb0\xb0\xb0\x80\xd1\xb1Q|\
\xe1\xd3\x1f\xc5\x8b^v)\xc6\xd6\x1d\x85F\x96\xeb*\
\x87$\x17\x22dl-\xd5b\xb3\x04\xc8\x11Q\x9a\x18\
X\xab\x90\xdeF]\xeeJD\xd2\x9doi\xe3Z\x9d\
\x93\xfc@\xbc}\x8c\x0c\xdfh`\xc3&S\x00=\xd1\
\x1a\xaean~))\xb6E\xa9 A\x00\xec\x9c\xc0\
~3\x08Y\x068\x8f\xaab\xe4DX\xb9i%\x86\
\xc7s\x8c\x8eIi-[\xc4\xc8\x80\xf3\x0e\xcb\xdd\x1e\
v\xee\x9fB\xa3A\xe0^\x07\xa8J)\xf6\x8f\x8c\x85\
\xc5ET\x9d%xD\xac]9\x84\xad\xa7\x1c\x8b\xe3\
6\xacB\xd6\x1a\xc0\xe6\xcd\x9bi\xdd\xe4\x04\x06Z\x0d\
\x00\x1e\xb3\x87\x0e\xe0\xae\xedw\xe3\xc0\xfe\x03\xb8\xf3\x9e\
\xfbp\xe7\x9d\xdbQD`\xc5\xca\x09#\xa1\xe0\x88\x88\
\x9cCw\xb9\x83sN=\x01\xa7\x9ep\x0c\xaa*\xc0\
9\xc2#\x1fq\xae\x18(\xd7Gf\xeau>\xfbi\
OB\xa7\xb3\x8c,\xcbH\x10\x82CUU\xf8\xaf\xdf\
\xdc\x84#K\x1dx\x1b9\x07\x15\x1b\x92\x18\xd0\x86n\
\xa7\xfc\x18L\xca\xf5\x85b\xdc\x1eB\xf5\x99\x1f\xb5\xe3\
U\x00\x98\xce,i2\xa7\x97\x00\x90\xc5 I\x94\xd5\
ph\x0c\x90p\x80i-\x119\xe2\xc8\x09\xa5\xebU\
\x9bMJ\x08\x82\x04w\xb3\xcd'\xe8\x8bX@\xe4a\
\xd5\x7f\x9an\x94(\x80l\xdc.\xe9-\xa7\x00\x82A\
\xa04\x0b-1\x02\x04\xa9\xe8\xd0\xd9\x8b:6;\x8a\
8\xc9\xc5;\x10\x88\x22k\xf9\x14\x11qtDA\xe2\
\xbd\xbak\x9a\x85\x9cr\xde\xb1\xcf\x86y~a\x89\xee\
\xba\xe5F\xac\xdd\xb0\x09\xab7\x1e\x85\xc8\x84J\xa0a\
\x1fM\xeb\xea\xb0\x10:CP\xad6\xd9\xb0\x1a\xd32\
5\x11D\x80\xf3\xca\xca\x11\xa1\xd3Y\xa6\x8dk\xc6\xb9\
\xd5l\xd2\xd2r\x07\xcc\x11+VL\xe2%/}\x05\
\xefx\xe0\x1e\xfc\xe2\x17\xbf\xe0F\xb3I\xbd^\x17\xb3\
\xb3\xb38\xed\xf43\xe8\xab\x9f\xfb\x14\xbf\xec\xd2\xb7b\
r\xe3\xb1L5\xeb\x02K\x9e\xaa\x15T8\xa9=2\
0\x8e\xc0b;\xb90C\x0d\x09\x13H#(\xb1n\
\xa3\xa0t\x7f\xb5wgh\xe3\x133\xda\xb9\xc3\xf1G\
oV\x05\x80\x99\xe8t\xcb\x7f\xb8\xfd.P\xde\x00\x93\
\x03{\x95\x01\xd7\xa7\xf4>\x03\xf9LJ\x8a#\xc1E\
\xc2\xca\xc9\x15X\xb9q\x0c\xbd\x8c0>4\x80\xf1\xe1\
\x119\x9b>\xcd\x22\x22\xcc\xcf\x1d\xc1\xd4\xde=\xc8)\
\x07\xca\x1e\x5c\x08\x881\xc2U]\x5cp\xe2\x16<\xf6\
\xbc\xb3q\xce\xe9\xa7\xe0\xe4\xe3\x8f\xc5\xba5\xab\x13\xe9\
\xfe\xff\xf7\xb5\xdc\xe9\xe0\xe6?\xde\x8c\xcf\x7f\xf9\x1a|\
\xe7\x87\xff\xcc\x83+\xc6d\x09\x0c\x11\x1cy\x84P\xe1\
\x03\xef}\x07\x1e\xfb\xe8G\xfd\x1f\xbfk\xa3\xcd\x9c\xc2\
\xf5\x91\x91a\xfc\xdd\xa7>\xf1\x7f\xbc\x8ec\xc4\x19\xe7\
=\x0a3\x0bKhd\x8d\x04\xc0 \xc7\xa0a\xb12\
\xe0\x9c\xf0\x9d\xba:\xcd\x13(\xfeV3`\x96\x5c\x9c\
\x14\xeb\x09\xd3\xff\x0a\x06L\xbf\xfbM\xbfT\x02:\x97\
\x10\xb8AI{a\xb4\x93'\x01\x12\xcc`D\x93l\
\xaa\xfd\x9fH\x09\x19\x8f\xa0D\x229\xa7\xf1\xb9\x5c\xac\
\xd8\x82\xa8\x83G\xc4#\xf6gG\xd2\xa0[\xa1\xfc\xd9\
\xa9d\x1a\x18\xd1\xd1\x97B\x98*\x05\xc9,\x1e]M\
F\x8d\x02\xe0@\x9e@\x91\x88\x9dc\x0aD\x84\x90\xbc\
%)\x92qD\x08\xa1B\xe4\xc81\x12!F\xca\xf2\
\x068\xe6\xd8\xbbk\x17f\x0fMc\xfdQ\xdb0:\
\xb1\x1a\xbd\xa2\x87\xb2W\xc2g\xba\xe1\xb5\x8e\x8e`\x92\
\xaf\xa8\xcc\x10]\xbaZ5\xc5i\xa4\xa9\xcf=\xe6\xe7\
\xe7q\xce\xd3\x1eCY\xa3\x81\xaa\xaa\xd0j6h\xff\
\x81)\xec\x9b\x9a\xc6\xfe\xe9E\xf7\xccg>\x07\xff\xfc\
/?\x12n\x00\xa0\xfd\xfb\xf7\xf3y\xe7_@\x1f\xfd\
\xe0\xbb\xf8M\xef\xfe0\xb6\x1ew2\xf7:\xcb \xa7\
\xf4\xd8C\xe2JVO\xa0?\xd0\xfbM\xa0E\x9fT\
\x1f*#Cd\xb5\x97I\xde\xc9\x04TQdD\x15\
\x03\xc6F\xc7048\xd4\xf7\xa1z\x9e\xaameU\
\xc17Z\xf0\x8dF\x82\xaa\x9cI;2\xc8\x03Y\x86\
\x18\xc5 \x0d\xadlcl\xed\x0a\xf6#m\x0a\xccX\
^\xee`tr%\x86[-!\xd8\xd2\xc4a\xf9Z\
\xe8\x05\x14U\x90\xf9D1\xc0\x1307{\x18o\xf8\
\xcbg\xe3\xca\xf7_\xf6P\xa5cF\x15b\x0a\x95\xd0\
o\xba\x91\xa06\xda\xed6\xce?\xff\x118\xff\xfcG\
\xe0\xe1\x0f\xfb\x02\xbd\xe9\xdd\x1f\xc4\xc8\xcaqI\x03\x22\
\xd2\xe0\xc0\x00\xd6\xae^\x9dH?G$\xcb@U:\
\xa1\x86U\xf4\x8b\xa5\x06B\xbf\xa2\x0e\x00\xb9\xe7\xbe\xfb\
1=3\x07\x9fe\xb0b\xb9\xbal\x98\x1e\x22O\x89\
u\x85\x86uv\x10I\xa1\xd4(hY\xb5\x1es\x1f\
\xc8\xb7(\xd0\x083\x95\x0b\xb2\xf3\xb2\x09\x95d\xde\x03\
)e\x90h#\x02d'YD]\x90\x94\xe0m\x0a\
\x22\xa1q\x22\xab{c\xb3 \x96\xe7\xd0;%\x19:\
\x92d\xd4\xf4\x11r\x91\xa2\xe4*\x9c\x11ld#\x9b\
\xcds&\xb7\xcc\xd4\xdf\x0f]\xe7B\x1d\xc8\x13\x91w\
\x9a\xc1qp\xce\x91s\x1e\xce{x'q\xa6\xf7\x19\
y\xef\xc9\xf9\x0c\xde{dY\xee\xbc\xf7\x04\xdb\x05\xe0\
\x80\xac=\x80N\x19p\xef\x1d\xb7b\xc7]\xb7\xc2\x81\
\xa9=0\xa8!\x90-\xae0\x04%\x92%5\xf5\xdc\
\xd7;\xaf|(\xd9\x944]\xa5\xce G\x11k\xd6\
\xafC\xaf\xd7#\x80\xd1h6\xf9\xf0\xd4A\xec?p\
\x90\x8e=\xfd\x1cl\xdf\xb9\x9f^|\xc9\xcb\xb0bt\
\x0cU\x88h7\x9b\xd8\xb7wO|\xe63\xfe\x8c_\
\xfb\xb2\x17\xe0\xfe\xed\xb7\xa3\xd1l\x02Q\xea\xa2k\xb2\
\x95a.\x9f\x94\x92\x85q9f!\xd3s\xb5\xe7F\
5P\x93~\xf4\xda\xe9k\xbd\x06\xfa\xce\xbb\xe8\x15X\
\xbf~-V\xad\x9aH\xc8GQ\x07\xbcs\x98\x99[\
\xc0\xf5\xb7nG\xb5\xdc\xc1\xc1\xc3Gpxv\x0e\x87\
\xe7\xe613;\x8f\x99\xb9\x05\xcc\xcc/`\xe6\xd0\x11\
,\x95\x05\xf2u\x83\xc86\x0c\x83\x87\x9b\xd4+\xab\xa4\
\x90\xdbF'jy3\x91U\xe5\xbd\xf5\xb6?\xe1\xc8\
\x91y\xe4\xc4\x92\xea\x0b\x15\xb8\xe8b\xeb\xa6\x0d`5\
 \xddn\x17\xdd^\x91\x0c\x88K\x8bT5\x83\xc2\x02\
\xdd\xbd\xf7\xba*\x8dQU\x15\xaa\x10\xf0\xdaK_\x85\
?{\xe2c\xb007\xc7y\x9eS\x8c\xc0\xd0@\x1b\
\x83\x83C\xf2\xacU\xa1\xed\x11\xe9?)M\x19Bx\
\x88.\x85(\x7f\xdf\xb7\xf7\x00\x16\x97:\xf0\xde%4\
C\x0e2\xbc&\xbdY\xad\x12f\xab\x12B\x17c\xa0\
S\xa1\xa2\xe91\xcc\x82\xd7\xc8ZaA\xac\xddA\xe4\
h\xc1\x84im\xcc\x18N\x07)\x9a]T>\x08\xe0\
z;m\xf2\x98\x0a/\xf4\xc6\x22\xd5\x0doz;\xfa\
LL\xfc\x00B=j\x0c\x0cr\x1a/\x90\xf5,\x9b\
\xfe\x98}\xd0\x92AG\x1a\xfb\x9b\xb92\xbb\x008\x07\
\x0aJ\xaaH\xa0\x1b\xc9\xa0\x97#B\x0cj\xf0\xc8\xd7\
w\xe3\x01rD1\x10tj\x0eK\x19s\x00\xc9_\
\xf4\xec\x88\x99\x83\x0b p\x0c\x92{\xf6\x834=}\
\x88gg\x0ea\xdd\xc6\xad\x98X\xb7\x09!F.\x8a\
\x9eL\x12\xb4\x94\x83\x1c\x0b\xfa\xe6l \xe1\xe2\xf4\xaf\
\xf0\x191\xca\x88\xf1s\x1fvv\x5c^\x5cr\xe4\x08\
y\x96\xe3\xce\xbb\xb7\xc35Z(\x8a.o;\xe1$\
\xfc\xfa\x86[\xf0\x96\xb7\xbc\x8d>\xfb\xb9\xaby\xf7\xee\
]\x94\xe79\xf6\xed\xdd\xcbo~\xe3\xeb1wd\x96\
\xbe\xf5\x0f?\xe5\xa3\x8e9\x1e\xbd^O\xa6\xe3\xc0\xe8\
Q=T\xdd\xe3\x90\x1c=\xab\xefO\xf1\xa3\xee\x1cT\
y\xebC5\x1a\x91\x89\x14\xea\xb3\x01\xb4$\x9cc\xc4\
`\xbb-\xe9\xb0\xbe*7\x93bG\x8cW\xbf\xe0Y\
(#\xb48I=\xb8\x13#\xcdU@s\xb0\x8d\xd6\
\xca6\xc8{,u\x0b|\xefw\x7f\x80od\xf0E\
\xc4\xc1?\xed\xc1\xc8\x89\xa7\xca\xfd0\x90\xf5=Q\x00\
\xe8./\x00UOf\xf1G\xd9\x0dF1`\xa8\xdd\
\x02\x11a`\xa0\x8d\xff\xfd\x95H[\xfb\xf2\x0f\x8d\xdb\
\x1d\x01\xe4=\xaa\x10\x109\xe29\xcf~&\xfe\xe9\xa7\
\xff\x05\xe73\xf4\x8a%\x9cs\xeaq\xbci\xd3\x06\x02\
d\x16\x82>\xd2d\x98\xea\x99\x8d\x90\xd9\x0b}_\xf6\
\xf7^o\x19\xbd^\x17Cn\xcc\xa6\x05\xb3N\xd7V\
\xa6\xa6\xa6\xce\xd4AJH\xac)V= \x12\x15\xd2\
:\x9b:\x12\x14(\xc7\x09n\xc3\xb4W\xf4X\xe7(\
\x18\xe1G\xc2\x01\xb8>\x14\x0e\xcdEs\xf2b5`\
J\x22`Y\x00\xdbVj\x88\xc4I*I+OT\
\x04u\x22\x81P\xe72\xf5\x9c,H\x86\xb1w\xaa\xf6\
 f3Y\xca\x96CF\x96\x1aR27d\x95\xe3\
\x0c'E;\xb2\x9b\x94 \xd3\xa0\x9cl3\xd4\x1c\x18\
9\x0f\xc4\x0a1F\xf6>\x03Q$P\xc5p\xd2^\
\x1aC\xc5\x91%\xadF\xaeB\x08\x04\x049\x8a\x18\x03\
80\xb2f\x0b\x91#\xefz\xe0^:<\xbd\x0f\x1b\
\xb6\x1e\x8b\x81\x91\x09.\x8b\x1e\xc5(\x8d!u8f\
$\x05\x92BI\x8d\x16)Zct{=>z\xcb\
&\xac\x1a\x9fp\xdd\xb2G1D\x1e\x18\x18\xa0[n\
\xb9\x15\x0cB\xe6=\x95\xdd\x1e\x8e9\xf9\x14|\xeb{\
\xff\xc8+\xc7F\xf1\x81\xcb\xdf\xcf{w\xef\xa5\xbc\x91\
c\xef\xfe\xfd\xf8\xd0\x15\x97\xf3\xc2\xe22\xfe\xe5\xbfo\
\xc4\xc6M\x9b\xd1\xebu\xe1|\x96\x90\x1c\x09D\xe4\xe4\
FH\xc9\x149|\x1be\xc5\x1a\xde%\x84\x8f\xda\xa8\
\xa7\xe4\x92\xf2\xd0Z\x04\x04Te\x85\x93\x8f\xdf\x06@\
2\x17\x99\xcf\x902\x11\x00FGF\xf0\x9e\xd7\xfe\xf5\
\xff\xa1\x84\xff\xaf\xaf\x99\xe5%\xfc\xe3\xef\xff\x80\xc3;\
f\xb1|\xa4\x87\xee\x91E\xb4\x07k%6\xea\xc5\xbe\
n\xbag\xb7\xc8V\xa8@!\xa2\x0a\x01\x83\xed\x06\xce\
;\xebT\x84\xc8\xb8\xef\xde{p\xf3\xcd\xb7`\xdf\xfe\
\x03\xb8\xfd\xae{0u\xf0\x80\x5c\xbf\xe6\xeb\x9b\x8d\x06\
\x1e\xfb\xa8G\xe2\x92K^\x84\xa1\xa1!E\xbc\xf2\x01\
\xd2\xbf\xefp\xcaI'`dx\x90B\x08\xdc\xc83\
\x9a\x99\x9d\xa3\xcf\x7f\xe1\x0b\x08\x81Q\x16\x05.\xbc\xf0\
\x918\xeb\xac3\x93\x01\xb4,=\x91\xc3O~\xfa\xef\
\xb8\xff\xde{\xd1j\xb5 %tLy\x9e\xe1\xbf~\
\xf9[4[\x83}\xa8F\x0fB\xab\xae\xbc\x94\xc9\x91\
\x96mR\xda\xef\xcb\x1a\xcfixA)\xb3\xe3\x91\xd6\
\xa7\x1a2\x90\xc3\xd7\xa9\x96z\xfa}$j\x1a\x03\x08\
\xa2\x0c\x89iL\x9cU\x8dg\xc4v\x98\xe1\xac\xc9\x01\
\x03\x02dY\xbc>\xc3\xa3\x1dIja\xd8\x01\x96`\
\xd6HE\xf0d\xba\xfb\xc4\xfd;\x80\x83>\x0f\x97 \
\xb4\xb0\x22}I\x0a\x99X\xa4]WP&\x9f\xa1\xb3\
.D\xc5\x1c\xc8\x05b\xa6\xc0\xba\xc6Gw\xb5\x11\xc5\
\x18@\x8e\xe0\x91)e\x227H\x9aL\x94\x9b\x0d\x0c\
\x0a\x14+\xf3\x1aQ\xe6\xbd\x03\xe4[\x03X\xea\x14\xb8\
\xfb\xd6?\xd2\xca\x89UX\xbf\xf5X4\xdbC(\xba\
]9:\xe7I\xac\xb2\x06iu\x0e@\x8c/\xcb\xb6\
\x9c\xe5\xa5%LnY\x1dW\x8c\x8e\xd0\xd2\x81\x03\xc8\
\xb2\x8c\x96\x96\x97x\xfb\xbd\xf7cxd\x14\x04\x82\xcb\
r\xc42\xd0\x09g\x9c\x8b+\xaf\xfa\x027Zm\xbc\
\xeb\x9d\x97\xf1\xee\xdd{\xa8\xd9l`\xef\xde=\xf1C\
W\xbc\x9f\xf6\xbc\xec\xd5\xb8g\xd7!\xac\x9c\x18GY\
\xf4 pGSz.\xda`)\xe3\x95\xd3Y\x18\xf0\
J1%\x88dW3sJ\xbc\x19VP\x93\x10\x15\
e1\x02\x86\x87\xfb\xe2\x7fB\xcaP\x8b\xdb \x84(\
\x93\xa3\xfac\xdd~?\xce\x00B\x88\xc83\x8f\xebo\
\xdd\x8e\xed\xbf\xbb\x0f\x8df\x1b\xf0@\xa3\x01\x9c}\xec\
\x169;\xfb\x146h\x0c\x1c\xd8\xb3[QI\x00q\
D\x08\x15\x06\x87\x86q\xe5\x97\xbe\x8e\x9b~\xfb;\xdc\
w\xcf=\x98_\xee*|\xc8\xe0\xf3L=\xa0|\xae\
\x03\xf0\xc3\x1f\xfe\x0b~\xfe?\xbf\xc2\xf7\xbe\xf5u\xe4\
yV\xdb\x17u^\xedv\x0b\x8d<C\x88\x91\x9a\xcd\
&\xee\xdb}\x00\xaf{\xe7\x15\xc8\xb3\x0c\xdd\x99Y\x5c\
\xf3\xd5\xcf&\x03\xe0\xbd7\x0c\x8c\xe5N\x17\x97\xbd\xf7\
\x03\xb8\xfd\x8e{\xd1\x1a\x1cx\x88qi6\x9b\x18\x1c\
\x1aB\x0c\x95>Vs\xf6}y8\xfdv\xb4?\xf6\
sm\x0f\x89\x84\x98\xac\x87N\xbe\x1bm[\xb0\xect\
P..\xc6(\x99\x1b\x8d\xd5b\x94\xb9<\xcc\x1c3\
8I\x1c\xb2V\x18\xa4\xb2\x1f\x8b\xe9\xec\x92\x8c\x82\x14\
Sd\xb9b\xf4\x05\x8e\xd0\xb2*%\x96S\xd6\xd1R\
\x1bu\x05\x1a\xfa\xc4Nn\x96\xeb.\x07\xe8\xe6[\x95\
\xbd\xc4x\xaa\x05R``\xe1\x14\x1dW\x00\x00\xa4]\
IDAT1\x0b\x83R\x89)\xd7\xef\xa1\xc9O\xd7\
\xc7\x89\x00R<\x03\x0a\x92\xd6\x13U\x97\x00\x02\x8e#\
U\x5c1\x91L\xce\xa1\x0a\x08\x99\xcc\x02$\x179\x04\
@\xc6\xc4\x05i\xbai\x0e`ff\x06Gf\x7f\x87\
\xf5\x9b\x8f\xc2\xe4\x86\xa38\x86\x88*\x94\x1a4;X\
\xf8m\xcfM\xee_\x1co,{t\xea\xa9'SQ\
\x94\x11\x91\x9d\xcb=\x1d\x99=\xc2\xf7\xde\xf7 \x06\xc7\
\xd7S\xe4\xc8\xde;\x0a`\xae\xaa\x92N<\xe7\x02|\
\xecc\x9f\xc2\xe8\xd8J\xbc\xfa\x95\x7f\xcd{\xf6\xecA\
\xde\xc8iiq\x09_\xfa\xec\x95\xf8\xf3\xbfx\x09f\
\x8f\x1c\xc1\xc8\xc8\x88,\xb4 \xaf.C\x98\x1a\xcdf\
\xc3p\xba\xa9\xbf=\xa5@\xd2\xb2G\xd1\xf5\xe59-\
\x8ecs\x0c:\xd2\x89\xe0\xc9\xe1\xb8m\xdbL(\xfb\
\xe0\x82Hc\xec\xebZ\x91@1\x91Z\x09S&I\
f`j\xea0\xba\xcb\xcb\x18\x18h\xc9\xb8\xf6X`\
b\xb8\x9d\xa4\xde\xb2\xdf\xd6\x17pxnQjxB\
\x00#\x22\xf3\x19:\x8b\x8b\xf8\xd2\x17\xbe\x02\xdf\x90.\
\xbc\xf1\x91q \x06t{=\x14EO\x8d\x90\x83\xcf\
<\x1a\x8d\x1c~\xe5J\xfc\xcf\xaf\x7f\x87\x83\x07\xa7\xb0\
q\xe3\xc6:\x94\xd1\xaf^Q\xa0\x8a\x11>\x97U\xe6\
\xcdf\x03\x83k\xd6\xc1y\x87\xf9f\x13G\x1f}\x94\
^_\xd2@\x80\x80P\x96pD\x98\xd8\xb0\x1e\xed<\
\x87u~\x88k\x89\x08Ue\xc0\x5c\xaa!#\xc3i\
8\xa2\xfd5&6\xe9\x99\xd5\xa5\x5c\xda\x1c\x94\x0eR\
\xfavm\x85\x03\xc9\xa9\xd7UtF1\xd66\x84e\
\xb7\xba\xa4\x1a3\x80\x1c\xc9b&i\x06\xb2\xd2\x17k\
\x90`\xd8\xc8 {\x179j\xb5V\xc4\xe6\x1b\x0c$\
*\xdf\xcc\xe6\xf9\xe5\xd7\x9c\xd9\xbb\x14P&\xd5\x140\
\xe2\xea\x9f\x91\xd1\x18\x1a%DyJ\xc2-2sJ\
\x0a\x93\xe5\x1d\xa0;\x0b\xd5h)\xba\x90G\xa5C'\
\xb4(GV-\x13il\x0c\x9fI\xec\xc8\x0c\xce\x90\
Q\xe4\xc8\xba\x97\x13\x5c\x05\xf2\x19#\x84@UY\xca\
'\xb3t\xed\x80\x00\xd7h\x82\x19\xd8\xfd\xc0}\x98\x99\
\x9e\xc2\xe6m'\xd2\xf0\xe8J,w\x96\x11\xb9\x02\xb9\
L\xf7n\xdbs`5D\x1eE\xaf\xcb\xc7\x1d\xb3\x0d\
!TT\xc5\x80\xb1\xa1A\xfc\xfa\x97\xbf\xa6\xb9\xc5\x0e\
\xaf\x5c\xdfBU\x14r\x13\xce\x895\x0f\x01\xdbN?\
\x8b\xde\xf9\xee\xbf\xc1\xba5\xab\xf9\xe9O\x7f*\xf6\xed\
\xdf\x070\xc3\xf96\xbe\xfe\x95\xcf\xe2\xf9\x7f\xf9W\x98\
_ \x0c\x0f\x0f\xa3*+\xe8H'\x083\x01\xd1\xa0\
\x14\x0e\xd4\xff\x8dlc\xde\xa2\x1a*\xa7!\xbd\x95W\
\xa8\xe4\x80\x00\x0e\x88\xe4\xd0\xcc3l\xd9\xb0\x06&\x10\
\xe9LU\x0c\xfd\xff\xca\x8b\xff\xbf\xbe\xacY\xe8\xc1\xbd\
\xfb\x01\x0e\xe0\xb2\x87\xaa\xd3\xc1\x8av\x0b#c+\xd3\
E\x12t\xf0\xa5#\x1c\x9a=\x82\xfb\x1e\xdc\x89f\xae\
aW\x8c\x08\x8b3@\xd1\xc5\xf8\xc4*t\x8a\x02s\
\xd3\xd3@\x0ch\xb5\x9bX\xb5r\x0c\x93\x9bW\xc3k\
\x1c\xbe\xb8\xb8\x84#\xf3K8r\xe40\x06Zy\xff\
X.\x95Ka\xef\xef\xda~\x1f\x96:\x05\xc6\x06F\
8\x04\xc9\xe4\x84P\xa2\xac\x18C\x03mL\xca\x9a\xb2\
\xc4\xe2\xdb\xa3\xdd\x7fp\x1a\x87g\xe7A\x90\xe5\x22V\
&\x98\x9eN\xd2j\xbd7\x93}\xf9x\x12K\xcc\xa0\
\x87p\xdc\x16(\x9b\x8b\xe7~\x17\xaa\x09\x1cIEZ\
\xd0\x89tYD\x96\xe3\x91\xd7\xd7\x05\x03\x99XE\x80\
\xa4\xa9V\x1d\xb7\x88A\xdap/a\xbc\xa1\x01J\x0f\
JS\xe9\x96<J\xbf\xacIr\x19\x08K0.\xdf\
\x1c\x02\x98\xd9\x91x\xdf\x14\x9d\xd6\xc6\xc5x\xf3hz\
\xacD\xa4\xa2\x0fJ\xb7B\x00)\xac\x86\xad\xb36\x8d\
s:x\xc1\xde\xd6\xf2\x83)Wh\xf3\xad\xb4\x13I\
~\xe2\x80\x18dv-98\x0a(\x8a.\xaa\xa2\x14\
\xf8\xef\xb5\xd4\x95\x84\xd1\x95\x8c(\x83ZCX\xea\x14\
t\xd7\xad7b\xdd\xc6\xcdX\xbb\xe9h\xc0y\xf4\xba\
]\xab\x0ae\xe5\xe3\xc1\x1c\xd1\xedui\xc3\xba58\
\xe1\xf8\xe3\xe3\xec\xec\x1c\x11\x1cy\xe7q\xcbm\x7fB\
\xd6\x1c 0\xcbp\x13\x80\x1c\x1c\x9cw\x08\xb1B\x9e\
5x\xeb\x09\xa7\xd3k^\xfbFZ\xb3f\x15\xce8\
\xe3\x0c\x9e\x9e\x9e\x06w\x961\xbab\x14\x7f\x7f\xedW\
p\xf1_\x5c\x82\xe5,\xe3v\xab)\xa3\xcd\x05\xde\x89\
\xc3\xd1\xb9\xf4\x9c\x9c\xbb=\x1b#\x09S(j\x16\x9f\
\x14\xf3!\xaa\xf1\x88\x9a\xd6m\xb5[\x18\x1e\x19\x05\xd0\
W\xa5\xa7\x87L\x00~y\xdb\x1d8\xb48\x87<\xcb\
\x11\xd47\xe4y\x86\xd0-\xb0<\xb3\x04\xcdZ!\xc6\
\x88F\xe6\xf1\xdf\xbf\xbd\x1191(\x94({=l\
]\xb7\x0a\x1b'\xc7e3\x0f\xb9\x04\xa5\x00\xa0\xec\xf5\
P\x85\x00\xe7=\xb8\xb3\x88jq\x0e\x8e\x80\xe03\x1c\
>8\x85\xf5\xebV\xe3\xe2'?\x1b\x8f{\xcc\x858\
\xf1\xc4\x13\xb1i\xd3F\xac\x1c]aD6\x8a\xa2\xc0\
\xcc\xdc<\xf6\xee\xdd\x07\x8e\x11\x93\xab&SDj\x18\
\x18\x00\x0e\x1c\xd8\x8bP\x05v\x8e(\x04\xf39\x84\xaa\
\x0aX;9\x86\xf5k'\xf5\xfe\xf5\xf69\x02p\xd8\
\xb9s\x07f\xe7\xe60:>)\xde>\xf9\x7f\xd5\x81\
\x18k}I\xa4k]\xc4\x05f#\xdaX\x8a\x82\x14\
.\xd4[\x7f\xccZ\xa8\xc6Y\x14\xcf\xc9X\x90\x1d\xa2\
hE2n\x02\xfd-M\xc0\x9c\x01\x10[\x92\x08\x06\
\xc0\xae\x89\xcc\xa7\xa3\x16c\x86\xc6\x80,\xd0\xc0\xf2\x9f\
dPQ\x888+\xfe\x02\xa7\x14=\xd7\xf7a\xbfZ\
\xdb#5kQf\x92\x90\x8c@eN\xeb\xa4`{\
\x08\xe5\xbe\xea\xf4\x87\x85 \x0f\xdd\xb1^\xcb\xa3\xb4t\
\x138F\x81\xc5\xf2\x9eV\xa6\x93\xd2$\xe2\xf8\xa4f\
(\xf3LUQ\xa2S\xf4\x10\xab\x0aN\xa6\xca2G\
&v\x8c\x18XxXO\x14u:\xa9\xcb3\x80s\
\xec\xdd\xbd\x0b\x87\xa6\xf6c\xe3Q\xc7\xf2\xf8\xda\x0d\xe8\
\xf5\xbaT\x96%\xc9\xeeAQ\xb3\x18\x02\xf5\xba\xcb\xbc\
n\xc3Z\xeev{8x\xe0 \x1a\xcd\x06n\xfa\xe3\
-h\x0d\x0c\xd5\xa1\x0c\xe9\xcah\x109\xef\x11\xcb\x80\
\xf6@\x9bWn\xd8\x8a\xe7=\xffE\xf8\x97\x7f\xfeG\
\x1c\xbdu+\xe6\xe6\xe60??\x8f\xf1\xf1q|\xed\
\x8bW\xe3\x85/\x7f=\xe5\xf9\x1a\xf8\x84\x13Y\x8d8\
t\x80&\xd7hNQ\xa6l\xd1S\xd4\xa4\x07\x94\x9e\
\xa4\xf9\x1e-\x01.\x8a\x02\x1bW\x8f\xe3\xd8\xa3\xb7\xc8\
\x8f\xad\xd4[%g\xb9\x0ax\xeb\xb7\xbe\x8b\x07\x0e\x1d\
F\xbb\xd5\x06e\x0eY\x88X\xdc{\x183\xbb\xa7\x11\
z\x85P\xcf\x89\x90\x8ch5\xda\x18hd\xe0^\x0f\
\xb1\xecbp`\x00\xa4-\xe5\xc9!\xe9\xf9\xde\xb7s\
\x0ff\x0e\x1dF\x16\x0bTE\x17.o\xa0\xd7+\x91\
\xc7\x0e\xde\xff\xae7\xe3\x15/{)\xd6\xae]\x83\xfe\
/fUP\x06\xda\x03\x83\xd808hS\x86\xea\xd7\
8\xa4\xaaU\x00\x98\x9b_\x04e\x19\x11R\x1bA2\
\x22\xcdF\x13Y\xa3\x99\x14K>C~\xb3\xd7\x915\
c\x09\xab\xd7<Z\xba\x07u\xfd2\xc4'jo/\
\xd5\xd6'\xfd\x9e\x06X\xb5\x83U\xd3\xacQ\x80\x95\x03\
\x93\x90<\x80\xa2[y\xa3>\xf2!\x19gyG\xd5\
\xbf\xe8\x04G\xd7\xd6\xd5\xeeFbjU8\xd5ng\
\x0f@^% A\xa8yy\x9bT\x9dk\xd1\xa5\x80\
F1&\x8a#\xb40\x15H?\xb0\xd0\x91\x8d\xee1\
\xebD\xf6\x1dQ\x86\x04F\x1dY\xd1\x03\xb1\xf3\xdeJ\
\xff\xc4\x959\x93V}\xa6\xea\xd4dD\x96c\x22g\
)\x05\xa1=d\xd0$\xc3\x13{\xe7\x91\xf9\x8c\xcb\xaa\
\xc2rg\x19`Y\xb6\x99y\x8f\xccyx\x97\xb1\xf3\
N\xbb\xbd2\x92\x01\x1e^'\xb2\x02\x84\x08\xdfh\xa3\
`\xc7\xf7\xdd\xfd'\xba\xfb\xd6\xdf#\x94\x05\xb7\xdam\
\xc4Pq\x88\x81\x99\x89\x9a\x8d\x06/\x97\x81\xfe\xe2/\
^\xecn\xbe\xe9\x8fX\xb5z\x15n\xbd\xf5V\xdcy\
\xf7\xfd\xb4b\xc5\x08\xc5\x10m~|2\xe6D\x0e\xe4\
3\x0a!\xd0\x8a\x15ch\x8d\xad\xc3\xb3.z\x1e\xa6\
\x0e\x1e\xc2\xe0\xf0\x10\x18\xc0\x91\xd9Yl\xddv4\xae\
\xfc\xc8\x070\xbdw\x07\x94\x00e\xd6|Mz\xcc\x09\
|\x82d\xf1\x80`\x1e\xb1\xa1r'\xdaY\x0e\x0b\xfd\
\x98Mx\xc5\x10\xb4\x9a\x0d\xe4y^K\x0d\xea\xe8\xa2\
W\xf4\x00\xef1\xb9f\x03\xc6\xc7\xc6\xd0\x9e\xeba\xf9\
\xae\xbd\xe8\xed\x9f\xc3P\xbb\x8d\xb1\xb1\x15<62\x82\
\xb1\x15#\x18\x1b\x19\xc6\xca\xe1\x15he\x0e(zp\
\x1c\x10\x97\x16q\xe2\xd1[\x00\x92\x22\xadTc\xa0\x9f\
vp\xdf^,\xef\xdb\x01\xc7A\x96m\x96%\x862\
\xe0\x1f\xbfw-\xfe\xe6=\xef\xc4\xda\xb5k\xa4\x01\xab\
(Q\x14\x05\xaa\xaa\x02\x91\xe5\xfc]\x8a\xabc\x8c\xa9\
U\xd9\x94$\xa2.\xeb\xbd\xf5\xb6;\xd0\xc8\xf3\xa4\xb4\
N\x82#.\x8a\x02\xc7\x1d\xb3\x15\xedVK\x7f\x9f\xd2\
3\x00\x80\x1bo\xbe\x05 b\xef,\xb7\x95.\xbd\xcf\
=\xd5j\xa9\x9d\x9b,\xcf\xddp\xad|K\xd3\x83\x9c\
&3I/}?\xc3\x06\xe3\xeb\xd2\x97\xa4Z\xa9\x0f\
,\xf7_\x80\x91\xba`\x1dmJ\xc6\xae\xeaH$\xb6\
\xda\xfb\xfe\x0b1\xb2\x06\xc4\xe0\xa8u\x01\x90:\x01\xb1\
36\xacIk\xf8-'o\xbeZ\x04I\xa163\
\x87(\x95\x82BF\x12\xa5\xca\xfd\xf4h\xc8\xc8\x15\x8b\
\x8f\x18i~\x80\xc4m\x0c\x02\x87\x14E\xc0\x1e#9\
\x925EjD\x9d\xf6M\xc8}\x91\xc5|\xc2\x1d\x80\
\x1d\xa4\xf8'\x84\x8a\x96\x96\x17Q\x96\x85(6i\x8e\
#\x82t\xc7\x84\xf4h{\xc9\x83#F\x8e\x14\x11\x22\
`\xf1\x97 $\x10\xb5\x86pdn\x1e\xf3\x7f\xfc\x1d\
\xd6o\xd8\xcc\xeb\x8e:\x86\xaa\x10\xd1\xedt\x10\x88\xb1\
b|\x12w\xed<\x88\x17\xfe\xd5\xa5t\xfcqG\xd3\
\xdc\xc2\x22\xb7GV\xc2;\xc7d\xf9T\xa0\xe6\xeb\xc1\
D\xe4\x91e\x84\x10#\xadZ\xb3\x16\xfbv\xf7\xf8\xf9\
/\xf8K\xfc\xec\xa7\xff\x8a\xcc{D\x22\x1c:t\x08\
\x17>\xf2\x11\xf8\xd0{\xde\x8c7\xbd\xeb\x0a\xdev\xd2\
\xe9\x08EOT\xd9L\x00\xd7\x95\xcb\xb0urjg\
\xec\xc4\xa3\x1dE\x84\xa5v\x13\xf9\xd2\xeb\xf5\xb0m\xeb\
VdY&P\xdc\x19\xbb.\xef?37\x8f\xeer\
\x17\xc5\xec!\x1c\xbao':\xf3\xcb\xa0V\x0b\x94y\
pY\x22D\x90\xc5\xd9d\xe5\xa6\xcaT\x83\x00\x84\x02\
\xabF\x84\x00L\xdcW\x1f\x8b\xb5k\xef^ k\x80\
\xc8q\xe0HUg\x09\xdf\xff\xf1w\xf1\xe8G=\x0a\
\xdd\xa2@\xae\x85=\x91#r\xe5\x18\xa6\xa6\xa6ph\
\xfa`z\x8fF\xb3\x89M\x9b6\xa3\xd9l\xa2\xff\x8b\
jQ\xc2r\xa7kF\x14\xb5\xfe9\x0a!`\xcd\xea\
\xbaH)\xb9T}\xe9\xfc\xdc\x02\xa4\x12\xe2\xff\xd4\xfa\
\x9a\xcc\x13G'\x13vt\xd5=\x1b\xdc\xd5\x9f1#\
\x82\xc9\x91\xa3\xb4\x13\x83%\x8e\x8b\xb0\x19&\x89c\x12\
\x0dS;R\x17\xa2\x11\x01\xb2KAt8}\x1f\x00\
\xfb\x0c$\x8c\xa1t\xf3\xebE\x12\x0c\xb6\xf7E( \
\x9b\x16F\xf5\xad%@\x22\xe33\xec1\xc9\xefk\xda\
\x81\x93\xfd\xe1\xf4\xee2\xf2Y\xdf\x9e\xc9\x96\xa2Y\xc4\
IlxH\x8d\x95\x09)\xdb\x94\xf9>\xce\xc4b\x1f\
;<qd\xce\xa5&\x22\x82%\xbaIo\x84\xa4\xa3\
]I\x0f\xe7\x09\xbdN\x87\x96\x97\x17\xc1\xcc\xc83/\
{\xd5\x9d\xa4\x07\xe1\x9d\x0et\x90\xaeB\x1b~\x01G\
\xc4\x81\xe0}\x04S\xe4\x18\x1d\x08L\x1c\x81\x18\x02|\
\xde\x003h\xf7\x8e\x07y\xf6\xf0Al9\xeeD\x1e\
\x18\x19\xa3\xa2\xdb\xa3\xaa,1\xb1j\x82W\xad^\x8d\
\x99\xb99j\xb4G\xd0\xf0^\xb6\x019\xb01\xa1\x89\
I%\xd9w\x01\x96a\x14UY\xd0\x86M[\xb0\xe3\
\x81\xfb\xf0\xe2K.\xe1\xeb\xbe\xfbm\xcc\x1d\x99\xa7F\
\x96c\xff\xfe}\xb8\xf89\x17\xa1(J\xbc\xfb\x8aO\
\xd2\x96cO\x92^\x06\xa6\xbesPh\xc4\xe9\xfc\x94\
$\x04\x90\xb6\x02\x8b\xec\xd8X*\xe6(\xc3-B\x85\
\xf5k$\xfe\xe5\x18S\x10,\x7fv\xd8\xf3\xc0\x03\xb8\
\xff'?G\xd6\x18\x02{\x0f\xdfn\x02\x1c\xc0UH\
\xf1\x16\xac\xa5\xd8$HC\xa9XUp\xce\xe1\xd8c\
\x8f\x05\x80\xbej;X\xc6\x18w\xdcq\x07\xc0\x0c\x9f\
\xe74\xbb\x7f?^\xf5\xd2\x17\xe0\xd1\x8fz\x14\xca\xb2\
D#\xcb\x05\xdb\x86\x80,\xcbp\xc7\x9dw\xe0\xf2\xcb\
?\x8c\xdf\xff\xe16\xcc//Z$\x8a,k`\xcd\
\xd80>\xf1\xd1+\xf0\xc4'=\x09!\x048'}\
*\xce9\x1c92\x87]\xfb\x0f\xa0\xd1l$\xc3\x96\
2U\xa1\xc2\xd6-G\xd9\x9d$\xf0\xec\xd5X\xec\xd8\
\xbd\x17Y#\x93\x16i\xd3{{\xf8\xfd`[\x9d7\
[\xba\xcb\x09\x99\xad\xee\x18\x89\xc0\xd7\xdc\x1e\x83\xe1\x92\
\xf9\x16D.\x8bU4\x8eS}c{Vd\x12k\
8\x1cf\x11,X\xe6~\xf3&\x10\xde\x8a\x12t\xdc\
~]\xdf\xac\x9c\xa4\xc9\x8eQ\xee\xb0\xf2\x5c\x19\x10$\
\xb6C\xfaI`P\x1dd\xa6\x9c%\xc5_[!\x1d\
YP[\x0eR+Bb\x06\x84L\xb4\x1ad\x85\xff\
\xa6\xc8\x04)\xe6!\xe1\x1c\xb4\xae\x95\x05\xae1\x1cY\
^_\xfc\xb3\x22j\xd6\x90\x86H&\xe0aq~\x0e\
\x9d\xce\x22{\xe78\xcb2\x069v\xce\xc3+\xdcw\
\xde\xb3\xf7\x1e\xceg\xec3\x87\xcc{\xf8\xcc\xb3\xf7\x19\
\xfb\xcc\xb3w>Jy\xb1\x97-\xc3\x12j\x98tp\
\xd6\x1e\xc4b\xb7\xe4\xdb\xffx\x03v\xdd}\x07\xbcw\
\xdc\x1a\x18\xe4\xb2(\xa9\xecu188\xc0\xceI\xed\
\x83\x840\xb5\x8b\xb0\xfbsdD\x9et\xeax\x9fq\
\xaf\xd7\xc3Q[\x8f\xc5\x0d\xb7\xddK/\xb9\xe4%4\
1>\xc6\x91#|\x96c\xd7\xee=\xfc\xa2\x17\xbd\x80\
\xde\xfd\xd6K\xb1\xeb\xc1{\xb9\xd1h\xc9v%f$\
\xf8\xa8\xd2\xa0f7\xd9\xd9:T0KQ[\x0e\x8b\
,7m\xdcP\xcb\xc2\xff\x82\xc0\x87\x8b\x88\xe5\xf9%\
\xf8V.\xfdSE\x0f\x08:\x99\xa7*\xe5\xdf\xa8\x15\
|A\xffe\xeb\xe1\x0fp\xb1\xc2\xe6u\x0f\x8d\xe1\x93\
\xb6\x00(z%@\x84\x18#\xda\xad\x06^\xf1\xd7/\
\x95\x14\x9e\xceS`\xcd\xcb\xef\xde\xb5\x0bO\x7f\xf6\xf3\
q\xddO~\x81\xb9\x8a\xe0\xdbc\xf0\x83\xa3\xf0\xed\x15\
\xa0\xd60n\xbbw'f\x8e\xcc'E\xe6\xbe\xe6\x99\
\x85\x85y\x1c\x99\x99a\xd9\xa6d4\x9b\xc8y\xb3\xe1\
q\x9c\x0eBM\xbeWC\x8c*T\x98>8\x8d,\
\xd3u\xe0}O\x86\x92;\xd3\xa7Md\xee\x9b4<\
\xd6\xceCJ@DHk\xf9]\xfdf\xe2p\xfb?\
_\x92n\xae~J\xfa\x1f2\xfbm(\x8fjn\x02\
\x00;bd\xf6!\xc9\x03Xx\xd1\xf7h\xccU(\
(\x16\x06\x1c@\x9a,\xa9\xc1\xa4\x8a\x89\xd4\xba;\xee\
\xf3\xcfNa\x81\xac\x9f\x90\xb7e\xd6BDA\xea\x8e\
\xfa\xc5\x12fb\x14-\xaa\x08Je\x80\x83\x83#\x9f\
\x02O\x19\xa0e@A\x1eY\x8dS\xec)1\xb4\x1c\
\x9a\x9c\xcf\xb8*zX\x98\x9b\x95\xc5\x8cY&b\x1f\
\xa3\xe2\x02=\x17H/\x81w\x8e\x9cs\xe4\xc8\x9bQ\
 \xe7=\xb2,#\x97e\xe4\x9c\x97\xd9|\x99\x97\xd7\
g\xcef\xbd\x11s\x84\xf7\x9e|s\x88\xa6\x0e\x1c\xc0\
\x1d7\xfe\x9af\x0f\xee\xa1\xa1\xe1\x114\x1amb@\
z\x15\x5cFN75\x91LXS:\xa5/\x04\x13\
\xe4\x01rD\xdeg\xe8\x15]\x1c{\xfc\xc9\xf8\xaf_\
\xdf\x8cK^\xf22Z\xb9r\x1c\xa1\xaa\x907r<\
\xf0\xc0\x0e\xbc\xe4\x92\x17\xf3\x8b/\xfe3\xec\xde\xbd\x13\
\xed\x81\x01\x98\xeb\xa0\xda,CR\xa5\xf5\xd9\xf6W\x9c\
\x81QsA\x0a\x12<\x01\xdb\xb6lJO6q\x05\
*\x95\xb7n\xbf[*yJ\x99\xc6C\x0a\xf1\x9d\xcd\
\xe0\xd7\x7f)\x04X!\x0f\xc5\x08\x17#b\xac\xb0b\
h\x10\xe3+\xc7T\x12L$e\xd6\xff\xf2r\x17\xb7\
\xde\xb1\x1d\xcd\xc1\x01\xeev{\xd8\xb0a\x03\x8e\xde\xba\
U\xf7\x14\xc8kc\x106\xfd\x1f\xfe\xf1G\xd8q`\
\x1a\x1b7oD\xe6\x08\xcc\x01\x8e#2'\x08tl\
x\x10g\x9dq\x1a\x00qb\xb5\xf9\x03\x0eN\x1fF\
\x11\x22y\xe7\x12\x0e&\x0012y\x9f\xa150\x90\
\xae/\x09'\xa0\x057\x92\xa1H*\x08\xc09\xcf2\
\x15)\xf6}\x17}\x8c>\x80\xb4g\x97\xd5y*\xf2\
\xb2g,*#\x17\xa9\x87\x97\xb0/\xf7\xbf\xa5\xd9\x01\
\xeb\xc9\x91\xc3\xd1\x88A\x9f\xa99o\xd4Yu\xfd\x84\
\x98f\xf4P\xd2:\xb0\x0a\xa4\xf1\x0d)\x0b)\x98\xd8\
|Cm\x90$vN\xcc(\xc0\x1a\xe9\xc8OI\xf6\
\x1f\x8aS\x16T`-\xbf\xb0\xbc\x80\x9a\xde\x1aj\x90\
\xa4Jb\x94O\x8f\x16GR}\x00\xf6\xf7\xf4L\xcd\
zh b\x00byi\x01\x8bK\xf32N\xcf9\
\xd2\xcd\x18:\x8b\x8fl\xe7$\xbc#&\xf2\xe2\xd5\x9d\
\xa4\xe4\x88d\x03\xac\x18\x85\x8c\xbd\xf3\xa6\xf8\x90\xe6\xa2\
\x0c\xfa;\xe4]\x22v\x18\x1c\xd97Z()\xc3\x03\
\xdb\xef\xc2\xbd\xb7\xdd\x88\x18\x0a\x0c\x0e\x0e\xc3\xb8\x11K\
\x03\x09\xf6\x92\x87,\xd0K\xc3\xa2\x94\x8f\x05\x1c9r\
.C\xaf\xd3\xc1\xf1\xa7\x9d\x81\x7f\xf9\x8f\xdf\xe0\x0do\
|\x0b\xd6\xacY\xc3E\xaf@\x9e7\xb0w\xef^\xbc\
\xf3\xb27\xe3Qg\x9f\x14\xf7\xee\xd9\x8d\xd6\xc0\x80\xac\
.\x83IOm\xedI]\x00\xf7YN\x03\x86\xdcg\
\x842\xef\xd0\x1a\x18\xec\x13\x9a\xbe\x07\x0e\xa0\xb7\xbc\xa4\
\xda\x12@1\x82\xa2\xae\xdd\xe2\xf0\x10\x03 ^?\xd6\
\x06\xc1y\x14\xdd.&\x072\x9e\x1c_\xa9\x8e\xa5/\
#\x05 V\x05:K\xf3\xf0yNeU\xe2\xa8\xcd\
\x1b144\xa4\x8d1I\x07\x00\x00e\x15\x80N\x07\
K\xddB\xce\x9f\x08Ed\xcc/u\xb0\xff\xbe{p\
\xc1\xc3\xcf\xc2\xa6\xcd\x9b\xc0\xccu?\xbf\xca\xeb=\xf7\
\xde\x8f\x99\xb9\x05!\x8dU\xbf\x88\x08!\x04\x0c\x0d\xb4\
\xb1a\xfd:\x955J\xa1\x89\xcc-\xcc\xd0n\x0f`\
nn\x1e\x112j\xa1\x8cL\x0b\x8bK\xb4\xb4\xb4,\
#\xf4\xec\xd1\x0b8\x85\xf1\xf9\x8e,\x09\xc3\xe6jM\
\x99\xc8\x14\x18\x9cX{9\xb7~\xe1\xaf\x11\x07?\xa4\
\xde\x06)\xdd^\xff\xa2\xc2<\x17!}\xed\xf2\x0bd\
8G\x05\x04\xfa\xcb2\xc9\xd3r\x90\xb0\x18\xc5\x1e\xb6\
l\x92\x11x\x0f\xdb\xfa\xabP\xc39\xe3Q\x12?\x01\
\xd2t\x14\xa5\xd21\xbdF6\xd2\x9b\x13\x19jxE\
\xc1\xbc\x1d\x88\xf1\x83\xe4\x9c\xd6N\x1b\xe5Az\xf7f\
\x0c\xd4\xa1\xab\x07\x89\x91y~n\x8e\x8b^\x17\x99\xcf\
\x8d\xf8`r\xd0{\x94%#\xc6\x1a\x93s\xe4\xbd\x83\
t\x15z\xb6N2\xef=;\xef\xe1\xc8!\xf3\x192\
\x9f\xc1\xfb\xbc/<p\xf0\xce3y\xcf\xe6\x9d\xea\xc2\
\x1c\xe2\xac=\xc4G\x16\x16q\xfbM\xd7c\xef\x83\xdb\
9\xcfs\xe4yS'\xe70Xw4\xd4\x86M\x14\
\xb5^!IL\x8e\xd89\x82\xcf=z\x9de\x9c|\
\xdaY\xf8\xee\x0f\xfe\x89?\xfe\xf1\xbf\xc5\xfa\xf5\xeb\xd1\
\xedv\xd8{O\x07\x0fN\xe33W~\x82\xce>q\
3\xf6\xec\xda)[t\xa2\x1ed\x126y\x10\x8e%\
\xb5\xd3O\x15A\x05\x90\x88\xd0\xe9u\xb1q\xdd$N\
=\xf9x\x00\xfa\x8c\xf4\xf2\x1c9\x04f<\xd0\x8b\xc8\
e\xc0+\x98\xa3\x11\xa6\xe0\x10@I\xe9\xf5\xfb6)\
\x08\x00w\xe6Q\xcdN\xc1#R\xdel\xfd/\x89\x95\
\xaf\xd9\xb9\x05,.u\xd1\xc8rpd\x8c\x8f\xad\xd0\
\xea@\x83\xca\x80\xf3\x19\x023^\xfe\xb2\x97\xe2/_\
\xf0\x1c\x0c\xa2\x83P,\xc3\x97]\x8c5\x22\xce:~\
3>\xf9\x91\xf7\xe2\xdb\xdf\xf8:\x1a\x8d>\x12\xb0/\
k\xb6m\xdb\xd18f\xc3j\xca)\x90U\xa6\x022\
\xb8t\xb0\xdd\xc6\x8a\x15#\xf5\xf5)^\x8c,\xeb\xca\
/\x7f\xdf;q\xde\xa9\xc7\xa1E\x019\x07\x8c6\x1d\
\x9f}\xf218\xf3\xc4\xa3\xd1\xeb\xf5\x0c\x89\xeb\x86'\
y\x1b\x07\xc7\xbaf\x97\xc8\x89\x8e(\x0b\xced\xb5x\
\xe6HT\xe7\xd5i$\x1d\xb7v\x09BB\xd3\x86\xe9\
\xfbB\x00\xb5\x1a\xfa\xb9\xba\x19\xc8^\x91\xca>\xd3\xf3\
P\x96Q\x05\x82\xa3\xe5A\xed\xf28\x1aV\x84\xe4\x8e\
\xc9\xd9x\xd0\x14z\x84\xa0#\x95\x12|\x00;2\x22\
OK\xf2]}\xd2f\x90HG\x95\xa6\x02\x09\x10H\
\xabo\x04\x8d8q\xf1D\xf0L\xb6~\x0cv\xc1\xc6\
|\xb2\xee\xd8[^^Fgy\x89\x88$\x86\x86\xc6\
\x5c \x08u\x1f\xad\x07\x81\x95WH \x99\x01[\xad\
iF&\x12\xc3\xb1\xf3Rc\xed\x12\xd5h\xe1\x88\xd3\
E\xa1DQ\xf6\xfe\xd98\x03U\xf0@>\xcb\x19h\
\xd0\x9e\x9d;\xf9\xf0\xc1)l:\xfa8\x1a\x9dX\x83\
N\xb7\x8bX\x05\xf8\xdcS\x8c\xd1\xba>\xd2\xdd\x19R\
\x15\x03K\x00;8\x97\xa1\xacJ\x1cw\xeaY\xf4\x89\
+\xaf\xc6\x9a\xd5\x93\xf1\x92\x97\x5cB;v\xed\xe4F\
\xde\xa0\xc3\xb3\xb3\xfc\x85\xcf]\x85\x17\xbd\xe4\xe5|\xef\
\x81Y\x9a\x9cX\xc9E\xb7\xb0\xf30#\xac\xb3Y\x90\
\xf2\xe1di&\xc5x1F\xe4>K\x8a\xd3\x1f\x90\
:GX\xee\xf6\xb0w\xcf\x1ei\xaf\x0dA\x99\xf1\x87\
\xb8&y\x9a\x06n}\x06T=\x84\xa59x\xc8\xfc\
\xc4\x13\x8f;\x0e\xadf\x03U\x15\xd2\xd4\x1cAr\x1e\
\xdb\xef\xb9\x1b\xd3G\x8e`lb\x0d\xf2\xa2\xc0\xce\xdd\
{Q\x85\x0a\xde\xf9\xf41\x8e\x00\x8e\x8c\xd1\xd1Q|\
\xf3\xeb\xd7`\xfa\xe0\x01\x1c\x9c>\x8cV\xab\x85\x15#\
C\x98X5\x09\xb3}!\x84\xd4\xd9\x07\xc8\x98vf\
\xc6\xd9g\x9e\x86\xdf\xff\xea?\xf1\xb9/|\x11\x1f\xfc\
\xe4\xe7h|r\xb5\x0c\x83\x85\xfcNU\xf5\xa5\x0f\xd3\
\xef\x8a\xbc=\xe2\xbc\x87\xe3\x7f~\xfe/\xd8\xb7\xff\x00\
\x96\x97\x96\xb1bd\x88&W\xaf\xc1\xa7\xae\xfc4~\
s\xd3\xad\x18\x18\x5c\x8dP\x05{\xbe\x09\xf4!\xf9l\
\xa2h\xca\x87\xa4\xe2\xb51\x16\x91\xa5\xc8\xc9\x91\xc3\x0e\
\x89\x15\x90\x18\xc1^\x075\x94\x8e:\x85\x13\x9a\xc0\x8e\
5\x83/\xcf\xd0\xf8Yg3/S\xfcATsH\
\x22\xed\xf2\x1f\x22\x9d\xd7K\x86\x1c8F\x10\xc1F\x5c\
\xd7\xdd\xceb~H\xa1%A\xb7\xf8\xb0\x92\x8eJ\x84\
\xc9\x97c\xd4\xb9pJ$\x96\xd5\xf1\xa4\xa45\xb3\xb5\
Q\xdaG\xa8\xad\x88 r2\xcbma\x01\xdd\xcer\
\xea\x09G\x1d\x80\x88r\xb3\xce\x0f @\xb7\xfb\xa4\xb7\
bN{\x1bR-\x02H\xb6\x00A\x17V\xdan\xc2\
\x14\x0e\xf8\x84\x14t\x06\x81'\xe7\xe5\xc6\xf4\xbf0\x95\
\xc8Z\x03\xd4\xad\x98\xee\xbe\xfd\x16<x\xe7-\xf0\xc4\
h\x0f\x0eH\xff\x84j\x98\xc1BJ;\xec\xfa\x89\xdf\
\xc47\x809\xe0\xe8\x93\xcf\xc2[/{\xaf\xfb\x87\x7f\
\xf8!6\xac\xdb\x80\xa2W T\x81\xe6\xe7\x17\xf0\xd9\
\xab\xff\x0e\xe3\x03\x8e\x97\x96\x96\xe1\xbd\xb3\xd4(S\x0a\
.\xd9\xb0\x9a\x08f\x02\xa5b\x84\xaa\xb2\xc0\x86\xf5\xeb\
\xd1h4d\x02\xcfC0%\xb0\x5cV\xe8\xb1\x83\x83\
\x0c\xe3Dd]\xc0\xa1\x92e\xdbw\xf4\xf9\xc6\xc5#\
\x08\x0b3\xfa\x90s \x04\xac\x5c)\xde50\xa3\xce\
\x15\xc8Wgy\xc9\x8a\xc2x``\x00w\xdes?\
\xee\xb9\xe7^\x10\xc9\x9c\xfe$\x03D\xa8TQWM\
\xae\xc1I'\x9d\x84\xa3\x8f>\x1a\x13\xabV#F\xa0\
\xab\x9e8\xcb<b\x0c\xe9w\x0c;VU\xc0\xf0\xc8\
\x88l%\xb2\x5c63\x1ay\x86\xd9\x85E\xec\xde\xb3\
G\xe41r\x9fU\x16y\x09!\xc0\xfb\x0c\x1b7l\
\xc0q\xc7\x1d\x8b5k%\x5c\xf8\xc5\xf5\xbfG\xdel\
\x0ba\xa9z\xcc`s\x0c\xf5\x93d\xe5\xc0k\xc5%\
\xfb|\x82h\xb8\x0ezMJ\xab\xf6\x19\xc6)\xb0\xc6\
m\xac\xeaS\x8f\xa4\xe9\x8b\xd7\x98\xe1$Ghh\xb3\
\x0f\x923\xcc\x05\xd8\x9b\x1b3\x96 \x8c\xea!\x11\x01\
\x9e4\x03 A\xca\xffW\xd9\xbf\xc7k\x9a_u\x81\
\xe8w\xad\xdf\xf3\xbc\xef\xbb/u\xef\xaa\xae\xbe\xa4;\
\xe9t.t\x80 \x9d\x00r\xeb\x88\xa0\xc2\x88\x80N\
\xbc02#*\xa38G\x8fr\x1c\x07Fgb\xf4\
\xa3\xce8g\x14\xf4\xa8G\x8f\x08\x88:G\xe3\x11\x10\
D\xc0$\xa4\xb9&@\x93\x04\x92NBn\xdd\x9d\xbe\
VUW\xd5\xae}{/\xcfo}\xcf\x1fk\xad\xdf\
\xf3\xecJ\xc5sfC\xa7\xde\xfd\xee\xe7\xfa\xfb\xad\xcb\
w\xdd\x13\xa68\x0dI>T^0\xd7\xca\xf3\x90\x9a\
\xe7\x1f\xdej\x1b\x04\x05\x8aL\x22\xf0\xbfy\x11\x90\xc4\
\xe4J\x11\x84i!\xe2P=`\x93j\xf3g\xa9v\
\x186k\xee\xef\xdd\xe40\xac|\x9e\xbd\xa8GQ\xdb\
\x83R\xc4\xbb\x86:\x0eR\x87\xd6E\x22\x1dX\x8b\xd7\
\x0b\xf8\xd4YF\xbf~\x14\x09_@\xf14^\xf7\x09\
\x14\x88:\xe4\x17Qt]\x87\xd2\xf5,\xa5P%\xa3\
\x06\x1dTJ$ I\x04t\x8c\xa2\x8an\xb1\xcb+\
\xd7\xae\xf1CO\xfc2^~\xf1\x19,\xb6\xb6\xa1\xc5\
\x09\xd4\x89%`\x97oh\xe2\x94@wM\xb0AA\
<\xf8\xfa/\xe4\x9f\xfa\xce?\x87\xc7\xdf\xf3\x1e\xdcs\
\xf9\x12\xd7\x9b\x15V\xeb\x15\x14\x82\x7f\xf4\xbd\xff+\x86\
\x83\x97e\xa8\x83;\xc7\x1c\xbf\x03\x00\x95\xda\xac\xd24\
\x01Sg\xa8\x086\x9b\x01\x0f\xdc\x7f\x19\x84\xdb\xd8\xd5\
\xcc\x13j\x8c\xa8F|\xf4\xd9\x97\xf0\xc2\xde\x11f%\
\xbb5\xbb\x93\x8f\xf4>\xfca\xc7\x81\xcb\x03\xd4[/\
\x03\x9bUt4J\x92'\x1e|\xe0\x95n\x0a\xe5\xb5\
\xab\xa1\x0e\x15\xb5V\xfc\xda\xaf\x7f\xd0\x0d\xa1\x22\xd2\x17\
\xc5j \xbe\xfb\xaf\xbc\xddC\x80}\x8f\xa1\x1a\xea\xe0\
\x8e8\x84)Zk\xc5f\x18|\xe0\xc8\xb0\x81\xaa`\
1\x9f\xe3\xe9\xa7\x9e\xc1\xbf\xf97\xef\x80j\x09a1\
L\x92\x83\xbc\xa9\xc7\xfb\x7f\xf3It\xb3\xb93;\xc0\
R\x0a\xf6\x0f\x97\xf8\xd9\xc7\x7f\x1e\xaa\x8aj^\x898\
X\xf5\x8ej\x11\xb2\x1b\xe2~\xeb\xf5\xda\x05\xa5\x0an\
\xdc\xb8\xe1\xcd@\xb3\x82/\x83\xbc)kE\xe0\xf1+\
\xe7\xc0I)[\xd0\xa6\xd7m\x84\xad;\x09\xe2\xc9\xc4\
HC\xbb\x96\xcb\x0a\x89BoA\xd8\xea\xcd\xf2\x83\xf8\
\xdd\x1cU\xc7\xd1m\xcb\x03;\xc8\xe4\xca\x93,>\x19\
)#\xa0/2|'\xa1\xe35\xdcV\x12V\x87B\
\x91^\xd0(\x0eJos\xbe\x90d2\x92\xcb\xc1|\
\xd0\xcc'LT\xa4\xd1U6D`\xce\xa9\xf0c\xcc\
\xbb\x02\xaa\xa8\x1c\x1f\x1f\xe0p\xff\x96\x13\xafv\xcd\x09\
QT[\xe1\x903\xb2\xb3\x97\x87\xdbT\x80\x1c@\x91\
\x82*2\x06\xf3\xff\xa2\xb5y\xfa\x0a \x82\xec8\x14\
\xdd\x87\xd8u\xd1uFTD#ZP\x8a\x94\xd2y\
\x14\xa1S\xa8\xfb\x1b\x04\x11\xda\xa3U\xe9fs1\xed\
\xf0\xa9\x8f}\x0c\x1f{\xff{\xa5\xae\x8f\xb1\x1d\x0e7\
\x8c\xde9\xc9^\xae\x11\x5cA6\xdc\xd0hQ5\x9f\
\xcf\xf1\x8a\xd7~\x81|\xfbw\xfc\x19\xfc\xfa\x07~\x13\
\x17.\x5c k\xc5\xc1\xe1\xbe\x5c\xbe|\x19\xff\xf0\xef\
\xfe-\xee\xbd\xf4\x0c6\xb5\xfa\xdb{\xdf\x06\x9f\xc2\xd4\
\x90gj\x0aw\xfeD\xa1\x1a^\xf3\xf0\xc3(\xaa\x98\
\xcfzt]\x87\xae\x14\xccJAQ\x81\x0d\x1bl\xd6\
\x9bTf\xbe\x97\x997!\x02nV\xb0\x83\x1b\xb0\xe5\
\x81w\x03n\xe1Rw\xb6kQ|\xd9\x9b|\x9e\xe2\
b>C\xdfu\xe8\xba\x82\xf9|\x86R\x0a\xae\x5c\xb9\
\x02h\x81\x02\xa8Vy\xee\xdci\xfc\xa7\x9f\xff\x15\xbc\
\xf5[\xff\x18>\xf4\xe1'\xd1w\x05]\xef>\x99\xae\
\x8bPn)\xe8\xbb\x0e}\xdf\xa3\xefz\x5c\xbbv\x0d\
\xff\xaf\xef\xffA|\xfd\xef\xff#\xf8s\xff\xc3\xff\x8c\
\x8f~\xe4\xa3\xe8\xe2\x98\xd2\x15tql)\x05\xb7n\
\xbc\x8c\xbek\xe1l\xa9u\xc0\xe9s\xe7\xf0\xbd\xff\xf0\
\xfb\xf1\xcew\xbe\x1b\xb3~\x5c\x83R\xdcI\x5cT\xdb\
5f\xb3\x19T\x15\x9f\xfc\xe4'qs\xef\x00}\xd7\
\xa5Y=B\xd0\xa6 CEKx\x80\xbd`Ob\
q\xc6\x82\xd9l\x069\xeaR\x9c\xd0\xac@\x00\xba\x10\
\x02.M\xa6\xa9\x00\xe9x\x84\xccO]\xf8y\x9d\x9d\
\xfa\xca\xd2uv\xb4w]\xdf\xf8\xc5_lg\xef\xba\
GW\xab\x15f\xb3\x1e\xd7_\xbe\x8ejC\xdaF\x14\
m0)\x5c\xd4l\xa2\xa3\xd9\xce!\xda2\xb5)\xa9\
\xb7\x99\x96\xd3\x98\x16#/YB\x0c\xb6\xb0\x22Z\x8e\
\x91\x99'\xc7qL\x8d\x07\xb3!\xf0\xc4N\xf2\xf8\xaf\
\x0f\x92<\xb8\xb5\x0f\xb3\x01ZJ\x83J\x02H\x8e_\
nq]fK\x92DX!\x80\xe2i\xd3@k\x17\
!\xe0\x99\xf3\x19\xa0p\x0f\x8d\xd0G\xfa \x1a\x94\x82\
D5\x124\x1f\xb1F\x02\xac\xa8\x95\x11\xc90X5\
F-\x81\xc4,\x00\x06\x12\x07\xb4\xc06+H\xdd\xe0\
\x9eW\xbc\x12\xf7\xbc\xf2a\xd6j\xb2Y\xaf\x19\xfe\x12\
\xf7\xb2$\xe0\xb1H\xda\x0biX\xabA\x8b\xe2\xe6\x8d\
\xebX\xed]\xc1O\xfd\xe4\x8f\xf1\xfc\x99\xd3\xd8\xbb\xb5\
\x8fj&\x97/_\xc6\x07?\xf0\x01~\xfbw\xfey\
\x5c\xba\xff\xd5\x1e\xac4\x82\xe63\x176\xcbc|\xe2\
#\x1f\x14\xf4[\xecA9\x7f\xe92j)\x18\xd6\x1b\
|\xc5\x9b\xde\x88\xfb\xee\xb9\x84\xa3\xf5\x06Z\xd7\x98\xdd\
\xf3\x0a\x94\xb3\x17Q@|\xe2\xfa\x01~\xf3\xa9gp\
\xf4\xde\x9f\xf7\x94-\x15w\xf0\xd0\xc0\xe5!8l\x02\
\xfeKS^\x098D\x05\x9b\xf5\x1a_\xfa\xc6G\xf0\
\xea\x87^\x19)\xbcc\xd6f\xe9:<\xfe\x0b\xef\xc5\
\xd5\x9b\x87m\xfc\x16\x00t}\x87\xbd\x9b\xb7\xb0=\xef\
\xf0\xb5\x8f}9\xbe\xfa\xcb\xbf\x14\x0f\xbd\xfa\xd5x\xcd\
\xc3\x0fa{\xe1\xbe\x84\xa7?\xf3<\x9ez\xea\xd3\xf8\
\xd5\xf7\xff\x06~\xea\x9d\xef\xc1\xa7\x9f}\x11\xa7\xcf\x9c\
\x05@lu\x82\xdf\xf7\xf5_\x8b\xaf\xfc\xb27c1\
\x9fa\xb9Z\xe3C\x1f\xf9-|\xfa\xd3O\xe3W\xde\
\xff\x9b\xd8_\xae\x1c]\xa5kY\x04\xeb\xcd\x00[/\
\xf1{\xbe\xe6\xab\xf1u\xbf\xe3+q\xdf}\xf7\xe3\xd5\
\x0f\xbd\x12\x8b\xf9\x0c\x9b\xcd\x80g\x9e}\x0eW^z\
\x09\x9fx\xeai\xfc\xf2\xfb\x9e\xc0o|\xf8\xa3\xd8_\
\xae=}\xda\x0c]\xd7gMM3\xb7@\xd0`h\
}\x15\xd8P4r\x92c(.\x12\x80\xd1\x04\x99[\
\xa5\xc1\xf7\x00\xa0\x22uy\x8c\xc5\x99\xbb\xb08\x7f\x19\
u\xb5D\xb7\xb5\x8d\xbd\xe7?\x89+\xcf~\x06\xdd\xd6\
.\x0d\x94z\xeb\xa5\x1b2?u\xe1\xe7d\xb6\xfbU\
\xa5t\xf5\xe8\xd6\x0d\xf9\xa2/~\x93\x9c\xb9\xebn\xd9\
\xacW\xe8\xfb\x1e\xd7_\xbe\x86Z\x0d]\xd7e\x8d7\
'\xdc\x22\x95\xd5\x13\xc7\xcc\x80\xe2\xae\xb0\xe4\xa1\x11T\
\xb4\x9e\xc1\x02\x15\xf3\x9az_P\x9a\x97\xfe\x07\x16\x0e\
\xb0/\x11s\x8cz\x11Nl\xef\x10*\xce).E\
I3o\xfcS\xb0\xd9\xac\xe4`\x7f\x1f\xe2\x10J\xbc\
\x1dF\xf6_\x83;\x10-Sa\xd3+\xef1\x10u\
\xb9E\x0b\x7fD\x83\xab-\x06\xe6\xf5\xfc\x18\xbf\xce\xb6\
\x08\x81^\xa2\x11\x88\x8c\x05C4\x93\xea\x1eo\x02\x94\
\xc1{\xc5y\xb0\xd5*\xad\x1a\x09\x93\x84\x8f\x96\xfe\xf7\
\x10\xa6F\x8a\x1d\x1fak{\x0b\x0f>\xfcZ\xec\x9e\
\xbb\xc4\xcdj\x85\xc1*TJ\xd8\x10\xa1\xb5\xcd\x85\x96\
\x85 \xb5:\xa0\xeb{\x5cy\xfe9\xect\x1b\xfe\x87\
\x9f\xf8\x11\xa8\x14\x1c\x1f\x1f\xa1\x9a\xc9=\xf7\xdc\x8b\xf7\
\xbc\xe7=\xfc\xae\xef\xf9k\xb8\xfb\x15\x0f\xc1\xea\x064\
o\xc2Z\x97\xc7\xf8\xf8G>\x00\xe9\xb7\xd1\xa1\xe2\xfc\
=\xf7\x83\xf0&\x98\xcb\xd5\x06\xb7\x0e\x0e0\x18\x81\xe3\
C,\xde\xfc\xe5X<\xf8z\xd8r\x8d\xd9|\x86\x1d\
]\xe2\xc6\xcf\xbd\x13\xd0\xce\xf7y\xbd\x84\xad\x8f\x01\x0a\
\xda\x84\xa0X3\xa4\x14\x0d'\xaf\xaa\xe0\xe8\xe8\x18\xeb\
\xcd\xe0\xd5\x09*)\xbcA\x08N\xed\xeeb\xd6w\xe9\
\xebm\x8c\xd2u\x05\xd5\x0c\x07\xfb\x07\xb0a\x83\xae+\
8\xb5\xb3\x8d\xdd\xad\x05\xd6\x9b5n\xee\x1fa=l\
\x00)\xd8\xde\xde\xc5\xd6\xd6\x02\xac\x15&\xc40\x18\x0e\
\xf6\xf7\xa1\xb0\x86B+\x81\xd2\xf7\xdc\xdd\xd9A\xd1L\
\xeb\x1d\xfd1\x99\xe8\xb6w\xeb\x16\xb9YK\xd7u\xd8\
^\xcc\xb1\xb5\x98a\xb5\xde\xe0\xe0x\x89\xcd\xb0\x01\xa9\
\xd0\xae\xe3\xf6\xf6\xb6t-\xfb\x15\xe8K\xef\xe4\xe4\x8a\
3\x0d\x82$'6\x0d>\xae\x16\xd0<n\xbej\x06\
\x83U\x0bg8\x92\x9cA\x01\xeaz\x89\xc5\xe9\x0b\xb2\
u\xfe2\x86\xf5\x12\xfdb\x177\x9f\xff$\xae>\xf7\
\x0c\xcbb\x17\x04e\xd8\xbfr\xbdK\x03B|NG\
[k\x8e\xe2\x04D\x05Z\x05@{\x87\xb1W\x1c\x04\
\x22J\x898\x86\xa5\xde\xa7\xa7\xaf\xd2So\xa3b\xcf\
C%\xact\xa7\x81\xaa;\xba\x22\xd8\xd0\x84_\xf3;\
HH\xbb\xd0\x13\x22\x92\x90\xc1\xd7\xc9\xcd\x92\xd2\x15\x1c\
\x1e\xec\xcb\xf1\xf2\xc8\xf3\xe9\xa3\x1c\xb1\xd9\xc8>\xfa\x90\
\xe6\xe5\x86Q\xb0\x88\x1cO\xefYKM\xbeO\x0b(\
\xe1&E\x11\xadV!\x96\xfbB\x89\x9cY\x11\x11Z\
(:7U\xc8\x12\x9dx(>V\x9eam\x15(\
\xc9\x18\xba\xaa\x02\xc1 \xe6ehB\xf5\x84\x18k\xa8\
\xc6ayYl\xe3x\x18\xf0\xd1\xdfx?/]\xbe\
G\xee}\xd5k\xb1\xd8\xda\xe6\xf2\xf8\x189\x058\x07\
\xb5\xfa\xb3I\xf4\xb7\xeb0l6\xbc|\xdf+\xe4\xd9\
g\x9e\x92o\xf9\xe6?\xc0\x1f\xfb\xb1\x1f\xc1l6\xc7\
z\xbd\xc1s\xcf=\xcf\xdf\xf1\x96\xb7\xe0o\xfcO\xc7\
\xf8+\x7f\xf3{q\xe9\x9e\xfbeS7\xe3\x0a\xf0\x84\
+\x00io\xed\xeenc6\xeb\xb0\xac\x06l\xcd\xb0\
sz\x17\xb3\xed-XW\x9c\x846\x00\xa4x\xa8\xef\
\xf8\xc0\xbb)\x95\xe2\x1a\xad\xb9\x99\xc2Tl\xbc\x9f\x05\
U\xc0\xe9S\xbb\xd9\xc1\x09\x10D\xdfA\x223\xe2\xe9\
>\x93\x90\x1el\x0aH\x01\x9c;s\x06\x12\xce\xcdZ\
\x89\x1b\xc7\x8e\x22\xb6O\x9d\xc1n\x14\x02\xb1\x1ak\x1d\
Z\x12YW\x14\xe7\xcf\x9f\x8f\xe7\x19\xb3~H\x8aU\
\xf3\xea\xd1\xa6z\xfd\x1c/S\xae8{\xfa4$\x18\
\xbb\x0e\x15\x87\x1b\x83h\x8f\x9d\xd3s\x8a\x16\x09\x87-\
\xcclDw!\xcc\x12>\x86\xf2\xcb\x8e\x9b\xee\x91\x91\
L\xbf\x8e\xff%S\x0fNh\xc3Mm\x8e\xcb\x97\x97\
e\xd8\xd4\xbegPd\xec|4\x13\x9aW 4\xb6\
{\x14$\xd2wZ\x0a\x22\x1a\xcat\x1f\xbfq\x8c\xf3\
\xa7\xfd\xcex\x8fF~Yk\x0f\xb7[\x98h>t\
\xe5HP\x8c\xa4\x14\xb8=\x88F\x0f\x22E\x9alJ\
\xeb \x85\xa0\xdf\xc95eQ%I\xdc\xda\xbb\x89\xe3\
\xe3#\x16-Yq\xe4f\xc4D\x86\x86\x89B\x95D\
)\xcc\x99\xa8\x99&\xd5Fo\xa5W7\xed2\xabF\
\x85d\x11Rc\x12u\xe7\xa3\x07,\x22J/\x80\x88\
\x16\xd7^\xe2\xfe\x07\xd1N4\xcc}\x15\x95\x12Q\x02\
-=\xc4#\x04\xd1\xadV3\xff }\x12~\x9fR\
P\xb6N\xc9\x95+\xd7\xf0\xe1'~\x99\xd7_xF\
\xb6\xb7\xb7\xd9\xf73\xb6\xd2\x9dfO[3YT\x8b\
\xac\xd7k\xdc\xf7\xe0\xab\xf0\x99\xabG\xf2\xd6?\xf8G\
e\xf7\x94O\xdc\xed:\xc53\x9f\xf9\x0c\xbe\xe9\x9b\xbf\
I\xfe\xcc\x1f\xffV\xbc\xf4\xfc\xb3T\x15\xd0\xcc\xf3\xcf\
]\x96\xb4\xc8\xd1\x98\xf0b\x18\x86\x8a:\x0c\x18\x86\x0d\
\xeaj\x8da0\x0c\xeb\xc1\xc3z\xa2\xe0\xb0\x02\x8f\x0f\
\x9c&K?JVwZ@%\xb2\xef<\x11+\xf3\
$ 1|t\xa8\x155\x1ck\xc3PA\xab\xf0\x19\
\xafDk=\x9bd6\xc2eT\xab\x18\x86\x0d\xac\x1a\
T\x89Y\xe769\xcd\x9f\xb7n*\xcc\x22\x8dU\xc7\
\xa4\x9cZ\x07X\x1d\x22\xc4\xb7\xc10\x0c\xd1\xd9\xb7\xc9\
\xa9\xa9$l\xccdfR7\x03\xeaP)@\xab6\
d5\xa9\x9b\xb5\xafQ\x1d\xc4\xb2\xe5W\xf8\xaa\x92U\
\xdc\x8es\x82\x8a\xd7\x89\x5c,\x88e\xf4\x05\xc9\xb8\x0c\
\xa9\xecW\xc9$\xb7\xa9\xaf\xc5\xc64.\xba{\xcf3\
\xdfL\x8a\x0f\xd7\x0a0\xde\x821\x80X3f#$\
\x96\x06}\x9a<\xfe\xa4\x1aB\xc1#_\xa3\xf6\xf7\xc7\
K\xec\x10R\x85\x10d\xb9\xd7(sF\x14\xdfZ\xd1\
\x8e\x90\xa3\xf9A\xc8\x08G\xb7`\xb4/O\x8a\x1b\x01\
\x5c\xf7\x96R\xb0Z\xaf\xe5\xd6\xdeM\x19\xea\x06}\xd7\
M\xca\x94\xc2\x94\x90\x898\xd5\xf0O\x04\xcf\xabd\xd4\
R\x80H\x02R\x1fT\x9a~5\xe4\x94^\xf7\x0d\x8e\
^\x0d\x11A\xd1\x12\xf6\x9b\xd0\xf3\xffG\x8d\xe5\x94/\
A\x10\xee\xdc\xd2\xa2\x9e\x14\x14\x8e\xa9\x08\x19r\xe6N\
$\x96\xa2\x8c\xa8Ak_\xed\xb4\xae\xce8$\xbb\xf9\
\x9c\xa6\xbd|\xfa\xe3\x1f\xe3\xc7\xde\xff\xcb\xd8\x1c\x1f\xc9\
bk\xc7\xc5\xaf\x0dH\x95\x9d]\xa1$\xc2\x9e\x9b\xd5\
1^\xf9\x9a\xd7\xe1\xb7\x9e~\x01\xff\xed\x9f\xfa\xd3r\
\xf1\xe2Ez,\x9bx\xee\xb9\xe7\xf8\xfb\xbe\xf1\xf7\xa2\
S\xf7KL\xeb\xb70\xed\xc6)\xa9\xbb%)\xce\x0f\
1@\xbb\x82\xb25C\xbd\xfa\x0cn\xfd\xd2\xbb\x81\xf5\
\xb1k\xc6\xb0`\xd3?\xedB-\x9c\xc4\xa2P)\xe9\
\x10C\x98t\x1ee\xc9Rn\xf1\xfc\x828_\xc6\x11\
\xe4~\x9d,Q\x97\xf1\x18\xa4\xa36\xa9e\xcc}i\
\xcc\x1b\x02m$\xca\xf4\xf5\xe4\xe7\x0c\xba\xdc\xe6h\x83\
\xb45\xf0uh\x00)|\xe0-$\x98\xcf\x95\xcf\x93\
\x8c\xea\xfc\x93\x8f\xc0q\xa5s\xdf(^\x9d\xd7\x0a\xb3\
\xd94\xa8D\xa4<(\xbb\x99\xcd\xbe\xc2\xe9r\x97\x91\
\xd1\xe2\x81\xc3\xe7\x126m\x18\xef\xf1\xa7\x9c\x15\x07H\
\xf4\x17\x8e\x88aF\xeeS\x10\x9c\xd0\xa9h\x17K\xe9\
$#\xf3f\xfe\xda\x89\x07\x91\xf1TB\xc1lY\x1a\
\x9c\xd5\x16\xea$\xc0\x19\xeb\xd9S\x1a\x11\x09\x09\x8d\x87\
\x07\xb7xt\xb8\xef\xa9\xbb\xa2\x1e\x00\x90\xd6}$6\
\xc9\xf3\xdc\x13F$\xac\x89\xa1\xe8\xb9I\xd6\x04\x98\x02\
\x22\xb9`\xd9\x89\xc6\xaf\xab\xa2\x8cb\x9f\x18\xd6!^\
6\xec\xc7Jj\xed t)\xde\x0e;B\x87.D\
K\xe9\x82\xb1]\x18\x94\xa2\xa2\xd1_ \x0a\x8a\xa0]\
\x17\xbd\xea\xfd\xd8\xa2\x8a\x00*\xf1\xbf\xc2nk\x17\xfb\
G+|\xf8\xfd\xef\xc53\x1f\xff0\xfa\xd2c6\xdf\
\xf20Q\xb3\x97\x82\x7f\x01\x88\x14\xaeVK<\xfc\xfa\
7\xe0=\xbf\xf0\x04\xbe\xfb{\xfe2\x1e~\xf8\xd58\
{\xe6,\x1e|\xe5\xab\xf0\xef~\xe4\xdf\xe1\xc6\x8d\x9b\
(]\x09w\xfc\xc8\xf0\xaa\x19\xafl\x12|\xfc\x87\xa4\
\x96\x02n\xf6q\xf8k\xef\xc1\xad_x'\x86\xfd=\
H\x99\x05]$\x19\x08\x94A\x84a\xa2\xa9\x8e\x1dx\
\xb3\x89\xed\xb8\x86\xea\xdf7\xc2\x8d5\x980WP\x16\
G-3\x0a\x01\xffU\x91\xd1\x87f\xdc\xb6\xbfMh\
\xb31\xe7\xd84\x94\xedm%\xb4r~\x94\x86\xfeF\
\x89\x18D+\xe9\x96\x1e\x81'\xc1VJ\x15$\xdf\x9e\
3\xdf\x1b)p\x1c:&\x137Y\xeb.\xfft\x86\
J{w\xa6(j\x97h\xce\xd5\x18\x0b\x1b\xd2\x8f\xae\
\xbc\x90VS\xbe\x0cD:\x8c\xe0[\x99Bl\xa2\x15\
C?\x0b-#\x9c\x88\x865~e\x09|\x98\xaf\xac\
!V\x99P=\xbd\x80\xf1w?A\xcd]U!D\
\xc3\x996\xd9\x1b\xb7zB\x9c\xb6x\x02\x04E\x95G\
G\x878>>\x8a\xca;q\xcf\xa9SL\xbc0\xb2\
\xbe\xa0\x05!R<\x93az7~\x22Ij\xcc\x1b\
\xc4\xb4wi\xc0?\xa6h#\xd0\xd2\x01sZ\x91\xef\
C\xc4jB\xd5\xf8g%\xe1C@T\xd4\xcb\xc5#\
\xe5\xc9\x0b\xa7<=B\xe8\x99g\x9e\xba\xa9\x02V\x14\
\xaf\xa5B\xb5*\x05nW\xd7\x9c\xd2D\xc2\xe75\x18\
J\xdf\x132\xe3K/</{/_\xc1\x03\x0f\x7f\
\x1e\xce]\xbaW\x8e\x8e\x8eP\x87MHy6\xa2\x98\
\xcd\xe6\xd8l6x\xf8\x917\xe2\xdf\xfc\xd8O\xcbb\
1\xe77\xfd\xbeo\xc4\xff\xed\xbf\xff\x1ey\xe7\xbb\x1f\
\xc7\x03\xafy\x037\xebU\xcc9\x90\xe4\x0bJ\xe9\xa4\
\x01\xd1V\xa6\xe1\x88CK\x91\xe5S\x1f\xc7\xd1G\xde\
\x0f[-\xa1\x8b-\xa4n\x1bun\xd4\x17\x17I\xed\
(\xa9%cw1R\xa6L\x18m\xc2\xe8\xee\xa2\x1a\
\xf3\x12\x93\xedGn\x18\x992\xf6\x9bI\xd0#\xed%\
\xb5\xca\x08\xe7}\x0b)\xc9R\x0d\xe5I;\x93#\x0e\
\x18i\xdd\xc9\xc4\x9fEZO\xf5INE\x8bS\xc7\
\xb2a\x94\x03-7>%B\xce\xebn\x8f\x8at\x09\
\xa6\xef\x01\xd3L\xb7Vj/\x92\xcf\xd7\xec\x94\xd0\xf0\
@\xe4\xb7w\x82RA-~\x87\xfcO\x01\x8a\x0c\x1d\
Tj\x8b\xf9\xc7\xb3B cvR\xaa|\x151\x13\
\x03\xb2\xbb][\xdc\xe0\xd7\x14\x80\xce\xb9\x8d#\xa4\xc9\
\xaa\x86\x9f\x00\x11\xd1\x8c\xf9\x0b1Y\x89q\x03N,\
\xb8\x8a\xb2Z\xc5\xfe\xe1>6\xeb\x95t%G+I\
\xe20g\xec\x88\x14f\xa4\xb1u-m\x045\xdec\
\xa4\xc1\xd2\x82\x8bPi\xd5d.\xcaB\xfedJZ\
H'__\xaf\xce\xf6\x7f\x98:\x80P\x11\xabU\xa0\
\xc2\xa2J\xa3\xbbR\xe1n}\xa8D]=\x00\x9a1\
\xba\x1a\x8b\xa8\xbb\x9bh\x86\xea\xa5\xa2\xa0\x98T\x08\x8a\
\x07;\xa2MZ\x08M_l\xe9\x16\xdbX\xd7\x01\xbf\
\xf5\xa1\x0f\xe0\xfc\x85gp\xefC\xaf\xc7\xd6\xf6.\x97\
\xc7\x87Q\x1a\xa6\xa9(\x00\xed0\x0c+<\xf4\xda7\
\xf0_\xff\xd8;\xf1\x03\xff\xe2\x1d\x98\xef\x9c\xc6\x03\xaf\
\xfd\x02fk\x88T\xa8Io\x1a\xa3\xc7\x1a\x12L\xe6\
#\x81R0\xec\xdf\x80\x94\x0e2\xdf\xca\xf6\xe9\x8d\xb1\
\x92(Z\xe6c\xc2b\x99\xde\xa1\xd1\xc5\x94%}\x0f\
\xc887\x94\xc9\x14\x89$[JSH\xa9`\x91q\
\x1e\x97\x01\x86\xa4\x8b\x13\xe77s\xb9\x11\x1f\xb2Zo\
\x140I\xc7\x09\xf6CH\xe4zd\x02\x0c\x135H\
[\x9f\xbc\xf6D\xda!+\x80[P\x09\xe9o\x0b\xcd\
\x9d\xce\xb6\xf4\xe4\x86\x0cH\xd5\x91M-\xc5\x0f\xf5s\
\xa6\x80`\xc2\xb2A\xa4H\x074\xa7\xf6\x8b\xbfU\xce\
\x05\xc8\x84m\x91\x10\x13\xe6eKM\xb8\x12\xee\xe5\xa6\
D\x1a##\xfa\xe4[\xc9\x84\x03\x0d\x17\x09\x22c\xd3\
\x1f\x1b\xd3(\x05\x04\x19\xfcO\xc1\xdb4\xc1\x18mc\
\xeaS\x8a\xaa\xac\x97\xc7rxt@\x90\xd2\x97Bs\
\x91D\x19\x1f!\xe5G\xfc#! \xc3)\xd9\xa4\xb0\
\x00FO\xe3\x05\xa2\xcb/b\x5c\xa9\xbf\xae\xba\xd19\
\xe6\xc3\x03\xd1\xbc(\xa6\x12\xaa\xe6#6dIA\x84\
\xbb=\xb5\xd6\x13r\x92$8\x12h\x14\x1f\x98\x91Z\
\x90\x12^\x08B-\x00\x96*\xa4z\xf7\xdd\xaa>\xbd\
\x88\x10\x98\x09X\xdd\xda\xf3L\xd0\x1c\x8a\xe2\xa1\xa0n\
k\x17\xd7o\xees\xef\x89\xf7\xe1\xf2\x03\x0f\xca\xdd\xf7\
\xbf\x8a\x9b\xa1\x8a\xa3\x01\x7fR-\x80\xb0\xa3q\xc0+\
^\xf9*\x88\xbc\xda\x1dg\x9b\xb5\xafY&/\xb9\x19\
\x8a\x06\xe1\xb3\xe1|\x10\x96\xd1\xab1\xd5\xd43\xf9H\
x\xb5_$H\xc4\xea\xc6\xb2\x84\x06K;\x0cm\xdf\
Z\xcb\xb7\x91Y\x9a\xb2\x18\xbd\xc5L:?!6\xfc\
\xbb`\xf4\x89\xd2h:+\xe97\x19\xb7\xa1\x80\xf4\x07\
\xc7\xd5\x93y\xd3\x95\xce\x10\x04\x0d\x85\x93\xa3/\xe4\xa4\
\x82\xf2M\xf6\xa1\xdc2RR\x92\x12 \x02\x1b\x8cQ\
4\x03\x12,\x8b\x85H4\x1f\x11QX\x0e\x15e\xe6\
\x9a3\xd3gC)\xc5\xe3d\xbds*3\xa2\x0d\xc7\
\x13@(\xde\x06\xab\xf5\x94\x902J\x1c\xdfW4A\
\xe4kZ\xba\x5c\xd04\x9d\xc5\xed\x1d/4\xa0!\x1b\
\xca\x0a\xe3\xd5\x9aj\x96@A\xe3jO w\x18\x02\
\xa3\xba\x1dmH\x17\x1d\x81k\xda\xe9m\xa7\x83r\x8c\
d\xd1\x82Z\x079:\xda\xc7f\xbd\x8a*=\x1d7\
tR\xad\x13\xf4\x22\xa2\x19\xd0h\x84%\xcco\xf2\xa1\
Z\x00(\xb7\xc4\xbbo\xfbo\x94Dt\x0e\xcbB\xc0\
\x8b\x88\xd70\xba\xc1\xe5S\x00\x01D\x83\x13\xb7\xe2\x9c\
\xdc3N\xdcx!\x93\xa7R\xc4\x22\xfc\x91RHD\
#\x10\x10\x8890>\xafQE\x94~\x84\xf7\xde\x93\
\x98+\x88\x89\xf6\xa7GeF\xed4\xdf\xda\x12\x10\xb8\
z\xf5\x0a\x8e\x97\xc7r\xf6\xae\xbbQJA\xad\x16\xa1\
\xab\xdc\x03\xe2\xd8\xc5qB=_\x95p\xb2\xd5:`\
\xb1s\x1a(\x9d\x94\xae\x849\xe1\x9b\x94}\x17t\xc2\
P\x8d\xdf\xb28@\x22\x08\x12m\xd9%>\xfb\xdf4\
\x98\xcf\x8f\x9d\x0a\x88\xe4w\x857\xa7i\xb5\x06)C\
G\xa7\x82\x93@2\xa9\x8e\x8c\x9f\xcc\x91\x8b\xad\x9a\x7f\
\x94\xa4\x95\x13\xa2$\x05t\x9e\xecT\xd5\xb5\xf7m>\
\x11\xe4\x1e\x0aR\xa9E$\x98\xa5\xb8\xcf\x22}U\xe1\
T$\x05\xb0\xa1J)\x1e'2\x9bxR\xe8\xdaH\
$\xa3\x85L\xb0!\x89\xa1\x09H\xf4\xcc\xe1\x84rB\
 cR\x8a?\x9aRD&\xc6\x0aD\x8b\x98z\x89\
:\x83\x15\x13\x18\x01\xa8\x1d \xd5\xed\x81\xb6lHp\
\xe2\xa2,>\xa4\x91!i\x9a\xe7Jc\xec\x0e\x1cK\
\xe3\xaf\x92]<$\xfb\x01\xa6\xa2\x073$\x02\xc1X\
\xe9\xc7\xa4i@\xbc_\xfc\xf2\xf8\x18\xfb\x07\xb7\xdc\x07\
^\x8a\xd0#\xe8M\x93x\xf9e\xd3*n&N\xf4\
D\xda\x16\x22\xad\xb5\x9d\xc3\xc1F\x80\xb1\xbf#Y0\
\x06O4\x0b\xcb\xfb\x1a2\xf5Q\xbc\x9c5\xfaa\xd8\
\x87\xaa\x02TfFV\x8a%\xa4\xb7W\xb2A\xa2@\
\xe2\x11|\x1dT(0\x11\x13\xb0x\xd5\xa0Pa\x10\
*}\xcc\x112i\x0a\x00\x98\xe3R]O8Y\xa7\
\x93\x94\x0d\xe9\xcc\xb6\x17\xd8\x0c\x15W^|\x1e[[\
;\xd8>u\x1a\x22\x8a\xcd\xb0\x19\x9f\x1dH\xb6Cd\
\x22\x22\xb7\xc6\x8c\x98mm\xc19\xcb\xc6\x06\xbe\x18\xfb\
0\xf8h\xb5\xc0\x83\x0d0\x06RH9\x90N\xae\x89\
f\x1fY\x0f\x0d\x19E#\x84Hf\x1a\xb9s\xac\x93\
\xc9\xe0\x8cL\xa4A\xbe/\xdb\x08i8Oy{\x87\
f\xc5Z\x02{\x09\xcb\x00\xed\xaa\xb1n\xcd{\x9f?\
\xd2\x0c\x7f71\xdbs\xc4;\xa2a\x03\xb8\xf7\xa68\
{\x8c3\x06\x08\x89\xe2\xca\x996\xa4\x92\xe3\x08[[\
\xb9\xa0|\x89P\xda\x88F\xc6\xb6,\xe3\xca\x07eM\
\x06~\xe6s \xca\xe4}\xdaE\x0a:\x0fc\x89*\
\xe8}\xe6\xf2\x84\xe43\xfa\xa4\x04O\xf0#\x9aZ\x95\
&i%D9\x14\xd4\x16\xa1\x8c\xcbX4\xceS7\
\xe4\xa3u\x97pL\xafq\xf1\x18\x80KbQ\x80\xf1\
\x01\xa4\x19\xdb\xde{^\x8b\xdf\xe5\xd6\xde\x0d\xacW+\
\x0f\xb5\x89\xa0M\xe3M\x18D@\xb4\xb8\x84o0\xa0\
u\xb3c\xe897\x0e\x04\xad\x9303kjd\x03\
\x912\xf6 d\x96\x1a\xb7\x85um\x14\x88\xa9m\xbf\
\x88z>\x8a\x00\x14\xf5s2<\xdd2%\xb2\xbf[\
\x80\x88ly\xa4\x06A\xf4|'\x01)>g\xd5|\
\x1a\x10\x09\x8a\x9a\xd0\x183\x99\x93\x90y\x9b(\xca\x09\
<#\x99$if\x01\x0at\x86\xe5\xf2\x18\x9b\xf5\x12\
\xdb\xbb\xa71\xdf\xdaFd&\x22\x10L0\x94\xe7\x1b\
\x9c\xd0\xca\x9e\xddyB\xe9\xa6\x97\xbe14\x9ca\x93\
\xb9\x9bFn\xc7\xcbhM&=5\x8d\x15\xc7\xb5\xef\
\xdb\xe5\xc2HH\xfb\x1f#\x02\x8f\x95u\xd8\xab\xed\x19\
\xf2:A\x18\x8d]\xfc^\x9ar\xb9\xfd\x8c\x9e\x80v\
\x85\xf6o\x92\xc7D\xc9\xb5\xb0t\x12\xda\xc8zF\xd5\
\x22\xa5t\xce@\xd6\xdaW5\xf0,\x9e\xb4\x07\x11\xf5\
\x94\xefD\x1c\xd9^\xa31r\xfc\x93\xc0\xb6\xc1\xd4,\
\x08\x9f\x1e\x14 #\x12p\x9c\xefs\x1a\x95\x084:\
\xdfh(\x10\xefj\x8b0\x09B\xb0\x8bv\xb0\x18\x0e\
\x1aJ\xd1\xb5_\x88\xa1\xf0\xa2:$\x19=&\x11\x0f\
p\xaefN0\x8b4\xc7\x04\x02!_SR\x8f\xab\
\xd7\x1a%\xc2b\x986\xe0\x09\x15]\xd7q\x18\x06\xec\
\xef\xdd\x10\xb3\xca\xd2\xf5\x09w\xa7\xe80\xd6\x82\xe3\xa6\
\xe6\x01lH\xb4)\x9b\x8cg\x8dy\x0b\xd1\xd8\xa49\
\x1e\xe3\xb9T\x11\x85\xd4>$\xeb\x04\xa6Ds\xf4\xc7\
F\x86\xd3\x0e\xf0\xa6wN\xcey\x06\x99\xb0_\x1b\xba\
t\xd7I\x10uLg\x94pmO\xc8P\xd28\x15\
\x14\x98\xe6t\xe6Fo\x8d1\x9a\x19\xe42\x0cR\xa4\
\xcd\xe0\x03\x19\xc3'\x1c\x19\x94H\xe3\xde\xbfu\x13\xab\
\xe5\x11N\x9d9\x0bt\x1d\x86:\xf8;O\xd2s\x1d\
\xd2\xd8m\x14\xd9\x18aT;M\x08\x8d\xde\xfe\x04R\
S\xed?~N\xb9=\x1e/\x13e9\xfe\xe4\x09#\
\xf9\xf9\xb9\x93iW\x93]\x0e\x17x\x9c\x96(\xc9\xe3\
)\x0c\xbe\x85p2W\x22\x9f;\x95\x99\x8e\xb5\x09$\
\x98\xa5\xc1\x1c\x01\xf5\xa8-\x88\xc9\xaa\xb7\xfb\x15\xef}\
GVk[\xa5\xa1G\x03@\xa7;*U\xc1\xc4\x14\
K\x99\xed\xec\xec\xc0\xe56\xd4#A\xdd\x1332?\
\xa2\xadkJEi<\xc5\xd2\xc1\xb4\xf8\xe8;i\x05\
n\xe24\xeb\xad\xac;\x84\x1f!\xd1s^\xb0\xf1\xc0\
\xb8\xe9\xf9Ir\xd3\x92r}1SCkr\x01!\
\x88\xc6\x06\x12\x22\x0da\x80O\x00\x9538\xbb\xd2a\
yt$\x07\x07\xb7\xe81\xf2\x02\xc0\x1a\xbd\xa7\x18\xf6\
w\xce\xe5GsJ\xa7\xb9\xdfds\xfc\x1ed\x14\xcf\
\xdex\xb5}\x17\x1a+\x0a\x83\x95\x00\xd1yGci\
\x84\xd6\xe8 \x07\x16#\xa1\x9e_\xde\xd1\x8f_=\xf9\
50\xb3\xe8\xe4\xcd\x1b\xab\x0b\xa2\xc9\x0b\xa8!a]\
214\xacXm\xd6d{\xd1py\x85\xc5\xd58\
\xd0\xd1\xf7\xc1\xa1w\xda!\xc1\xbe\x03\xe7s7I\x10\
\xcd\xda\xe1\xc3F\xd7\x9b\x01\xd7\xaf^\xc5\xd6\xce\x0e\xb6\
\xb6O\x81\x0apy\x04Yo\xbcn\x7f1\x03\x17[\
\xd1\xb5\xb7\xb1u\xec\xa0`\x9c\xd49\xd1\x82\x12L\xd1\
\xe0}d/\xb6\xbf'\xbaH\x82\x91\x91\x99%a[\
S\x13\xed\xa7E\xd3\xc6}h\xda?\x91\x7fsZa\
\xcaK\xb1\xb1\x0c\x0aHT\x91\xd28iG\xc4\x19~\
\xff\xc0\xef[\x0a\xb8\xb3\x8b`\x0e4g\xc1\xa4\xad\xdc\
\xf8$y-\x11q%0>\x82H\x0e\xedL\x82m\
\xfe\x97\x864\xc7\x19\x80\x93\x0b\xaaDW\xe0\xe4\xa5 \
\xd8\xf6\xf2A\xd4\xce\x0e\xd9Q=n\xc2\xf6o<7\
E\xc4\x22\xd1\xca\xabEs!\xda\xe2[\x17\xcb\x04\x19\
\xcdI\x91\xa0E3\x09=\x99Q\x15?D\x14:\x15\
G\xf1\xe3\xc95M\xb1&\xe9&\x02pyf\x8d\x8b\
a\xd1\x87\x0f\x0a\xc1\xfe\xfe\x1eW\xc7\xc7(e\xb4y\
S&\xd1; 37m\xbc\x22R>\x22\x1c\x8d:\
\x91\x9b\xf9W\xefp\x15\xaf\xad\xed\xb3O\x09l:\xa3\
\xad\xf2\xe8|m\xbd\x07\x92\x15Z'\xa2\xdci\x85H\
B\x81\x14C\x02(\xc9\x1aR?(\xda\xbb\x81\x91\xa9\
\xf2\xb3\x97B@\x091\x18J\xd1\xa63D&\xcd#\
S\x86\xe6]]p\xa0=\xe3\xf11\xf8\xfa\xd7Af\
s\xa0\x14\xd4k7\xd0=\xf7\x0c\xea|\xee\xd0\x83.\
<=\xdf\xc0\x9d\xa8G\x87\x87X\xadV\xd8], \
\xf7\xbc\x02\xc3\xdd\x97\x81\xad\x05\xe4\xb9\xe7\xd0}\xe6)\
\xb0\x9f\x8d\xfb\xc6(\x05Fno,}\xd3\x88\xcd\x91\
7j\xd9$\xb6d\xa2)\xdd5\xe9/\x0d\xbeFi\
\xd7$l\x9b\xc7\x05\xa3\x8d\x19\xb0#\xc5\x87^\x09\xb6\
\x18\xa3\x06\x9e\x7f2>C\xf87\x12\x85L\x0dz\x11\
\xc5\xf0e\x8fA\xe6s\xd8\xfe\x1e\xba'?\x08\xe9\xe7\
\xa0\x97\xa5\xb6\x94\xd4\xd0\xdd\x13\xdas\xc0YT=\x11\
*\x91Q\xa4\x9d\xba\xf2l\x22\x80\x8e \xc31,\x81\
o$6\xd1\xfb\xd6\xc8\x08\x15\xfc]-\x85Js\xbc\
\xa55\xed\x85+\xd2\x92\x04\xc5\xe5P)!\x88\xbc\x01\
)\xa4\x04\xe3\xbb\x0f@\xdc\x1c E\x01\xc7\xb9\xda\x91\
(\xed\xe1\xf3\xb5&\x0e\xbb\x14=-\xd0\x0d6T\x0e\
\xb0MT%\xd1\x9a!\xc4\xf1\x18w\x0b9W^\x02\
\x8b\x11\xd1]u\x18\x06\xee\xdd\xbc\xe9%\xc7]\x89[\
\xe4\x0e\x8d\xac\xe6rT\x1b\xdc\x8b\xb0I\x12al(\
\xe1\xd28\x96\xadD\xd1\x11\x02\xe5E\xc9\xec\xd8\x01\xd6\
\xc30\x08-\x11n\xfb\xd0\x1fc\x19*\x12n%\xfd\
\x92\xee\xe2f\x02\x90\xa9\x17\x99\x80A\x8a\xc6\xd8\xf2\x14\
alV/\xc6\xab\xf9\xc4\x97\x0a\x1f[\xe6k\xe9B\
\xa9r\xec\xc2\x1e\x16C\xd2R\xf3\xc7\xb2\xf4\xd0\xeb/\
c\xf3;\xde\x82\x83\xbf\xfdC(\xcf\x1f@N\xed\x00\
\x1f\x7f/\xba?\xf3G\xa0\xa2\xb0f\xc9\xb8\xaf \xd7\
L\xba\x0eU\x04\xfb\xcf}\x06\xf5;\xfe\x22\xea\xef\xfa\
\xa3\xb0m\xc1\xa9\xef\xfbK\xe8\x7f\xebI`\xb1\x98h\
\xec\xa6|b=\x92\xc1\x92F\xda\x91#\xcf\xfbB\xb9\
\x19\x90\x8eQd_\x80&\x22\xe2\xf2#\xd36\xeb\xbd\
\xbd\xbc\xc4\x0as\x0a:0\xaev \xc3\xa6\x8bb\xad\
\xa7\xfb\x91l\x1b\xcf\xeeZG\x81\xc3}l\x1e\xf9m\
\xb8\xf5?\xfdc\x18\x04\xdbO\xfe\x22f\x7f\xf1\x8f\xc3\
\xe6[@\x9d\xb4\xbe\x90\x11\x0d2\x171\x1fEKD\
|FO\x17\x91\xbc\xd2\x1c\x95\xe9\xba\xe2xns\xb2\
\x81\x9eG\x92|\x9c\xe6\xbf$\x02`,t$\x95\xd1\
2\xfe\x0bH\xd2o\xd8\x0e\x1e\x0aT\x08\xa9\x80(\xa4\
\xeb\xc0\xa1\x00\xa5G\xc0\xd1)\x01\xd6q`\x1d\xd8z\
\xf4q\x0c\xd3B\x12\x93\x05T\x17\xd1(\x98IGW\
\xd0V\xa07\x05\x18\xe6@\xea\x8c\x89\xeb\xc4\xdf\x904\
v\xc5\xcbR\x0f\xf7o\x01\x00J\xe9\x9a\x95#\xf1\xba\
\xe9T\xd3\x89g3\x90_\x90D\x93Q\xf9t\xa8\xb4\
F\xac\xac!\xec\xe0\xc3\x8eT\x04\x1aN\xc9\x044I\
\x1a\x92nn\x86BBH\xff\xd1\xa8\xe0(\xa0\x05I\
w\xe9\x00\x1fQ\x95\xff\x93\xee\xbf\xac\xb4\xf2\xe5\x08\x83\
\x06\xd2\xd2\xed\x1b\x14\x0d\x8fbT\xbbM\xb8$\xd4\xbd\
0a\x08\xd2~U\x12\xd2\x01G\xdf\xfeg!\x9fZ\
\x03\xc7\x1b\xd8\xcd\x03\xc8\xf9\x87\xc1\xfb\xee\x85\xbct\x0d\
\xd2\xf781\xb6\xa6\xf8\xa8kT\x83\x949d\xb1@\
\xdd>\x03{i\x05\xf4kt\x9f~\x1e\xd8\xda\x82I\
\x07ts\xd7}VG\xed\xd9\xcd\xa0\xfd\x0c\xdc\x0c\x90\
!\xca=J\xe7\xd1\x80\xd4\xc6\xaa\x80v\xde\xed7s\
&\xe9\xe7B4\x1c\x90\x04\xb4DH\x84\x80\xc4\xf1\xe9\
G\x0a\xa2\xf7\x92b\x01jE\x14\x1d\xf86Y\xf5\x0d\
W\xf1s\x01?_\x01\x11o\xfe\x22\xad'a.\x9d\
B\xba\x02X\x15J\xa1J\x11\xdb\x9d\x837\x8e\xc1\xaa\
\xc0\xc7>\xe8\xf7i\xfe&&\xc4qFm\x9b<\xfe\
\xa8*\xab\x0fLm\xf6\xb83\xb6D\xd7.\xe7\x11K\
\xcc!\x9e\xe8\x05d\x0fK\x04\xab4\x94\x9af6\x91\
\x223C3\xe1\xa9\x17\x81d\xb38\x97\xc5\x9e\xee\x9e\
h\x8b\x19\xf4\x16\x15\xd3\xe2\x95\x98\x9au\x19\x12\x88\x02\
\x02p\xe8&Dk\x88\x1a\xbc\xc9\xfd\xdb\x12\xf8\xb4\xce\
\x1c,\x91?i\x00\x07.\xc82}W\x89\x89\xc2Z\
c7\x1aQ\xbaBPpk\xef\x16\x97\xab#\x14Q\
q\xa7\x9aq\xf4\x0570\x17i\xed\xa3\x00n\x0e8\
\xe0D\x09/\x00j\xf4\xf2&j\x08\x11\x7f o\xab\
e\x93\xd0\x80 z\xf5\x83\xd9\x88#\x10\x01\xbc;k\
,\xe5\xe8\x19\x0f\xe8\x95\xef\x87\x14\x1d\xee<e\xe2a\
\x09OKb\x0a&\x8e\x09\x82\xce\x08CP\x86\xaf[\
\x11\x15\x8bf'\x02\xc3P\x8d\xa9l\xc1\x944\x8e\x17\
\x5c4\x1b\xd0u\xd0\xabW\xb1\xfa\x96\xdf\x07\xde\xfd\xc5\
\xd0\xe7o\x81\xb3\x0a\x1d\x0c\xb6}\x1e|\xe8\xf3P>\
\xf33a\xcfoB\xfa\x1b\xf4\xfa\xcb^!\xb6\xd8B\
\xb9\xb9\x07\xa8\x01w\xbf\xc2\xfd\x04\xe5\x00\xab\xab\x9f\xc2\
\xec\xe0\x08\xfd\xd11\xf4\xfa5`k\x1b\xd8\xde\x81\xf3\
k\x81\xde\xb8\x8e\xe3\xe5\x11l\xbd\x81\x9e>\x0d\xe9{\
\xc8\xad\x9b\xe8\xea\x00+\x05:[\xb8\x03r\xb3\x81l\
o\x83\xdb[n\x86h\x81\xdc\xbc\x01\xd4\xc1\xdb\xa6o\
mA\x0e\xf6a\xf3\x85\xaf\xcfz\x05\x9e:\x0dv\x9d\
\xef\x83zlZ\xf7n@k\x85u\xbd\xa3\xae\xf5\x06\
\x9c\xcd\xc0\xedm\xa1\x14'\xf7\x9b\xd7\x054p{\x07\
R\x0dr|\x04\x9b\xcf\xc1S\xa7|:\x14\xcd\xbb\x08\
-\x97\x90\xe3#`\xb1\x00\xb5\x88^}\x11v\xef\xab\
a:\xf3qo\xcbk\xc8\xb6;L\x05\x1bf\x5cS\
a\x0d\x93\x12Z\xbap\xf6a*\xc8\x91\x0aJD[\
7]\x04\x8b\x8fx \xbe\xa1\xe7~8\xb5\x22\xa2I\
9\xc6\x0b\xd2\xa2s\x8d\xe6$\x15\x8b\xc092\x5c\x11\
\xe1\xf5Gh\xed\x22>\xf5C\x8a0\x1d\x9dZ\xfc!\
E\x19\xe8W:\x9d\xd4\x1e\x84\x05\xdf\xa0\x0f'.\xb4\
t\xd3\xe4\xb20\xbc:\xa3\xf9 \xcd!7\x9a\x0b\xd2\
\xcc6\x11\x81\x16\xe1\xf1\xe1\x01\x96\xc7K\xf7\xfa\x97N\
\xcc8q\xd17\xfb\x9a\x806\x8d\x1b\xf0\xb9=Zt\
\x1eN\xac\x9e6F\xe4\xff\x07\x1cI\x13\x11\x88\x90\x98\
f_7W\x12\x1a\xbd\x01G\x09\x0c\x95\x92\x1dq\xe2\
\x1a\xde\x0b\xa1yj\xa6ndz\xf6]\x82\xfb\x06K\
CFG\x0b\x09\x11i\xe6\xd0H@A$\x09p\x5c\
\x1fx)\x86\xd5\xa1I\xbb\xe9OJ\x0d\xb7d\x042\
T\xd8\xe9\x1d\x1c\xff\x81?\x07\xbb%\xd0\xe19\xcc\xff\
\xdf\xff\x08\xeb\xef\xf8\xdf\xc150\xbc\xf1\xcb\xd1\xff\xec\
O\x87fVp\xa8\xe0\xea\x18\xc3\x7f\xf5_c\xf3\xa5\
_\x03\x9b\xdd\x83\xfe\xea\x93\xd0\xf7\xbe\x1b\xba{\xd1\xa9\
\xf3`\x09~\xe2\x19\xdc\xfa\xbd\xbf\x07|\xeck\xb0Y\
U\xe8;\x7f\x1c\xfd\xbb~\x1ez\xfe<\x86\xeb\xd7\xb1\
\xff\xc7\xbe\x0d\xbc\xff~\xc8b\x86\xfe\x9f\xff+\xe8\x87\
~\x13\xf5\xab\xdf\x82\xa37|1\xea\xbd\xaf\x82\xf6w\
\x01\xe5\x18\xf2\xf2\xd3\x98\xff\xf8\xbfC\xf7\x89\x8f\x83\xa7\
\xcf\x00\x87\xfbX~\xe7\x7f\x8bz\xf9^\x94\xab/a\
\xeb\x1d?\x82\xd5w\xfcil\xeey\x04\xec\xb7\xa1\xcf\
\xbd\x1f;?\xfc\x03\xd0\xe3\xa5;0WK`\x18\xb0\
\xfe\x9d_\x87\xd5\x9b\xbe\x14<\xfd\x00\x04=\xea\xf2y\
\xec\xbc\xebg\xd0\xff\xda\xfb\x5c\x9b\xaf\x97r\xfc\xcd\xbf\
\x1f\xeb/z3\xea\xee\xc3\xd0\xcd\x11\xca\xcdOb\xeb\
]?\x8d\xf2\xfe_\x03N\x9d\x02K\x07\xbdy\x13\x9b\
\x87\x1e\xc2\xf1\x1f\xfe\xaf0\x9c{\x0dz\x0c\x98\xbd\xf7\
'\xb0y\xed\x1b]\xeb\x17\xa0\x7f\xe6:\xd0EVc\
\xda\x98\x93\xf5\xc7\xe4+\x22R\xa4\xc7BS\xd4\x1a4\
\x98qZ\xb4$\x98\x14\x01a\x16\x8dB\x04\xee\xa4\x8a\
BSz\xcais\xff\x84J\x94\x16\xdfIL\xe9\xf7\
\x15\x08j<\x97j\xb8\x06\xd2\xe9Z<\xfb\xaf\xa8\x87\
\xbeK\x9f\x02\xc0\x95\x96\x07\x98JGb\xd3(.\xdc\
i@s\xe0Fz#\xb3\xb2\x06\x22>^\xdb5T\
zG\xfd\xbe\x11\xfd\xf7N<\xe6F\x052>Nb\
\xef\xa6\xc7\xf6\xb3,\xd6;\x07g&\x9d&\xc8rL\
^\xc6\x95\xd6V\x83\x1fP\xa9\x81\x1d\xa4g\x92\x09\xd1\
Z\x1a\xab\x8d\xde\x15\x88\xc0\xcc\x22\xd7\xc4\xd0\x8aJ\xe4\
$\x93\x85\x15\x87\x91\x8f\xc3f=\xe1\x99BC=\xb1\
\x99\x0d\xe4\x8b\x80\x16N \xa6Bo\xde\x8c\x90\x85\xe9\
E\x84\x81T7y|\xe5\xa5VC5k\x8f\x93\x18\
\x01aj\xc4\x85!]\x07\xbd\xf2\x12\x8e\xbf\xf5\x8fa\
8\xf7\x1a\x00@\xff\x93?\x8a\xfeW\xde\x83\xf5\x9f\xaf\
\xe0M`x\xed\x1b\x80\xad\x80\xf0*(\x9bc\x1c\xff\
\xb5\xef\xc3\xfa+\xbe\x09\xbc\xb1\x01\xcf\xf6X\xce\xbe\x10\
\xb3\xcf\xffF\xf0\xf8\x18\x98u\xd0\xeb/\xa0\xec\xbd\x8c\
\xf5\xc5\x07\xb0\xfe\xcao\x85\x1d\x01\xbd\xf5\xc0\xbb\xde\x8d\
\xd5\x95\x97\xb0~\xc3\x1b\xb0\xfa\xf6\xbf\x82r\x03\xb0\xd5\
\xc71\xff\xc8\xf7\x80o\xf8B\x1c\xfd\xbd\x1f\x02k\xc0\
\x9a5 W=\x9fg\xf3U\xdf\x82\xd3\x7f\xe1\x0f\xa3\
<\xf7\x19\xd8\xce.\x8e\xbe\xf6\xdb\xc1\xf9]\xe8\xae\xbd\
\x80\xcd\xeb\xfe\x0bl\xbe\xf4u\xe03@wx\x88\xd5\
\x9b\xbe\x04<\x7f\x1f\xce\xfe\xcf\xdf\x85\xdau@Wp\
\xf8\xd7\xff\x1e\x96\x0f\x7f9\xb0\xeaPO\x07\xb8Z\x00\
ev\x06\xf3\xc7\xdf\x09\xdcu\x0e{\x7f\xf5\xfb\xb0z\
\xed\xd7b\x98\x01\x9c\x01\xba\x04\xca\xad/\xc3\xeak\xfe\
\x08N\xfd\xfd\xbf\x84\xc5\x7f\xfc\x8f\x10\x08\x96_\xf8\xf9\
\xd8\xff\x1b\xff\x14vt\x0a`\xc1p\x17\xb0~\xdd\x97\
C^|\x19\xbc\xb5\x84\x5cT\xc8\xcdO\x81:w\xba\
L\xb7_:oR\x99\x85\xf9,\xf0rm\xa7H\xf3\
M-\x99\xb2\x11\x06{\x80w2\x9c\xc0\xbe\xed\x8d&\
\x1a\x9b\x13-7.<p\x82|\x02!\xc0\x82\xd6\x1e\
:\x94\xc54\xe2\xd1\xaa\x1eCq\xb5>\x8b\xa24)\
\xc2n\x06\xd3\x0e\x94h\xb2\x12\xc7A\xa5)\x94i\x82\
\x99kw\x0f\x85\x84\xde\x09(\x8b\xf8\x0a\xfex\xd9\xec\
c\x14\x93q\x0dZ\xab\x0b(}\xcfa\xd8\xf0\xfa\xb5\
+\x5c\xaf\xd6\xe8\xba\xce\xc5$F\x89*\x13(!\x81\
{d\x02|\xda\x9f\xd2vq!\xe6k\xe5\xc9\x0d\xe9\
\xb4k^S\x89\xc6\x1b\x81\x950z\xea3\xdf\x9b\xe3\
\xc3G\xa4 \xd1\x9c\x04\xd4\x98:\xec\xc2\x0d\x9b\x85P\
\xbe3\xaa\x0c\x9fA\xd6\x9f\xbb\xbcL\xd9=\xf6\x09\xa0\
\xdb\x0e\x13{F\x14>\x95<\x16\x99\xde\x94\x02A?\
\xb7;\x15R\xe2A\xd5Cv\xe7\xcf`\xf9_\xfeq\
\xe0\xe5chw\x0d\x8b\x9f\xf8\xd7(\x87\xfb\xd0\xfd\x17\
!\x83\x81w?\x08\xbb|\x19BBo\xeea\xf9\x07\
\xff(6_\xfdM(\x1f\xb9\x0a)k\xcc\xdf\xf5O\
1\xfb\x89\xff'l[!V\x80\x22\xe8V\xb7\xa0}\
\x8f\xee\xe3OB_>\x80>s\x13v\xe9U\xe0\xd9\
\xf3\xc0\xc1\x1e6\xdf\xf6\x1d\x90\xa7\xd6`]b\xf1\x8f\
\xff6\xf4\xfa-\xd8\xc5\x8b\x98\xff\xe2\x7f\xc2\xee\xf7\xfc\
Y\x9c\xfec_\x87\xdd\xbf\xfcm\xd0\x9b\xbf\x05y\xe1\
**\xcfa\xf5\x96\xdf\x05\xdd\xbb\x09^\xbe\x1bX\x01\
\xf2\xe9\x97 \xc36\xec\x81\xbb\xb1\xf8?\xfe\x11\xba\x17\
\xdf\x0f\x0c\x15\xe5\xe3\xb7\xb0y\xcd\x17\xa0\x9e\xd9\x81\xee\
\xdf\xc2\xe1w\xffu\xac^\xf5\x18\xe4\xd9}(_\xc4\
\xfc=?\x88\xed\x7f\xfb\xbfb\xf1\xe9_\xc3\xfcC\xbf\
\x0c\xb9y\x03\xd7\xff\xe2\xf7\xe0\xf8\xa1\xaf\x05n\x1ea\
\xfe\xf3\xef\xc0]\xff\x97\xaf\xc7\xce\x8f\xff\x03\x80\xfb\xe0\
S\xc78\xfc/\xff$X\x046W\xdc\xfa\xee\xbf\x05\
\xbd\xb2\x85r|\x8c\xfe\xda\xafb\xfb\x07\xde\x86\xf2\x99\
_\x05\xb7v!\xd5\x00\xa9\x90\xe3\x15X\xdad\xd4\x11\
\xd77\xd9\x1fV\x9e\xd1K\xb4\xdd\x04\x1dm\xef\xa4\xc0\
\xcc\xf4\x0cG\x8f\x88\x0f\xdf\xf1\xd2\xfb)}(\xc5\x87\
\x83\x88d4\x0b\x22\x12Mk\xfd\xf7\x88Dy\xe7\x14\
H\xf4\xca\xcfD\x9f\xf0\xecCT\xcd\xff\x1e9\xff*\
\xaey\xa5\x03\x11\x11\x81R\xe0\xadk\x02\x15\x88\xa2\x03\
P\xd0\xc05C\xbbz\x04\x84Dv\x0f\xf00\xa05\
W\x06\x18\xd0g\xf4q\x8d\xed\xf1\x1c\x15+JQ\x1e\
\xed\xdf\xc2\xc1\xc1\xad\xackw\xf0\x1bn\xbd\x08*\x89\
H\x1a\xbc\xa3\xado\x04Jjc4a\x19\xea\xd7\x82\
\xc3\x8b\xd1\xcc\x87\x03\xb1\x05\xff\xb2\xd9\x88\xdb\xd9!8\
$\x5c\x94\x91\xac$\xd0(\xec!0\xca\xdc\xd1\xcb\xe2\
\xfb\x95\x1d\x88\xbd)\xa9\x08\x22\xbe[\x5c\x06\xba\xf0\x0d\
\x7f\x8a?\xbe\x22\xd21\x134\xb4\x15s\x18\xa0Pd\
6X\xbe\xaf;u\x0cu\xd2\x9f>\x8d\x8aLaN\
\xe9\x8c\xaeC\xb9\xfa\x12\x0e\xbf\xf3\xbf\xc3f\xfe\x00\xb4\
\x10\xf3\x1f\xf9{(\x9f\xfa-p\xb6\x05<\xf7\x11\xf0\
\xfe{1l]\xc0\xf0\xca\xd7a\xfe\xec\xe3\xb0S\x0b\
l~\xd7[aO\xed\xc3\x1e\xb8\x80\xd9O\xfco\xd8\
\xfd_\xfe:D\x88\x83\xb7\x03\x9b\xaf\xfa\x93\x90\x0a\xc8\
\xb3/\xb8\xe3\xefS\x9f\x84m\x0ea\xdd\x02\xba\xfb\x10\
\xb4\xdf\x02_\xff0\xf8Eo\x01^\xac\x90\x1b\xbf\x85\
\xf9\xbb\xdf\x0d>\xf8\x00\xfaw\xfd\x14\xe6\xef\xfcq\xd8\
\xc5\xb3\xa8\x97^\x8f\xfeW~\x1d\xc3\x9b\xde\x8d\xcdo\
\xffv\xc8z\x80m\xed\x02u\x00\xb7w\x81n\x1b\xe8\
\x96\xb0\x0bk\x9c\xf9\xcb\xff\x0d\x16?\xf7\xcbX\xfe\x9e\
\xdf\x81\xbd\xbf\xfa\xc3\xc0s\x02l6\x90\x83[\xd8\xbc\
\xe9Kq\xfcE\xbf\x1b\xfa\xf1\xeb\xd0\xcbG8\xfd\xb7\
\xbe\x13\xdd{?\x00)\x05\xf6/\xfe\x05\xa0\x05\xc3\x17\
\xbf\x11\x9b\xd7=\x06\xb9r\x00\xcc^\xc0\xa9\xb7\xfd\x19\
t\x87k\xc8\xc7>\x84\xe5W}3\xa4\x9eF\xdd\xb9\
\x08\xdb\x9dc\xfd\xfa/\x04w\x1e\x82\xed\x1fC\x86\xa7\
\xb0\xfb\x7f\xfdC\xe8_\xba\x8e\xcd\xbb~\x1a\xb7\xfe\xc1\
\xcf\x00Gst7\x9eAy\xfe\x0a0\x9f\x9d(|\
\x8a\x88\xcf4\xfe\xe9\x9a\xb3tM\xdf\x88\x16!\xa3\x99\
\xa7fre\xa0Z'\x01?9@\xae:C5 \
\xe0=+\x93\x19\x002ZRIj\xe3`,\xb7\x1b\
\x03\xe6\x8bx\xb9y\xf2\x88*\xb2\x8c[\x85\xd0\x22\x94\
\x02\x14\xf5R\xe0r\x9b\xf6w&\x93\x8e\x99O\xe9\x98\
Fd\x04=\xce\x98cX\x1f\x16\x16\x02-\x98(\xcc\
o\xb7Y\x98h\x95]\xe9\xc4j\xc5\x8d\xeb\xd7\xb1^\
\xad\xd0u\xc5\x93\xde\x93\x0b|Dg\xd6\xf2!C\xe2\
Y!\xac\x01\xa2\x90\x11\xa1\x16z\x15\xa1\xf9\x18gG\
\xd79`\x88\xbe\xbc2I\x0dqW\x02[\x01\xca\x18\
\xd8h\xc9w\xb1I\xf1\x8d\xf8K\xe4\xe1\xc8\xd8}n\
3\x9bp\x88\xb7N\xdfPDb\xe2\xe5\x110=Z\
[\xa9\x8a\xb0:\xf2H`\x97\xf6<\x9a6\xf0\xb6W\
\xa9\x1d&\x10\xb1i#' \x05\x96K\x0c\xaf\xbc\x1f\
G\xdf\xf8'\xd0]=\x04\x16\xc4\xf0\x9a\xdf\x85[\xdf\
\xffU\x90\xa2\x903\xf7\x82GG\xe0\xd6y\x0c\xbf\xed\
M\xd8\xfa\xa9\x7f\x8f\xcdk\xde\x84z\xeeA\xf0\x8aA\
\xf4\x16f\xff\xfe\xdfb\xf3\xaa\xd7A\xf7oB>\xf1\
a\xf0wv\xc0f\x83\xf2\xdcG!\x8b\x05\xca\xf5k\
\xd0\x8f~\x00\xc3\xab\x1f\x03\x163`g\x86\xd5\xb7|\
+\xca\xde\x0e\xd6\x97\x04;\xdf\xfb\x8f\xa1\xab\x15\xd8\xcd\
\xb0\xf9\x8e?\x8b\xe5\xef\xfc\x83\x90\xcb\xaf\x02w\xfd\x1d\
\xf5\xd3\x87\x90\x1b\xb7\xc0\xbb/\xa2{\xe6\x05\xa8U\xd4\
\x07_\x0d\xa2\x03\xcf\x9c\xc2\xec}\xff\x16\xdd\x07\x9f\xc4\
\xf0\xca\xd7\x00\xab5t\xb9\xc1\xb0\xd8\xc6\xec\xa5\x97P\
\xae\xdf\xc4\xf1\x17\xbc\x19r\x0b\xe0\xe5S\xd8\xfe\x99\x1f\
B\xff+\xbf\x89\xe1\x81W\x01u\xa0\x94\x22\xfa\xe2\x0b\
X\xbe\xe5\xeb@9\x03\xd4\x1bP\x9c\xc5\xfe\x0f\xfd2\
\xc4\xbc\x86\x01v\x162\x13\xc8\xf6\xb6\xb7\x17{\xc3\x97\
\x02\x07\x02^\xd8\xc5\xfc\xdf\xfe8p\xfd\x10\xeb\x87^\
\x0b\xd9?\x86\x1e\x1dBf\x17Q\xd67\xa0\xcb#p\
\xe7\x5c\x8bF$\x14L'O\xd0\x01\x04\x12%\xd2\xe1\
\x9e\xb5\x18K#p\xcb.\xeczx\xc5\x98\xa2\x056\
\x04Y\x07\x17\xd9\x5cn\xad\x86rq\xa5\x95\x06u\xe4\
\xe5$=4T\x18^I\x88g\x9fe:\xacdX\
K\xe8\xdd\x13\x15\xa6\xae\xe9\xd3\x0f\x908:\xb8\x0d\x80\
\xa1\x13\xa0\xa6u\xea\x0f:\x1a\xc1\xccWl\xd8\x06\xd9\
\x8f(\x8d\x15o\xe3=Z,\xe8\xbb\x0e\xab\xd5\x8a{\
7\xae\x03\x80t]\x17\x92\xd4S\xa1\x22k\x0a\xc9u\
\xc6\xccn\xa7x\xdbQ\xe7(Z\xf5\x22\x1c\xb7\xff\xd3\
/K\xd1\x00,\x0cS\x01p8\x94U#!\xa7\xd3\
&r-.\x89\xb2\xa9\xeaN9\xaf\xc3)\x11\xb2\x8c\
4\xb5&n\x9aXmp\x5c\x92uI\x88D\x03\xee\
\xf8[\xca\x81\x06bD[~D\x5c\x04\x13\xfah\xad\
\xfc#\x22`\x16\xad\xc3\x91`\xb3i\x10i\x02G`\
\xa0\xf6\xd0\xfd+8\xfc\xce?\x0b\xb3\x8bP\xbb\x0e\xd9\
:\x87\xe1\x0b~[\x8b\x12b\x03\xe0\xe5\xeb\xc0\xd1\x1a\
\x9b\xd7\xbd\xd9\x9d\x98\x97\xee\x81u;\x90r\x08\xd9?\
@\xb9\xbe\x07;u\x16r\xe3e\xd4G\xde\x04\xae\x01\
\xaa\xa1\x5c}\x19\x98/ \x9b\x15\xf4\xd9\xdf\x02^\xf7\
5\x90\xd5\x1a\xeb\xaf\xff6\xf0\x8d_\x0f3E\xff\xd4\
\xafa\xfe\xae\x9f\x01\xb5\xc3\xf2\xdb\xbf\x03\xeb?\xf4]\
\x90\xe7\x8e\x81\xeb/\xa0\xff\x89\x9f\x82\x9ab\xf5\xdb\x7f\
\x0f\x04s\x00k\xe8\xde\xd3\x80\x16\xf0\xecY\xa0\x12R\
\x14\xfd\xc7>\x06,\xb6\x80\xa3}l\xee\x7f\x0c\x95\xdb\
@_\x80[\xcf\x80f\xa8\x17^\x0d\x0e\x06\xd9.\x90\
\xe7_\x80\xcc\xb7\xbcPd\xb3\x119<\xf0\xb5;\xf7\
 P\x15\xe8:\xc8\xe1\x01d\xc7`\xa7v\xa1\x1b\x03\
\x8f\x9e\x87\x90(O]G9Xbs\xdf\xe7\x01\xcb\
%\xb8\xbd\x05\xb9\xb9\x0f\x99\xcf\x81\xbd=\xd8\xeb^\x03\
;}\x17x\x83\xd0\xe7^\x82l*LS\xaf\xb5\x98\
m\xfb\x99z\xff=\x13T\xe8Y\x1bc.L\xc25\
\x0fb\x88\xb4^\xfe\xa9\xcdP\x92\xc5\xa11P;\xea\
\x1e\x9dVl$\xf9\x04\xd7\xad\x5cR5r\xa6\xc2@\
m\x11\x22O\xf0\x11UP\x8a{\xf9U<\xd8P\xc2\
\xf6\xf7\xa15\xa3\xf6w\xf3B\xba\x10\x1f\x90\xd1\x98O\
\xaa\x8d\xdc\x8c\x8ccp\x0c\x8b\xb2\xd9\x09a\xf4:\xe3\
t\xa5\xf0\xe0\xe0@\xf6\xf7n\xa2\xeb:D\xd8,\xc1\
\xae\x00`:\xe3\xa4\xddL\xf2%[\xaa\xb2\xd1\x08\xd1\
\xd6\xe0#n&\xaamB\xae\x0b\x89\x8690\xaeI\
\x13\x0c\x02\x13\x13\x95B\x80TU\xa9dX1\xb1\xf8\
!\x88r\x04Z\xa53\xe7DE\xa3\x05\x80\x9a\xcb\xb0\
Y\x88\xa3\xa8I|\x9eP@\xa2\xee\x87\x04\xa0\x14\xb1\
P\x1e\x9a\x09_\x1e\x0a\x0a'\xe9z\x13\xbd\xfc\xf2\x7f\
9\xae\x0f\xf3\x8eZP\x0e\x0f`\x0f?\x8c\xcd\xd7\xfc\
A\xe0\xd9}\xd8\xb9\x1e\x8b\xf7\xfdK\xc8j\x03\xce\x14\
X\xae!}\x8f\xf5\x9b\xbe\x11v\xbc\x86\xdc}/x\
\xd7\xdd(\xc7\x87P\x18\xb8\x19\xc0\xd3\x17P\xbf\xf8Q\
l=\xfen\x1c~\xf9\x97a\xfd\x15_\x0f\xbd\xb6\x0f\
\x9c\x07\xe4\xc5OC\xfa\x1e\xa4\xa1\xff\xf8o`\xfd\xf5\
\x02yy\x89\xcd\xef\xfav\xc8r@\xddZc\xf7\xfb\
\xbe\x17\xb2\xa9\xe0\xc5\x8b\xd8|\xe5\xb7@>y\x009\
\xb3\xc2\xce\x9f\xfa\x06\xf4\x1f\xf9\x0dp\xb1\xc0\xfaG\x7f\
\x1d\xd4\xfb\x1d\xe8-\xab\xc7\xee\xef~\x15\xcc\x14\xb2m\
\xb0\xe3\x97\x00)@]\x83\xaf\xb8\x04V\x02\x05\x90\xbd\
\xa5\x8b\xd9\x83\xab@\x11\xe0h\x83\xe3\xaf\xfd\x06l\xff\
\xcc\x8f\xa2\x7f\xf9y\xb1\x9dS\xd8|\xd1\x17a\xf6\xde\
\xf7B\x8f\xae\x834h?\x87\xdc\xfc\x04\xb6\xbf\xfd\x1b\
\xd0mV\x81\x0c\x0d\xfa\xfa/\xf6<\x80a\xf0\x10b\
\xa7\x8e4\xbe\xe2wB\x7f\xe4\x9f\x81\x9b5\x8e\xbf\xed\
OBn\x11\xd8\xe9Q^\xfc\x14\xb0\xa9\xcdl\x93\xd4\
xm\x1fR\xff\x03]\xe9}Wr\xac\x9a\x16Im\
\xe1L\x91fad^fhH$z\xce\xbb\xe6b\
\xaa\x1d\xa7,\x07\x0e\xa5\x99\xa1\x9e~\xa9\x13\x87\x90\x04\
\x16\x97\x11L7\xd5\xa3\xeaI@\x22\xce\xfcR|\x8d\
\xb5\xd0TE\xban\x12\x05(\x8d\x82\xbb\xa4\xaf\xcc{\
jX\x16\xc9\xb5\x04hb1\xb56\xb4\x13[V\x01\
\x19\xf1t\xca\xf5kW\xb8^\xaf\xd0\xf5\xbdO\x9a\x89\
\xd8\x1c\xc2\xa7\xa0\xa3qk\x92\xaeu\x19\xa1y{\xd1\
x'\x86\x11\xd4n\x9b\xbdH\xc4s\x9e\x5c\x83\x86\x19\
\x91{\x96\xd0\x09\xa0\x06`)\x22\xb4p\xd4\xa6\xa7 \
~\xf5\x0d\x0e1\x12\xeeAM\xcd\xdb\xfcu\x11yi\
>\x81l\xa7\xca\x08\xdc\x16\x15\xd6\x9a\x1eYa\x8e\xaa\
n~\x5ciR6}D\x12\xcab\x88\x11XM\x8e\
N\xf9>\xd3[\x09\xdf\xb4\xbd\xeb8\xf8\xae\xefA\xdd\
\x9b\x81\xa7\x0av~\xee\x07q\xeao}7x\xee.\
H\x1d`\x95\x80\x0c\xb8\xfeO\xde\x0c\xe0\x01\x10\xbb\xc0\
\xab_\x8f\xf2\xd1\xdf\x047\xb7\x80\xd9\x02\xb8\xb2\xc4\xe1\
_\xf8\x07X\xfe\xde\x0fa\xf8\xc2/\x81\x1c\x15\xc8\xb0\
\x0f\xac7\xe8\x0e\x97\xfe\xf6\xf3\x05\xfb\xcf|Ztu\
\x03B\x05\x0e\x8fQw\xcf\xa2|\xe6W0\x7f\xef/\
\xc1vO\x81\xdb\xbb\xa8[\x17\xd0\x1d\xac@\x16\x0c\xdf\
\xf0\x87\x81\xcf\x7f\x13\x8e\xbe\xf1O\x02[\xaf\x85\x1c\xdd\
\x84\xee\x1d\xa1{\xf1Epw\x0b\xf5\x9e\xbb!\xc7k\
`\x0e\xf47\x0e\xc1R\xa0,\xe0\xee+!\xb76\xe0\
i\xa0\xff\xf8o\x01\xfd\x1c\xddg>\x0c\x9c\xebQ\x9e\
|\x19\x9b\xcbo\xc2\xf5\xff\xed\x87Q\xae>\x8b\xe1\x15\
_\x00l\x1fc\xf6K\xbf\x1f\xdd\x87\xdf\x07\xdd\x1e \
/-Q_\xf9\x06\x1c\xfc\xe3\x1f\xc5\xfc\xf1\x9f\x86\xee\
\x9c\xc7\xfa\xc1\xd7\x80_\xf2E8\xf5\xb6?\x87\xfe\xb9\
g\xd0\xbf\xf8\x11l^\xf7\xe5\xd0\x97^\xc4\xe65_\
\x85\x9b\xdf\xf7\xef!}\x8f\xfa\xd0o\x83~\xeaE\xe0\
U\x17\xa1\xd7n\x02\xdd\x985\xc4d\x81\xc6~\xa9!\
5\x9a\xa6\x08Q\xc6V\xd6\x16&$ \xdeO\x22\x98\
\x98@\xe3xOC\xb34D\x13\x9d\x8e\xbep\x04\x1e\
H\x8c\xaf-\xb5*\x90e>\x91\x10\x99\x89\x97\xf4\x1f\
\xce=/n\xf2\x16n\xd4\x0e,E\xb4\x14o\xfd\x11\
\xb0\xc4Q\xae\x17\xfax\xaf\x91\xa02q\xe5\x93\xd2\xce\
\xed\x91f\xf0\x86\xab.9-\x98\xbf\xeb;\xac\xd7k\
\x5cy\xf19\xac\x87\xb5\xf4}\xdf\xd4\xd6\x89\xa4\x09\xe7\
4\xd7\xfe\x9e\x8c\x00iaF\x07\x19\xf1\xe2\xee\xe9L\
\x17\x00G\x9d\xeb\xe6M\x0c0 \xa2\xc2I0\x95\x02\
~ c\xc3dDf\xf1\xf4\xd1\x0a\x00\xd1M(\xd7\
\x97\xde\xf8\x12p\xc4\xd0d\xa1\xbf\x83\xcbuz\x12d\
m\xb7p\x04\x22\x0e\xdfC\xce\x91-\x05(f\x04\xc6\
\x935\xf7jJ7\x0f\xacf\x1f~\xa6$B\xee*\
BD\x00(\x05\xba\x7f\x0b\x9b\xaf\xf8J\x1c\x7f\xc3\xb7\
\x82:\x83\x9c=\xc6\xd6\x8f\xfds\xe0\xf2+`g\xcf\
\xc3\xce^\x00\xee\xbe\x07\x98/\xa0\xab\x97\xc1{Oc\
\xb8p\x06\xab7\xbf\x19\xdds/b\xfb]\xff\x0ax\
\xf0\x94'\xf5\xd4]\xac\xbf\xfa\xabQ\x9e\xfd0\xca\xd5\
'Q_}\x1e\x22K\xe0\xe6\x1e\xa4\x9b\x01\xf3\x99\x94\
\xe7\x9fE\xb7\xbe\x89z\xdf\x05\xd4s\xe7\x80{{l\
\xff\xe0\xf7B\xb4\x03\x16\x0bt/>\x8b\xee\xd3\xef\xc3\
\xe6\x81\x0b\x90\xf5\x0cG\xff\xf5\xf7\xe0\xe6\xdf\xf9~\xd8\
\xa5\x07\xc0\xa3\xeb\xc0\x03\x17 }\x85\xee]\x05N\x9d\
C\xbd\xfb!\xe0\xe2\x0e\xb4'\xcag>\x03t\x8e4\
6\xafy\x08vn\x17\xbc4\x87\x1e\xbd\x04;s\x1e\
\xf3\xc7\x7f\x0e\xf3_\xff\x8f\xa8\xaf\xb9\x0c\xa93\xac\xee\
\xf9R\x1c}\xc9\x1f\xc0\xea\xe1\xd7\x82/=\x0f\xeb\x0a\
\xbaO~\x0a\xdb?\xf6\x0f\x80W\x9f\x0573\xf0\x95\
_\x89\xc3?\xf5\xd7q\xf0\xdf\xfc\x05\xac\xbf\xe2\xf7b\
\xb3}\x06\xd8\xbb\x05\xec\x9e\xc6\xf6\x7f|\x07\x8a^\xc1\
\xe6\xe2e\xe8qE}\xe4K\xc0\xfb^\x89\xd9o\xbe\
\x0f\xf5\x81\x8b\xe0\xa5\x02\x5c\x7f\x09\xecz$^\x0d:\
E\x00\xf4f\x19w\xa5\xcb\xce\xd1\x12\xce+\xa7\xd2\xf4\
<\xc1\xfdJ\xe1\xad\x0f\x86\xd5v>b\xf6\x1f\x09h\
\xd1`\x0c\x89\x88B\xdb\xf6Pr~\x1dIo\xbfx\
\xde\x81\x84\xd4\x90,\xf0Az\xfe\x15\x0e\xf9\x95\x0e\x08\
\x0a\xa0\x1d\xa8\xbd\xa3\xb0(\x07\x0e\xf8\x0f\x01\xd0y\xf6\
\xb9\x8c\xc9N\x0e`\xd8\xf8\x8e\xa9\x89S\x04J\xa3\xe5\
\xbe\xeb\xb0\xbf\xbf'{>\xf4\x90EKF\xbbR\xcb\
F\xc3\x08M\xd8\xee6/\xc6\x0c\xcd\x8c;HH\x02\
\x0bi\x9b\xf5\xfb\xcey^^)\xf0\x0cPG\x5c\x11\
\xba\x9b\xc8km\xd3\x14\xb5\x09\xce\xf0\xb2!\x9by6\
\xa9\x8et\xf0\x18c\xae\xbd\x0fc\x84e\xa6F\x93y\
\x13\xd6e\x16\xd3\xa4\xb9\xe7\x89\x83\xbe\xb1h\xbe\x09%\
r\x8c\x19\xbdi`JwD\x8cC\xbb\x82\xf5z\x1d\
~\x22\x99>X\x93\xf8\xa3f\x09\xa9\xd0)N\xff\xc0\
_\x05\x8d\xe8\x9ez\x1a\xdd\x95\x97\xc1\xddS\xd0a\x03\
\xd0\xdcn\x96\x19N\xff\xab\x7f\x84\xe1\xf5\xff\x09\x83\x09\
\xba'\x7f\x0b\xb8\xe7^\xec~\xff?D\xff\xd1\xdf\xc4\
\xeak\xbf\x05\xd8\x9d\xa3\xff\xa9_D\xff\x13\xff\x0e\xc3\
\xe7\xbd\x0e\x9b7\xbe\x01\xddS\xcfz5at\xacP\
\x02\xdb?\xf8\xd7\xd0\xbf\xea\x95\xc0\x00\xe8\xd5\x97\xb0x\
\xffo\xc0N\x9d\x86\x0e\x03\xd0o\xe1\xf4\xdf\xfe\x1fq\
\xfc-\x1fB\xfd\xe27\xa3\xff\x95\xeb\xd0\x0f\xfc\x12\x16\
\xef\xfaI\x0c_\xf2e\xa8\xf7\xdd\x8bn\xef\x06\xa4\x1a\
\xb8\x98a\xf1\xa3\x7f\x1f\xf3\xd9\x0c\xba\x7f\x13zx\x13\
\xd2\xcd\xc0\xd9\x0c\xdb?\xf2O\xb0\xb8t\x09V\x0d\xdd\
\xc7?\x09D5\xde\x99\xbf\xfe?`\xf5\xd8Ob\xfd\
\xc6\xafD}\xe0^\xe03W\xb0x\xea\xfd\xe8\x9f\xf8\
5`{\x17\x9c\xcdq\xfa\x07\xfe)\x16\xbf\xf1\x04\x96\
o\xfa\x1a\xd8k\x1eF\xed\x14\xfa\xc9g\xb0x\xfa7\
P>\xf2Qt\xd7\xaf\xc3\xce\x9dA\xf7\xf4\xb38\xfb\
\xdf\xffQ\x1c\x7f\xe3\x1f\x81\xbd\xeeat?\xff),\
~\xf4_\x033A\xff\xa6/\x01\x87\x01\xb3\x8f~\x18\
\xb2\xd8\x81\xb4\x9e\x86M\xe57%\x02\x01JWR\x03\
\xbb\xe2M\x14\x9e\x1a*p%\xd3c\xdc\xfc?A\x87\
\x96\xf9>\xee\xeaf\xe4\x10\x80^\x09\x1aJ\x0bc^\
,\x05\x22\xd1\x86WG\x9c\x10W\xd5\xe2\xa6\xb0h\x11\
h!\xb5\x83\x88\xc0\xb4\x13\x94B\x96\x1e,\x9d\xa0\xeb\
<\xad::\x11S\xabc\x8c\xd9\xee\xc5ww\x8bS\
\xbf\xa3t\xa5\x1e\xee\xdf\xd2\xcf\xff\xfc\xcf\xc7\xe9\x0bw\
c\xbd^a6\x9f\xc9\xcdk\xd70\xd4\x8a\xd2\x85=\
o\x9e\xadTJ\xc1\xcd\xeb\xd7\xe4\xe8\xf0\x00}7\x0b\
\xdf\xa0\x98\xa6\xeb\x1c\x89\xdf\x83\xd9T\x90\x9d\xe6\x04j\
\xaa\xe2Y\x80@\x96\xd6z\x06d\xd6\xcd#\xe3\xeb\xcd\
\xeb\xc1,\xdd\x99\xc4\xdc\xdd\x8b\xc6\x96m\x14\xca5\xa5\
79\xaea\xca6\x93L\x8b\xcd\xf1d\x0e\xcbI\xf5\
\x09yL\xa67D\x11\x11C\xb8\xb7\x8a\x0e\x17a\xd1\
\xcf\xac%iE\xfe\x87\xbfzLy;\xe1\xc7\xf0:\
\x05\x87\x89 \x96\xcb%\xc0hC))l\xa7\xe6@\
\xe00\x84 =ZB\x96K@\xc5\xb5\xd5\xce\x0e\xda\
\xc4\xc8\xc4PZ\xa0\x87\x87\x9eZ+\x02\xcc\xe7\x9e\x0e\
\x0c@n\xed\x01\xac@'\xc0\xb2\xc2N\x9f\xf5\xd0\xdb\
j\x09t\x1dlgg|\x1d\x11\xe0\xf0\x08\xb2\x19\x00\
\x18\xd0\x15\xd8\xa9\xd3\x91Z\x1b(\xc6\x0c\xba\xbf\x07l\
\xcd \xc3\x00T\x01O\x9d\x05\x8e\x0f!u\xf0\xfb\x9f\
>\xe3\xd7\xbc\xb5\x0fA\x05\xa1\xb0S\xa7\xc7X\xf8\xe1\
\x11$\xf2\x1flg'`\xb8k7\xd9\xbb\xe9\xe7\xcc\
\xe7\xe0r\x05\xa9\xf0w^\xcc=TW\xe2]WG\
\xe0\xbc\xf7\x8a\xb7\xe5\x1aB\x85-\xb6\xbc\xba\xd1\x0cU\
\x15r\xbc\x82\x1e\xef\x83\xdb=\xf4p\x0d\xdb\xde\xf5\xb8\
\xf8\xe1\xa1\xd3\xc5\xa9\x1dP;\xd7H\x19\xfd\x99\xc8\xe3\
\x94\x04\xb3\xf9vt\x81\x0ds4s\xc2\x1a\xb5e\x92\
n&\xac7`\x0d\x88F\xab\xbd\xf0a1\xfd\x05\x08\
\x8c\x8d\xf43\xc3c\x8fI\xca\xe2\xaa$!\xb5\xf7\x98\
\x07!bl\xd0\xd6C}ZHU\xb1\xe3C\x96W\
|\x1e\xe4\x81G\xa4\x1e\xedC\xce^\xc4\xea7\xde\x83\
[\xef\xffy\xe8\xe9\xbb\x08\xab\xc2\x17?~\xa3\xd3\x16\
bf2n\x18\xf8a\x18\x83\xc1\x95E\x8c\x06-\xc5\
@\xca\xb5\x97^\xc00\xac\xd1u}\xd3]\x0d\x10\x85\
4\xf4\xb8h:\xed\x90\xbe/\x001C,\x18'3\
\xfe=8\xa8\xa3=\x94\x8b\x11\x17\xd0\x14\xb0\xe9\xa7\xcf\
\xf5\x9dd\x0d\xb1e\xed1_&\xf93D\xa7\xb3\x95\
\xe5\xa2G>\xb5\xaafBWKL\x0ed\x04\x172\
p/v\xf4\xcc#\xcd\xc7\x02\xd9\xf8\xd2\xd3P1\xa8\
\x9e\xea\xeb\x86\x0d\x9b\xc4\x82\xf7\x1f\x1c6\x83\x18\xab\x13\
z\x0b!\xc6rH{\x9d@\x02\xb1\x0e\xdb[\xe0\xee\
\xee\xf8\xc7\xa1\xa2\xdd]rA\x0cuw\x17\xa2\xa7\xc3\
\x9dc@\xf5b\x1e;w\xde\x9f\xc7\x08\x9cVp\x18\
\x80Y\x0f\xee\xee8\xf5ZmTO\x03p\xeaTT\
l\xc7\x82\xd4\x8a\xec:\x03\xd0\x85\xc6]\x97\x5c($\
L\xb5\x0a\x9e9\xdd\x9eY9\x00\x14\xd8\xf9s\x81\x81\
\x04\xacC\x03h8}\xaa\x99\x9dY\xf0\xe3\xd2\xde\xc0\
s\xe7}\x09\x8c\xe0\xf6)\x10BT\x8b\xde\x0d\xe2\xcc\
\xbd\xb3\x03\x9c:\x05\xa9N\x03\xb6\x1d\xbb\x1d\x02\x91\xa2\
\x10s\x14R\xb7/AH\xd4\x1d\x05cM\xb0XD\
4\xab\x86\xe3H&\x1c\xdbX\xdf\xf9N\x95Z4\x83\
\xd8H\xe0\xd7\xa0\xe5t\xbfr\x8f\xe8\xca\xaf\xc1\x89\xcc\
\x0eL= \xf0h`4Xd\xcb\xfaM\x93\x22\x94\
h&\xa2\x90\xc8>l\xae\xfa\xc5\xb5d)t'_\
\x01\xa5\x10Z\x1c*w3\xb0\xf4\x10\xedA\x1f\xb7\xc6\
v\x8e\x96\xdaa\xf4P\x99x\xcf\xab\xe6\xbf\x8e7p\
\x165\xa2/=\xd6\xeb\x15\xae\xbf|\x05\x00P\xba\xce\
kx\xf2yO\xf8\xb1\xd0B\x889\xb7>\xb4\x1c\x13\
\x16E\x1c0\x16b\x5c\xf1\xa6\xca]\xa0\x22\x9bs\xc4\
@\x22_\xb1p\x06D\xd2\x1f\x12\x82\x04\xeb3\x9d\xf6\
\x92!\xbe\xb6\x01n\xe0xz\xb1?\xa0\xaa\xc4\xb4A\
\xc9\xf7\xcd#\xdbn\xa8\xaa\xcb\xee\x18K\xa7\xaaRk\
tsMx\xdf,y\xa6\x7f\xd3\xbd\xb2d^\x8c\xaa\
*V+6\x9bu\xe0\x19\x84\xa0\x1b\xfd\xccN\x822\
\x9e\x8a\xf0\x87\x18 \x0cg,\x93\xf7\x83F\xc2fs\
\x81\x17L\xdf\x84\x88\xaf\xa3\xc4\xdc{\x00\xde\xf0C\x00\
\xb0z0\xab\xedx\xa4\x85H\x08\xfe\xd6\x0e\xbd\x11J\
\x13\xa8\x9e\xbe8\x84O\x03@\x1d\x00\x08\xb4\xd6)\x19\
\x04\xf4\xadmie\x12MF$?\x05\xdba\xec\xc4\
DJ\xad\xe9\x87\x0d\x06O\xd1\xde\x12U\x02\x91Td\
NW>o\xaef\x13\x8cF(\xaa\xbf\xfdP\xe9s\
\xa1\xc6)\x8c\xfe\xce\x0d_#\xcd\xb2\x04WB\xa0\xeb\
g\x12\xe6]3\x13\x11\xa6m\x1e\xcc\xd8\xffPd\x1a\
\x87E\xaaK\xa4\xf0\xe6\xab$\xa7\x89\x84\xf9\xc9H\xe0\
\x19W\xa4I[\x81dk5w\x9c\x89P\x85J\x15\
\xaa\x80ZDJ\xc7\xf0\xfc\x03Z\x04\xa5\x13v=\xd9\
\xf5\xc2\xbe\x87\x14o\x0b&R@%P\x22\x0a\x10\x0a\
H\x88\xc8\xf3\x0fV%\xc1\xe8\x1d'\xb3y\xcf[7\
o\xf2\xd6\xcd\x97EK\x07\xd5\x0eY\xd6\x98&\xb3\x0b\
\x01\x87\xf3Y\xc0\x83x\xaf,tp>\xcb\x0c\x220\
R\xe94\x19\xc9I^F\xcd\x16\xa4\x14\x9a\x19\x0c\xa8\
\x9e\xdb\xd4v\x0cc\xbf \x04jQU\x9a\x99\x0b\x0b\
QoA\x16e\xab~aC\xf4\xf6\xd3T\xbchF\
\xc7\xa8X\x89\xa9\xaf\xd1)\xa2f\x1dC\x10\x88\x86~\
\xb7\xfc\xac\xb1\xa6\x91\x16\xeaF\x9d\x97i\x0e\xb5J\xb5\
\x86\x86\x1ac4\xeb!\xed\x08&\xf8in\xe2\x146\
H\xa7\x0d')\x0c#\xe1\xfb\xaa\xb5F\xa82\xca\x81\
iC\x0f\xdf\xe9I;\xb0\xc9\x1d\x9a\xd7c\xc2pp\
\xb6DF\x83F\xb3\x0a\x13!\x94B)\xae$\x81\x98\
l\x8c3g\xaef\xdb9\xe0\xb3\xde\xaf\x11\x09\x81\xc8\
\xae\xf1\xfb\xb5\xa14\x18\x85\x16'=\x1d\x12\x0c\x066\
w\xa1\xe8W\x1d\x1b\xc3\x22up\xd0\x1c\xc65\x16\x8f\
\xf6\xa4\xdd\xee\x8d{\x8c\xd0\x22\xaa=\xcc\x98\x16\x9ag\
\x8aE\x0e}\xbb\xaddF\x0c \xcc|\xfeD\x0c\x11\
\xdb\x8f\xf0x\xbc(\x19\xfe\xa3\x04\x92\x22\x22\x16\xfd\xa8\
\xa3\xda&\xcf\xf7\x1b S\xd2\x03B\xe0d\xe3\x0f\x1f\
\xb7T\xc0\xae\xa7\xf4\x9dp6\x83\xcd\x170/\xa5\x16\
\x165X\x11\xd0\xbf\xc9\x1e\xa3\xb1\xc3\xf08<\x09\xc0\
+\xe3JQ\xbc|\xe5\x8a\x1c\xec\xefI7\x9b9\x17\
\xb5\xbeq\x19\xe5\x0c\x07F\x9a\xe3-\xe2\xe6\x01w\xc9\
~\x98\xc9\x80n*i&\xe2\x04\xc9;\xd1+\x04f\
\x94L\xd7M\xe5:zE@\x18\xd8\x1a\xf5q\xa4s\
f\x9b%enVjvMG`d\x0f\xaaH\x0b\
\xd9MH?[\x967\xe2\xf6}\x1e\x81D\xe8y\xe6\
\x98 \xc2-\x0fX\xe4;\x0ab<\xb80[\x0d\xba\
\x02@\xb4\xb1*\xd8\xde\xdarNg\xc0\x19g\xc8\x0c\
,\xc4\x9d\x9a%\x16,\xe2\x91L\x1fo\x9eT\xd8\x8e\
\xcc\xe3|!&\x8c\x02\xa4\x10a<.\x228\xabd\
\xebW\x9f\xeb\x16\xa2\xc8\x0b\xd1\xc3\x04\x88\x94\x93\xdc\xa4\
1\xc7\xa1\xf1\x82d_=\xa479#?\xa9_\x83\
\xc9c/D\x22Ik\x14PM\xf76\xa93:o\
\xe2\xb2\x93\xaf4\x0besFS\xe3\x1f \xd03'\
m\xdd\xc6t-4\xf0\xe2\xfc\x9a\xcf6\x0aVI\xe1\
\x14\xfc\x15\x5c\xdcPjc\xc6\x09jK\xa1ii\x1e\
H\xbe\xab\xbfRkZ\x1c\xa2%5\xf9(.#\xdd\
\x1ep\xba\xa6x\xd7\x0f\x84\x00uB\x86G\x05\xd0f\
\x000\xa2\x03T%K\x09\x04\xe01\x7fj\xe7\x83Y\
\xfb9\xd8\xcd\xdcG J \x08\x91`g\x00\x8a\x1b\
a\x06H\x09\x95\xd1\x94\x90Y\xe5\xd5+/\x81\xd5\xa4\
\x9f\xcd\x02\x14\x13c{\xde\xd1\xe1\x96@`\xdc\x88&\
Y\xc8\x96\xe1\xc4&\xbd\x10\xa5jI\xf4\x02\x22\xe3\x85\
\x11\x9bh\xbd\x90$\xdc{\xed\xf2\xce\xfc\xeeMAB\
\x07\xa6\x0d@\x82P\x14\x8c0B\x92\x8c\x12\x820\xef\
\x83\xa6\xd4\x92\x18\x93B\xc6\x80@\xe3}\x09K\xde3\
\xbaB\x87\xfa9\x11\xda`\x98i2\xae\x8bKC\x86\
\x1a\x9b\xf7]\x8b\xaf\x8e\x1e\x97\xac\x07Cc\xd6\xf6,\
Q\xce\x1c\x9a\xcc\x8b\xc1Nx\x9b\xd9$SH\x98\xe8\
!\xc2\x89\xd4\x0b\x01\xe7\x99\xe8\x0dQ\x01\x9a\x91\x9b\xbc\
\x9c@\x10\xb3>\x22\xe0\x1a\xa2(\x97\x08 \xdch%\
F\x9f\x80\x1f\xd8fW$%$\x8dgv\xac\x1b\xba\
d\x10\x9b\xefA\x08\x15\x1b\xbbIGYw\xc6p\x90\
\x83:\xfc*N\xbd\x82\x18\x91\x05&W2e\x98\xbf\
qC\x0et\xc5\xe6\xc0\x22\x1a\xaf\x893\x83o\x11\x12\
\xe99_x\xaf\x89\xb0\xc1Bh\xba\xdaN4\xe54\
H\xd0\xa8\x91\xd2g\xf0\xc1+\xa35%\xa9\xb8rg\
\xd3\xf0\x90hV\xcb(\xf5\xe5x\x848\xd9'\x8cL\
\xc0\xe6|F\xa0\xd0Gi\xaa\xa4\xb3\x9b\x12\x1bVz\
iL^zA\xe9`eF\x96\x8dH7\x83\x94\x02\
\x91\x02\xd1\xe2\x834\xb5\xb0\xcbr\x05M>\x22(d\
d\xd6\x02\x87\xfb\xb7\xc4\x86\xca~6s\x07\xf9\xa4\xa9\
^\xe3\x94\x00\xd0\xd2\x90@z\xe2\xd2\x81\xa1\x22\x16$\
>\xe2Ei\x94>\xb2\xf7\x09\xdf\x0b'\xf8\xd7\xe8I\
ENC\xa3PH\xdd\x9c\xb4\xd1\xe8\x0d.\xd3\x22'\
\x9f\xc5\xe1\x974h\xcbl8\xc8\x14\xde\xb1\xad\x8e\xcf\
\x5c\xf3\xc7\xecA\xcbVV\xa3\xdau\xee\x93\x94\x86)\
 \xe2UF\x95\xec\xeeM\xcb\xe7\x05\x08TX|\xce\
e\x02b*Wp\xa6%\xa7{?i\x02\x83U\xcf\
{\xc8=p\xc2\xcf\x85\x88&Q\x89~\x9d\x09\xcc\xd3\
\xe2\xa2\xb4=\x1f\xd3dZ\xeb2b\xeb\xb61\xc8\xf4\
\xd3\x0c\xa1\xa8*+},\x99B\x13\x01d\xd4\xc3\x89\
\xd7\xe5\x81\x9b\xcb\x0c\xc1\xe6\xcf\x16\xb8#\x80\x0e\xd2L\
\x8a\xcb\xbb\xbc\x96\x96!\x17\xc7\xe6\xf3\x92\x89| \xac\
F\x0a\xa8Z\xe0\x89]\xc1\xc8\x01\xca\x8c\x931m\x10\
X\xb0\x9f\xf9\xe4$\xe6\xe5\xa2\xa4\x8d\x22\xf4\x1a\xfev\
\x05/C5\x86\x8cM\x03v\xf4DH\x85\x97\xbbG\
0IR&\xfb\xff+\xc6_\x13\xaa\xa7\xa6\xf1\xbc\x15\
\xb3\xf0+\xa9@\x0c`T\xbe4[Y\x22\xcd%:\
\xf26Jr\xed/\x10\x11K\x98STh\x1e\xffg\
W\x84\xaa\xa4v\xc2\xd2\x09\xcb\x12\xe8g\xc0|\x06\xda\
\x06\x9c\xf5\x1e\xdd\x10\x80*\x14\x16!\xd9\xa9\x115\xa4\
_p\x08\xe1H\x94Bs\x87SH8\x19\xbdlN\
\xee\x9a\xbd\xc7S\xcb\x112\x0e\xfaH\xd9\x07\xf1\x90\x9b\
Hx\xd0e\xf4\xe0\x9f\xe4\xf8\xd4\x80\xa9M\x90\x06[\
\xc2xI'\xd7(\x81\xc2Z\x93\x9ca\x94q\x13_\
+\x0d\x87_\x8az0\xca\x9ccA\x13\xbdHpw\
\xa0\x87\xb0\x01\x09\xc2\xaae\xff\x16\xcf\xca\x0cHh.\
)[\xb3\x0f\x8f\x94\xc4\xc6\x00`4\x89+a\x03\x8f\
64Z\xc0\x85\xb4\xa4v\x7f\x0e\xd5D\xa19\xcd\x86\
J\x1f\xef\x9d\xe6\x86\x04(Jd\xac\x914\x95:\xaf\
8\x1a\xa63\xbef\x18\xd3uLP\xa2\xaaFOH\
\x17\xd8)\xbc\x08\xb0(\x10\xc3\x8d\xa2|\xcb\xd7\xa1\xbd\
\x83\xa0\x81;\x86\xb3U\x82\xfbr\xe3Cj\xc4u\xdc\
\x0c\xcc\x19\x0e\xbe\xee\xf9\xb4Mj\xb3\xd9\xbb\x06\x17a\
*\x84\x0b}\xf8\x18-/\xadV)\x9e\x01\x9a\xef\x9f\
\x13\x9d\x1aI1}EQ\xc3*\x14)\xa39\x10\x0b\
\x11L/\x9a\xd3\x881\x8a\xbf\xec\x19\x99\x029\xde\xc8\
\xcd5\x84\xd5'!{4T(\xdd\xc7\x90IC\x1c\
=8I^ \x02\x22%\xdc\xd0\xec`\xe5\x7f\xf7\xf7\
D0j\xb4\xf0\xd21\xc3\x8f\x22\xa0(%\x9a}\x00\
\x1a\x1b^\x00\x14\x9f5\xa7\xc5X:R\x8a\xb1\x9b\x91\
\xfd\xdc\x05A\xefQ\x00j\x9a\x19N\x91\x1d\x1a?\x85\
\xe5\xc6\x04\xc4\xee\xc1Hw@\xa0\xe6\x86g$\xecg\
I\xc6\x11@\xbd!\x82\xa4\xd0L\xdb\x1f\xe3\x5c%\x87\
]d\x96\xe3\x86\x1au\x02\x10\x81\x98\xd1\xeb\x19\x12?\
d\xb6ex\x08\x13n\x86\x8ca\xda\x0c*\xe2\xa1\xfc\
\xfcC\x98\xffI\x12qZ\xc2\xc8\x84\xf3.\xe0\x223\
8\x97\xa0\xa8\xc7k\xfd\xfe\x0d\xd2\xc3\xa2\x1c\xba\x89\x0a\
\xe4\xce\xc5\xdd|\xfb\x13\xcc\x89\x8b\xbeD\x18AL\xa9\
\xe6\xda\x95F}\x17r\x89-\x0e#c\x0b\xf0F\xa3\
\xf9\x86\x10\x1a-\xdd!\xbe\xfe\xc1T\x01\xe9\xd1tc\
\xca\xb8dd\xc9\x01<\x82\x084H\xd1\x023s\xd3\
h\x82b\xa2ew\x0e6B\xb3\xc4Ds\x17\x9c~\
\x1d\xdb\x82\xcd7\x22\x0eE\x02\x05J[\x07\x7f&\x06\
\x9f'38\xa8uR\x09\xf1\x9ch\x08\x82l\x17\x83\
D\x06\xcd`\xf1\x94s\x84\x18W\x97I\xe9\x1f\xc8[\
;\xdf\xb5U\x14\x91\x04Rh+\xed\xdb\xe8 4\xda\
\x98k\x13\x81\xb1\x9c\x91\xbd\x16\x84\x14k\xe1P\x96\x8a\
\x06\x84\xd3O\x11\xae\x7f$i \xb4\x98D:p+\
\xed\x8d\x9e~nz\x14AN\xf1\x91\x04\xc9qs\xa7\
t/\xec\x91\x10\x12\xf0\xcaD\x96\x0e,3\xa0s\xe8\
/\x91\xfc\xc3n\x06v\xbdgxv\x1d\xdcE\xdd\x01\
\xb2\x01T\xa8\x0a\x94\xb6\xb3\x92\x0f;zN\x83\xb2\x82\
Y=\xfb=\xe5w\x12UJ}\x0f\xe7\xb7U\x82j\
\xb8\x14H\x07\x09A\x9c\xa2\xe9\xfa\x11\x89\x8c\xbf\x94\x97\
\xe3 O\xc4\x14\x5c4\x90\x1f\xd7\x16\xef\xdeKdI\
fL$\x92|\x0a\x7f\xd2`\xee|Bi\x1dQ\x85\
\xa9\x82\xadu\xdf\x09\x14,\x10)\x221\xf54/\x97\
`%W\xc3\xbf7\x0b\x89al\x0e&x\xe3\x07K\
Q\x1a\x97tj\x0e\x8fG31c\xa5\x18\x15\xe4\xe9\
\x0eLjk\xf7\x9640\x88\xb4\x0el\x92\xaf\xc8\xa6\
\xfb\xd0\x9cQ\x90\xf4\xf2\x9d\xd8\x0f_K\x8b\xb0\xbd\x04\
B\x17\x11\xa8+\xdbxZIx\xee\xab\xd9\xe4\x9c\x86\
\x81\x9bY\x95\x81`\xc6\xde1\x09$\xcd\x5c*Q2\
b3a\xfeQ\x9e\xfb\x06\xa5\xd5\xc1\xf6\x8c\xa3\xa1\xe5\
L\xed\xc7\xa7^\x09\xae\x16\xc9f\x18\x92\xe3\xb8\x18/\
\x9e\x82\x1c@j\x8ctP9H\x05\xd9\xc2\xba.z\
\x10i\xb5\x8d\x10F\xb4\xd2 j\x88L\x1d\xe90U\
\x8c&\xaa\x91<,\xf6>\xb46\xc7v]\x06\x083\
^\xef\xc6; 1\xfe/\xd3yEAo\xe9-n\
\x22(\x10M=|\xe4w\xb6\xf6\x16O\xfd-\x05,\
Eb\x04\x98P;X\xe9\x85\xfd\x5c\xb8\x98\xd3\xfa\xb9\
'F\xf5}\x9cS\xc2y\xa8\xd4\xd4\xe8\xb9\x83H(\
\xc3\xa49\x84\x8b\xc2\xff\xdc:\xeeat\xde\xa4@\x04\
DbT\x95\x00\x14\xb3\xea]nc\xcfc\xb5Gv\
b\x10\xb9J\xf0\xac6\x98)\xbe\x97\x02\xc9\x1c\x88\x89\
\xb0\x11\x09\xcf\xbc)\x12\x93E'b\xf7\xbeR\xc8\xea\
t%'\x866\x8e.j6\x18\x01\x92\xca(K\xa6\
\xb1e(\xba#1\x8b\x06BX\x07\xad\xa6\x876H\
\xb6\xbd\xb3\x80\xd9\xfe\xa9QN\xc8Rf\xdf\xb7\x0cW\
\x05\x22o\xacC\x19\x1f.Y\xdf\xe9J\xe2\x7fZR\
\xc0\x88\xa9\x12\x03\x05\xe1N\xee\x19\xb22\x9b\x8c\xf8_\
\xb5\x94\xa6\x08\x1d\x1b\xb5\xf6WL\xb0\x90\xea\x19\x0d\xb2\
80`x\xdc#\x8b\x8a\x89\x02T\xbd\xda*u\x88\
\x96\x12\xe8\xca<0*\xd2\x88$yl\xb2F\xee\xc7\
rD\x037\xac$\xe9\xcf}\x0a\xb9\xef\xaaS\x10B\
\xb3\x84R\x13\xef\x5c\xca\xc1\x5c\x13\xc6\xf8\xba\x115\xfa\
\xcb\xa5|F\xfaN\xfc0\x8a\x901\x93\x81)^\xa3\
\xfbO,\xb7_A\xd12\xfd\xc2\xda\x8b{z\x22[\
\xcc\xe2c\xc2\x06#\xdd\xf6NC[$\xc1kB}\
\x09\x8dN\xf7O\xaa\xa01z\xcc\xf7\xf3\xe4\x1d8z\
\x88F\x1f\xa20\xe9@\xe9\xe2~\xc55\xa2\x16Z\xe9\
\x88\xd9B0\x9b\xc3f\x0bX\xe9\xe0MB\xa3R\x10\
\xca\xce\x00\x16\xa7F\x83\xa0`\xf2\xc3\xf6_\xec\x9f3\
\xc9\x98\xbc\x9e\xcb\x11P\xd2\xcd\x94H\xf5\xcb\xa8\xbc\x0a\
\xd8\xa6\xf5\xba\xea\x0d\x99\x12n\x5cK\x89\xca\x09\xe1\xa7\
l\x0d\x18\xc0t\x16\x22\xb2\x86\x91Y{\xf0q>\x0e\
I\xe3\x91\x22\xcf0\x9e\x82\x1cy\xc3Y\xb5ys\x99\
O\x1f\x0a\xc6\xb7\xd6T\xcb\x89J\xc3\xd4<\xae\xe1=\
lVB\xa8$\xc2\x09\x00\x19\x0c\x03\xcf?\x10\xf1g\
\x11\x7f|\xb6\xb5I1\xd4\xce\x9bH#0\x07\x968\
T\xa5\xd0\x10\xb5\xe3L\xf5\x14H]ED`\x99L\
3U\x9d\x89\xd8$\x8a\xce\xb3a\xa3\x93[\xee\x81h\
\x8e\x05\xb3\x0cV\xa0U\xb3\xc5\xf3\x8f&Z\xae\x96\xaf\
e\xec&\x01\x05\xb5t\x923!\xd3\xe2\x8a\x96Y\xb1\
\xab\xb1e#\x93N~\xfc\x1c\xcd\x91\xd9\x08\x89\xd0P\
Wn\x82\xb7Z\xcd\xef\xdd7#l\x93\x9aC\x91I\
\x89\x82\x9bj\x19\xb5a\x06X#\xd1(^6\x89\xb8\
\xd5\xdcR\x84\x92u\xa1m=)\xbe\x9f\xa9\xec\xd8\xcc\
\x09\x8f\xe9\x0b\x10\x7f\x0c\xd7v\xb8\x9c\xc2a\x1e\x08\xd5\
9>\xcd\xbb\x96\x8a\xe4\xd2D\xdaL\x18\x11\xbffB\
R\x11\x00f\x02\xef<4\x8d\xf5'2(\x1dP:\
\xb2\xeb\x84]\x0fv=QzH)\xc2\xae\xa3u\xbd\
\x9b\x03\xa5\x03\xb4\xb0!\x8d\x94+9\xf2\x1aa\xf6\x8e\
\xfa\xb9\xf1\x0d\x1a\x8fLQg\xac\xc3\xa8wb\xbf\xc6\
\xcea@\x8e\xb4F\x9a\xbf~%\x1d]\xcc\xee\xb5F\
\xea\x1c'\x16R,\x99:\xa4\xa8\x88\x08\xaa1J\x8d\
'\xcf\x19B\xdc\xcd\x0b\x91\x9c\xdf\x97(i\x22\xc9\x10\
j1\x94R\xdb#$\xc0\xf3\xc7\xb0d\xa0\x13@\x9e\
\xe3\x8b\xa3}H\xe5\x9f\x11BO\x91pX\xda\x0cA\
\xf7\x80Z\x8dVJL\xf3C\xdc\xd4\x04\xb2>\xfc\x04\
w\xa4_\xcd\x97?\xc5Z\xdc\xa3\x99kcq1\x93\
\xa2\x9d \x11\xee\xce\xf6\xb4\xe1\xb9J\x839\xa1|\xbc\
\xbf\xbf\x83\xc3\xd9\xd1\x84\xc2$R\xcf\xb6\xa5\x19\xb8b\
\x08;G\x07\xcd;\x11\xf7\x8f%\x12o(\x0f4\x9e\
K\x092\x866\xfdotTn\x16\xbe\x8dX+_\
\x7f\xcd\xa8\xfcdMD\x8c\xad\xeb|\xf2O4\xf5\xcc\
\x0a\xcf`Z\x0d<\xe3P.<\x85\xb1:-\x12$\
\xa3\x87Z\x9b\xb8C\xdal\xb9\xc6\x19\xb0O;<Z\
\x7f\xd1\xe0\x99a\x8e\xec\x929Z\xff\xbd@r\x81\x1c\
U@\x14\x11-\xd2r(D\xa2\xe1\x8d\xc7L\xbdI\
\xa5\xba\xb7BJD@\xf3\xbf@\x079\xf0\xa3\x14\xc9\
\xf8\xbf\x9b\x05\x9d\xb0\x9b\x81}\xefB!3\x01E\xbc\
\xe0K\x0bHv!\xea,\xf7\x8d^Z\x93\xaa1\xbb\
\x1a3,\xff\xc4\x86\x92\xcc\xd4\x04\xba\xab\xb2\x10\xe5\x92\
J\x06Ip\x12.h\xdf}\xe6\xcc\xbf\xf0\xc6\xc1\xc7\
 \x91\x04\x8d\x08\xe7\x96X\x1c\x17\xaa2\xb4\x03\x93\xae\
\xc2\x12i\xcf'\x89\x0c\x00\x0a\xd3\x901J\x864\x01\
\x08\xad\xbai\x91\xb8\x8d\x890 LHi\x84@Q\
\x1d\x92\xe6\x0d\x1c\xf87fb#hk\xaf\x16\x11(\
\xef\x0b\xd24;\xcd\x85\xa0F\xde\x8c;\xdd\xdcVe\
*\x84\x9c\xbd\xd5\xd8,t.\x1b\x12\xa0\x88'i\xd1\
(\xa0\x05F\xe5hB0\xf4G\x9c\x174\x1fu\x13\
\x92\xcbF\xe7\xafq{R|\x22a\x915oX\xe0\
\xa8D9\xfe\xe7lr\xc14\x13\x12[\xa7Z\x04\xe8\
\xf3\x16|(L5k\xb8!\x98 `s\x0c\x05\x09\
\xe1\xe2A\x05u\xcf\xbe\x19\x04\x9a\x19\x0apF\x8ff\
\x8a\xe1u\x89\xae\xd3\xb1\x0f\xa1\xbb\xbci\xa3\xf96Z\
\xdaTYX\x9f\xa4\xdb$6\xdd\x8b\x16\x8bA\xa4h\
\xb3\xa8\xd0\x0a\xa6\x93\x94/M\xb1\x05:\xb0x\x8a&\
\xe0$ \x9f/\xb89*H\xb9\xd2$/\xd2\xd1\x98\
b(4~\xa0(\x22\xb2\xfb\x12\xceK\xab\xf7o>\
\x82\x890\x88\xf1\xdf\xa6^\x10\x14\xd1\x00\xd6\xbe\x03g\
=t6\xf7a\xb0\xa5\x0f\xbeq\x01$\xb4\xc8MC\
\x93s.\xcd\x1a\xbd0#\xee\xe3\x7f\xa1\xc7\x03\x85\x02\
pOu\xe2;/\xd7K\xae\xc1\xb8x\xc4H\xac\x88\
w\x8dg\x89\xf0&\x9a\xf6\x89\xe7\x19\xc7\x7f\xa5\xbc\xcf\
\xba\xe9T\x05m\xdd2\x1b\x1bN@\xc5\x1f\xcfw\x85\
\xda\xa6H\xd37h\xa2%\xe3U}\x0d$t2\xdc\
\x11\x18]\x821\x86\xe02\xd8m\x19\xec\x06\xad\x95t\
\xa7\xf9\x13/\xae\xe1\x5cJh\xe2\x0e\xa8\xb6\xd4@\x83\
\xfdn\xd2I:\xad\xe3\xe5\x8c\x89J\xfcto\xa3\xae\
\xe9\xb6\xd3\xd0\x0c\x9ay\xe8\x8c\x90\x9f\x85\xc6\x92Q\xb1\
1s\xf6\x88\x94[!\xe4'\xeb&)\xd7<\x89(\
\xe9>\x9eW[SI`4\xdb\x82%Z8\xb8}\
#\x81 \xdcG\xd6\xaa\xa2\xe2\x1f\x1a\xb5\xb4;O\xdc\
\x87:\xd1-\x8a\xd4\x1dM\x15\x03\xa2\xd3\xde\xf6\xf0r\
\xd8\xb8\xb3\xa43\xd8\xa5\x88\xef\x1b\x1b\xac\xca\xec\xf4\xe0\
wi\x023\x055\xc3\xaa\x11 B\xdc\x08\x82\xce\xc6\
{\xb9\x1e\x89E$\xa0\xbb\x8a\x88\xc7\xe3\xc2\xf3\x9f\x0b\
\xe8\xf5\xf7\x92\x84\x87\xd1\x86\xf7k\x17:\x84W@\x8a\
x\xa3\x91\xcc\xe4\xf3^~\x1e\x06\x14\x8b\xfc\xfe\xd6\xe4\
\xc3\x8f\xe9a\xa5\x03K\x0f\x94\x9e\xe8z\xb0\x9b\x01e\
N\xf63@;Z\xe9a}\xef\x91\x80\x22\x84F\xbd\
\x00\x0a b\x1d\xfd\xc9\x9d\xc9\xd4\xadL\xdf\xbcT\xe2\
\x09\xdf\x91\x98\xacq\xb5+\x1a\xb7{\xd3\x1e\x8b\xf4[\
\x8c\xea\x19T\x9f@\xde\x06l\xb7D\x92\xb6\xb5\x02\xf8\
\x9c\xf5\xd8\x95(=f&\xb4\x85\xac\x06`\xd5\xa4\x94\
n\xc4q\xb9\x97\xce\xa0\x02P\xbc\xed\x98\xa2\xb9\x05\x98\
\xc9\x9dH\x04\xe9\x02\x881x\x09\x93\xbdwoT\x1e\
\x9b\xb1l\x19\x191\xedy\xb7\x97=7\x87\x91\x9c\x93\
A?\x84)\xc0\xf4U8O0\xfdY\xe11\xca\x18\
\xab\xba\x9a\x0ey\x0eN\xe3c\xe9\xf7S\x11XHW\
\xc9d\x1a\xe7`c\xab@\x854i\x07\xb7\xf7\x22\xd1\
\xc7&#\xbfc{\xd2\x9eah^O\xf4\x09\x93\x19\
\x91(\x95\xce\x023\xaf\x5c/\xc1\xec\x93\x8a\xb8&\xab\
\xf2\x9ac\x8ehF^0F\xc1\x00F\x94NR\xe5\
\xc0\x1f\xbe\xc54r\xfdB\x8dD\x98\xc0\x8fk\xd3\xa6\
[\x04\x22\xbc.~h\x13=\xce\x8c\xed\xfa\xcd'\xd5\
\xe0\x84\xf7\xdef\xf3\x1da\x22\xf4,\xd0H\xb8\xaaB\
\xba\x8a'\x8f99j\xcc\x83\x13h\xeb\x0c\xe4\xa4\xa5\
Ie\xa1a\xda;7t\xe1\x87\xf9\xe2\xa6_\x81\xf0\
=\x92\xcc\x0d\x98\xb4\xbbw\xf4\xa0\x8c\x86 \x10-\x8c\
|\x7f\xc2\x13\x7f<\xc4\xe7\x82@\xd8\xf7\xc2\xd2\x83}\
\x07\xcc:\xda\xaa\x17\xcc\x0aPTB\xe0\x04\xa3w\xf0\
\xc0 B\xfb\x22\xe5mpop9\xe2\xed\x1ae\x05\
\xaeW\x11\xa9\xb1D\x16\xbe\xad\x12\x92\x1b\x89e%\x82\
\xec@z\xd2\x04Y\x94/MK\x01\x06\xb1\xe0<U\
\x13\x89\x80\x82\xd3P\xd6\xc8\xd3c\xa4\x8e\xed]\x17:\
\x05\x06Q\xa4\x89\xe5\xf6\xfa\xa8\x84Z\x98P\x9a\xa31\
\xbc\x17Drw\xe2\xf7d;\x91\x11\xd5\xa6.K\xee\
\x96$\x10\xa4V1#\x8b\xc8\x94RS\xda\x04\xd0\x8b\
\xb7oP\xdd\xda\xc6C\xe0cc#\xa1 \xed^\x07\
L10\x94m\xf4Q\x9a\xf1\x12\x02\x17\x08\x92\xa4!\
+\xab\xd3\xef\xd2\xde7\x885\xa1\xbb\xf8m\xc2F\x19\
A\x9a4\xdc>\xc6c\xc3\xbb\x91y\x06m\xfb\xf3\xb7\
x\xc7\xe8w\x0a\xc0\x22\xf3Q\x01\x81*\x99\x02\x02\xa3\
\xe4Ll\xc2\xe6Kw\xa9\xecn\x8d\xd16\x9a\x92a\
\xb0\xa2\xb4\xb0E0\xb9_7ALZ\xabm>\x8f\
\xf7y@\xd8%\xc6\xd0V\xb9\xef\x86\xf41\x85\xbd\xc0\
\xb6\xf9h\xe0\xabe\xfc\x05g\xc3Z\x92\x8a\xa9\xd4\xec\
\x0a\xec=\xfbS\xb9\xf9$\xe0f\x00ST\xc6a\xf0\
!\x08Z\x1f?\x00\x90\xc2\x84}\xa2\x0a\x0b\xffv@\
\xfe\x06\x97=\x0cXh\xc9\xfc\xa5\x07K\x9f\x9e\x7f\xb3\
\xd2\xa9\x94\x9e(*\xd2\xab\xe8\xacG](\xd8{5\
 J\x17\x92SM\x91\xc5@\xa3\xecM\xa1\x8c\xb4\x96\
\x82\x9b\x13\xdd\xb5\xcd\xc8\xdd\x9bd]\xb4L\xa0\x94\xfa\
\x8d\xc1\x83\xdb\x22\xd3K\x1bm:\x19D\xee5\xd2\xd4\
\x88\x0c3J\x02D2\xba\x81\x85\x82l\x1e`\xc9\xcb\
\x85\x80\x90\xe4~D\xb33\x99PQ\xda\xb3`r{\
\xecj\xd0\xba\xab\xbe\x22i\xac\xfb\xbaH\x88\x0a0\xba\
\x1c1:\xfb\x22\xecd\x17\x86\xa3\x1f\x82l\xa2\x03\xe9\
\x8aceC\x16p\xea\xf0\xfb\x8f\x94\x0axyNS\
}q\xfdD7\xe1\x8fp\x0a\xcbU\xcd\x0dkJ'\
\x16[2\x9f\xc4w#\xf5\x5c\x1e\x9bd\xe8\x8b\xeb\x0f\
S\xfc\xb9\x841\xef\xd0K\xd4\x9dY\xda\x83;\xdb5\
<\x95\x8c\x9d\xca\xd3\x97Z%\xab;\xa3\x02\xd3o\xca\
\xc4>)oC\xcb\xe6\xf0\xc3Q\xa2\xa0eVf\x96\
l\xbe_\x86\xce\x02O\x94\x14\x1f\x99\xd1\xe8\xb4\xa8\xd4\
T\x0f\xb1'\x0e\x1dTJ(\xe9\x94*y}_\xbc\
\x90\x88\x91\x17\x10\x0a\xddS\x98}q\xc3\xc3\xcf\xf1\x5c\
\x09\x11\xa6\xe1\xc7@\x9c\xab\x1cC\xe4\x91D\x9baA\
\xc7\xcc\x09\xef\x83\xc7\x8b\x84\xf6\x97\xf4\xd4\xbbY\xdc\xb9\
\xf3\xc8C\x80\xa4\x16\xa2\x14A)\xe2}\xfe\xc2\x04\xd0\
\x8e\x11\x01\x10\x94\x8e\x8e\x06\x0aQJ8\xfd\x10\xfe\x83\
Bx\xe7`@\xc4\xba|\xf2\xe9\xaah\xb2]pt\
\x03\xfd\x8dmD\xd5[\x14\xbb\x04\x0d\x9bJ\xfd\xfd5\
<3\x13\x82C`*\xc9\x10\x9d\x84\xd3\x0b\xa9\xac$\
`\xae\xa4u\x9d\xb6u\xa21P\xbc\xe5\xba\xa6V:\
A3\x91F#\x99\xff\x0f\x9aH\x19\xc7\x89#\xdb\x97\
K\x8a\x10!\x04\xd4\x80\xd4\x0e\x1c<\xc9\xdeF\x84\xe3\
D\x1c-\xbe\x9b\xe2\x9f\xd2\x9a\xeb\xed\xac\x8b\x9eb\x1f\
D\xc8\x8a\xaa\x1a\x15\xc1Hs\x82\xa9\xe1K\xc3\x17\x12\
\x1dT\x5c\x00\xd25U\xdc$\xe0\x09C\xc9\xb5\xe4\xfe\
\x0852Y4Ts|A\xc6hn\xf7\xa9\xa1%\
`\xf9\xfb\xd1\xb3\x19\x02*\xa5<\x98\xf0\xbb\x89 \x9a\
Q\x05\x0b\xba\x98\xb7\xc4T\xe2\xe9\x97\xc1\xb2#\xa2q\
-\x0epl\xc3\x9e\xd7u\xb9\xecYv)\xc3F]\
\x90\x8eH4\xb9\x87\x09m\xc0C~\x84\x94\xccM\x0b\
\xd3) \x01\x84\xaed\x03q\xc1\x9f5\x8aX\x10\x9e\
\x1dj\x10\x92\xbb\xc1R7\xc4mG\x85\xd5\xbeK\xcc\
\xc4\xdc\xe3D\x94\xcc\xe7O\x1bc\x12uH\xb9\xec\x95\
;\xbe**a\x97d\xa6PqS\xd1q=\x01\x8b\
\xd6\xd7\x92\xbe\x02\xf1\x8aW\xf1$\x8b\xe2-\xbf\xa9\x05\
\xe8\xbc\xdd7K\x07\xe9\xba\xe8|<\x03J/\x88\x1e\
\x00\x9e\x02\x5c\xc0N#sX\xd0\x22\x05\x8e\x01\xb5\x03\
\xad8\xe10\x09\xc0\x12\xd6zk\xe1\x11\x22\xe6\xeb'\
5\xc2\xf9\x0aYo\x16QpO\x16\xb0)=\xb8\x5c\
\x0d\xe6p\xc6S\xc4\xfc@\x09\xe7\x8d\xdb\xb0\xa9\x91%\
\x1c\xb4Hc$\xa7\x81Z\x85H\xe4\x95\xd3D\xa1\xad\
f\xbaQ\xd1h\x12\xc3q\xb1\xdbZ\xc2\x0c!\xa6\xd2\
r\x0fC\x88m\x07\x7fq6\xcc1m\x98F\xc91\
q*01\xedi\xf4^\xa3\x0c72\x5c\x8c\xe5[\
\x83\xf4y\xc5\x92\xeb\x17o\x15\x0dN\xd2\xfbFP`\
\xeaz(eK\x22\x90)@C\xdc?\x1b\xa1\xf8Z\
\x02\xee\x81e\x8a\xf1f\xa6X\xa2\xd5f\xe2\xb8b\xf3\
\xe5\xcfJ\x87\x16\xb3\x08Nw\x13\x80\xe9\x22p\xc9\xd1\
\xf0\x9d\xa6\xd9\xcb&\xb0F\xb6a*^\x17\xadi\x9b\
\xbb\xb3@\xdb^\xfb11\xd9>\xf9N\xd2\xd6rW\
\xa5o[\xa8\x96x/\x01\xc4r\x0a,N\xc0\x94,\
\x94q\x17R\x03f\xde\xc2+\x975[\xa1`*\xd8\
dl\xf3\x95O!)\x09\xb4\xa9y\x7f\xf4\xbc\xb1F\
^B\xacxd\xc6\xa5\xed\x8bD\x0dH\xeerA!\
\xe1\xbdIyC\x89VWD\x09\xd9\xa2\x92\x19\x7f\xde\
\xad\xa6\xc1\x7fw\x02j!\xa5\xc0\xbc\xe9\x07L\x0b\xa8\
^\x0c\x84R\x88\xae\x07f[\xe0|\xc12S\xe9z\
\xc5\xd0\x01>\x1f@Ba\x17\xa0\xd6^!jL5\
\x8cD\xff#\xf4\x1fwu\x04\x98\x10\x89t\xc1\xe9\xf2\
\xe5\x1b\xfb*\x8a\x90\x9a};\x82X<\x14\xd6r\x01\
\xe8i\xc0l\xe2_\x22V \x12\xae/\xe7\xb4\xb6n\
\xbe\x86\x02\xf3\x09\x8b\xc8f\x16%\xb3\xba\xe3\x11CV\
c\xd2\xadh$ \x00\x01v\xd8\x82I@\x14\xc7\xb8\
\xce\x91\x10\xd6\xa1.\x1bY#]\xe7p%,m\xa9\
|\x18jsh!GE\xc4~\xbb\xa0\xf0\xd3\xa3\x18\
\x03\x14\x9fV\xccH\x7fK\xde\xce\xc1\x05\x92\x9c$i\
\x12\x0b\x04\x99\xbeL\xcd\x82\x9ddp!@\x0b\xd7\x14\
\xc8f\xd9\xc5sy\x9bv\x7fi0<\xf9\xd2^-\
\x98\xafa<\x90\x99?\x87\x80\x13A\xb41P\xd2\x9f\
]D<\x5c\x1b\xc7%\xef&\x99\x84m\x00\x01kc\
^\xef:\xc3\xf8\x83\xa4\x22ET\x9a\xc6\xe6\xd1\xbb\xb4\
8\x7f\xc7\xb5\x18\xc2oR\x93!\xed\x85\xe3A=\xa9\
\x16\x8a\x11*f\xcd\x04\x12`\xb5\xf5u\xf4\xe5(!\
\xb1G\xf3\x87\xb5\x8dC\x98,i\xe4\x89K&\xb4[\
G\x98'\xf33R\xeb\xa7Y!\xc2\xac\xee\xf3\xda}\
q/\xbf\x16\x8f\xfbc\x1a\xd6\x8bA\x1e\xa2\x99\xed\xc7\
\x16\x01\xc8d\x9e\xe2\x15\x7f\x9e\xdcS`\xda\x83\xa5w\
\xcf\x7f\xe9\xe3\xb89\xd1\xf7\x90N\xe8\x0e\xc2Q&y\
8Q R\xd8!;{\x84\xc1\x1dF\xed\xc4\xe5\x15\
\x90GR\xc5!\xbd\xdf\xb1^I\xd0p\x07\x80\x8e\xe5\
\x8a\xde-;,\xebXR/\xebu\xd0a\xe9\x88\x91\
P\xb9I -\xfd#\x7f\xc2\xe5\x0eET\x881z\
\xaa\xa76!\x02\x80!3\x0c\xe8\x03\x1c\xada\xdb\xd0\
\xb2\x81\xe5&\xd6\x09\x13\xea\xbb\xa7&\xf11SJ8\
\xad)\x9b=\xcd\xf1\x10_R\xdf\xdf\xf4\x10\xc1*3\
\xb4\xdc@-Q\x91F\x92\x8c\xcf\x12\xf2&R\xac\x89\
\x96;\x1f\xce<\xf7y\xc9x--\x8a\xecr\xe4\xe6\
\xb3G-\x228\x83\xecu\xd8\xb0Z\xe2\xfb\x80cL\
\xa4$!\xab'\xe0\x9f\x8d\x13\x01\xd0`&n\x16\xc5\
\xedcaS\xa9\xa5\x8f\x9cS\x10\x8f\xc6]\xe9\xd2O\
]*\xcc\xae\xae\xce\xb4BfB\xb5\x8e\x1ab*\x92\
\x823\x91\x16\x16\x1c\xc9\xf8\x93\xb7\xec\x84\x88\xa73\x94\
g\xc4n\xdd\x0e\xd5\x13\x12\xce\x1dK\xa1\xb8b\xc9\x22\
\x132\xd1\x00E\xbc?\x9c\xa3\x9c\x1c\xea\x11^\xd6\x08\
\x15\x86\x06q_\xa9h\x13\x122e\xe4\x89\xf0H\x93\
\xcfM\x85p\xecy<_\xdc\x1au\xf3\x06`\xc4\xf0\
=\xcd\x17\xa2Q4\xe7\xda\x1f\xd2y\x92\x8fj8\xfe\
\x8a\xf7\xfb\xeb:X\xdf{\xab\xf50\x05\xac\x07t\xd6\
\x8b\x16p\xe8\x14\xd2\x852C8\x02\xe1\xa0Z\xb3\x04\
,\xb0\x1a\xa4\xb5\x88\xd1Q\xe73\xddy\xcdx\x0c\xe1\
\x99\x22 \x05Hl\x023\x9d\xca\x9b\xa6\x82\xa3\x07\x19\
\x92\x1c\x98\xa7\xa6\xd3,8*\xebb\xc2\x91\x96r\xdd\
\x7f\x09\xf45\x82\xeb`\x1e\xa3W\xd9\x18\x02\xc0\xa2\xf8\
\xf8q&\xe1\x84\xd8\xcf\xf0}\x93kH\x8c\x0a\xa4\xe4\
o!\x03\x10>k\x8e\xc6\x18\xeb<\x9a\x10\x88\x98^\
\x22\xc2\x0c6\x8c\xbc\x97\xaa,1QfX\x04\x87b\
\xf4\xea\xa6.\x14d~\x92\x94 \xccfEecD\
#\xdb<\xc3P\xd9*\xe2\xf6}d\xd6\x8d\xa1\xa5\xf6\
\xda\xc1\xf3i\xce4\x9e\xf0\x07j\x86{\xe3\x05\x92\x91\
\xac\x12B\xdf\xd2\x1c!\xf2\xfb\xec\x19!a\x22Q$\
\x86\xbe\x8e\xd9\x89M?\xbb\x1b3\xb66hH&\x04\
\xe6\x8b\x12\xf0k\x14\x1ea\x0a\xa6\x98\x12D\xba\xb1\x04\
1x\x8e}\x13\xc5q22\xc0\xcap\xa2:4\xd7\
\xf4\xbd@\x08\x15JQx\x0bRA\x16\x031\x1du\
\x9a\x02S\xe0#\x9e\xbd\xe5Vex\xfeD\xe8\x81u\
i^\x107S5Jn\xa3hG\x8b\xc7\xbdS\xa3\
\x8b\x84VWXHC\x16\xa5\xa9\x8a\x95\x02\x14a&\
\xf6P\x0bM\x8b\xb0\x14af\xef\xa9\x80RH\x89\xf2\
\xdf\xa2\x88v\xdf\x02QaV\x00\x96^\xbaE\x87~\
\x0e\xe9#a0\xf9\xaf\x09\x14@:\x03\x96l\xeb\x16\
\x9a\xc099B\xb7~|l\x91b\xb4\x86\x82\xaa\xd8\
\xb4\x9c\xdb\xa5^\xa1\x97Z\xc6Y5%C\xd6\xee8\
\x9dH^X\x5c\xe0\x10&f\xd6\xdc\xd9S\xf2\x99L\
\x01\x1d)\x1f^\xf3\xee\x06\xc7\x09M/\x96\xf84\xde\
+\xf2\xe5\x83{=\xfc\xe4\xf0\x99\x8d\xf9\xbc\xffAH\
\xeax\xb7\xa6\xf8sy\xc2\x04\xd1<\x87Yj\x0a\xd0\
\x5c\x08\xe5\x09\x09(<\x17\x96i\xd7 \xb5\xac\xcb\x0e\
\xa5d\x172z\x8c\x8c0T$\x0ce;%e\xae\
\xa4#\xb5\xa6C\x91\x8d\xe9D$\xfa\xef\xa5\xef\xc0\x1a\
\xc3&S5\xc4\x93\x8e\x0a4\xf0\x8e\x22\x0a\xab\xdeJ\
$'9\xa5\x82lQ\x8c\xb4R4s\xe2\xfdw\x06\
7\xb8yb#kO\x956=6 \x93\x5c[\xa2\
\x89Ii\xbc\x1f\x7f\xb0\x067]\x10I\xbcL\xaa\x91\
\xfc\xdf\xa6q\x93\x12r\xe4.2\xcc\x97\xab\xa7MF\
7\xd2szB\xe2{IRoA\x84\x9cwAO\
\xceI\xa4*M\xf5\xf9\xab\x97\xb0\xed)YX\x84\xa4\
\xe5\x08~e\xc4@<)\xc8\x85)!n\x12\x88\xa3\
\x1e\xef\xea\xdby\x06\x9b\xf7\x08 JV\x08v@\xa7\
\xe2\xd1\x81H\x0c\xea\x0a\xc2\xf1\x97\x8e@P+uk\
\x06\xe9|(\x90\xcd\x00,\xbd\x0bP\xd2\xb1j\x7f\xa4\
\xb5\xdaqhr\x8ax\xae}\xd8\xb6\xde9F56\
\xc1\xa1\x8c\x1b\xf0\xd2T\x93@B\x89\xc1\xcd\xae\x90\x0d\
\xb1\x1fIAn\x0c\xba\x06q\x01\xea\xf0*\xb6/\xe4\
4\x14\x92\x016\xb3\x13\x8d$'\xcf\x90\x08\x04\xde\xec\
\xd3\xa5w\xf3pI\xe2N\xdf\x9c\xe6]jO\xd6\x04\
P\xd3\x1c\x1e\x90jGX\xec6Z\xa8\x17\xe2u(\
\xc1lN<\x89\x87\xd2\x114z\xf9\xd2K\x14\x8c\xd5\
\x84U\xda\xb3\x00\xc7\xa6?\xc1\xb8\x99\x03\x81x\xc5f\
`\x04TKB\x8an4\xe1\xf4\xf3m\xb3DK\xb1\
.\x0d\xa34\xc9\x112\x22\x9e3\xe2o\xcd\xf7\x92\xa7\
x\xcf\x03\x7f\xc8\x22\xb9@L8\x91i}\x89\xeb\xd2\
\xf2%\x9a\xa6@\x03h\xc1L\x81\x1f8A\x8cH\x7f\
3\xf3\xe6\xcd\xd0\x98\x00CI;#1\x81?V\xf3\
\x114\xd4\x14\xde\xf2\x10\xa0\x0d\xbc\x05\xfd\xd1\x1991\
WI\xcd\x17\x12F\x12x:\x1bk\x18\x81M\xf4\x86\
\xa6dT:\x96hC\x97\x007\x90\x0f\xb4\xd1G>\
6\x81\x02\x19\xa7\xf1 \x1a\x9b\x08$j\xf9K\x84\xe4\
<./^\xc5'\x84\x16\x11\xed\x84-+\xd0Cy\
\x94.ly\xf7\xfc\xa3\xeb\x04\xfd\x0c\xec\xe6\xd1\xf3o\
.\xec\xe7`?\x13F\xe6_\xb7\xb3\xf0\xc1\xc03\x81\
\xf6\x00_\xbe\x0ats\x0f\x0f\xd2\xa0\x9d\x5c\xe98l\
V\x8dwD0l\xd6\x84\xf8\x08\x87\x8e@)}f\
\x86\xf9\x02\xb7\xf2\x80\xd1n\x0e\xb2e\xae\x9e\x84\xed\xca\
\xa4\xc0\x89\x0dj0\xefb\xc3\x1c\xb7\x8d\x14\xe8\x91u\
g\xa1pZ\xf7\x95\x14\x12a\x7f0\xba\xcd\x84\x98F\
\x06\xca\x82 R6\x8c\x0f\x1cF@\x02\xf4\xa0;7\
\x1a\x05Q\xfa\xe6\xed\xe8\x95\xe2\x0d\x93\xa55qd\xc0\
P\xcb\xc0\x11\x92a\xc3\x11\x18\x11/6\x077B\x8d\
5\xa6GJ\xc1\xe4\x226\xf0\xe3\xb0\xd7\x1a\xa35\xd2\
\x84\x8fSjR$\xac\x01o\xd3*\xde*,}!\
\x00D\xa5 \x8d\x8e\xe6\xeen\xb7\xf5\xd7D\xaeF\x82\
\x8f\xc0\x1b\xcc=\x0a\xf5'`\xcc\xff\xf0||\x90\xd2\
\xda\x83\xfac7X\xe8\x8ffQ\xef\x8e\xa4\xfe&h\
#\x93\x8d\x91\xd1\x80P\xe3\xde\x11\xcb\xb2\xc3\xf3H\x81\
\x13$\x9a\xea\x99\xcd\x8f\x93\x024\x05\x97\xa4[.Y\
:0\x19\xc3i\x18K!\x01\x0e\x12\x01a\x04tq\
\x94\x975{\xa1\xc18U*Y\xdc$\x9f\xabU\xfc\
\x01M@5\xb3\xc21L\x94\xab\xd2\xab\xe0$\x05\x0e\
S\x15\x0a\x1c\xfa\xbbpiB\x88\xaap\xcc%4\x85\
\xb7\x04\xf3\x90\xe0\xc8\x1c\xa2@Q\xa1vd\xe9`\xaa\
\x92&\x00\xcb\xc4wP\x14\x98\xcde~n\x17= \
\xc3LP\x0a\x80\x83=`\xbe#P5\xd4\x0a.\x8f\
?\xa3\xf3Y\xf7B\xe4\xf1\x89\x00X.\x97\xbe\xadQ\
\xe15_,|\xe8\xa4\xab?%2\xc9-\x9dfH\
\xdaN5?\xd1E\xbe\xc4A\xd0I\xa0b\xd1_.\
\x05\x0b\x82\x02b\xdaj\xdb\xe44\xad$P\xa37\x9a\
 @\x8aU\x13#iF!3\x1eN\xd7``j\
\xe8(\xc4\xb1f\x22X\xc0\xe3\x08\x8f3\xc0N\xec\xb0\
\xb9]\x1b/\xe9f\x03\x9b\x01\x1c\xbe\xc6\xe8\x11\x08\x18\
\x0d\xb5\xd6\xb8\x82\xab\xf5\x10,\xb0\xca\x94\x15\x90|q\
\x00d\xe5(\xaa\x90\xdd\x869\x82\xf0\xf8\x9c\xa6\xaf\xa5\
\x1b*\xc0vV\xde\xf9\xb9I\xe6\xc8\xb6@fud\
\xa7P\xbb\xe6\xb6I\xa2\x02\xe6\xeeD\xaar\xa6\xbfD\
\x1d\x95W`g\xd7\xf2\xa0p\x8e\x896\x16\x86:C\
;\xba>\x08wK\xe6\xf8z\xea\xb1\x08\xa2\xd1\xbc@\
\xa6\x02?\xa3\x19cV \xc9\x13\xf9@\xac\xe9J\x16\
\xd1\x89#2\xd7\xb7I\xd1\x90\xed\xf9\x89\x81\x0ej\x8a\
\x0fI\x0ek\xde\x85\x13R\x04\x12M\x5c\x9a\xccq\x88\
\x1e\x5c\xee\x0e1\x110\x80\x16}\xb3\xc3_\xd1\x1c\x80\
\xae\x9br\x98g2/\x82\x14\xc5\x1b~\x98\xc3\xfb\x0c\
\xf1\xc1'\xdd\x04\xb4W\x05\x8b\x8a\x896\x1f\x81\xff\xdb\
y\xdd\x7f\xd1\xf4\xf8\xd3C~\x9e\x00d\xa5\x87u\x1d\
\xd8\xf7d\xe9\xc0\xae\xa3\xa1C9\xb5\xcd\xf9\xd99Q\
\x01\xed\x15\xb8\xb5D}y\x0f\xd8\x9e\x03T`}\x04\
9:\xb8\xae\x9d\xf2\x17m\xd8\xb8\xebC\x0b\x96\xc7\xc7\
\x1a\xadx8l*f\x8b-\xd7\x80\x92\xb0q\x94d\
\x9c(\xf9Fq\x12T;\xfe\xb4\x06\x0f\xa1\xdfBM\
\x05\xa4\xe4\xd8\x10+\xae\xd0\xa0\xb9_\xca&\xa7\x86\xa0\
H\x8a\x92p9\x121\xf7\x9b\x9fE\xe4N9\x91\xcb\
I:\xca\xb0`tO\xe4\xf7\xd1\xc1\x093\x11\x9c\x0e\
N\x85\xfc\x84\xfc\x9a\xfb9\xc8S\x22s\x08-\x0a\x10\
\xcdp\xe2ZY]\xc9(T\xf3a\xa2\x96\x95p\xf1\
_\xe8Vf\x9bk\xaf\x8alYL\xed\xee\xd3\xd0\x97\
?\xa3\xb3\xa9\x99\x81\xd984\xceo\x5c\xe9\x8c\x8b\x10\
)\xe1,M\xa4\x95\xf2%\x84I\xa8k\x89\xec\xa64\
/H::SG\x06\x10\x01\xcch\x19\xa7%\xc4*\
\xc3\x0b\xe0w\xb5\xac\xc7o\xf3\xb0&2\xae\xb9\x9dS\
\xc0j&\xfa\x03\x88\x99wm+\x9b\xe4HP\x86\x90\
>\xa1UB#\x85\xeeq\xde\xd2&*R\xa6\xa4\xa9\
\xe0\x97\xd3\x86\xb8\x1aAC\xd8*V\xdc\x86\x8fc4\
\xa7\xc1\xa0\x851<[\x90\x9e\x98#\x02U(J\x0b\
\x03\x22L\x06d\xe7\x9d\x1c\xee\x19a=\x1f\xd2\x11\x90\
\xde\xe7\xfay6l\xe9D\xb4\x13h\xe7\x8c\xee\xc5>\
D\x99\x13\xa5\x07{/\xfaA\xdf\x0b\xfa9\xd8\xcf\xc1\
\x99\xff\x8b~\x0eY,\x84\x06,\xee=\x83n\xe6S\
\xabm\x0e\xf0\xda\x8b\xb0k\xb7\x80\xd9\x9c(\x1dpt\
\x13\xdd\xa9S\x1f\xd2\x83\x83\xc3+V\xbd\xa1\x84v\x05\
\xcb\xe3#\xba\x19@\x18\x07\xcc\xe7\x0b\xf4\xb3^l\x18\
bo\xcd5u\xf8]\x91\xc45b\x01DRE\x12\
\x5c\xe0\xe0\xd8\xceh\x1c'!\x91\xd1\x8c-4\xcf.\
Bk\xb5\x96\x83\xae\xdb\xd9\xf6\xaay\xb8 `\xcd\x98\
|\xc6xD\xd2\x16\x93\xcc\xf7\x0e-c&fU\x04\
\x22\x95\xce\x842E(\xfe\xd0\xc2\x08\x06\x22r\xeb\x91\
\x9d\xa1\xc9\xe8{\x07\x84\xf8\x0b\x8a\x83X\xa0\x13\xe7\xe1\
\x16\x83\x17\x9a_\xcf`\x92\x1a<\x14#X\x99\xeej\
\x09\x85\x9c\x12\xab\xe94\x8e=`\x1b8\xce\x1ax6\
\xe64d\x05\x9a\x05x\x10\xf1*\x82Q\xb5\x05-K\
\xdb6\x10\x1e\xcbO\xcc\xecz\xd1\xa2\x03\x80 \x11\xb2\
\x03d\x11\xd1\x82\xd6\xf0)\xde[\xc41q^\x9aF\
A3\xab\x03e\x08\x12\x83g\xcc\xb9\xada(\x10\xb1\
\x90\xd6\xc9\xf0\x1ce\x01\xc7c]\xbb#\x22$L8\
\x0e\x09m\xe0\xfe\x8aQ\x80\xb7\xa1'$E,\x08\xcc\
=Q\xa9\xc5!\x88\xc6X\x948\x06h\xf7\xf1%\xa4\
D\xe5\x89P\x04\x16\x1a\xdc4\x1bw\x16zg\x1eq\
D\x11\x0e\xbb\xc8\xd4\x13d9o\xc9\x9c\xfe(\xdf\x15\
\xf5\xee<\xc5[y\x99\x14\xb0\x14\xb2(\xach\x0c\xf7\
\x8c$\x9f\xa2\x82\xec\xe8SzZ\xe9\xc9.\x8b\x80\xdc\
'\xc0\xae\x03\x8a\x92U\xb0\xf3\xd0%\x11\xf8\xf8C\xdd\
\x01\x86\x0f\x7f\xca3\x00\xbbB\x08\x05\xfb\xd7\xb1\xba\xf2\
\xdc\xfb\xf4\xae\xbb\xce~\x9c6<_A-\xa5p\xbd\
^\xe1xy,*Ej\xad\xa0\x08\xb6O\x9dF\x1d\
6#0u\xd5\x8c\x84T\xb9WY\xd3\xefZ\xddB\
rG]\xbf\x13\xad\xc7\x97\x84^\xe9\x93\xda^\x11B\
%6?\x1d\x91\xd2\x88\xc1w*\xe0\xbeG\x1e\xf2\xfa\
\xa1\xfd$phX\xfe\xc6\x06\x899\x86\xa5\xda\xc3\xb2\
\xb8[[H\x83M\x9a\x8c\x10\x00\xc2\x14\xb1`.\xd2\
\x1a\xf4v\x01\x98\x04J\x98U!\xcd\xfd\xc2q\xdfd\
\xca\xec9\x18\xae\x93L\xf2\xc9z\x9d\xf1\xc7\x18\x1dy\
|]\xadV\xcf\x91pe\x1d\xda7\x18(\x87s\xc6\
\xe4\x0e\x9a1\xcc\x9cXCG7>t\x03`\xb4\x04\
\xa3\xd1\xbd\xfb\xf1\xb7\xe8\xb3\xd8\xb4\xb54\xa0E\x18+\
Y-\x9a\xbe\xc2\x01V5\xd4\xe8<\x14\xf6ZX\x89\
\xb1F\x88H\xa54\xc1\x9f\x80;2C\xad\x090\x8e\
j\xd89\xdc\xe1Yc\xfa\xf6\x8c#\xdd\xf8\x12\x85\xb2\
g\x98y\xd9\x9e\x8e\x0d\xf3\x85\xa1\x16\xd2!Q\x9e\x8d\
X.\xf2\xf3\x11^V\xf7\xc9\xb8*J\xa1\x94a.\
\xf1\xdb\x87\xfd\x0d\xb8,\xb7\x84\xa6\x92\xde\xae\x12~q\
\xc9\x10\x9fC|U\x98\xf7\xf0\xa35f\x8f\xd0j)\
0\xaf\x05\x88\xc8\x81\x92\x8e\x06d4\x09\xdc\x11\x18\x89\
?`\xe9\xbc\xf4wL\x06\xca\xba\x7fo\x08\xda\xcd<\
\x0f\xc0\x80\xee\xec6v\xef\xdb\xa5\xad\xe3\xf9\x15X}\
\xf0#\xc0\xa9m_\xfd\xf5R\xe4\xf0\xe0\xe5\xee\xae\xcb\
\x9f\xd6k\xd7\xae\xbd\x80\xba\xfe(k\x85h1@p\
\xeb\xe6M\x94\xae\x03\x8d\xd8\x0ck\xec\x9c9\xcfD\x5c\
\x18u?A\xb6p\x18FGz$HHj\x97\xdc\
\xf7p}x\xfa8\xd2\xe9\xeb\x0c\x16$\x03i\xff\x9b\
\x0c\x99\x8a@\x9a\xa5K3\xb7\xe9-\x88\xdd/\xe3\xce\
{\x82\xde\xbd\xd7\x00\xb3Hi\x00`\xb56\x1ca\xae\
\xf9\x1c\x8f\x84\x0d\x9e\xda;\x8cD\xb6\xcc0\xa0\xf9\x05\
\x1a\x8d\x06a2;\x0bAX\xcd\xb2\xebV(!\xa4\
\x80\xf4O\x8c\xe7\xf3\xbc0&\x81[\xb4^\xf7\x05\xb0\
\xf4\xc2!\xdf\xc5mx\xa6e\x12b\xcc\xb9\xc2\xc6%\
GpFc\xaf\xf6F\x82\xe6[i\xcc\x9b\x02\x8e\xd6\
\x84N\x0dnv\x15\x9d\xb5\xb8\xee\x1d\x8a\x96\xfd\x09\xe2\
 \x894\xc2\x19\x18K&\xa3\xd3\x96\xcdM\xe0\x02=\
M\x98F*\x1c\xfd5\xc1\xddH\xac\x96wv\xc1D\
\x84{\x19a\x9c\x8c\x06Z\xae\xeaHz\xcd\xf9\xe1\x09\
6h\xd2(\xf0ZKX\x803\xbe\xa3\xa6\xd1\xc8p\
\x06\x95\x10\x1a'M\x83`$GJ%\x8fs\x7f@\
\x8c\xe6F\x22\x02\xcf\x19\x88\xbc~\x15\x8f0D#\xd0\
\xe2}\xfc$\xdax\xa1\x14\xb0K\xc8\xdf\x11\xa5\x13/\
\xe4\xe9\xc8\x0c\xe9y\xc7_\xb2\x9f\x83]\x0f\xebf\xc2\
~&\xe8\xe7\xb0~\x0e\x9b\xcd\xc9\xd2\x13\xf39\x86\x8d\
\xc8\x85\xcf\xbb\x80~\xee\xf50\xe8\x15\x9b[\xc7X\x7f\
\xf4S\xc0\xee\xae\xcb\xcd\xe5\x91\xc8\xe1\xd5\x0f\xaf\xaf<\
\xf3\x94\x92\x105{\xa7mV \xc0\xae\xef\xb1\x7f\xe3\
\x1akt\xc6\xe4P1\x9foa\xb1\xb5\x8da\xd8\xb0\
\xd9\x9f\x1e\xeaaNfa\xdbX\xa7y:\xf3\x05\xbe\
ec\xa4\x06d-\xf7\xcb\xc5o3\x17\x10\xe8!\xe1\
cb8\x8c\xd7\x96\x8c\xac\x85bwS\xcdg\xe1\xe5\
\xc3\xb9\x950\xd56H\x80\x181\xaa\x91Wjt\xec\
I&L]ea&D\xedM\xa8\x85\xda\x1e\xc9\x1c\
\x19Ld\x9c\xcf\x0cd\x02y\x8er\x91L\x17\x17\xf3\
s\xd0\x86\xbavLmg1@\xde\x05\x84\x00\xc0\x18\
\xc5nZURx\x02\xcdo\x12fA\x13g\xc1M\
i\xf6\x9e\x84\xd6\xa95\xcd&Oo\xd6L!\x8bc\
\xc3\xc3\x02\xb3\xea\x8bf\xf17k\xa8\x88t\xa7lH\
\x1d\xff>\xdd&F\xf7\xf6#\x13n\xa3S\x90\xf7\xc4\
\x8e{x\xa8\x0df\x116\x0e\x18^\xc9\xc6\xd4\xbeU\
\x12aH\xb4l\x22W\xfc.p\xb3\xe3A\x90aR\
\x1b-\x93\x87\x18M\x9f,\x18\xda\x13*\xc2\xca\x94H\
0\x8fkF\x1e4Sx\xb8Q/\x10\x15\xcbs\xe1\
\x19\x1cQ\xd2\x0b7\x96\xbc\xe3.K'\xa6\x0e\xe7\x91\
\xf9\xfb\xda\xba\xfcD\x8f\xfe\x0eD\xfc\x1bN@\xd7\xf4\
\x05V\x8a\x9b\x0e\xea\xd0\x9e\x19\xfe+=\x90q\xff\xd2\
\x01]\xef\xf0\x7f6C\xd5^\xbaY\xcf\xf3\xaf\xbf\x88\
\xd5\xdag\x0e\xd5\xd3\xc0\xe6W?\x04\xee-!}O\
\x91br\xfdy\xe8\xe6\xf0'\x89\xa8+\xeb:\xfb\x99\
\xba>6\x1a\xbb\xd2\xf5<::\x92\x83\xbd\x9b\x22\xa5\
#\x09\xd4:\xc8\x99\xf3\x171\x0c\x1b\x01\xd0\xec\xa4@\
w\xd9\x06;\xb2!\xd8hr$\xbbT`p\xa7\xdb\
\xa8J\xc1f`'\xf4s\x0c0:\xe6\x1c!\xa4\x8d\
\x1dR\x05\x92\x1a\x92\x90jU\x90a\xb2\xd0&\xc1\xa1\
\xcd\x07\x07\x8c!\x0c:\xbck\x9e\xe1t@D\xb9^\
\x80RgB\x81\x84\x06KF\x97l{\xdd\xaa&\x99\
/\x9e\xa4\xda\x04\x8a\xcbK\x8b\xb1\xdb\xfe9\x80+)\
68\x12\xc9<\x08\xd0a4\xcd\xdcM\xe7\x12\xc1\x89\
8\xbc\xe242\x85\xc4(t\xadi\xe6t\x97\xfb\x1e\
\x18\xc0\x8a\xf4\xeeK\xfb~\x94\x89\xb9\x1f#\xf4\x09\xc7\
\x07#\xaa\x12\xf0>\xf4\xad#\x92\x9a\x83Q#\x8eB\
DFrJ\x7fD\xe4\xc1\x855T\x9b\x19\x98\xf0\x84\
\xe9<\x04|\xea\x90\x08S\xe88\xc8\x0aq\x1dv\xb9\
K\x17G\x7f\x12\x06Q\xe2\xc6\x11cf`J\x9a\xc0\
\xf5[j\x14\xe3DbM\x8c\xdaf\xe0}\x83\xb4\x8a\
V\x86g\x1eP\xb14\x07B\xdb\x9b\xbf\x0b\x09\x0d\x8f\
\xbe\xfb\x02\x5c\xf8\x888\xd4\xcfH\x80 \xea\xf6a\xa2\
\x12\xed\xba\xe8\x8c_`\xee3\x10+\xee8\xb4\x10\x08\
&]d\xf8u\x0c\x7f\x00\xd3\xe3\xcf\xd2\xd3}\x0a\x1d\
\xad\x14\xb0\xeb\xa3\xd1g\x07\x99\xcfesD^\xfa\xc2\
\xcb\xc0V\xc1f\x00\xd7\x10\xae\x148\xfc\x0f?\x07\x9c\
\xda\x06Y!u\xd3\xcb\x95OW)\xfc\x090@\xcd\
\x9b\xdf\xfc\xe6\x0f\xdaf\xfdA\xd6*\x02\x81\x96\x1e7\
\xaf]\xa5\xa8H%9l6\x5c\xec\x9e\xc6\xf6\xcei\
\x0c\x9bM\x1a\xb0L\x16\x0f\xa9\xcd\x94\x9f\xd9\xeb\x8d\xe9\
&\xc2Ho\xadK\x93\x8cx05T\x1ao\xa1\x02\
'\x81[\x17.\xe9\x80#\x1b\x83 \x06\x992}\x08\
\xe9\xbb\x8eb\x95\x89\xe9o\xb4\xe6M\xaf\x08\xe3\x95\xa1\
\xb1}\x04W<\xc5\xa8\x91\xe3^#\x1c\xcf\xb8;`\
N\xb8\xc6\x0aq\x8d)\xadq\x09\x09\xab\x09W]\x08\
\x99\x19\xb3G\x1d\xcdu[4;\xf1\xa7\xb6t\x9d\xb1\
\xc9/\x17\x18\x0cS\x86\xcd.J]\x1aR3\xf8\xda\
\xb5\xb2\xd5\x01\xe9\xb3p\xcd=\x0a6g\xc2\xda\x189\
\xf0~h\xf8\x94\xc1\xa4\xd1dL\xa6\x8d\xeb\xb8S\x16\
\xae5\x1c\xc5$H\xa4\xc4\xfa\xb9\xc3\xb4iv\x82b\
V\xc5B\x80&\x1b3\x19\xd7\x12\x0dx\xd84\xd4D\
H\x15\x99\xe8\x90\x86\x5c$\x0d\x8fQ\xce\x8f\x88\x07\xae\
\x8c\x02\xfbG\xa0W\xd3o\x1c\x1d\x963\xd3!\xcf\x0f\
\x86\x8d\xff8\x96\xf4*\x81\xd1n\x8f\xb8|\x16\xf2\xb8\
\xc4\xd0H,\x1a=\xfc\xde\xdb-<\xff\xd1|\x93\xe9\
\xf9\x0f\x07^\xb3\xddQ\x9c\xd9\xc3~\x97`p\xb0\x9b\
\xd1{\xfb\xcf\x10\x8d=\xe1#\xbegb\xb39\x1d\xfe\
/<\x01\xa8\xef\x81\xf9\x1c6\x80;\xe7\x16\xb8\xeb\x8d\
\x17\xb1>\x02\xc0\x8azFe\xfd\xbe'Q?\xf2)\
\xe0\xec)\xa0\xc2\xb8\xff\xb2\xc8\xc1K\xef\xdf\xfc\xc0\x0f\
|\x14^U\x80\xf2\xf8\xe3\x8f\x0f\x82\xcd\xbf\x1b6\xc7\
0\xa0v}\xcf\xbd\x9b\xd7\xb1::r\xf8i\x86a\
\xb3\xc1\x85\xbb\xef\xcb\x08\x00\x1a\xe5L,\xa8@\xa2\x91\
'0ruh|i\x1a\xb0\x89s\x8e'\x8c\xb9x\
\xe2\x0e3\xa4\xc6s\xcfs\xdc\xc7\xccF\x172R\xce\
\xa4fta\x14v}\x1e\x8f\xbc?\x0d>\xde9M\
\x92\x94L\xe1\x9bv$\x81\x89\xed\x9dy\x01\xa1qm\
\x84\x9d\xe3i\xee\x84\xb4!}\x0c\xc1|\xb0vo\x00\
\x02\x1aB\x8bs<\xce\x19\x80\x11\x9a\x83\x99_\xdf\x0c\
4\x93\xcc\x84\x94d\x1c\x0f\xed9\xe3\xd1\xa5C\xfc\x1f\
l\xf0\xfb\x8d\xac\xe6\xceML\xde\x83\x93\xff\xa2\xa7\xbe\
\xa0\xb51s|\x1c\x08*\xb4#S\xed\x8e\xe6K\x0c\
\x16!\x81ft\xd5\x8c\xe9\xa3\xa1\x0d\xbf\xaf\xbf~\x13\
\x8a.\xcc\x18\x0e=i\x80\xb1\xf90\x98^\xfd\x80\xf3\
QtC\xc7i\x197\xce\x9c\xc9\xc4X\xcc\x5c\xfb`\
\xea\xccRuwK\xe2;u\x0fyb\x16\xb7\xd7\x1d\
\xa3d\xe84\xa2\x06N\xbe\x82\x0c\xfby\xda\xae\xba\xc3\
O\xbaIO\xfe\xf4\xe8w\x9ei\xa3E<\xac\xd7\xd1\
T\xc5c\xfe\xa59\xf3X\x8aC\x97\xd2\xb9\xf6n\x1d\
}\x0aM\x8b;\x02;\x8f\x1a\x98kwa7\x13\xd3\
\x19\xd9\xcd\x5c8\x94\xcem\xfe>z\xfd\xf5s\xa0\xef\
PW\x22\xf7\x7f\xf5\xfd\x18\xe8\xbe\xa1\x0dEj\x0f\x1c\
\xfd\xf0\x8f\x12\xa7v\x81Z]\x9e\xbd\xf0\x09\xc8\xfa\xf8\
_\xe1\x0f\xfd\xa1\x8a(\x0b2\x00\xe8\x14?\xbcY\x1d\
\xee\x19\xc7*\xa0\xab/>\x07-Ej\xad2l\xd6\
\xe8fs\x9c\xbbx\x0f6\xab\xe3\xd4\xfa\xcd\x96NM\
\x81\xacb\x8b\xb4\x81\x90\x04!\xdc#\x18u\x9bv\x09\
W\xb7k\x15\x86\x91\xc6\xf4\xe4gD\x01\xcc R\xa0\
T\x8f\x08\x90\x19\x82s\xbd\x18L\x95\xce\xa1HvI\
\xe8\x90D-\x017C\xb32\xe6\x13\xa0!\x09\x84\xe0\
\xc9\xe7L\x0f{2\x81k{\xf7\x8e\xbbI\x99\xf9\x08\
)>\x9a\x94\x93\xc0\x01\x1eF2\x0b!\x96\x06\xa93\
\x864^k\x02\x0b\x9e0e!0\x00\xc0\xd7\x85V\
\xc1\xb1+\xf0D\x03\xfa\xe2\xb8\x96\x1fM\x83q\xd1B\
\x1e[\xb4J\x8aB\xe34\xb3\xdc\x1a\xa1\x98Us\xf3\
\x04\x11\x8b\xe1\xb8_\x89\x90\xac\xc2\x13\xb1\xdc\xfcbM\
\xbb\xc1M\x86\x9a\x02\xa6\xd5*\xb8\xb78\x82\x84a\xc1\
\xb5+\xfa\x99\xe1\x8ao!\xd5x\xbbX\xe9\xf8\xddI\
(\xa2\xa7)\xc8\x19\xc5\xc9Hc\xc7\x19:r\x80D\
\xc5\x22\x5c\x19\xdc\x1f\xfa$L\x8c\xb4\xc9!b\xa24\
)\x91\xb8\xa34QXQ\x98\x14\x9a(\x09\x15\x83\xb2\
\xc1{\xed\xe2\x1c?\x96\xf0\xc1\x1c\xd9\xbf\x8f\xaa4-\
\xe2&B$\x02\xa9\xd7\xf0[\x16\xf8\xf8\xfd}\x98\x88\
\xdf?\x90Ag\xe6c\xbf\x85E\xc5\xc2\xeeg)\xb0\
\xce\xa3\x022\x9ba\xb57\xe0\xde/\xb9\x88\xc5\xe5-\
Y\x1d\x02\xc3`X\x9fR\x1c\xbd\xeb\x03X}\xe4)\
\xc1\xb9S@\xad\xc4\xd1\xad\x22\xcf\x7f\xec\xe5\xc5\xd9{\
~8\xb5D\x17\x02\xa0,\x97\xab\xa7K\x8f\x1f\xaa\xeb\
\xd5\x9f\xd3\xf9b3\x9b-\xba[7\xae\xe3\xf4\xf9\xbb\
\xb0\xbd{\x8a6\x98\xacW+\x9e\xbep7\x8e\x8f\x0e\
\xb0::\x90~6G\x1d\xd5A\xdat\x18}\xe0\xe9\
\xea\x0f~H\x22M\xbar\xae\xf6zN\xb09\x94[\
\xa6\x0b\xe9\xd2W06\xb5DZ\x10Aw\x9e\x9aL\
K\x0e\x03\xa4f\xb7\x0e\xc7\xab\xf0x7\xf2\x91\xc4<\
8\x0f\xe7G\xbfo\xcb\x18\x89\xb4\xdf\xa6\x07\x19/&\
\x13(j\x84\xa8\xa2\xb2B|\xb2`\xc4\x15\xa2\x8d\x86\
\x80m\x00\xb0\xb3\x18h\x80J\x052\xeb\xbd\x99\x18\xee\
C\xca4\xa6\xd4\xf6\xa9\xf7\x01\x8ae\xce\x9b\x8ck\x14\
,/b\x0d\xebx\xfb\x1bu\xb8\xab-O\xc1\xa1\xbe\
\xaa\xba\x831\xac2\xc2\x5cXy\xc7\x8df\xa2!\xb4\
\xb3\xc6\x16d\xdb\x87\x08\xcfH\x16OYp\x9e\xa4b\
\x86\x89P\xe3\x0a\x8c\x82\x8d\xf4C\xf8\xbafJo\x82\
\xf68;F&\xa5i\x03\xb6\xb4qgw\x89,\x0f\
??}\x1c\xe9\xc6H\xa7t\xf4\xe6w\x8bR\x22\x95\
i\xf4\x87 \xb3#T\x99\xdd\x1a\x08\xf1\x18\xbe\x9b\xaa\
\xe1!v\xad\x1e[\xef\x9f\xa5\xf8\xb1\x82h]\x17)\
\xb7*\xe1,\x92\x88\xfb{\x1bo\xf5\xc1\x1d0U\xf8\
 O\xef\xabD)\x92~\x00h'(\xcd!((\
\x1d\x05\x06\x93\xdec\xfb}4\xf8\xecz\x7fW7\x07\
\x04\xa5\x10}/\xec\xe7\xd4\xc5\x1c\xcb[\x15\x97>\xef\
.\x5c\xfam\x17xx\xdd\x87\xf0\x0e\x22\xdc\xacV8\
\xfe\x87?,r\xe1,\xb8Z\x03Z\xaa<\xf7\xb1\xae\
[\xde\xfa'\x07\xb7^\xbc\x06\x9f\x0b:de\x04\x01\
j_\xf0\xbf\x0f\xc7\xb7\xf6H\x1fN\xd3\xcf\xe6x\xf1\
\x99\xa7\xe0\xf9\x004\x9aq\xbd^\xe1\xae\xfb^\x85\xae\
\x9fq\xb3^CF\x8alZ\xd6\x97<\x15\x14\x1b8\
\x88\x18z\xfc\x9e%\xbfq\xf7\x06\x22\xac9\x8c\x92A\
\xd8\xe0\xaaD\xfak\x22\x0f\xcf\xb2\x0c7\x82\xc3c\xa6\
\xdb\xdd\x82\xf1l\xd4\x92l\xf8[H\xa2\xbam\xe1d\
#hH\xa0\x09,\x91 _\xa2\xc5\xba3\xe7\x80\x16\
\xde\x1e\x0b\xe5\x19&\x0e\xe1\x09>\x91?\xe0^gK\
\x14\x1c\x0a\xd8P\xd3\x0c\x80I\xbbVj\xf5P\x99\xed\
A\xe0\xd1\x08C\xbc\x7fP4B\xb8\xd44\x0f\x98\xe5\
\xcbY \x94\x09L\xcd\xf9(\x89\xa8\x22eB\xc43\
\x0ecS\x5cD\xe6\xfa\x8c:\xd8\x03'\x91\x14\xd5\xf6\
,C\xb3\xe1\x9b\x89\x0cG\xa6C(x(du\x88\
_\xf71 PX\xec{sg\x04\x06\xc9@\x8d\x88\
\x04(\xc8r\x9c\xc6\xeeH0\x89\xac\xabO\x17D\xf6\
\xe6\x93\x80\xf9\xe1\x98\xf3\x84\x9d\x0c\xd31\x19\xd6/\xe3\
\x857\x0cf\x87h\x8cI\x0e\xbb\x1eB\x96\x12\x8d8\
Z\xef}\xf1\xeby\xb2\x8ft\x9dDB\x0e\xact\xb4\
p\xdc\xd5\xde\xa1{\xfe-\xb4\xb7\xa0\xeb\xdd\xb1\xd7u\
Q\xc9W`e\x06\xf4\x9d\xb0\xeb\xc4J\x07\x9f\xe8\xd3\
\xc7\x80\x8f90\x9b\x81\xb39j7\x87,\xe6\xb2\xba\
9\xf0\xfc\xab\xcf\xe1\x81\xb7\xdc\x83\xd5>@Ul\xaa\
\xc1\xeeR9\xfc;\xffB\xea\xadC\xc8b\xe6\xda\xff\
\xe0F\xc1\xf3\x1f\xbd\xb9\xba\xfb\xf5\x7f?x\xd4\x03\xbe\
!\x00\x0c\x80.\x97\xcbg0\xac\xfe\xeezyPH\
\x98v\x1d\xcc*\x9e\x7f\xea\x93\xa2\xee\xc9\x15ZE\x1d\
\x06^z\xc5\xc3P\x15\x0c\x9bUj\x94\xa6\xf8\x13V\
&\xe0\x02\x22y\xc7\xe9V&b[B\xf1\x05\x833\
\x94\x16\xa5\xd1#\x99Y\xbc\xb4\xe8\xf0\x06\xd7\xf8  \
\x09\xb9\xcdL\x19v\x06\xf3\xfcpv\xb5i/\x9e\xe0\
\x9aws\xd5\xee2HS\xe1C\xb29\xbaS\x94\xb8\
\x89A:dn\xc1j/j\x1a\x95u\xc2\xf9H\x99\
o\xa6\x85s\x8c\x00\x01:B>%e\x07u# \
\x7f\xb0\x9dy(\xd2\x98\xdc\x16\xdd=\xad\x86u\x92\xbe\
\x0d\xd0,%\xa2\xe4S'\xd36G`\x86\xf5#[\
\xba\x09\xe0\x10-H\x98c!|\xc7K4\xbe\x048\
\x82\xa4Q[\x87j\x1f\xef\x1a\xdf\xb7|\x00\x19\xb7#\
Kw\x04\x09tBP\xa4\x91>\xee[\xc3.\xb1\x8d\
~\x0f\x19\x8d\xb01k4dV\x5c7\xea\x15\x1c\x01\
\xf86\xa8\xc03\xf1J\xd4\xf0K$\xe5\xf8\xf7\xe6\x8d\
\x01\xdc\xab\x1fm\xb52Dg\xa5\xc0Ta%a{\
\xc7*\xd9\x9b\xbfs\xf8\xafE\xc2<\x80i\x11j\xc9\
\x9c\xfc(\xd0\xe9\x84\x12m\xbbJ!\x8b\xb7\xec\xceP\
\x1f\xb5\xc0\xdco \xa6>\xd3/|\x0c\xe2}\x02:\
X\x99\x89\xf5=\xac\x9b\xc1\xfa\x190\x9bquc\xc5\
s\xaf>+\xf7\x7f\xdd\xfd88\x22\xd6\x84\xac\xd7\x03\
V\x97\x0ao\xfe\xcbwc\xf3\x9e_\x05\xee\xbdL.\
\x8f\x08\xc1F>\xfdA)\xc77\xdf\x8eg\x9ex!\
\xe8\xfd\x84\x00\x00\xe0-kN\x9d\xba\xf7{\x87\xa3[\
\x1f\xb7Z\x0bI\xeb\xe7s\x1c\x1f\xde\xc2\x95\xe7>#\
\xa5\x9f\x89\xd5\x0a\xab\x83\x18\x80\xcb\xafz=\xba\xf9\x02\
\xc3z\x85\xe8\x86\x92\x98\x8b\xe1\xa9m\x19\xad\xc1\xdc!\
\xf3\x9b\x86O\xee\x08\x02\xe2h? \xc3S\xe6\x02\x04\
\x94\xc8\x0f\x0bG^\xc6\xcd=\xc5#|\xc9\xe2h~\
t\xc6\xb9_\xc1\xc2\x03\x9e\x99e\x8c\xb45\xb0\xa6\xd0\
\xb1\xb013\xb0`\x11\xc9`\x08*\x06d6C\xb8\
\xc3\x99\x1a/\x8b\x94H\x22B{H\x1e\xe4h{\xa7\
\xed\x1e\xda7\x11\x82\x85\xdc\xf2\xe3|\x04\xb9\x8ch\x9f\
\x99\xc1\x97\xc10k\x19\x85\x91\xac\xd4\x84 \xcc \x9c\
 \x1e\x89g\xa9\xa3\xd7\xdf\xb3\x1881\xeb\x1d=\x8c\
;\xe2\xc8`\xfc\xd5R\x7f#\x91\x10\x80t\x22\xc6\x8e\
\xa6\x8f\xa2\xedb\x9e\x90nBiB\x85\x81\xb8\xf2l\
f\xc8X\xc4Sj[\x88\x1f\xd9\x9f\x8a\xcd\xb1'\x92\
I>\xcc:z\xf7\x19#\x0bs\x22\x93N \x22&\
\x81\x10\x5c\xf8\xbbY\x80\x02\xc9\xf0\x9d7\xde\xa0\x15\x89\
\x9c\xd92\xc6\xe7\xc3\xf9\xe7\x9a>~\x97\xd2\x12sL\
;\xb2\xf4d\xe7\x0co]\x0fv\x1dY:a\xe9\xc5\
J\x1fa\xba~\x9c\xd9W\xe6\xe2\x1e~\xd7\xfe\xe8f\
d\xe9a\xea\x11\x00t=j7\x83\xf5\x0b\xb0\x9f\x93\
\xdd\x02\x9c\xcf\xc9~N\xce\xe6\xc4\xd6\x1c,\x1d6{\
k\xbd\xe7\xd1\xcb\xf2\xe0\xef~\x00\xcb\x03`3\x086\
\xab\xca\xcd\x85\x0e{?\xf7\xa4\x1c~\xdf?\xa7\xdc\x7f\
\x998:\x14H1\x5c}n&\xcf\x7f\xf8\xd7\xbf\xe2\
/}\xd7\xff\x03\xde\x1c\xace\x86%\xc3\xe6O\x07`\
\x98mo\x7f\x83Y\xff\x1f\xe6\xa7\xee\x1a\x14V(\x82\
\xf5\xf1\x11\xee\xba|\x1f\xce_\xbe\x87\xc3f\xa3*\x85\
Z\x8ah)\xb8q\xe59\x1c\xde|\x99\xfd|\x01Q\
m\x865R\xd7\x87\x96\xf4\xed\x12\x8e\x0d\x1a\x00\x84\x0f\
\xc0\xedb\xcf8K\x0d\xe3A\xdd4\xad\xdb\x9f<\xe8\
\xaa\x0a\x08\xa24\xadA]\xaf\xfa\x09\x07e\x0bW\x06\
\x0e\x0da\xe4F\xbe\xb4\xe8{\x0b%d3\xf0@\x00\
\x93\xac<\xc4\x88\x0b\x01\xdb J\x8fTD\xc6O\xe2\
\x00\x00\x0a\xd2\xb2\xa7\xa6\x01M\xc3\xe5=%Ea\xca\
\xc6\xc8\xacs\xcb35\x97\xe5M\xf3=\xc2-\xd1~\
\xe2\x92\x1a\x11\x13#Z\xdf\x00d\x18\x0d\xc8\x07\x895\
\x12\xd2\xcb\xd7\xe1m,D2\xa1\xc5}\xe2\x8c \x1f\
\x14d\xcb\x9bm\xef\xce\xc9\xd0\x8fX\xdc4\xc8\x88\xbc\
VD\xd8#\x0c\x97K\x90\xd0(]\x0e\xe2\x0aCC\
\xd3\xc3\xed\xed\x84\x90\xde\xdd(<\x00\x097\xc2n\x17\
\x91\x8c!GCk\xf7\xe5E\xf6\x1f%\xc2v\x96\x02\
#\xd64\x9aT\x0a\x15 U\x949$\x03\xa5\xb5\xde\
\xb26t3m\xd9\x82@\x05\x9a\xed\xba-\xe0?T\
(\xd5\x88\xbeHt\xe9\x91\x18\xd3\xed&\x86\x9b\x0d\xe9\
\xf3\x10)\xbd\x98\x14\xab%k\xfe\xddg\x10EA\x8e\
\x99\xfa\x1e\xecf\xb4\xd2\x09\xfa\xb9\xb0\x9b\x01}1\xf6\
\xbd\x0c\xc7@Y\x14\xde\xf7U\x0f\xc8\xd9W\x9d\xc1\xe1\
\x81\xa1\xaa\xca\xb0\xac\x18\xce\x16\x1e|\xea\x05\xd9\xfb\xce\
\xb7AN\x9f\x02\xe6s`uD\xd6\xa1\xca\x07\xdf\xa9\
\xf3\xf5\x95\xaf\x5c\xde\xb8\xf1\xcb!\x00\xea\xe7\x12\x00M\
\x08\x942\xff\xbb2?\xf3\xe7\xfb\xddSk\xa5\xcd\x14\
\xe0jy\x84K\xf7\xbe\x02g.^F\xdd\x0cPu\
)\xdb\xf73\x1c\xed\xdf\xc4\xde\xd5\x17\xc8:\xa0\xf4\xf3\
\xe0\x1d'\x80L\xb7\xd2$d\x0f\xf49\xe4\x1b\x1f!\
\xe8,\xba\xfbH\x84n\x9a\x06\x91\xfc[X\x83\xf9\x19\
@Z\xf1\x0c\xfe\x0a8\xdf\x5c\x90\xe9\x10\x04\x9a`h\
\x94\x96\xa6j\xb49\x8f\xa41d\xa3\xcbt\xcbI\x9e\
\x95\x99u\x12\xcb\xa8!\xb82\xbf\xd0\xbdU\x99\xbd7\
2m\xf3\x8c\xa4Tb\x5c&f\x99\x06\xa4\xce\xd4\xe2\
\xe0!iN\xad\x86\xb1\x91\xf2\x07\xad/ S\xbaI\
\xb3i\x9a\xb4\xd3f \x84\x18H\x06\xfb\xac\xado\xc8\
\xab\x09\x9b\xc6x\x9a\x19O\x10\x14d\x81R`\x14d\
/\x80\x1c\xe5\x86\xc8pt\x95\xefb&\xfb\xc3\xc2\xa7\
>Ij\xe5\x5c\x1az\xff\x07I\xf7!\xd2I\x17a\
>\xf75\x86\x19\x17\x09X\xc1\xe8.=4\xcb\x95I\
o\xce\xa1\xe2\xbd\xf7E\xd29'\x99\xd8\x03d\x88O\
L\x05\x22\x9d\xef9b\x80g\xd1\xa8\x1f\x8e$\xa6d\
fq\x94b\xe9\xc4\xd3\xf0\xde\xaa#\x08+\xbd\xbbO\
K\x07\xa82\xf2\xf43\xbe\x01\xe9z\xd4\x18\xcf-%\
\xfd\x07^\x01\xe8\xa8\x03@?7t\xbd\xd4\xce\xe3\xfb\
\xecg\xa8K\x00&8\xff\xdas\xb8\xfc\xdb\xef\x01\xfb\
\x9e\xab}`(\x90u\xadR\xcf\x16,?\xf3\x12\xf6\
\xff\xbb\xbf\xe1I\x8e[s`\xb3\x22\xb4\xdf\xc8\x93\xbf\
0\x9f=\xff\x91\xbf\xbc\xdc\x1c\xfdM\xd0z\x00\x9b\xb6\
\xe3o{\x9bvw\x10\x00\x15@y\xd5\xab^\xf1\xdd\
\x9f\xfc\xd43\x8f\xb2\xe8W\xcd\xb7\xb67\xa4\xf5\xb3\xad\
m\xbe\xf4\xdc3\xd8l\xd6r\xd7\xbd\x0f\xd0\x86\x0dh\
\xc0\xa6\x1ec\xb1}\x0a\x8bW\xeeb\xff\xda\x15\x1c\xde\
\xba\x0e\x81PK\xe7\x0d\x0b\x9cs|\xadT\x02Vf\
\x867O\x88\xa1p\x15\x87\x1e\xb7\xb4\xd5]\x89G\xfa\
G\x02\xd5\xa0W\x09\x03\xc3\xc9\xdc\xf2\x0c4\xe5\x83\xf1\
\x82\xae\x5cC \x8f\x02A\xbdG\xb6\x03\xec\xb0(\xc3\
\xe9\x95\xe1\x82f\x99D\xa1\x12\xc3\xf0\xb0\x8c\x10\x18\xc2\
\xf5\x0c\x7f\xd7\x90\x09\x89\x87C)\xe6g\x7f<\x87\xe3\
\x1a\xd9n\x09\x0dd\x92\xc6\xce\xf1M\x9d/(aY\
K\xce\x11pa\x1a\xd6\xb0\xff\x7f\xf39\x8e\x5c\x1a\x08\
\xc5\x18\xfcC\xba\x13\x0ccvw\xb8E\x12\xd0\x84T\
\x91\xb8e\xd8\xe9\x13\xb7\xa8\xa7\xbe6\x9c\xe7E7*\
\xe1\x01$ \x12\x93\xe13\xcc\xd2\x80U\xbcg\xb6\x1e\
G\x84\xce\x92\xe9c\xbb\x9d\xf9C\x80\x1bZg]\xc4\
\xf71+\x00a\xbf'\xff\x8b\xa8 \x94\x93\xa04!\
\x008\xec\x07-:\xf8\x14@\x95&el\xd2\xe9\xb9\
\xfd\xb13\xf4r]i\xa1:\xa6\xc7\x1e\xd1\xbc\xd3\xbb\
\x1d\xbb\x80\xb0\x92=\xf7{\xb0H6\xef\x8c\x96&\x10\
)\xbd@\x0a\xa9*Q\xfc\x03S\x8d\x8a\xbe\x19Y\x04\
\xde\xcb\x7fFc\x11[\x11\xba\xa98u\xefi\x5c|\
\xf4^\xec>\xb0\x83\xe5\x1e\xb09v\x87\xebf0\xac\
\xee\xef\xb0\xfc\x85'q\xf4?~\x1f\xb85\x87l\xcd\
\x85\xcbc\xca|{\x83O\x7fp\xceg\x9f\xfc\xb1\x95\
\x1d\xffM\xd0\x0a\xde\xf6\xb6\x8a\xb7\xbf}\xdc\xee\xfc\x9f\
;\xfc(\x00;\x7f\xfe\xfc\xfd7n\x1e\xfcR\xb7{\
\xe1\x15\xf3\xc5\xf6\x00Z\x81\x80\xab\xa3\x03=u\xe6\x1c\
\xee\xba\xff\x95P\xe9`u\x03\x81\xb0\xf4\x85]?\x93\
\xcdz\x85\xe3\x83[8>\xb8%uX\x87\xef\xc7\x9b\
VJQ\x06\xae\x0bfK\xd7U@\xcc\x18\xf0\x98\xe4\
\x18\xc4\xeed$\x92\x8c\x9e\xe78\x1d\x09\x8c\xde\x82\xd8\
\xa5Mz\xb8F<\xdc\xd4\xb0oljw\x95\xe6\xfe\
nz/\xa1\xf2\x84\xb6\xd1\xe0I\x80\x14 \xccs\x19\
\x9f+\x1eJFU\x9dJ5\x82x\xaeu\x9a\xcb3\
N\x0d\x04\x1c_\x8c%\xe8\xcc\x17kQ\x95\x90Z\x19\
\xc6K\x9bX\xd02s\xf2\xfeqoG-!\x80\x05\
Q\xdd'\x11\x09l\x1c\xd9\x1e\xbd\x99\x0a\xe3\x02\xa3\xa5\
\xd2I\x03#\x88B/\x08\xd5\x19\x5c\x12.\x08\xa8B\
9\x01/b/5\x01N\xd8\xf3^\x82+\xde_\xcf\
\xb7\xd85n\xc8{\x11\x12\xdaJr\xc1\xdb\x10\x80\xc3\
{2\x0bx4\x9bCQ\x12\xb6;%\x974\x09\x08\
u\x07`\xa1\x91\x12^\xfc\xa2d\x9a\x00\xee\x17px\
\x9fa\x15\xf7\x0b\xd0\xd4Gy\x9b\xe7\xe4S\xc2\xe1\x17\
\xc3*\xd54\xdaswQ\x18$\x85\xec\x8aB\xbbL\
\x99\xf4\x9c~\xaf\x12\x14\xf1\xee\xbet\xe7c'\x1e\x0c\
2\x9a\xa9\xc8\xac\xa0?{\x1a;\xaf\xbc g?\xef\
.,.\xedp\xd8@\xea\x9a\xa8&\xb69\xae\xb2\xe9\
\x0aV\x97\x80\x83\x7f\xf3.Y\xff\xdf\xff\x19\xe4\xe2\x05\
bk\x0e\x1c\xed\x0b\xbb\xf9F\xae>\xd5\xe3\xc9\x9f\xfd\
\xd9\x07\xbe\xf4\x8b\xbf\xe1\xe9\x83\xc7+\x1ez\xab\xe1\x1d\
\xef\x08-\x91?o\x93\xc9F}\xd6O\x07`\xe8\xfb\
\x9d/\xac6\xfcL\xd9\xbdpw7[\xacU\xd8\x03\
\xc0f\xb5\x82\x8a\xc8]\xf7\xde\x8fSg/D\x86\x98\
\x99\x88H)\x9dH\xe9\x08\x12\x9b\xf51\x96G\x07\x18\
\x96\xc7\xa8\xc3\xda\xed\xefP \xd6bJN\x18\x13b\
\xe4\x944\xdd\xf1$y\x14\xc7\x13\x9a\x05\xe1\xfa8\xf0\
\xf9h\xff\xb6\xffmRf\xd4m\xa9\xeb\xc2\x7f\x9eW\
\x9eh\xde\x86\xb5\xd34\x01\x1aB\x0e\xcb8\x81\xc4h\
\x1b\x082>\x1e\x8a2 \x82\x84\x10LD\x10B$\
\x1e\xa7=a\x98\xb9#p\xb1\xb6_\xf9!\xd8M\xc6\
\xef2\xf2\xd9\x94\xf1(\x0c\xb27C\x93eq\xff\xec\
\xc45\xbeW[\xd8\x89jHi\xd6pyk\xa97\
\x91\x06'<\xf0\xed\xcd\xe2\x06\x12\xce\xb74\xa5FG\
N0\xb9Hz\x15R\xa01\xe3\xf8\x86\xd8\x98\xe8\xf9\
\xe8f\xbf'\xe9\x04\x0d\xc4\x02\xa8LL\x9d\xd0\xe0\x81\
\x8b2\x95WK\xc8(u\xcf\xb1\x88 <\xfc\x82\x92\
\x038bNk\x87\xb4>(\x9d;\xa8<\xa6\x8f\x1a\
\x11\x80\x10\x00.U\xd5\xc3|\xb5\x9bkz\xf1=D\
\x18e\xbb\xe2\xfe%\x94\x02\x93N\x86\x8c\xf5\xe7\x9c\xbe\
y\x8fn{\x8e\xf9\xe5\xd3\xd8\xba\xe7\x1c\xb6\xef;\x83\
\xd9\xe53@\xafX\x1fC\xd6kw\x99\xd2\x88J\xe1\
p^\xb1\xbey\x0bG\xdf\xf7\x032\xfc\xec\x13\x22\x97\
\xef\x02lCl\x96D\xb75\xe0\xf9O\xcc\xca\xc7~\
\xe9?\x9d\xfb\xed\xf7\xfd\xfeG\xde\xf2\xd6\xe5\xd5w<\
\xa9O\xbe\xf5\x91\x01O>\xe9\x0b\xf7\xc8#\xbel\xef\
yO\xb3\xcc\xa6?\x13\xcd\xe0\x0e\x83\xdd\xdd\x0b\xaf?\
Z\x1e\xfd\x7fdq\xe6\x91\xd9\xf6\xf6\xba\x98\xf5\x10\x81\
\xd9 \xeb\xe51vN\x9f\xc3\x85{\xeeC?[\xb0\
e\x9c\x01\x10-\xd0R\xe0C)\x01Z\x15\xab\x1b\xd6\
Z\xe9\xd5_\x09\x06\xd3\xff\x9f\x05\xb5\xbc\xed\x91D\x1a\
U\xd3\x1ajM37!?s\xd8o\xc0\x89\xa4G\
I\x9d\xedw\x92P\x93\x18\xeb\xc7\x90\xa4\x13&\xbcM\
\xbe\x15dz\xe3\xe8W\x8cu\xe2\x94o\xe1\xd2`\xaa\
\x88$\xdc\x98yX\x83\x14\xa9p\x1d\xc9G\x97\xde&\
\xd0\x14\xf9\x8a\x12\xc5KN\x99\xe3\xbd%\x1foth\
\xc8\xb8L#\x9cwH5\x19s\x13\xb7\xcc*\x1eI\
\x9d\x0c\x83\xc6-ST\xfa\xbb\x1a\xc3\xc6OI\xa71\
s\x03\xcc\x98glo\xa4\xcb:C\xfa\x04\x18\x90~\
|\xd6\xcc\x83\xd1I'\xe3\xf1\xdeKP\x04\x919\x17\
\xf9C\xde4\xd6\xca\xccQ\x93v\x02\xab\xa4(U;\
5O\xb4\x09\x1b\xdb;\xeb\x88\x96h\x14BJ\x14\xdb\
P\xdc!\x87\xd2K-\x05\x22\x85\xec\xba\xf0[\x08\xa0\
\x9d\xd4\xc95\xac\x14\xb2+\x90\xd2A\xbc\xb5\x9a\x8f\xdc\
.\x226\x16\xe8\x80\xbd\xb7\xdf\xf6\xd9\xa0\x06)\x85(\
\x0aS\x11\x96\x02)E\xe0I\x83\x90\xae\x0b\xaf\xb2\x88\
\xf6\xc5\x87ZuE\xb4\xef\xbc\xfc\xbf(\xbaS\x0b\x99\
\xed\xce8\x9b)\xcc\x80\xba\x06\xac\x02\x9b\xc1\x84\x11\xb0\
\xaa(\x1cv\x00t\xe0\xf2]\xef\x96\xf5?\xfe?h\
G+\xf0\xee\xbb\x15\x87\x07\x80\x0d&\xf3\xf9\x1a\xcf|\
l\x81\x8f\xbf\xefg\xef\xbb\xfb\x0d\xff\xc5\xb3\xaf\xfe\xdd\
\x9b{\x0e~bv\xee\xa1\x87\x86\xadO\x9dkL\xf5\
\xc4\xee\xc7\x88K\x97\xf8\xd8\x95+\x8d\x9e\x83A\xde\xa6\
x\xeb\x93\x82G\xdeA\xbc\xbd\x09\x83\x02`\xb8t\xe9\
Uw_\xbd\xf6\xc2\x0f\xeb|\xe7\xebf;\xa7j\xf8\
I\x14 \x86\xf5\x1a4\xe3\x99\x0b\x17q\xfa\xfcE\x99\
\xf53R\x04\xd5\xa2\xc02\xacT\x11\x11Q\xb5\xa4F\
z\x8c=<W\x99C\x9f\x9c\xd5d\x91\xab\xce\xc6\xd6\
\xd64^\xeb\xc2\xe9\x15\x9fN\xbe\xe2%\xae\x13\xf4\x9d\
\xe3\x88F\x9f\xc3D\xca\xb0\x09+I\xd8\x9d\x99\x80\xa3\
\xe6\x1e\x91F\x0a\x1c\xa4\xbc\x0a?a\xb0U\x06\xee\x1a\
\xc0>\xa9\xef}\x05\x100;\xc0vj\xc5\xb4\x09\xdc\
\xa6\x0f\xcf\xf5h\x02\xc8\xe8\xe1\x0e\xa1\xe6\x17\xd6\x22\x19\
B\xcc\xf9La`\xc35p\x91q\xb9\x13\xd4LD\
\x898\xcc\x0f\x10O\x04\x1e\xd2\xf0\xb1\x929\x90YB\
:\x05\xfa\xc8\x80\x8d\x883)$;\xf5 \x99<!\
\x9chi+\xef\x097\x00\xa5s?\x9dkhJ)\
\x01\xfb\xfdz\xae\x9dg\x02)\xdeZ\xcb\x8c\x94\xe2\xd1\
\x01gF\x87\xed\x1evk\xdev\x00\xd2\x8alT\xb2\
\xf8\x86\xd4\x8eTU\x96\x9e\xaa K\xa7\xd0\x8e\xa6\x02\
\xd3^\xd0\x15\xb2\xeba\xa5\x17\xebfPT\x93\xa1J\
\xe4\xdc\xb3v\xbd\xfb\xb3\xba\x0e\x9e\xe4\xd3\x09J\x141\
\x96\x22(^\x0d\x08-\xdeR\xb9\x17S\x85\xa0\x83\x08\
c\x98p\x81j\x07\xca\xcc\x97H\x15\x90:\xaa\xb62\
\xd4\x8c0\x87\xda)2\xcc\x05<\x03\xd6\xc3\xa5l~\
\xfe\xe71\xfc\xd8;Y?\xf9\x1c\xe4\xc2\x19a\xdf\x91\
\xc7\xc7\x02V\x13\x82\xf2\xdc\x87\x8b}\xfa\x03\xff\xe1\xee\
\xcf\xff\xea?\xd4\xbf\xee\xf3m\xf3\xb1\x0fi\xbf}\xd6\
6G7\xb5\xdf>k\x8b\xb3\xfb\x06\x00\xb3S\xa7x\
\xf1\xca\x15;8x]\xaa\x99\xb7\xc9[\xf1vy\xc7\
c\x8f\xc9\xa3\x07\x07r||,O\x02\xc0\xc5\x8b\x06\
\x00\xf7\x7f\xf2\x93\xfd\x9f\xf8\x13\x7fb\xf5/\xdf\xf7\xbe\
\xfe\x93?\xfd\x9f\xde.\xfd\xce_\xeav\xceH\xe9\xfa\
\x01\xac\xde\xf1\x80d]\xaf\xa0\xaa\xb2\xd8\xd9\xc1\xee\x99\
\x0bX\xecl\xa3\xc4D\x821A''\x91\xf9\xef\x06\
\x84\x03\xce\x9b\x87\x08\xd2\xd9\xe4)\xf6\x8d\xe7B\x8dE\
\xcdz\x1e\x97R\x8d4j\x98\xf0\xc9\xe3\x01\xf4\xc1\xd6\
\xd0\xd2/\x10\xcb+\x90Lz\x01\xc5\xd3:%\x13R\
@L4q\xb0\xf4\x09\xab (\xba1M\xaa\xcc\x93\
\x00\xa6\xf9\x0e\x1d\x03k\xa2\xe9v\x85\xf0|\xb7\x8b\xa5\
kR\x90\x83*<lg\xe1\xe7\x0c\xd8\x9dk\x80\x9c\
\x93\xcc\xd1,\xf0\x17\xd5\xa9\xac\xca\xd0\x1dR*\x8dh\
B\xa4\xc1\xfed\xdev\xb9<6\x85\x11\xc2\xcd\xa2\x82\
p\x00N\x8ew3\xc0\xe5\xa0\x84M\x1f0]b\xd2\
\xad\x80c#Mm\x8c\xeek\xe2v|\xda\xf7\x94B\
\xce\x16\xe2~\x81\xe2U\x97\x91\xdd\x17=\xf3)\xa5\xc0\
\xb4\x8b\xb4Z\xaf\xb5w\xd7\x8e\xd2$\x1biD\x1c\xbf\
(\xa3P\xc7\x15L\xf1\x98~-\xbdd\x91\x8d\xcf\xdc\
Sa?\x8b77\x22\x9an\x9aO\xdd\x8d\x1c\x00\x85\
t\xde\xcaK\xac\xfa\xb4\xde\xae\x90\x9dz\xd4\xa5\xb8)\
\x03\x08\xd09\x12R\xc0\x11Rq`\xc2\xd8\xeb\x92R\
\xab\x83#\x9a\x0e\xb0\x1e\x82\xd3@=\x04\xed\xe9O\xc2\
~\xf1\x97\xb1y\xfc\xbd\xe4\xd3\x9f\x119\x7f\x17\xe4\xf4\
\x0e\xb9<\xf6,W\xe9+n]\xeb\xe5\xe9\x0f\x12{\
\xcf\xfd\xb5W\xff\xe9\xff\xe5o-\x7f\xf5\x17t\xff\xf8\
\xca|v\xf6\xd2\x00\x00z\xe3&\x17\xe7\xd6\x15\x00\xea\
j%\x8b\xb3g\xc7<\x80G\x1f}\xb4?>>\x96\
\xf5z-\x9b\xcdFj\xbdG6\xe7?\xadz\xf5~\
\x96\xf2\x127\x9b\xf3j\x17^\x90\xf5\xe1v\xa7\xb7\x0a\
o\xde|jOu\xf1\xbb+\xec\xef\x94\xc5\xa9G\xca\
l\x01\xd52\x00\xe6u\x94$l\xd8\xc0\xcc\xd0uE\
\xe6[;\x98\xcd\xb78[l\xa1\x9b\xcdPJ\x17\x84\
\xde\xdc_\xc9e\xde\xea:\xf1\xbc\x9b\xfd\xcc(\xf1\xc8\
\xec\xa3\x82\xb4\xe6\x9b\x0ec>\x9d\x7f\x12\xc7{\xbc\x0b\
\x8dA\x9a\xa91\xe5S6\x96`\xb3\xca\xd12\x11\x03\
\xb5\x8f\x87N\x19\x5cGp\xedO.c \x12\x89\x9a\
#O6\xb4g\xe6^IJ\x07\x19=r!\xfb\x82\
\xb1\x84\xe1R\xc7\xc8\xa16\xda\xc4\x8d\x97U\xd2X\x09\
no\xcf\xdd|\x80\xf9\x94\x042\xe6\xce\xd0\xfb@\x10\
m<%\xa2\x98\x01\x906nA\xa4\xe4\xca\x07\xca\xf0\
\xb6V\x229\x96\xdd(\x99\x92\xab\x885w\x81\x90\xef\
\xd1&\xf5\xa9\x22+\xea\xc2[\x0fB\x5cH\xe7X\xb9\
H\xc1\xc5|\xcb\x07`\x88\x0amCBX\xb4\x13v\
c\xdan\xd4\xc4\x8b\x94Bo\xd6\xe1\x02\xdf\xe7\xe5u\
\xbe\x84]/U;H\xd7\x19\xb5\x17\x14xT@{\
\xa9\xf3Y\xa4\xf9\x16T\xed\xc4 D\xdf\x85\xe6qA\
a}\x8f\x9a\x1e\xfe\xae\xa0\x96\x02t\x02)\xea\x83c\
J\xf4\x01\xec\x1d\x05A[\x9a\x9d?&\x83v\x22\xbb\
\x98\x9d\xd3g\x09)l\x06\xe8f\x0d[\x1d\xc1\xf6_\
\x22\x9fz\x16\xfc\xd4\xc7\xa4~\xf0C\xc0\xd3\xcf\xa3\x0e\
=p\xfe,\xb15\x83nV\x22\xc3`\x04\x8c\xabe\
\xcf+OC^\xf8\xf8\x87U6\xdfe\xeb\xe3\x9f9\
\xfd\x86/?\xbb\xdd\xa1+\xfd\xca\xca\xf1\xdcp\xf6,\
\x0e^d\xed\xe6\xc7\xa6\xfd\x9c\xc3\xee\x96\xea\x8d\x9b\xec\
\xb7\xf7ms\xea\x94\xca\x83\x0f>\xb8X\xaf\xefR\xbb\
\xb8\x91a\xb5\xd23\x9b\x8d\xd6Z\xe5&\x00\xd6\xaa4\
\x13\xab\xb5\xcc7}O\xd6R\xeb\xd0\xef\x5c>\xb7\xf7\
\xf2\x0b\xd7\xcfm\x0e\xf6\xfe8\xb4\xfcq\x9d\xed\x5c*\
\xf3\x05\xb4/U3\xbc&\x10V\xa2\xda \xa8\x11\x07\
\x15A)\x0e\xe3$\xe1{(\xc1\x84\xe7.\xf2#\x0e\
\x1e&\x80\xbb\x8cC\xcb4cT`\x12\xfb\x0d\x8f\x1e\
b\xf4!;Q!3CBtL\xd8&?\x85o\
\x89a?gL\x0d\x1e$\x93\xf0\xbb\x8f\xa7\xb3Y\x04\
\x12\x91\xb8\x10\x17\x09;\x1a\x06G\xa2i\x19\x93a\xc6\
+\x85q\x83\xccz\x88\xe1\x82q\xa2\x86\xeeG\x86-\
\x12\xd2\xb7\x07\x8f\xf5\x08\xb7\xa85|\xdf|\x07\x18o\
\x17\xe2!\x82\xa8),\x12\x07\x8c\xd7\x0c\xf9\x8dLl\
\x08\xa4\x11\x81\xc6|\x05\x7f\x0f\xdf\xb6\xf6N\x0d\x00\xb1\
=l\x13\x9c~\x84j\x0b\xe0DV\x9f\x0b\x19D\x14\
WTr\x86@8\x0e\xc1t\x9f\xf9;\x1a\xb5\xf8\x85\
\xc5\xed\xff\x90.\xf0\x99\xf7\xa3_HZ\xaa\xafR\xa4\
\x13\xa6\x05!\xdeG\x9f\xac&RT\x04\x91\xd1\xd7!\
\xfd\xb3&\x9ak\xda\x1e\x8b\xea\xbd\x00%\xba\x85\x13\xc5\
\x13\xderFJ)\x02\xa1\x98\x08\xa13\x11V\x7f\x8f\
h\x98\xc7\x22\xa4v.\xc6\xbd\xf8\x08\xa8\x83h%Y\
\x07p\xbd\x16YU`\xff\x90v\xf3\xba\x1b\xc4\xdd.\
\xb0{Jd{\x0e\xf6Jl6@\x1d(d\xc5\xfa\
\xb8\xe7\xcb\xcf\x01W\x9e\xba\x8e\xa3\xbd\xbf\xbf\xf3\x05\x8f\
\xfe\x83S_\xf2m\x87\xcb_\xf8\xe7w\x15\xd3\x0d\xb7\
\xaa/\xf9\xaa\xb72\xab\xf5h=\xd4s\xfd\xdc\xf6\xe7\
[\xb6{|PD\x0bK\xd7SKGy\xf0\xc17\
\x9e%o\xc8f\xb1(u\xb3)4\x93Zk\xb1a\
\xe8H*\xcd\x0a\xcd\x0a\xc9bVz\x9a\xf5\xa4\xcd\x00\
\xa0\x9b-\xae\x0f\xab\xfd\xbbW\x87\xeb?\x0a\xed\xbeI\
\xe7[\x17\xb5K\xc7M1\x15\x1d\x11b\xf0m\xc6\xbe\
16\xba`2Uc3F\xfaP\xa3\xba\x11\xb16\
\x83\xc9\xa9\xc7\xda\x97\x8e\x05\xb4y\xffN\xd2\xf7\xe8\xf7\
\x0f80\xb9[\xaa\xb9\xd1\xb70\x9ey\x9b\xec@\x83\
\x12\x01\xd8\x03\xbdO\xe1B\x98\x14\xc9\xa4M\x18\xa4E\
\x22H\x14\x13\x9c\x9dR\xa2=\xb5x\x93\xdc\x084D\
\xd0\xa4Y\xdd\xc8L\x84@\x99\x02\xab6\xc1\xf52a\
|\xbfqh|6\x11\xea7\xe1\xe4\x98\xb4A\x10\xd1\
\x94|\xe8p1\xa6\x14\xccl\x8bq\x91\x22\xfb!\x84\
\xc2\xed\xbb\x15CW\x5c \xb0\xbd\xf9(\xca%\x84\xbe\
\x8b/\xd7\x92\xcd\xaf\x9ai\xc5\x92/128FS\
Jb\xe1\xc3r\x16\x8cB)\xec\x89L)\xcd\xef\x03\
\x02\xfaC{\xa3\x0e7;\xa2)J\x0a\x93\x84\x9a$\
@-!\xe2\xd4{\x00\x8a@D\xe9Y\xa5\xb1i\xd2\
E\xd8\x11D\xb6\x06\xf7\xb0\xa5\xe5\x90UC\x16\x11\xf9\
{H\xdf\x01Z\x1c\x19\x15\x85\xf4= \xea\xf5\x01\x9b\
\x01\xa8\x1bo\x0e\xcbAq\xb8/\xb2\x7f\x0d\xdc\xbbr\
M\x97\x07?\xda_\xba\xf8\xcf.}\xc57\x7ft\xef\
7\x7f\xe1\x5c]\x1d\xcf\xe6s\xe1z(6\x8f\xfd\xd5\
\xce\xaal\x8a\xad\xbbZ\xcbbk\x90\xe3B\xed\xd6\xa6\
\xfd\xdc\xb4\xf8\x880\xb9\xff5\xf7\xdfg\x87\xa6\xc3\xd0\
\xf5\xd69\xd3\x9bY\xb7Z\xd6\x19\xc9BZ\x07\xb2#\
Y@\xceH\xce\x01\xf6\x039\x03\xb9\x0d\xb3\x8d\x88\x1c\
\xd2p\x9f\xd1\xde\x0c)o\x86\x96\x87D\xbb\x99\xf63\
h\xe9\x9d\xe0\xd4\xa7\xf0\x8a\x94\xc4\xdc\xce*\xc6\xb4\xee\
Ge\x07\x9f\xcf\xe5DF\xa0\x15\xa7\x02\xf0\x5c\xa7t\
A1\xcfj\x16x\x98\xfd\x16\x5c\x19^\xb6\xbc\xa5'\
\xd93\xe5G\xba\x1b\x93s\x99\xd6A\xfa.\xb3\xe0'\
\xc4R\xf4\x8fNI '\xa7\xe1 \x984\xafJ\x01\
4\x88\xb8i\xc8\x91K\x84Y\x90/n\xc8\x87\xb1#\
\xf9\x90\xe9xH\x99'#\xa7b\x9c\x92\xeb\x94\xde\xd4\
{f\xef\xc65r`\xa8\xe3\x94\x13B5X\xae9\
\x1e\x02\x8fDeR\xa4\xef\x8d\x01\x97Qb4\xf6\xc8\
Mk\x0eT \xc7\xa2\xb7\xf5\x0d.J\x1f@~\xd1\
\xc4\x8b4@\xd6\xd0\x82\x85\xf6\x9cJ\xd9H\xf66\x85\
\xa8\xa7\xef\x86\xf4\x8b\x01\x1c~7i\x12\xd7#\x8f\xa5\
1\xb4\xf7\xbe\x89\xb0dt\x81\x12\x89\x84\x1c\x15\xc7\xe7\
I\x94\xe9L\xc99\x95\xdaE\x22\x91\xbf\xabx\xc6\x1f\
Pr\x83@\x94h\xf1-\x19\x0d!A\x89\xae\xb9\xcd\
\xc9\x0a\xcfQ()t\x91\x9eo\xaf\xe1\x10Fq\x89\
\x10\xa2\xb0Ap|\x009\xb8\x09\xde\xbaR\xb1\xbc\xf5\
d!\x7fQ\xb7w\x7f\xa9\x5c\xb8\xfc\x8c\x1c\xde:S\
\x87A\xa5\xd3#\x88\xd4^\xb1\x11\x96\x0d\xa4\x1a\xd0C\
\x0b\x07\xa8V-\x1c\x94\xb3\x8dv\xb3\xa1\xc7z=H\
Yk\xd7\xdb\xb6U\x91{\xeey\xe8\x81\xda\x0f\x9d\xd5\
Z\xea\xa03\xb3\xda\xd3V\xddf\xcd\x8edG\xda\x0c\
dG\xb0\x07\xb9\x08\xc6\x9fk\xe5\x96\xa1\xce\x0cP\x18\
vU\xa1P,Y\xb9\x05\xd8\xfd4y\x00\xa2\xf7B\
\xca%\x91\xb2\x03\x95\xb9\xa8\x16\x8f\xd1\xb2\x91\x09c+\
\xdd\x9c\xe7\x09U;\xfe\xdbl^7\x98$\xd9!\xad\
~Rr\x9c1\x81I\xadC#\xec\x13J\x9ccX\
\xae\xa1k\xc4^4U\xc2\xb6i\xcc\x7fSB\xc5\xf3\
O\x90F:n'\xa8c\xa2\xa0\x92q\xe2\xebx\xff\
\x84*\x14\x81\x92Q\x89\xd0\xb4i\x82\x12\xde\xf6\x06\x0d\
f\xb4\x8b\xba\x05\x92\xb3\xb7\xf3QFE\x9c\xeb==\
'\xd8\x7f\x02=\x9a\x10\x8c%#\x84\x8atj\xb40\
H\xfe3\x82\xfb\xb6K.fm\x02\x18b?)\x90\
\x22MC\x0b\xe36'\x84\xe2\xd4\x11\x99\xcf\x97\xdf\xbb\
\x9f\xc1\xd5)\xe1\x8c\x9d\x12,\x9fcz~>d\xa6\
\x92+N\xee\x87\x85\x83&Dj\xfaT\xbc\xbe\xc4\xef\
\x17]\x9d\xdc\x1c\x09\xc6\xce\xe7\xca\x99\x7fN4H\x93\
%\x9b\x80\x80\xe2\x8d;\xa5L\xf6?\x87\x7ff\x06\xa1\
4\x19\xd6\x12\xb9l\x03\xac\x97\xc0\xf2\x10 \x0d\x9b\xd5\
!6\xc7\xcf\x88\xc8\xa71\xeb>\xd0m\xed|\x8a\xb4\
\xd3V\xb9\x0b\xd6\x8d\x02\xc7F\x1c\x838\xee\xb4\xac\xba\
\xbe,\x85XA\xb5\xfa\xebwk)\xdc\xa8u\x1b\xed\
u5\xcc\x16\xeb]\x19V\xdd|>l\xa8\x1b\x00\xe8\
\xea\x82\xab\xf9\xc0a\xbf\xf6}\xd7m\xa0\xc6j\xd6u\
C\xb5\x22d\xa1\xc9@\xda\x1c\xe4\x06\xd8\xd4\x0e:T\
\xb3\xc1D\x0c\x14*\xd0\x19\xb8o\x86\x05\x0c\x0b\x08z\
\x98^\x07\xec\x86\xb0~\x98\xdcl\x13\xba@\xe56\x81\
m\x00\x0b\xf8T\xc4.\xaa\x00\xab\xc7w\xa0lye\
 \x04\xeb\xf8\xeceY\x93\xd9T\x13t^\x91\xeeZ\
\xa2\x83'/\x85Xi\xe98\x9cP\x94\xc0\xabJ'\
&@\xaa\xb1)\xab\x06\x07\xa19\x1fmD\xcf\x8d\xe3\
\x83\xb2$\xee\xc7\xa0$&{\xc43d9Z\x9e\xdc\
 H\xf2\x0d\xc2dPFy\x11\x9a\xe1\x94\x5c0\xb9\
1&\x9eO\x7fT\xf1\x14\xe9\x06G2-0\x82(\
\xae\x97\x83\x81\x83\x13\x1c\x9b\xe4\x83\xa2\xa5\x0bR\xe2\x99\
\x0d\xa0\xc6}H\xff\xbbN\xde\x17\x1c\xa5l\x93rl\
\xeb\xcd8G\xf2\x982\x8a1\xc7}h\xf1P\xfa>\
\xe6\xfb\xba\x9f\x1c\x8d\xbb\x1cy\xd0?Cs3\xf3|\
d6\x082\xfe\xd3\xa4R\xba\xdd\x12\xc3\xd9x\x08+\
\x10\xe5\x84\xd3\x98\xabsw\xac[\x85\x88\x0e`\xba\xf4\
\x94\x10\x94\xc9r\xe5\xbe\xaeC\x9b\x15_\x8c\x96DZ\
\x5cPQ\x01VE\x01\x15\xdez\xb8\x8doBE\xa7\
\x06J\x85m6\xa8\x9b*\x22\xfbP\xb9\x06\xed\xaf\xcb\
l\xfe\x02\xb6\xe77@\xe9\x01\x08\x8f\x8e\xef\xa9b\x8b\
\x02=2\xc1\x12\xc2\xa1PkU\x18 \xd1\xb0\xae3\
\x11\x0eP\xa9\x05e\xa9\x8a\xb5\xce\xb8\x19\xd8\xaf;\xad\
\x9b\x81\xba\x81\xf6\xc3|\xc0P\xb7V\xda-j]o\
\x86\xa1\xcc\xd9\x0f\xb5\x945\xdd\xb0\xe9\xfa\x99\x14\x12j\
\x15=m\xd6\x93\xab\x8eVf$\x8b\x96\xa2\xdcpN\
\xeaV\x05z\x15v\x00z_\x94\xda\x81\xba0h!\
j\x81\x96\xceIE\xe8\x0c\xaa\xe6\xa2\x8e%\xa4s$\
v\x99\x82\xb1\xc0\xce\xeaC\xb0\x8f\x80(\xa93\xd0\x98\
\xa8i\x5c\x86c\xa1\xa5\xa2\x05\x03e\xe9xc\xb4P\
\x1d\x16\xe7+\x80!\x8e\xd1\xc9\xf9\xc1$\x16\xcc\xab\x8d\
@\x01\x14@j\x10}\xde\x03'E\xbd\xe4um<\
\xa7\xc1\x8f\x0c\x8e\xe7\xbd\x86\xc9\xb5\x92\xc7er\xbc\x9c\
|~\xe4kK\x5c+\xbc\x8b\x8a\xf1s2i\xfb\xe1\
\x84`\xe3\xb8\xecd\x99v\x03\x82\xf1\x9b\x0c\x0cA\xa4\
\x0a\x9fC\x1a\xe7fZ\xa2h\xacI\xac\xa3f@A\
=\xe2m\x16\xe7\x0e002\x87&\xeb .\x80R\
<\x22\xda \xab\x06Vn\x12~\x22d>K\xa0\xfa\
1\x05\x1aG1\xdeil'\xe8\xaex\x7f\xc6\x82:\
Y#\x17\xd0\xaa\x1am\x94\xfc\xba\xde\xca>\xee9S\
*F:\xcbs\x0c\x12\xaf\xcbx\xe3\xf4\x00\x01\xc8v\
\x0a*\xd0\xd6\xe9J\xa0b&\xa8J\x15v\xa0\x0bF\
\xb5\xa8U\x1a\x00\xa9\x90\xae\xa2\x9cjtS\xban\xa8\
\xd5\x00\xb3\xae\x80\xa5\x9a\x0d\x22\xb2\xe9;\x1d`\xb2Q\
H\x85\xe8 \x85\x9bb\xbaF\xa7\xb5\x93\xb2\x19:\xae\
g\xb5\x0c\x83\xf6\x1b\xf4\xd8\x98\xaa)t\xbde\xc3F\
ko]\xbf\xb4\xc3\x83~\xb0\xf9\x81\x9d\xb2E\xe9.\
^\xdc\xac\x0e\x0eN\x97k\x00\x86e-;\xb6[(\
&&{j\xa4\x9a\x88R{\xadUz.L\xb9\xa4\
\x92,\xec\xac\x00,\xa1\xb5C{\xb3\xc3\x06\x053t\
\xe2A\x8e\x82\x01\x0aA\xa9\xee\xc9\xd7R\x80Z5\x98\
S'\x8b\xab\x82R\x0bP\xac)\x84\x02\xa2\x82p\xe1\
\xe2\x04P\xa0\xa8\xf17\x00\xa8EPj0e\x10Y\
+v<\xf1C\x94\xd8\xcc\x1a\xe7\x16X\x1cK\x94 \
\x91\xf1G\x5cqM6\x7fd\x96\x91\xc1B'\xa06\
\x02\x17\x14\xd4\xb8V\x9d\x1cq\xfb=\xa6(\xa1\x00\xd0\
\xb8\xdfD\xd0\x01\xfe}\xb5\xf8[\x10\x7f5D\x95\xd5\
m\xc7\x13\xa8\x12\xb7\xbcM\xe8\xb4\xcf\xe98-\x13A\
!(\xf1}\xc5\xe4\x5c\xfa\xb7\xa5\xf8u\xab\xc8d\xcd\
\xc6{\x17*|\x07\xfc9J\xca\xa7j~n\x13X\
\x9f\xfd#\x00\xaa\xa6\xe8\x0f%\xd1\x18\xffN\xeb\x91\xef\
\xe1\xdfqLt\x02\xaazd\xbd\x12,l\xb2\xda\xff\
\xcav\x8d\xd2\xde\x0f#fG\xd4I\xe7\xbd\x148y\
_G\x8f\xeaq\x87\xf1\x1a\x10\xa0\x1b\xe9\xa4\xbdG\xd7\
\x90_\xac-\xc3\xd3\xed\xb4\x9f\x89\x5c\xa5#\x04\x86*\
\x86\x81\x0a\xd1*\xbdT\x9aAU\x07h7t\x00(\
Z{-C\xdc\x91\x22\xa5\xcaP\xebZKE\xd7\x0f\
[:T\xd1m\xf6\xbd\x0dZV6[\x8a\x1d\x95y\
\xd5~iv\xd8\xd9\xa6?\xb0\xd9\xce\xfd\xd5\xfak\xdc\
=\xdfs\xe7\xea`8xp#\x8f<\xf2\xc8,s\
\x00\x96\xcb3e8\xbbr\xf1v\xb5J=\xb5Q\xdc\
\x04lgS\xac\xd6\x02F\x07\xdbZ;\x92\x9a\xbf#\
\xe1\xf2q\x13\x0ae\xdcp\x16\x00\xb2\x89c\xfa\xc9F\
n\x22?\x22~\x0b\x22\xe9\x19\x15\x8b\xd3\x8dW\x0cm\
\xc7\x80\x0e\xc4\x10\x8b\xeb\xf5\x8c\x16\xc7L\x89}\xfc\xe9\
\xa6\x9b\x05\xc1\xd0~\xb7\xc95G\x13`h\x9f'\x8c\
u\xe2\xf7\xa9V\xc8\x1f\x9d|\x1f0\xba\x9d3=&\
\x7f\x88\x93(\xe1v\x22\x9f\x9e{\xa7k\x09>\xfbg\
\xfal\xad\x17\x01\xa6\xeb\x08\x98\x03\x8fn\x14 ][\
\x13\xdev\xae\xdev\xbe?G\x17\xbf\x0fq\xbf.\x8f\
\xeb\x00\x0c\xf9/\x81\xa9H\xed\xca\xf8\xf9\x04c\xdf\xfe\
\xec\xd3=\xbc\xfd_\x84V-\x93\xef\xa7\xeb>\xbdv\
\xdew\xf2'!\xb0!z!\xd8\x8d\xa1\x83\xe1\xb6\xc3\
\xe2`\xa0\x93\xb1zV89\xe8$*\xb8\xfd\xa7o\
\xe7\xbb!\x22\x839]\x03\x10\xb1\x89i\x84~&\x04\
zB\x06\xc3F\x0c3!6 fBQ\xadMP\
lJ\xc5B\x08\xefs@)\xc5d\xbd\xa9\xa2\xc5\xa4\
\x9bUQ%\xf4\x88\xdau&\x87\xbdi\xe9\xa8\xfd\x81\
u\xf3\xb9\xf5\xdb\xdb\xb6\xb8v\xd6f\xb3g\xf8\xe4\xd6\
\x16\x1f\xdb\xdd\xe5\xa5K\x97\xf8\x8e+W\xa4\xdb\xda\xda\
\xe2\xc5\x8b\x17\xed\xea\xd5\xab\x0a\xec\x01K\xd4\xf5z\xad\
\x98\x03\xb64\xb1\xd9\x05\x19\x8e\x974\xab\x15\xa0\xd8\xce\
\xa0,\xa5\xd2Li\xa6r\x5c\xfc\xfbE-T+\x00\
\x84\xb4\xdc !\xad\x88\x88\xcd\x01\x84`\xc0\x1a\xc0\x0c\
\x90\x99\xact\x0d\xf8o\xa8Ad\x15\x81\x0cF\xa6#\
\xa5-\xaaH\x8dSZ\x0e\x81oE\x18\x8e\xfd\x04\xd2\
n\x90\x92\x9d uR\x09\x9d\x97N\x01\x90N`b\
=e \x16\xf4\x006\xd3t\x82P+\xb38n\x0d\
\xa0\xa7\xc4\xb5\xa7p:5\xed\x08\x05G\xe2\x0eF\x14\
7\x01z\x16l\xa2\xf6\xa5\x8f\xeb\xfa\xf5\x12jO\xd6\
\xa3]+\xdf7\x8e\x95\xea\xf7:A\x9c\xa3\xf7\xcb\x8f\
\x0b\xf3\xa7\x17\xf4Pl\xe2\x18\x81\xa1\x9f\x08\x5c\x7f\x16\
\x8dc\xd0\xd6u#\x03\xc0\x10\xc62\xb4\xfd\x11\x16l\
\x00\xf45<e\x95n\x16a\x03\x11\xc3\x9a\x8a\xbe\x04\
M\xa4\xf7k\x1d\xef5\x13`M\xa7\x81)B\xf9,\
aW\x9dy p:\x92\xf1zy\x8c\x18F\xa1\x13\
k\xc1\xc9=\x09\xa0\x00\x03|\x98\x03\xfb\x02\xac\xe1F\
\xe6\xcc\xf7M6\xc4\xaa\x8f\xfd]\x03k\x08f\xbd\xf8\
\xfa\xae\x01\xccF\x0f\x9ew\xd0\x1e\xdc\xb7\xd0\xab\xbf\x07\
\x00\x9b\x09fA\x1b\xa0\x82={l\x0c\xb3^\x01\xd8\
Fu\xc0\x1a\x98\xcdrW\x07\x803\x88\xd5\x01\x22\xe6\
4\xb0\xa0pm\xe0\x16\xa0k\x93\xb9\x1a\xa0\x94#\xa1\
\xe8\xca\x80\x1d\xc8\xd9\xd3\xb5\xac\x86A\xd1\xb9\xef\x15\xc6\
\x02\x18v\xce\xa2\xdb:\xb0\xf2\xd29\xe2\x1c\xb0\xb8v\
\xd6>q\xdfq}\x0c\x17\x01\x00\x8f?\xfe\xb8\xe1\xad\
o\x95\xc7|\x81\xde\xa6\xc0\xdb\x05\x00\x1e{\xec19\
\x88T\xe0\x5c\xf9\xc3\xc3C\xad\xb5\xcaj\xb5j\x12\xbc\
\xd6\xaa\xb5V\x05\xce\x08\xb0G\x00bf\xea\xa9\xbe;\
\x0a$28\x14rKT\x97\x95\xa4N\xd1\xc2q\x12\
\xe6\x18{\x8fm\x8c\x85\xbd\x1d\x01,\xe3\xef\x8b`\x84\
%\x80\xc5D\x08,A\x80\x8ay\x1c\xb7JF\x11b\
\x01L\x8e\x9b\xfeL\xb5\xe4\x1d\xb4M\xfe\xade(\xe3\
\x0e\xc7M\x080\x9f\xbb\xf9\x09,\xbe\x9b\x5c\x8f\x93\xfb\
\xc9\x94X\xf3\x9ar\x07\xa2\xbe\xc3\xcfD\x08\xf8\xb5x\
\x87\xbfO\xde!m\xcf\xf6w\x9d\xfc\xdd0\x07\xb0\x02\
0:0\xf3}\x04s0\xfef\xb7\xbd\xa3\x9f?o\
\xd7\x9a\xee\x9b@\xc4},\xa3sw\x14\x90\x22\x86\x11\
\x01~.T\x15\xcf\xb7\x10\xc8j\x148\xedz\xf3\xd8\
\x97%\x81\xb9;\x1dee\xe0|z/L\xae{'\
D5~/\xb1>I+\xd3\xe7\xbb]\xd1\x00\x82\x05\
\x80U\x9c3\x9f\x0bV+b>\xbf\x1d\x99\x09de\
\xc0\x02 u\xa1Z\x97\xa2\x06\x08\xb7N\x1c%\x14u\
\x8b\xbb\xfd\x1e\xe3\xc7E\x94\xa2J\xf1\x8eD\xb1>7\
1;\xda\x19\xban\xcbJ\xe9O\xac\xd9bq\xcd>\
1\x9b\xf1\x11\x00[[[|\xe2\xa1\x87\xeeP\x0a\x0c\
L\xcb\x81O\x12\xcbc\x8f\x09\x1e\x7f<\x0e~L\x1e\
}\xf4@\xf6\xf6\xf6\xf4\x13\x9b\x8d<\xdc\xf7<<<\
,f&\xaa\xca\x1c\xc0if\x12\xff\xa9\x99\x9d\xb0\xf7\
\xf6\xe2\xdf3\x00\xf6\xf2o'\x19\xff\xb3\xe1\xef\x01\x80\
]\x08\x0e@\xecPq\x08`\x07\xc0\xa1\x10;\x14\x1c\
\x06\x83\xef\xc4\xb9\x87S-\x1d\xc7\x02\x82\xc3d\x0e\x8a\
\x9f\x7fb\xd5o_\x94)A\xdc\xce\x8cy\xfc\xe7\xf8\
\xb9#\xd3\xde&$\xa6L\x9bPp_\x80\x9d;\xd9\
\xc7\xb7\x13\xefm\xcf\xfd\xb9\x04\xc0T\xc0\xe4u\xee(\
\xc0\x04\xdb\x14\x1c}\xd6{M>O\x85\xc4\x04-\x8d\
\xf7\x1b\x05E\xbb\x16<\xd6\x03\x00G\x13\x81\xb3\xd3\x18\
\xd7\xef\xe1\x0c\xe6\xe7\xecL\x98K\xe4$\x02Hft\
\x8112\xe6\xed\x8a#\x9f+QB\x9e{'\xdaR\
\xad\xfe,\xbb\x04\x0e$\x1f\xd0\xdf\xe9\x00\xc0\xce\xf4|\
@\x8ex\xe2\x18\x06\x0dK@\xf2\xfc\xfdNB8i\
v\x17\xc0\xbe)\xb4\x1b\xa0\xc5\xb0k\x82\x03%h\xb2\
\xbbK\xd1R\xac\x1c\xce\xaaY\x15\xd5B\x9c\x9b<\xee\
^o\xaa\x85v\xbeJws\xee\xebs7\xb0\xd8;\
W\xfb\xfe9~\x02\x00\xce\x9c\xb1G\xb2\x86gk\x8b\
x\xe8!\xc3\x95+\x82\xb7\xbc\xc5\xf0\xf6\xb7\xdfIi\
\x11\x80t\xe3/o-\x80K\x89\xc7\x00y\xbc\xd97\
\x8f\xcb\x13\xbb\x8f)\x9e\x80\xe1Q\xe0\x13\xc7\xc7\xf20\
P\x97\xcb\xa5\xd6Ze\xb1X\xd4\xa7\xfb\x9e\xf7\x84P\
\x00`\x9b\xcd\xa6d\xa6Y\xa6\xe7_\x10\xe1\xcb\x19\xb2\
Qex\x5cOJ\xe0\xe9\x03\x9e\x89\xcfg  \x0d\
g$3T\x89C\x00\xa7\xc7\x841 ~\x9fJ\xe9\
[w`\xd6\xc3\xc6\x08\x93{\xaa\x01v'M\x84\x91\
q\xd4\xdc[\x0c\x19\x8fo&\x01O2\x98\x05\xe4\xbf\
\xdd\x04\x98\xfe-\x7fJ\x05\xce\x01\xa8\x13\x87\xdc\xed\xd7\
\xcd\xcf\xe3C\xe1\x84`j\x01\xe5\xc9\xfd\xf2\x9c\xe9\xfd\
\xa6\xc7\xd1\x9f\xffh\xfa\xec'\xeeg'\xef\x91\xd7\xd1\
:~_\xaa\x7fW\x15\xa0:\xf3SpZ\xe8ko\
\x1a\xc7\xfb\x1e\x9aicz/1t\x86>\x15{\x98\
\x7f\x9bf(\x8e\x0c\x9f\xdf'\xf3\x9fDESaP\
\xca\x14)\x9cd\xe4\xbcg\xa3\x93c\xf1\xc1\x08B\xd8\
\x91?\x9f\x14\x02\xcb\xf1\xdef\x8a\x9c\x02,\xab\xf8=\
\xcc\x1f\xee\x0a\xf40\x9e\xe5L\xdcv\x8f\xe0\xa9Q\xa0\
/\xe1\x1e\x9ee1\xf4\xf1\x1ceV\xb1\xbaA\x943\
\x0a\x00\xfd\x12\xb0\xd3UT{\xeb\xba\x85\x0f[\xd9\x03\
\xba\xce\x99\xdd\xee\x1e\xa4\xbb\xb1e\xb8\x05w\x15\x97\x97\
\x88\xeb\xf7\x03\x05\xf8\xc4\x993\x86\xdd]\xe2\xe0@\x9e\
\xdc\xda\x22\x1ez\xc2p\xe51\xbf\xcf\xa5K\x8c\x1e\x00\
\xb7\xd1\xfc\xc8g\xb7#\x80\xdb\x7f\xf2\xc0\x08\x93\xbd\x95\
\xc0;\x04\x8f>*8>\x96G\x00<\xf9\xe4\x16\x81\
c\xc1#\x00n\xdd*\xf7\x03\xa8\xb5\xca\x0b\x91j\x88\
Z\x05\xd3\xcffr\xd1L\xae\x8eB\x00\x98~\xce\x9f\
\xab\xca\x08\xd1\xb0\xcd/\xb8\x18\xc7\xbd<9\xee\x02\x80\
\x97[\x08<\x8e\xb7\xcf\xf1>\xca\x93\x9f_\x8a\xe3.\
N\xce\xcd\xef/\xc8x\xfc\xd5X\xc0\xbb\x05xir\
\xbd\x8b2\x9e\x97\xf7\x07\x80\x97\xf3>-\xd0\x15\x0f;\
y>\xe5x]\xa8?\xc3U\x8e\xd7\xec\xcc\xdf\xfb\xe5\
`\xc6\x8b\x00\xae\xe2\xe4\xb5\xa6?/O5\xf4d_\
/\xdc\xf6\xfeW\xe3\xdcf\x17\xa7\x90\xcbw\x9d\xac\xc7\
\xed?/\x9b?\x1f\x00\x5cM\xdf\x84\x00\x17\xd4\xcf\xaf\
\xeaQ\x1c\x8b\xeb\xf7u\x5c\x97:\x0d\xd3r<\x1eh\
\xe7\xb4\xbd\x9c\xae\xe7\xed\xdf\x07-\xe4k\xbd\x0c\xe0\x9c\
y\x08\xaf\x14\xc3\xf5b\xb8`\xd2h*\x19\xf9N\xf4\
6\x150\x00N(\x90;}\x9e^cz]\x00\xb0\
\xb8g~\xce\x1f\xd2\x9fkzL\xd7\x8d\x02l\xfaL\
\x80G\x5cJ!\xf0J\xa0\x7f\x8e\x98\xcd\x88\xc3CE\
\xdf\xfbg\x00\x0f\xaf\xd7\xf2\x89\xd9\x8c\xb8x\xd1\x02\xa9\
\xfb\xb9o}\xabL\xa0\xfet\xff>\x87\x19yg\xc6\
\xffl\xc8t\xd2D\x08\x82=!MF\xc2{\xf4Q\
\xc1\x13\xc7\x02l\x11\x8f\x1c\x0b\x9e\x9c^\xe6I\x00\x0f\
\x0b\x1e\xdc\x08\x9e\xee\xe9\x9e\xff\xb4_6\x02<\x0d\xe0\
A\xdc\xf6\x1d\x81\xfb\x93P\xe8\xc7\xdc/-Dw\x7f\
\x15<[8\x1e\xf7\xec\xe4y\xee\x17\xff\xfdA\xf8y\
'~>\x1b!\xa4}\xea\xe7N\xaf\xf5\xb9\xd6\xe8\xce\
0t\xfc\x99\xfa\x18>\xd7\xfd\xa7L;\x85hw:\
\xfes\x1d\xf7\xb9 \x1e\xf0\xd9\xf7\x9f\x08\x9d;\xdec\
\xfa^w:\xef\xf6}\x07\x1a=\xdc\x0f_\xb3\xdc\x9f\
\xa7'\xc7?\x08w\xf4V\x01f\x16N\xdf\xf8\x890\
c\xfb\x0c\x8c\xb4\x90\xdf?\x1bD\xfc`\xfc>=\xbf\
\x0a\xee\x01\xf0B\xe1$t\xeb\xdf\xdf\x0f8}\x00\xb8\
g\xadxa\x16\x1e\xf9\xa5\xb6\xbf\xdd_\x05\xb5\x0a^\
\x98\x19\xee\x8f\xeb\xa6\xe2\xdal\x14}ox\xb6\x10\x0f\
\xe6e\xe3x\x00\x98\xcd\xac}.\x85'\x14\x1e\x00\xac\
\xd7\x8a\xd9\xcc\xda\xe7\x9d\x9d\x9a\x8c\x8c'\x01<\x02`\
\xbd\x96\xf6\x1d\xe0\x10>\xb4:vwO\xd2\xdf\xe3\x97\
\x08\x5c\x11<\x06\xe0\xf1\xb7\x18p\x02\xde\xdf\xbe_w\
\xe2\xe5\x13?\x9fK\xf3\xff\xffs\xac\x00o\x15\xe0\x1d\
S\x9bm\x22\x04\x9e\x08\x02y4\x08\xed\x09\x02\x8f\xa8\
\xbf\xf5\x09\xcdH\xe0\x91\xb8\xf6\x93\xf1\xb0\x8fH|\x9e\
\x0a\x1b\x02\x0f\x0b\xf0\x89\xc9\xfdn\xff\xfd\x8e\xce\xbc\xe9\
s\xdf\x09\x0e\x19\xee\xf8n'\x98\xf7N\xce\xc2\xcf\xc5\
\x88\xd3\xe3\xa6\x9bp\xa7\xf3\x87\x93\xef\xf7Y\xef\xf1\x9f\
\x83o\x93D\xa0;>\xd7\xed\x04q\xfb\xf9\x9f\xeb\xfb\
\xe9\xfb\xea\x1d\xbe\xe7\xe4s\xfeL\x1d\x8a\xd3u\xb8\xc3\
\x1e\x02\xc0\xc3\x00>\x11\xc7<\x18B\x1e\x88\xcf\xb7G\
\x01\x08<\xa8\xf1\xfd\xf4\xddo;?\x05\xc3\xd3\x93\xe0\
\xff\xc3\xf1\xef&\xfeM\xc5\x12\xcc\xf6\xe0\xa1\xba^H\
e49&\x95\xd4\x83\xf1\xfd\xd3SG[|\xf7 \
\x80\xbe'>\x91\xaf4\xa3+\xbe'\x04\xeb\x87\x9d\xa9\
\xd7k\x81\x1b\xe9\x86G\x8e\xc5\x7f?\xe3\xef\xf8\xc8\xb1\
\xe0\xc9-\x9e\xfc\xfc\x84\xe1\xd1G\x15O\xec\x12x\xdc\
\x80\xb7\x0a\x1e\xbb\x22x<>\xfb\xc1Dt\xec\xb9m\
\x1fn\x17\x00\xf9\xdd\xe7\x14\x02\xffg\x05\xc0\x9d\x98j\
JhA\x08\x8f\x09\xf0\xf8\x7f\x8e\x08o?\xefN\x9f\
\xa7\x0f}{T\xe0\xf6\xe7\xba\x13\x13\x7f\xaeg\xcf{\
$a\xfe\xe7\x18\xe7s}\xbe\xfd\xda\x9f\xeb\xef\xff\xbf\
\xce\xcf\xcd\xbb\xfd9\xa6\xc7O\x9f\xfbs\xed\xc1\xe7\x12\
f\xff\xb9g\xba}\xddn\xff\x1e\x18\x87HL\xaf\x8f\
\xdb\xce\x9d\xa2\x89;\xdd\xebv\x01\xf0\xb9\x04\xd4\x9d\x84\
\xdc\xf4\xfd\xa6\xc2\xe7N\xeb%\xc0\xa3tE\x93\xdf=\
\x22\xc0\x16\x81'&\xcf;U.\x8f\xc4s?\xc9\xc9\
\xb1q\xde\x93\xf0\xebeD,\xcfy\x0c\xa3\xe3p\xfa\
\xf3\xc4\x1d\x9e\xfbQ\xf1\xf3og\xf2\x87\x0cx\x07\x82\
O\xe2\xd8\xb7\xd2\xbf\xcbk\xbc\x0d\xa1\xdd%>O\xd6\
\xe8\xad\x92\xfe\xba;\xac\xd5\xff\xa9\x9f\xff/fpA\
\xdc\xfc\xc7\x9aw\x00\x00\x00\x00IEND\xaeB`\
\x82\
\x00\x00\x01,\
\xef\
\xbb\xbf<svg xmlns=\x22ht\
tp://www.w3.org/\
2000/svg\x22 width=\
\x22860\x22 height=\x2214\
0\x22 viewBox=\x220 0 \
860 140\x22 fill=\x22n\
one\x22>\x0a  <rect wi\
dth=\x22860\x22 height\
=\x22140\x22 rx=\x2216\x22 f\
ill=\x22#1F2227\x22/>\x0a\
  <text x=\x2236\x22 y\
=\x2284\x22 fill=\x22#E5E\
9F0\x22 font-family\
=\x22Segoe UI, Inte\
r, Arial\x22 font-s\
ize=\x2264\x22 font-we\
ight=\x22700\x22>3DXFl\
at Advanced</tex\
t>\x0a</svg>\x0d\x0a\
\x00\x01\xef\x1f\
\x00\
\x00\x01\x00\x06\x00\x10\x10\x00\x00\x00\x00 \x00;\x03\x00\
\x00f\x00\x00\x00\x18\x18\x00\x00\x00\x00 \x00h\x06\x00\
\x00\xa1\x03\x00\x00  \x00\x00\x00\x00 \x00f\x0a\x00\
\x00\x09\x0a\x00\x0000\x00\x00\x00\x00 \x00\x94\x14\x00\
\x00o\x14\x00\x00@@\x00\x00\x00\x00 \x00z!\x00\
\x00\x03)\x00\x00\x00\x00\x00\x00\x00\x00 \x00\xa2\xa4\x01\
\x00}J\x00\x00\x89PNG\x0d\x0a\x1a\x0a\x00\x00\x00\
\x0dIHDR\x00\x00\x00\x10\x00\x00\x00\x10\x08\x06\x00\
\x00\x00\x1f\xf3\xffa\x00\x00\x03\x02IDATx\x9c\
%\xd3\xcbj]U\x1c\x80\xf1\xef\xbf\xd6\xda{\x9fK\
.'\xd7\xdeh\x8c\x18--^\xd0\x16G\x22\xd4\x89\
`\x15\xc938\x94>AqXD\x1d\xf8\x02\x8aS\
\xc1\xa1\xce\x05E\x1c\x14\x1b\x0aJlb\x89hb\x92\
&g\xe7\x9c\x9c}\xf6m\xed\xbd\xfe\x0e\xfa\x0a\x1f\xbf\
O\xee\xde\xfb\xf4\xe3\x95\xd5\x8b\xf7\xab\xba\x9ei\x15\x11\
1\x82\xb5\x88\xb1\xa8\x18\x14A\x11\x82*\xaaJ\xab\xaa\
!\x04\xca\xb2\xce\x0e\x8f\x0e?qQ\x1c\x7f\x9e\x8e\xc6\
\xbda:\x0a\x80\xa8\x08\x22\x06\x8cA\xc4J\xd3xE\
\x95`\x0cm\xd3\xd2\xfaZ\xea\xba\xd6r\x9a\xcd\x9d\xa5\
\xe9\x17nx\x9av\xc4\xc6\xa1\xaaJ\x11\x11\x8c\xb54\
m\xc0\xd7\x9el\x94rpz*\x9dK\xeb\xba\xa2\x15\
.\x89\x00K6>\x93\xd3\xff\xf6C69\x8f]\x9e\
\xe7\xc1Xo\xeb\xba\x06c\xc8\xb2)\xa2-\x97W\x16\
\x98\x19\xf4xrX\xd2\xf6\xaf\xc8\x8a\xce\xa3\x1c1:\
\xdc\xd6q:\xa4i\xbc\x18\x17\x05\x97\xe7\xb9\x88\xb1L\
\xa79s\xfd\x84\xe5\xd9\x84\xba\x85\xd2\xb7\x18\x0c\xcb\xb3\
]F\xea\xf0\x92p\xf6\xf4\x9c\xf1\xd3c\xe0Y\x0f\x11\
\x11\x97Os\xc4\x18\xc9\xce\xc7\x9a\x9eT\x5c][c\
\xf3\xbd\xdb\x1c\x9f\xa4<x\xb4\xcd$\x9d00\x0f9\
\xd39f\xba\x1dl\x14\x83\xb6`\x0c\xbe)qE\x91\
c\xac\xa5\xaaJ\xbc\xf7\xf4\xba\x09\x7f\xee\xfcEPP\
1d\xd3\x827o.\xeb\xe6\x07\xefrptJ\xa7\
\xfb\x16F\xe0\xfeg_\x124\xe0\xaa\xb2\xc0E\x11\xd3\
,\xe3\x85\xf5\xabt\x93\x98\xad\xdfw\xe8\xf6z\xbcv\
}\x83\xd1\xd3\x03T,g\xe3\x82s\x0f\xa3|D(\
&\xf8\xaa\x22(8_{mC\xc0\x1a\xc3\xee\xee.\
\x22pmc\x83Wo\xbc\xc87\xdf~O:\x1c\xf2\
\xfe\xe6\x87\xf2po\x9f\xad\xdd=\xa6\xff\xeeqea\
\x86\xb6mT\xc5\xe0\xda\xd0\x08\x01\x5c\x1c\xd141?\
\xfd\xfc\x8b<\xde\xd9\xd54\x1d\xb2\xba\xbc\xc0`&\xc1\
#\xcc\xf7\x12\xee\xdey\x9b8~\x87G\x7f<\xe6\xd7\
\x07[t{}\xe4\xfa\xad\xdbM\xdc\xe9\xd8\xaa,\xb4\
,\x0a@%\xcf2\xb2<\xe7\xe6\x1b\xafS\x94%\xff\
\x1c\x1e\xb3\xd4\xef\xb0\xf6\xdc\x1a\x93\xa2\xa2*K\x8e\x8e\
N\xd4\x9b\x08\xa7\x88\x16\xf9\x942\xcfq\xcea\x5c\xcc\
`\xde\xe1V/\xf2\xdb\xd2\xf3\xd82\xc7\xad\xacs\x1c\
Z\xfev\x09\xdd\xfdmz\x93\xb1\xda\xde,\xa5\xeb\xab\
\x5c\xbdv\xab\x0e\xa1\x89\xe2\xa4\xa3.\x8a\x9e1\x06\x09\
\x22J\x14\x8b\x02b,\x88(\xc6\x82\xf7\xa8\x89\xa8\xa3\
\x1e\xe3\x0b\x1b\xea@#cDA\x83\x86\x00\xa2\x88\x18\
1\xa8JU\x08\x08*\x06\xc4\xa8\x1aK\x88{4\xc9\
<\xf5\xfa\xcb&\xdcx\xc5\xb8\xb2\xaa\xbe\x8e\xa2\xe8\xa3\
\xb6\xaa\xad\x88G\x01A\x9e\xcdd,\x18\x8bD\x11\x9a\
\xf4\x09\xb3K\xf8\xc5\xcb\xf8Kk\x84\x8d\x97\xd0\xe3'\
_\x09\xb0\xd8\x19\x5c\xbc#F\x06\xa1\x09\xa1\x05\x00\xb1\
\x00\xc6\x08&\x82(A\x93\xae\x84\xfe\x22a~A\xc3\
\xea\x05\x89&\xc3S\xff\xe3w?\xfc\x0f\xbd\x93\x96\xe1\
\xd7\xf0o\x96\x00\x00\x00\x00IEND\xaeB`\x82\
\x89PNG\x0d\x0a\x1a\x0a\x00\x00\x00\x0dIHDR\
\x00\x00\x00\x18\x00\x00\x00\x18\x08\x06\x00\x00\x00\xe0w=\
\xf8\x00\x00\x06/IDATx\x9c]\x96\xd9\x8f\x1c\
W\x15\x87\xbfs\xebVW\xf7t\xcf\xbee\xbc\xcc\xd8\
N\xc6&1\xde\xe3Mrb\xcb\x89\x90x DA\
\xe2\x81W\xa4\x10!\xf9!\x12\xfc\x1bHH<D\x96\
@\x11\x22 \x90\x90\x08\x02\x22\x88\x82\x85\x1f\x8c%o\
\xc4K\x1c\x8c\x97\xf1\xd8\xb3\xd8\xe3\x99\x9e\x9e\x9e\x9e\xae\
\xaa[\xf7\x1e\x1ez<,%]U=\x9ds\xeaw\
o}_\x09\xbd\xe3\xfd?\xfc\xc1\xfb\x1f\x0c\x0f\x8f\xbc\
\x95;\x17+\x22\x8a\x0ab\x10\x89\xc0\x18\x10AL\x84\
\x22\x04U\x10\x83\x0a\x80(@P\x15U\x08\xa0!\x04\
|P777\xff\x87\xcf\xfe\xfc\xf1\xf7\xec{\xef~\
\xf7\x83M[\xb6~{j\xfaq\xc8\xb3\x5c\x82*\x0a\
\x9d\xa2b@L\xa7\x09\x22*\x82\x06U5\x064\x10\
\x82\x8a\xaa\x12B\xe8,\xef\xc5\xb9\x9c\xbc\x9d\xc6\xd5\xde\
\xfeoM\xbe\xb8\xdb\xda8N\xde\x99~<\x13V\x1a\
+x\xef\xf1A\x01\x9eO\x08\x08\x0a\x18\xd3i\xe6C\
@\x9d\xc3\xd8\x18\x17<\x1a\x02\x1a\x94\x10<E\xe1(\
\xf2\x9c\xac\xdd\xe6\xe1\x9d/B\x9af\xdf\xb4\xf5z\x9d\
^1\xa6pN\x0b\xefY\xaf\xdfi\x02\x88\x18\x14\xa1\
\xd9nRd\x19O\xa6\x1fH>4\xa6\xfd\x95\x84\xbe\
RLT*\x13\xbc\xc7\x17\x0e_\x14di\x9b\xe5\x85\
'\xd2j6H\xb3,\xd84M)g\x19y\x9em\
LoL\x04\xd2\x99<K\xd7H\xd7Z\x0c\xf6T\xb8\
7\xf3\x84\xc6\xd3y\xdc\xf6]\xe2\xb2\x84\xb0\xb8\xa26\
^&I*\x98\xc8\xd2n\xadR_xB\xd6n\xad\
G,b]\x9e\x93\xa6m\xb24%h'\x8a\xbcH\
qyN\xe12\xf1\xce\xe9\xc1=;Yn\xac\xe8\x1b\
\xaf\x1f\x95_N=@\x8a\x9cJm\x1b\xbd\xc3\x87%\
I\xa0\xbdt\x83\xfa\xecM]k6)\x5c\x06\x22\x10\
\x02\x22\x82\xc9\x9d#m\xa7\xa4iJ\x9eg\xac\xac4\
\x18\xaa\xc5\x94\xa3\xc0R\xbd\xc1\xf0\xf0\x10\xa5\xa4\xcc\xb9\
\x8b\xd7e\xfe\xe93\xdd1>\xc6Z\x9a\xd3\xf5\xc2V\
\x5c\xb1\xc6\xea\xc2\xbfh\xad\xb6h\xd4\xebx\xef:\xc5\
\xb5\x93\x84\x88\xc1\xe6YF\x14\xa7dY\x8a ,>\
[ \xf2\x19G_\xdd\xcf\x8e\xed\x13j\xad\xa5\xdeh\
r\xe2\xc8~\xbakUi\xa6\x19\xf1\xda\x0c\x0d{\x8d\
\x5c\xfbh\xd7\x1f!\x1a\xd0P\x10:\xa7\x0c\xef\x03b\
\xa4\x13w\x9e\xe7\x9a\xa5)y\x96\x91\xa6m\xf2,\xe5\
\xe9R\x83?\xfe\xf5\x22\x8f\x1e\xcf\xf2\x9d\xb7\xbf\xc6k\
G\xf6\xe1\xbdg\xea\xf1S\xea\xab)\xc3F\xe8Z\xb8\
\xa2\xd9\xd25-\xc5\xaa\xc3C\xdd\xea\xc5\xa0\x12A\x14\
Q\xae\x94\x09! \xc6`\x9d\xcb1y\x8cs\x0e\xd5\
@\xf0\x9e\xe0=\x83C=|er;\x1f\x7f\xf2\x19\
\x00\xfd}=\xdc\xbdq\x97\xccyL\xda\xe2\xfbg\xde\
\xa5V)\xe1\xbd\xa7Z\xad25\xbb\x9bJb\x111\
\x9c\xfd\xe9\xcfi6\x9b\x98\xc8b:\x9b\x99\xe3\x9d\xc3\
\xbb\x82<\xcf\xe9\xaa$\x9c:\xb6\x8f\x8b\x97?\x97;\
\xf7\x1fq\xf7\xe1,ss\xf3\xbc\xfd\xe61\x9d\xdc1\
\xce\xe2\xd3\x05\xce\x9d\xbf\xc0\xf8\xf8\x04I\xa5\xc6\x9f\xce\
_at\xb0\x8f\xe3\x87\x0fR\x8e#n\xdd\xfe'I\
\xa9DQ\x14X\xe7\x1c\x91s\x14\x85\x03 \xcbR\xf6\
\xbe<\xc9\xcd/\xef\xf2x\xfe\x19]]\x15\x86\x06\xfa\
\xb8\xbf\xd8`d\xb0\x97\x81\xee\x8aN\xbc\xb8]\xde8\
u\x82O\xffv\x81\xf1\xad[8y\xe2(\x8ff\xe7\
\xb9v\xf3w\x0c\xf6T\xd9\xbai\x94v\x9a\xa2\x08\xf2\
\xca\x91\xd3yR\xae\xc4y\x96)@c\xb9N\xb9\x14\
\xf1\xe6\xe9STk\xdd\x84\x108\xb4o7\x97?\xbf\
%\x17.]\xe7\xcb\xdb\xb79~\xf2\x04\x87\x0f\xeec\
jz\x86\xd5\xb8\xc2'\x17\xaf\xe1\xa6\xef\xb1m\xb0F\
$\xd0l\xaej)Np>`\xbd\xf7hPT;\
\xab\xd2\xd5E}\xf1\x19\xbf\xf8\xd5o\x18\x19\x1d\x93\xbd\
{\xbe\xaa\x07\xf6\xec\xe2\xd9b\x9dV\x9a\x13\x97b\xbe\
q\xf2\x18\xc9\xe8f\xec\xf0(\xba\xb2\xcc\xce\xfe.|\
k\x0f\xc7\x8f\xbe\xca\xcd\xdbw\xf8\xd1O\xce\x92$e\
B\xa1X\x0d\xa0(\x22\x9dcem\xcc\xe0\xf0\x08\xcb\
K\x8b\xccLOQ\xe4)\xf7\x1e<\xe4\xd8\xe1\x03\xbc\
vt\x1f\x1f\xfd\xfa>\xc3\xa3#|\xf4\xe99vm\
~\x81\xbd\xdb73\xb8s\x82\xb54cm\xad\xcd\xf5\
[\xb7\xb1\xd6v\x06FTv\x1ex=\xafT\xab\xb1\
/\x0aE\x84<\xcbh\xaf\xb5:$R\xa4\xb1\xbcD\
\x08\xaa\xd5\xae\xaa\xbc\xf3\xd6\xd7\xb9t\xe92\xe5\x91M\
\x5c\xbdr\x95\x976\x8d\xb0e\xeb\x16\x86\x06\xfa\x99\x99\
\x9d\xa7\xda\xd3C\x9af\xfc\xe3\xc6--%eR/\
*\x93\x07N\xe6\xd5Z-.\x0a\xa7\xedV\x8b<O\
\xb1\x91E\x8c\xe9|\x8cbh7\x97i\xf6\x0c\x12\xc7\
%\xca\xe5\x84\xa5\xe9)\xba\xfb\x076 WD%l\
d0\xcb\x8b\xc4\xe5\x8a&\xa5\x12\x05\x864\xaa\xa8\x15\
\x04\x97g4\x1b\xcb(JlcL\x14=\x87\x15\xaa\
\xa8)%\x12\x1f9I\xd1;Hs\xb5Iu\xffq\
|\x14c\xf2\x948\xb2D}\x83\xd8\xcb\xe7\xa9y\xa7\
\xdaU\xc3\xe5\x0eI\xaa\xf8R\x0f2\xb1\xfbXV\xe4\
i\x09\xd0\xb8\x94\x10E\x11&\x8a\x90u\x1a\xaa\xaaz\
U\xf0^0\x11\x1a<\x1a\xc5\x18\xd6\xcdf\x8c\xa2*\
\x04U\x89\x13\x82\xb1x\x89p=#\xact\x0f\xa9\x0d\
\xde\x8b\xaab\xadE\x84\x8d\xcd~.\x04\x11#VD\
\x89lG\x106f\x9d\xe9\xeb\xca\x14T\x8cjd\xf1\
&F\xe32\x1a\x97qc;p\xa3[\xc4\x22x\x11\
\x89\xbc\xf7*\xc6\x88H@6h(\x1d:\xae\xbb\x97\
\x8d\xe6\xcf\x89)\xaa&B\x05\x14C\xb0\x09\xbe\xd2K\
\x9e\xf4\xa8{\xf9\x90\x94\x92\xc2\xd9V\xb3\xf5a\xad\xb7\
\xe7=\xef2\xbc\xf7\xa8\xae\x13\x17\x10dC\x1c\xd0\x91\
?\x22`,\x22\x16lI\xb4T!\x94k\x84j\x1f\
E\xcf0E\xff\x08\xc5\xc4$\xd1+;\xc8~\xfb\xe1\
\xcf\x04\x18\xa9\x0do\xfbqR\xe9:\xad\x1a\x8cj\x10\
]\x7f\x03U\x11\x04\x15\x89@\x8c\x88Y\xff\x01\x88b\
\x91\xb8\xac$\x15\xb4\xdc-\xa1{@]w?\xbeo\
\x00\x1d\xe8#\xaa\x95\x9d\xbf\xfa\xf7\xbf$\xbf?\xfb\xbe\
\x8c\x8d\x1d\xea\x9a\x9b\xbbb\x81Q\xc0\xae\x9b\xfe\xb9\x92\
\xf9O&\xffs\xff\xff\xe7\xff\xbe\x14h\x03s/\x9d\
9\x13\xfe\x0d3\xa3S\xc4\x07R\xa2\x8f\x00\x00\x00\x00\
IEND\xaeB`\x82\x89PNG\x0d\x0a\x1a\x0a\
\x00\x00\x00\x0dIHDR\x00\x00\x00 \x00\x00\x00 \
\x08\x06\x00\x00\x00szz\xf4\x00\x00\x0a-IDA\
Tx\x9cm\x97o\x8c\x5c\xd5y\xc6\x7f\xef\xb9w\xee\
\x9d\x9d\xd9\x9d\xfd3\xbb\xf6\xdak\xd9x\xc1P\xefb\
\x03\x8e1^ @)\x8e\x8b\x88Q\xaa\x80+\xa5\x95\
R\xa1(\xf9\x12U\xed\xa7\x0a5R\xa4&\x9f\x225\
\x11\xea\x87$m\xda\x8aPZ\xa5&PBb\xb7F\
\xb4.\x09\xa4\xa1\xc4\x09\xc6^\x1b\x83k\xdaem\xef\
\xff\xd9\x99\x9d\x7f\xf7\x9es\xde~\xb83\xc3V\xaa4\
W\xe7\xcc\x99;\xf7=\xe7y\xdf\xe7y\x9f+\x00w\
<\xf0\xf8o\x1e\xfb\xf4\xa3\xdf(\x95\x06\xf6\xab\x12 \
\x22\xaa\x0a\x22 \x06\x10Q\x11D\x04\x8cQEDD\
P\x04UE\x110\x064\xbbU\x01\x05\x11\x11\x05P\
\x05\xaf\x8a*X\xafv\xb5R9\xff\xef\xa7O?}\
\xe1\xd5\xe7O\xcb\xf4}G\x1f:\xfe\xd9'~R\x1e\
\x1b+\xcc\xcd_\xf3\xd6:\xc9\x1e\x0a \xd93\x8d\x01\
1\x88\x180\x92\x8dbD\x01\xd5l\xab \xaadA\
T\x15U\xc5{\xdf\x1b\xbd\xf78\xebH\x936\xc5\xd2\
\xa0l\xd4\x9b\xad\x9f\x9f\xf9\xb7\xcf\x84w\x1f8\xf0\xad\
\xc1\xe1\xe1\xc2\x85\xd9K\xa9S\x02\x9b\xa68\xafd[\
\x10\xb2}\x98\xceT2T:c7\x90v\xeeQ\xf5\
d\xc7\xd7\xec\xc4\xde\xa3\xda\x0dn\xb1\xa9\xc5\xa6\x09W\
/_L\x87\xca[\xf2C\xc3\xa5g\xc2 \xcc\xed]\
XXT\xef}h\xadSkm\x0f.\xe8\xa2*\xa2\
\x19\xaa\xbd5\x90\x0c\x19\xc09\x87\xa8GM\x80\xb5\xb6\
\xf7\xc7np\xef\x1d6\xb5\xb84!M\x13\xd2f#\
\xbc:\xfbkm6[\xb7\x84\xd5\xcaz04R\x96\
4M\xd5Z'\xd69|7:d\xf9\xed\xc4T\xcd\
\xd2\xa1 \xea\x95V\xb3\xce\xd2\xb5yY\xaf\xd7\x19\xb8\
i\x0f#8\xf2\x85\x02\x8aA\xbdC\xbd\xc7\xab\xc7;\
\x87MSl\x9aP_\xafPYYBQIZM\
\x09[\xed\xb6&IB\x9a\xa6X\xe7q\xceu\xc0\x17\
\x10zH \x06c\x0c\x8dz\x9d4i\xeb\xea\xd2\xa2\
xg\xa9\xad\xad\xb2\xe1!\xb9y\x8a\xa5S/\xb3c\
\xe7N\xf29O\x14\x17\xb3\xfc;\x8bs\x8e\xa4\xdd\xa2\
\xb6\xb6J\xbdV\xc1{\x87\x09\x02P\xc4\xd84%I\
\x12\x92$\xc1\xa6\x09\xce\xda\xde\xe5\x9d\xef\xe58m\xb7\
X\xb8>O`\x9b\x0c\xe6\x85\xc7~k\x06\xeb!\x17\
\xe52v\xf8\x94\xa1\xed\x07E\xfa\xf6\xc8z\xcdS\xad\
\xd6h56\xf0\xde\xd3n5\xa8,/\xd2\xa8\xad\xb3\
\x09Z\x00\x8c\xb56\xdb@;!M\xb2\x1c\xd94\xc5\
ZK\xbd\xd1\xa0Q\xdf`\xf9\xc6uY\xbc>/\xf5\
Z\x95#\x0f\x1e\xe2\xfa\xd2\x1a\x8dF\x93cG\xeeg\
\xbdZ\xeb\xc0d\xb0\xdeP\x9a\xd8\xc7\xf6\xa9\xe321\
u\x5cL~LV\x17\xaf\xb3\xba\xb8@\xd2j\x22F\
\xba\xc9\xec\xa0*\x18\xe7,i\x07\x81$Iz\xf3v\
\xab\xc1`\xdep\xe3\xda<\xeb\xd5*A.\xd6\x1d;\
&h\xb5S\x12\xeb9u\xe6\x17\xe4B\xa3\x07\xf7\xef\
\xd5F\xab\x85\x88ah\xd7\xcd4\xebK$\xf5\x05*\
7\xde\xc5Q\xa4ZY\xc3\xda\xb4\x93\xce\x8c]\xda%\
\x941\x1aZ\xeb\xb4\x0b\xbf\xefp\xd69\xcf\xda\xf2\x22\
\xd3\x0f\x1c\xe2\xde\xbb\xf73\xfb\xc1\x9c\xbe\xfd\xeee\xc6\
\xc7F\x98\xbf\xbe\xc4Z\xb5.\xc3\xa5~\xde>wI\
\x9a\xf5\xba\x8a*\xad\x95\x05$\xb8\x8d\xb4\xa9\xcc_x\
\x01\x13\xc6\x18|\x87)\x9b\xe8\xca\xa6\xba\x02\xe4\xde#\
\x9fm\x8fm\xdb\x1eU\xd7\xd7\xb5K\x9bv\xabEe\
m\x95(_`\xeb\x962\x0f\x1e>\x80\x09B\xb6n\
\x19\xe5\xd2\x07\x1f\x12\xc7y\x86K\x05I\x92\x94\x1f\x9d\
<\xadW\xae\xce\xc9\xc4\xcd{ti5\x91\xf2\xc4~\
\xf2\x85-$\x8dur\x01T>\xfc\x89z\x22ra\
FQ\xf5\x0eU%\x0cCi\xb6\x13\x1fZ\x97\xd5@\
\x9a\xa6=\xde&I\x82\xb3)\x03\x03\xfd\xb4\x12\xcf\xb3\
/\x9e\x96\x87g\xee\xd2/}\xfe8o\xff\xfa<\x7f\
\xf9w/\xb2Z\xadS\xab\xb7\xa8\xad\xd7%\xce\x05\xf4\
\xf7\x0fJk\xe5\x82\x9a\x8dK\xcc\x7ft\x96\xed[\xca\
x\x026Ra|\xb4\xc4\xc2\xe22\x83\x03E\x02#\
\xd4\xaaU\xc20+\xde0S\xa8\x14\xe7l\xc6[\x9f\
\xf1\xd6{\x0f@\xb5\xb6\xc1C3\x07t\xfa\xb6\xdd|\
\xfbo\xfe\x1eT9\xb0\x7f\x8a\x93g\xde\x22\xdfW\x80\
\x81\x01\xae}4\xc7\xf4\xe46=\xfa\xd4\x13\x0c\x0d\x16\
y\xeb\xec9>\xf5\xd0}8\xefx\xe9\xd579x\
\xfbm\x9cy\xf3?9\xfa\xf0\xfd|\xfd\x1b\xcf\xb0\xb2\
\xbcL\x1c\xc7\xa8\xd7\x8c\x056M3\xa9\xb4\x16\xe7,\
\xd6Y\x04X]\xad\xb0\x7f\xef$3wM\xf1W\xcf\
\xbd(+\x95*\xe7\xdf\xff\x90s\xe7/\xf2\x85'\x8f\
R\x88\x02\x16WV)\x14\xfa\xf8\xc1\x89\x17\xe5\xd4k\
g\xb0^\x18.\x8f\xf2\x1f\xe7\xde\xe3K_\xf9&\x7f\
\xf0\xc4\xa7y\xfe\x9fN\xf1\xcc\xd7\x9f\xd6\x97O\xbe\xca\
\xf9\xf3\xb3\xf4\xe5\xf3d\x82\xe71Y\xe0\x0c\x01\xef]\
&D\xde\xd1l\xb58x\xe7\x14\xf7\xdc9\xc5w\x9e\
=!\x12\x844\x1a-v\xef\x9c\xe0\x97\x17\xae\xc8\xf7\
\x9e\x7f\x89?|\xea\x09\xfd\xe2\xef}F\xdb\xed6\x0f\
\x7f\xf20\xad$e\xdb\x96Q&w\x8c\x13\x18\xc3\xd1\
\x07\xeean\xfe:\x07\xf7OQ\xa9\xd6\xa4<8\x00\
\x80W\x8f\xfa\xacW\x18\xeb\x5cvr\x9b)\x96\xef|\
\x0f\x83\x80\x9d\x13[\xf9\xc7\x1f\xbdJ;uX\xe7\xb8\
:7\x0f\xea\x09\x03\xc3\xdd\x9f\xb8\x83\x0f\xff\xfb#\xae\
\x5c\xb9J\xbb\x9dr\xfb]w\xea#\x0f\xde\xcb\xf7\x7f\
\xf8\x0a/\xfc\xcb\xeb\xdc\xb4s\x07\xd3\xd3{\xf9\x87S\
g\x18\x1b\x19\xe2\xc8\x93Oq\xef\xc1\xfd\x94\xfa\x8b\xa4\
I\xd2i\x5c\x1e\xb9\xf5\xaeO\xb6\x87F\xcaQ\xa3\xd1\
PP\xbc\xcb:\xd7\xf2\xd2\x02\xbbo\xda\xc9\xef\x1c{\
\x14E\xa8\xd6\x9b\xd2l\xb6t\xdf\xd4\x1e\x16\x97W\xa9\
\xac\xad\xcb\xcb\xa7_\xa7VYC\xf1<\xf0\xf8\xe3\xec\
\x19.2{e\x0e\xf2}\xbcy\xf5\x1a\x8b\x1f-\x10\
&\x1b\xb8\xca\x22\xa5|Dcc\x83-c\xa3\x8aB\
\x98\x8b\xa4\xd5N\xbcq\xcek\x06{\x07\x16\xf5 P\
(\x14\xb88;\xcb\xb7\xfe\xe2;\xbc\xf2\xcf\xaf\xc9\xa5\
\xf7>\xa0\xd9\xd8\xe0\xd0\x9d\xd3\x18\xe0\xd9\x17N2:\
:J\x7f\x7f\x91b_\x1f\x7f\xfeG_`\xb9\x0d\x03\
\x937\xf3\xb5?\xf92\x93;\xc6\xf9\xdc#\x87\x98\xb9\
e;3\xfb\x7f\x83\x9f\x9d<\xc1\xb1G\x8f\xd0j'\
\x98\xac\xa1\xa1\x80Q\xd5\x9e2\xd2m\xb3\x08\xf9B\x91\
\xb1m\x138\xe78\xf7\xab\xb3\xfc\xfc\x17osu\xee\
\x06\xdf{\xee\x04\xcb\xcb\xcb\x1c?\xf6\x08\xcb+k8\
\xe7\x18,\xf5C\x14q\xdb\xde[\x88\xa2\x1c\xef]\xbc\
La\xf9\x1a\x8f\xdd\xb3\x8fo\xfe\xd9\x9fr\xc7\xbei\
\xac\xf3,\xaf\xae\x11\xe5\xa2\x8e\x18e\x9e\xc1\x80JO\
\xa3\x04D\xb2>\x1f\x869raD_\xb1\x9f(\xce\
S]\xb9\xc1\xa5\xf3\xef\xf0\xc6[\xbf\xe2\xc7\xaf\xbd!\
;\xb7\x8f1\xf3\x89\xdbY\x5c^e\xfa\xd6I\x16W\
\xd6\xf8\xca\xd3_C\x96\x16(\xe5\x0c_~\xeas\xa4\
^\x09sY\xf1:\xe7\xb8\xfc\xc1\x7f\x11\x86A\xcf\xc6\
)\x06\xd9}\xfbL{x\xa4\x1c%I\xfb\xe36\xa1\
\xd0n7i5\x1b\x1d\x13 \xe2\x9cc}mU\xbd\
s\x8c\x8eo\x97\xfe\xd2\x10_\xfc\xfc\x93\xfa\x83\x1f\xfe\
\x98v\x9a\xc8\xad\x87\xef\xe3\xa5\xef~\x97\x83\xf7\x1c`\
\xb4\x5cfdd\x84\xd1\x91a\xea\xf5:g\xdfy\x97\
c\xbf}\x84\x7f}\xfd\x0d.\x5c|_\xa3\x5c\x88\x06\
9i&\xce\xcb\xee}3\xad\xa1\xe1r\x9c&\x89\x9a\
\xc0\xe0\xac\xa3Q\xafa\xd3\x94 \x08:\x16\xac\xe3J\
\xbc\xa7\xd9lh\xbdV\x91(\xc8\xb1u|\x9c8\x17\
\xf0\xfe\xd5\xff\xc1\x01\xa5\xbe\x18k=*\x82v\x8dM\
.\x22_,\xd2\xa87\xe8/\x16\xc9\xe7\xf3\x9a\xa6)\
\xc4\x05iX\xf5a\xd7f\x89\x08I\xbbE\xa3\xbe\x91\
iu.\xec\x98O\xb2Q\x81\x00\xedS/R\xbe\x95\
\xc6\xcc\xa7\x98\xbf\xf0Kt\xd7\x1e\x0a\x03\xb3\x90/B\
.\x22\x06\xc4\xa6\x10Eh_?xG\xee\xec\xcf\x18\
\xdc>\xa1\xce:\x9cwH\x90\xc3G\x05|h\x08\xbb\
\x05\xb1Q\xab\x90$\x09\x81\x09\x08\x83\x10c:.X\
\xb2\xa2\xc4\x80\x22\xe2\xd2\x047\xbe\x83\xa0\xaf\x083\x0f\
\xa3\xb5*\xe9\xf4!dd\x0c\xa9\xae\xe1\xc2\x1c\xd2n\
\xe2\x06\x86\xd1(&w\xf6\xa7D\x12\xe0\xc5\xa0\x06\x08\
B$P(\x0e\xe1\x9d \xbb\xa6\x0f\xb7\x8ch\xdc\xa8\
oh\x14\xe7\x09L\x801\x06\x13\x04\x881\x1dk&\
\x22d\xde\xdey\xa7\xaa*\xd2n\xa1Q\x0c\xd6\xa2\x02\
\x12\x84\x88\xf7Y\xca\xc2\x9c\xe2\x9c\xa8d\xeeYry\
\x15\x13\xe2\xc5\xe0L\x80\xc7\x90\x8cOJ\xcd\xe1C\xef\
,\xce;\x02\x13d\x04\xec\xb0 ;\xf9\xc7\xce\x1c\x11\
\x8c\x88\x06A\x90\x15j\xdc\x07\xdeC,\xbd\xdf\x11\xd3\
#\xb4v\xe6j\x02\x14\xc1\x9b\x10\x0dr\x10Fx\x13\
\x91\x8e\xef\xc6:G(\x12\x88\x18\xc5{\xf7q\xb0\xcd\
\xb6M\x15\xe9\x98SA\xc4\xab\xef,8z\xaeU\xba\
V\xcbw\xadN&4b@\x024\x08\xf1a\x8c\xcf\
\xf5\xe1\xe3\x02.\xee\xc7NL\x22\xeduB\xef]5\
\x08\xcc\x88w\x0e\x0dU\xbcz\xf0\x82a\x93>u\xeb\
\xe0\xffB\xd2\xf9\x08=\xa8\x11QD\x91,\xb8\x9a\x10\
\x0d\x224\x17g\x81\xf3\x03\xb8b\x89f\x5c\xd6pz\
J\xdd;g*a\xb5\xb2\xfa\x5cy\xeb\xc4\x1f\x9b\xa0\
\x9d\xda\xa4-b\x0cF\x0cb\xb2\xa0=\xfb(=\xb6\
d\xef\x86]\xd8\xa1\xb3\x81\xacf0\xa1\xaa\x09!0\
\xa2\x12\xa8\x06\x11>W\xc0\xf7\x0da\xfb\xcb$\x83[\
\x90\xc3\xf7\xf9p(\x88\xaa?}\xfdo\x05\x18\x18\xd8\
:y\xa242v\xd4\x08=#BO\xa1\xb5+\x91\
\x99L\x1b\xe9\xbc'\x06\xd9\x0b\xa9\x98\xac\xb2\xc3\x08\xc9\
\xc5h\xd4\x87\xe6\xfb\xd1B\x09\xd7?\x8c-\x8d`K\
#\xb8\x912:X\x22(\x970\xb6F\xed\xfb\x7f}\
\xd2\xbe\xf2\xed\xdf\x95\xad\x93\x93[\x16\xe6\xe6\xb6\x89\xe9\
\xfb\xfd\xb8\xd0\xbfG\xbd7\xa8\x17\x9f5\xee\x8fka\
S\xa7P\x83\x08&\x13\x8fN\xce\x09\x8c\x10\x04\x10\x84\
\x10D\x90\x8bE\xc3X}\x14\xa3q\x0cq\x1e\xe2\x18\
q\xb6\xe9g\xcf\xcf\xf6\xaf\x5c~~\xe4\xfe\xc7\x16\x00\
\xc2]\xbbv\xe5\xbf\x0a\x06\x88\x80\x18\xc8o\xba\xe2\xff\
g\xad{\xf5u\xae\xee\xbc\xb0i\xad\xb0i,l\xba\
/\x10\x80'\xbf\x1a\x01\xe6\x7f\x01\x84\xe0\xde\x0e\xd3\x90\
E\x1d\x00\x00\x00\x00IEND\xaeB`\x82\x89P\
NG\x0d\x0a\x1a\x0a\x00\x00\x00\x0dIHDR\x00\x00\
\x000\x00\x00\x000\x08\x06\x00\x00\x00W\x02\xf9\x87\x00\
\x00\x14[IDATx\x9c\x85\x9ay\x9ceUu\
\xef\xbfk\x9f\xe1NuoM]Cw\xd1M\xd34\
\x934-\x08\x18x\xbc\xa7\x10E\x11\xe1I0\xf8\xf8\
(<\x03\x98\xf7\x04\x09F\xa3F\x90\xa8H|\x98\x80\
I\x0cj$j\x10\x14\x91!BP 2\xd8\xc8\xd4\
(2}\xa0\x19\xba\x19\xba\x9b\xee\xaa\xea\xea\x9a\xeb\xde\
[\xf7\x9es\xf6^\xef\x8fs\xee\xd0$\x9fO\xce\xe7\
s\xea\x9c{\xce>{\xaf\xf1\xb7\xd6\xda\xab\x04\xce\xf2\
\xe06\x0b\x85\xfd\xde\xf3\xc7\xe7|\xe9\xc8#\xdevz\
ooyD\x8c\x11\x10\xa1\xebP\x11\x04\x011 \xa0\
\x8a\x881\x0a\xa0\xb4\x86\x0b\x90\x0eS${\xd7=6\
\x9bR\xc0\xb5\xee\x91\xf6g (J\xd7w \x82\xb3\
\xaas\xf3\x0b{\xb6\xbc\xb8\xe5\xeeGn\xfc\xe7o\xc0\
\xc2\xebp\x96'\x02\xf4\x8c\x1dq\xdcG\xce\xfe\xf0\xad\
'\xbf\xe7\xc4\xd5\xb5Z\x9dj\xb5\xe6\xacu\xa2\x80\xa2\
\xa8\x82\x88\xa4\xd3\x8a b\xba\x88\x15\xc4d\xf7\x922\
'\x22\xa2)\x83m\x06\xb2\x0f\x14\xc0i\x87\xc0\x8c\xc2\
l\x9d\xf4\x03u\xe9{\xa7\x8a:\xc5\xa9b\x93\x98 \
\x0c%,Vx\xf2w\xbf\x9d\xbc\xeb\xe6\x1b\xce\xb6\x93\
/\xff\xc6W\x06\xc6>p\xea\xfb\xef\xfc\xe0)'\x8f\
<\xbf\xe5\xe5xjz\xce\xb3\xd6\xe2\x9cK'hQ\
A\x972R\x223\x82%c\xaa\x9b\x89L\x92\x9a\xea\
I\x956\xf3d\x84\xb6h\xd7\xd6\x1a\xff\xd9\xe9\x1c-\
Z\x928&\x8e#\x17\x06\x81=\xec\xed\xef\x18\xfd\x1f\
\xef=\xf5\xceM\xb7\x8d\x1f\xeb\x1f\xf6\xcec/;\xf1\
]'\x8clyik<=3\xef{\x9e\xc19\xa7\
\xb4\xe5\xd56\xa0\xae{\x87b2\x0aR\xf5\xeb>\xe6\
 \xad/\x14M5\xd8\xcd@\xe7\x99f\x83\xc09\x97\
=OO\xe7\x1c\xea\x1c\xceZ\x9c\xb3h\x92 6\x91\
\x85\xa5E\xff\xb7\x0f=\x10\xafZwp\xdf\xc8\xba#\
\xbe\xea\xaf]\xbb\xfa4\xa7N\xa7\xa7g\x8d\x18\x88\xa2\
\x88$\xb1Xgq\xae5\xe1\xbe\x0ahK\xb8K3\
\x22\xa0\xdam\xcbo\x91.\x99\x96\xa4e\x22\xd9\xbc\xd9\
\xb53\xd6\x89\xaa\xaa\xcb\x88\xb76\xc1YK\x12'\xd8\
8Bm\xa2\x0b\xf3s\xbe\xb3VsA\xf0~_\x9d\
\x0eW\xab5\x89\x93\xc4\x00$IB\x92d&\xe4\x5c\
\xc7\x91\xda\xc4\xa7\xd2\x96.gk\x13\xdc\xbeo\xfb\x8d\
\x88\x11\x15\x04\xe7,\x88\xc1:\x8b\xb5\xb6\xad`\xd1\x96\
\xb3\xba\x16\x13\x8a*.\x1bgm\x82K\x12\x928&\
\x89c\xea\xd5EY\x9a\x9b&\x89\x9a\xd2\xa8-\xf4\xfb\
\xb5Z\xcd4\x9a\x11\xd6&\xa8\xd2\xf9\xc8)\xae%\xa9\
n\xea\xd3\x85EDT\xbb\x0c\xad=R\x11\x11\x83\x18\
!\x8e\x22\xaa\x8b\x0b2\xb1k'^X \xc8\xe7\x19\
\x1d\x1e!\xc8\x17\xda\x92\x15\xe9\xd6\x96CUE\x9d\xaa\
s6\xd5@\x92`mB\xdclR]\x9c\xa7\xbe\xb4\
H\x12\xc7\xa9\x7f\xc4\x91\xf8q\x14i\x1c\xc7X\x9bJ\
\xc0Z\x8b\xb3\x0e\xa7.c@\xbai\xcf\xd8\x11\xcd\x1c\
\xb1\xeb\xaf\xb4\x91*j.\xb30;\xcb\xe2\xc2\x1cI\
\x14\xb1g|\x17\xb9B\x0f\x85s/d\xef\x83\xbfd\
\xd0E\x0c\xad\x1a#\x08\x8b\xa9\x963\xe9\xf3\x16\xe7\xb5\
I\x82\xb3\x09Q\xb3\xc1\xd2\xfc\x1c\x8d\xe5\x1a-ok\
\x8d\xf7\x93$!e \x95\xbaMR\xd5\xb5\x10\xa8c\
\xe3\xdd&\xd3\x0d\x83`<\x83u\x8e\xe5j\x9d\xda\xd2\
\x02\xb3\xd3\xd3\x84\xa1\x8f\x88\x10\x04\x01\x9e\xe7\x81:r\
\xfb\xadcA\x1d\xf3\x8bV\xbc^\xa3\xde\xfcn*\xbd\
\x83x~\x90:l\xca\x8c\xb6\x19\xb0\x09\x8dZ\x95\xea\
\xc2<q\xd4l\xab[\xbbDi\x9c\xb3\x9a\xc4\xa9\xdd\
\xa7\xf6\x9f\xb4\xd5\xdb>]\xea\xd4\xadE\x9cK\x19\x14\
D\x9c:\xe6\xe7f\x99\x9e\xd8\xcd\xec\xd48kF\x07\
\xf4\xa2\xf3>B3J\x08\xc3\x5c\x86\xef\x99v\xa3H\
D\x1dc\x87\x9dN\xbe|\x80,U\xeb\xcc\xce\xcc0\
?=A\xd4\xac\x03\x8asV\x9c\xb3$qDmq\
\x81\xc5\xf9\x19\x92$J\x05\x989{\x1b\xbaR\x064\
%\xbau\xda\xa4\xcd}\xf7\xb5\x85\x08\xaa\x0eH\xed{\
vz\x8a\xc9];e\xd7\x8e\xedr\xec\xc6C\xf8\xdf\
g\x9d\xc6\xe6\xa7\x9egth@?z\xe6\x07\x98\x9e\
\x9d\xc3\xf7}\xb4\x05\x89\xea\xd4\xcfU$\x8ab\x0a=\
\xab\x19Ys\xb2\xf4\xaf>I\x0a+\x8e\x90F\x1c\xc8\
\xe2\xdc4I\x9c\x105\x9b,\xce\xcdR[\x9ao\x87\
b\xed\x92=\x80\x18\xd3b\xc0\xb5%\x1f\xc71\xa96\
\x92.md&\xe5\x14\x11\xa1\xb9\xbc\xcc\xde\xc9q\x99\
xs\x87,-\xcc\x13\xf8>\xb9BQ7\x1e~\x08\
\xdb\xde\xd8I\xa1X\xe2\x8ak\xae\x93?8\xeam\x9c\
t\xc21L\xcf\xcc\xe1y^\x86\xf5\xa9\xfd\xc6\xb1C\
KE*k\xd6\xe3\x05+Xs\xe8\x079\xe0\x88\xd3\
\x09\x8a\xc3\xcc\xcfL135I\xa3^\xed\x82\xea\xce\
\xb1/t\x0bF5\xb5\xb7n\xa2\xdb\x1a\xc9\x9e[k\
\xa9U\x17\xd9\xf6\xf2\xcb\xec\xd8\xfe\x06q\xd4$\x9f\xcf\
S(\x96T<_\xcb=%V\x0c\xf4\xf1\xd2\xab;\
\xa8T\xca\x04\xf9\x02_\xbd\xfa\x9f8\xe7\xc3\xa7\xea\x91\
\x1b\x0e\xd1\xe5F#\x0d\x1d6\xc1\x0bK\x8c\x1eu<\
\xf5\x99\xed4\x1b\xca\xd0~\x073\xb5}3sS\xaf\
\x92\xab\xec/K\xf3\xd3\xd8$\xc9\x90)\x83\xd6\xae4\
\xa3\xa3\x824`\xfa\xea\x5c*\xf9$\xc9\xb0\xb7\xe5L\
\xa9\xbd\x19\xcf\xb0wr\x82w\xbcm\x1d\xe7\x9fu\x0a\
w\xfe\xeaa\xb6\xbe\xb1K\x8b^H!\x9f\xa7\xbe\xdc\
d\xdd\x9aU4\x1aM\xa6f\x16\xa8T\xca\x12\x06>\
S{\xa7\xf9\xfb\xef\xdd\xc8Q\x1b\x0e\xe1\xfe\xfb\x1f\x00\
\xe7\xf0\xc2<\xd1r\x95 \x07\xb9\xe2(\xdb\x1e\xfe.\
\x93\xfd+P[%\xb6\x01\xb9\xc2\x8a4\xcc\xa4$\xd3\
\x85\x19]\xb4wt \x22\xf8\xdd&\xe42\xefW\xe7\
\xc4ep\xa6\x91\xd2\xac\xd7x\xfa\xf9W\xc8\xe5B\xce\
9\xf3\xfdT\x97#\xee~p3\xaf\xee\x18g\xb9\x19\
\xc9\x86C\x0e\xd47\xc7'i\xc6\x96\xe5FD\xb5V\
#\x9f/Pm\xc4\xf2\xc0#\xbf%\x0c\x02T\x95\xc6\
\xe4n\xd18\xd2\xe6b$\x89\xf6R\x188\x94f}\
\x07&7\xc2\xf2\xe2V\x02\x01\xc4\x13U\xa7\xd2\x0e\x88\
\xfb\xe6M\xdd\xe9!\x902\x10'\xdd\x8ejq\xeaP\
\xa7\x1d([\xae\x93\xcb\xe7y\xe8\x89\xe7x\xf8\xb7\xcf\
q\xe2\xf1\xef\xe0\xec\xd3O\xa2\x19;~z\xe7\xaft\
lt\x90{\x1e|\x8c\x15\x03}l<l=\xeb\xf7\
_\xc5\xca\xe1Ar\x81\xa7\xbf\xbc\xff7<\xfb\xf43\
\x92/\x95\x09\xff\xfd\x16]\x9e\x99\x91\xa9\xd7\x1e\xa59\
\xb7\x9dB\xe5`\xb4\xbc\x9a\xc6\xdc\x16\xc66\x9cGu\
\xcf\xa38\xf7\x1a\xc6\xf3\xdb\xa9E\xcb`Z\x81\xbf\xed\
\xcaY:\xe3;\xe7\xb4\xe5\xb8-\xc8t\xce\xa9sN\
\x9cu\xc4qD\x1cG\x80\xd2\xdf\xd7\x8b\x18\x8f\x87~\
\xf7\x82<\xf6\xd4\x16=\xee\xa8\xc39\xef\xacS9r\
\xe3\xe1\x181\xe4\xf3!\xd5jM\xb7\xbc\xf2\x9a<\xf0\
\x9b\xc7\xd9\xbekB\x9cU-\x14\x0a\xc4Q\xc4\xc6\xb7\
\x1f\xc5sOn\xe6\x85\xfb\xae\xd5\x81\xd15r\xf0{\
>\xc0\xe4\x0b\xff\x8e\xb3KH\xa9L\x1471\xc6\x90\
\xd8\x14\xb5|/\xcdz\x93\xc4\xa2\xceb\xcc>\xe5I\
\xe6\x03\xaam\x13R\xd7\x95\x039m\xe7-\xa9O\xa4\
\x1a1\x08C+\x06\x88\x13\xc7#\xbf\x7f\x9eSO~\
\x17===\xbc\xfd\xf0\x83\xf5\xe2K\xaf\x92\xed\x133\
\xf4\xf7\xf5\xe2y\x1e\x95\xfeA\x92\xa8\xc9\xf4\x84C<\
\x9f\x85\xf9E\xe6\xe6\x16tl\xbf5\xe4\x0b\x05}\xee\
\x17_\xa1\x90\xf7)\xf7\x94\x19\x7f\xf2\x9b4\xa2\x98Z\
\x13\x19]QBmB}\xb9\x81\xb3\x96B. \x08\
\xf2\xd4\x96\xaa\xed\x846+\xadR\x0d\xb4\x02\x97\xaaK\
\xd3\x08g\xc5\xb5RZu\xedl\xce9\xc5\xf3\x85z\
\xbd\x81\xe7\x09\xdf\xfb\x9b/\xf1\xc0\xa6G\x98\x9e\x9ea\
\xdb\xeb\xdb\xe5\xab\x9f\xbf\x90\xef\xdf\xfc\x0b\xb6l\xdbA\
OO\x89f3J]M\x0c\x22\x86\xbd\x93\xbb\xb8\xe9\
{\xd7p\xf8\xa1\x07\x12\x04\x01w\xdc}?\x0fm\xfe\
=\xdf\xba\xf2R\x8c\x11\xa2\xc4\xf2\xcd\x7f\xbeI_\xdc\
\xfa*7]\xfb\xff8\xe3\xfc?'\x89c\xfe\xedG\
\xff\xa8\xe7\x7f\xfa26?\xfe\x04\x95rO\x9ank\
\x9a\xee\x18\xe7\x12i!\x90s.K\xa3\xdd>Q\xb8\
e\x8f\xc6\x08\xf5\xfa2\x06\xa7\xdf\xb8\xecb\xee\xfb\xf5\
\xc3\x5c{\xfd\xad\x14\x8a\x05\x9e{\xe9u\xbe\xfew\xd7\
\xf1\xa9s\xcf\xe0=\xff\xed(\xc6'\xf6\xa48\xedy\
\x88\x18\xa28\xc6\xd5\x17Xn\xd49\xf6}g\xf1\xd3\
\x9f\xdf\xcdG\xfe\xe84\x0e>p-+V\x0cr\xf6\
E_\xe4\xd7\x8f=\xc9\xd5\x97\xff9\xb3\xf3\x8b\xec\xd8\
=\xc1U\x97^\xa2?\xfc\xfb\xaf\xe9\xa6\xcd\xbf\xe7\xbe\
\x076Q\xee)\xa6 \xd3\xf2\x0f\x05\xe3\xackc\xbe\
kUb\xcev\xce\x0cV\x8d\xa4\x92\xcf\x05\x1e\x7fs\
\xf9%\xdcu\xcf\x03\xdc\xfco\xf7\xcb\xca\xd1Q\x99\xdc\
\xb3\x97#7\x1c\xc2\xd6\x9d\x93|\xf6+\xd7p\xd2\x1f\
l\xe4\xe2\x8f\x9f\xa9s\xb3\xb3\xcc\xcc\xcea\x9d\xa3X\
(\xf0\xfc+\xaf\xca\x1f\x9d{!\xdf\xfd\xdb\xafp\xde\
\xd9g\xf2\x89\xcf\xfc\x15A\x98c~~\x81\xfb\x1fy\
\x92o\x5c\xf7\x13\xacu\xec\xbf\xdfJ>s\xc55\x1c\
\x7f\xcc\x91\x02\x86\x0b.\xfe\x82\x0c\xf6\xf5v\xea\x132\
\xeb@1i\xe2\xe4:\x08d;D\xb7N#B\xb5\
V\xa7X\x08\xb9\xea\xf2K\xb8\xfd\xae{\xb9\xed\x97\x0f\
\xca\xca\xd1a\x92$abj\x9a\xc1\xfe^zJ%\
\x9c\x09\xe5s_\xfb\x07\x92\xe62\x97_\xf2'\xfa\xbf\
N\xfbC\xf5}\x83s\x8e\xa1\x81>F\x86W\xf0\xed\
\x1f\xfc\x84\xd7w\xbc\xc9G>t\x0ac#C\xec\xde\
\xb3\x17f\x17\xe4\x84\xa37\xe2y\x86\x17\xb7\xbe\xc6G\
?\xf4\x01\x00\x0d}#}\xe5\xa2\xda.KP\xd7\xb9\
\x1a\xa7N\x9d{\x8b\xe4\xd5\xb5\xf3\x17T\x89\xa2\x88\xe1\
\x15\x03\x5cy\xe9\x9fq\xcb\xcf\xef\xe6\x17\xf7?&k\
V\x8f\x91$\x96 \x08\x18\x9f\xdc\xcb@_\x05g\x13\
\xf2\xb9\x10'>7\xdd\xf1+9\xee\xe8\x8d\x5c\xf2\xa7\
\x1f\xa3\xaf\x5cbfv\x9e\xef\xfe\xedW\xf5\xf1{o\
\xa7\xbf\xa7\x87\xd1\x91!|#\xac^9\xc4\xda\xfdV\
r\xe3\x8f\xfeN\xff\xe9\xeb_\xe0G\xb7\xdc\xc9\x19\xef\
{7\x9f\xf8\xe8\x99|\xe8\x9cO\xca\x01\xfb\xaf\xd6\xab\
\xbe\xfc\x05\x16\x16\x97\xd2\xdaA[\xd5\x5c\xaa\x09\xe3\x9c\
\x93v\xbe\x93\xc1W[\xfa\x9a^\x13k)\x97\x0a\xfc\
\xec\xf6\xbb\xb8w\xd3\xe3\x14\x8b\x05\xa6\xa6\xe7X\xaa\xd6\
Q\x94\x89\xa9\x19J\xc5\x02\x9e\x11\xc6'\xa78\xed\xbd\
'p\xcdW>\xcb\xd7\xae\xfe\xb6|\xf8\xdc\x8b\x98\xda\
;CO\xb9\x87\xaf\x7f\xfbz\x9e\xd9\xf22\x9f\xfb\xf4\
\x9f\xf2\xb3;\xef\xe5\x82/\x5c\xc9\xfdO<\xcb}\x9b\
\x9f\xa6\x7fd\x84\x8b\xfe\xfa;\x5cv\xed\x8f9\xe6\xc8\
\xc3\xf9\xd4\xa5\x7f\xcd]w\xdc\xc3eW\x5c%\xc5\xc0\
c\xa0\xb7L3j\xb6\xd2\x0a\xc9\xea\x01\x95\xd1u\x1b\
k\x07\x1dzXqqqQ[\x05E+\x909\x97\
\xe6BK\xf3\xb38<N9\xf9D\xce\xf8\xe0{\xd9\
3=\xc7\xcc\xec\x02;wO\xb2kb/{\xa6\xf6\
\xf0\xf9\x8b>\xce\x0fo\xbe\x8b\x8f\xfd\xf1i\x94\x0b!\
\xdf\xf8\xc7\x1f\xc8\xe4\xcc\x02\x85|\x8e\xb9=\xbb\x09\xf2\
%J\x1b\x8fF\xa6'\x08\xa2&\x11BS\x0d\xc5\x9e\
\x0a\xdb&\xa61\xbd\xbd\x04\xf9\x02\xa5f\x9d\xb97_\
\xc7\xd8\x84\xa8^\x85\xe5*\xb9b\x91\xbe\xde>\xf5\xfd\
\xb4\xc6p6\xa1T\x19\x94\xa9\xc9\xddVF\x0e\xd8P\
[\x7f\xf0a\xc5\xc5\xa5E%\xe5L;L\xa4\x1a\xa8\
.-\xb28;M\xb9\xd2\xcb\x9a\xb5\xfb\xb3v\xff\xd5\
\xac\x19[\xc9\x9a\xb1U\x0c\x0c\xf4c\x8c\xe1\xb0C\x0f\
\xc23\x86\x9f\xdcr\x07\xb7\xdc\xf5\x80\xf4\x94+\x14\xf2\
9\xa2\xa8\xc9\xf8\x8e\xd7!,p\xef\xed\xd7\xb3n\xcd\
j&\xf6L1\xb3P\xe5\xd7O<\xcd\xe7\xfe\xef9\
\x1c{\xf1\xe5\xbc\xb6u;\xd1\xf8.\xa8/\xd1\x97\xf7\
\x99\xdf\xbb\x87/~\xe6\x22\x9ezn\x0b\x9b\x1e}\x82\
U\xc3\xc3\xea\x9c\x03\x11l\x92P\xea\x1d\x90\xa9\xc9\xdd\
\xd6ooa\xa8\x22\xa4\xc4\xef\x93H\x01\xf9|\x01\xd7\
\xdb\xc7\xfc\xdc\x1cs\xcf\xcc\xb2c\xe7n\xc9\x97*\x80\
\x92\x0b\x03\x06\xfb{\xf5\xcb\x9f\xff\x14\xfd}\x15^y\
}'A.O\xa9T\xa4\xd9h\xb6\x03`\xb9X\xe0\
\xf0\x83\x0e\xe4\x8b\xd7|\x8fo}\xfff\xd8o\x8co\
_z\x113s\x8b\xcc\xee\x98\xe0\xc2\x93\xff;\xebV\
\x0d\xf1\xe6\xf67\xb8\xe1\xc6\x9b\xb8\xe0\xdc\xb3\xb9\xea\x8a\
\xbf\xe2\x91\xc76\x13E\x11/\xbe\xfc\x1a\xc5B\x1e\xeb\
\x5c\x96\x1b\xa5[:\x86,I\x92V\x8e\xd7\xde>\xcc\
R\x101x\x9eO\xa1\xd8\xc3\xe0\xd0\x08\x85b\x89\xf9\
\xe9=\xd4\xe6\xf6P\xe9)\x11\xe6\x8bZ(\x14\x99\x9d\
\x9b\xe7\xcf\xfe\xf2\x0a\xfe\xe2\xc2\x8f\xf3\xb6\x83\xd62;\
7\x8f\xef{Y*\x90\xb0b\xa0\x0f?\x08\xf8?\x1f\
=\x93Mw\xfc\x90\x8f\x7f\xf8\x14V\xf4\x96\xd9\xb1\xe3\
Mtr'\x07\x0d\x16\xb0\xb5\x05\xae\xfe\xda\x97\xb8\xe0\
O>\xc6@\x7f?\xce9v\x8dO\x92\xcb\xe5x\xeb\
\xd1\xca\xebL\x9b\x9b,I\xealO\xa5E\xba\xc9\x82\
\x91\x1f\x84\xe4\x8b%*\xbd\x03\xe4\x8b=\xcc\xce\xce\xf0\
\xca\x0b\xcf\xb0w|\xa7\xe4B\x9f\xa7\x9f\xdb\xc2\xce\xf1\
i\xb9\xf2\xea\xef\xf0\x17\x9f<\x875+\x87X\xaa\xd6\
\xf0}\x8f(\x8e\x19\x1a\xecC\xc4\xf0\xe3M\x8fp\xdd\
\xadw\xf1\xc8=\x0f\xb2\xb6\xb7\xc2+[_a\xc3\xea\
a\x06\x87\x86\x88\xe3\x84\xb9\xf9y\xa6g\xe6\xd9\xf4\xe8\
\x13Xk\xf9\xe4g/\xe5\xe1\xcdOR*\x15\xdb\xd2\
o\xd1\xaa\x80\xf9\x0f\xfb>\xd9\xfb\xb4^H5b\x8c\
\xc1\xf3}\x9cMh6\x1b\x84aH\xff\xe0\x90\x06\xb9\
<{'\xc7yh\xd3\xaf\xb9\xf5\xce{X\xb3zL\
\xb7\xbe\xb1[\xfe\xe1\xbb\xd7s\xd9\xa7/\xd0\xbeJ\x89\
\xe5\xe5&q\x1cs\xd8\xfaux\x9e\xe1\xfb\xdf\xf9\x17\
~\xf6\xe3[\x18\x7f}+\xc7l8\x84\x1d\xdbwp\
\xdd\xb5\xd7\xb0j\xe5(/m\xddF\x7f_\x1fI\x92\
p\xd4\xc6\x0d\x04A\xc0\x99\xa7\x9d\xc2\xd8\xe8\x08q\x9c\
t\xeab@\xb3\xfdY\xd3\xcd\x91d\x19\x9e\xb4\xb6\xd0\
\x00c\xd2\x81\x8d\xe5:\xcd\xc62\x9e\xef\x11\xe4r\x84\
aNz\xca\xbd\xf4\x0d\xac\xc0Y+\x93ong\xc7\
k\xdbd\xa0\xbf\xc2\xef_\xd8\xc6\x0d7\xff\xab\x5c\xfe\
\x99Oh_\xa5\xa8\x22\xc2\xd4\xd4\x147<\xf0(\xa2\
\x96\x8a\x17S1\x96\x9bo\xfd9\x8f\xff\xee)\xae\xfa\
\xe6\xb54\x9b\x11\xef<\xe6hn\xf8\xe9\xad\x14\x8b\x05\
\x9e|\xe6Y\xee{\xf0!\xce\xfc\x9f\xa7\x12\x86A'\
\xb5\x96\x8e\x84U\x04\x19\xda\xff\xf0\xda\x01\xeb\x0f*\xd6\
\xebuM\x03\x05\xed !\x92\x16\xef\x8dz\x0d\xeb,\
\xc6x\xb4\x93\xc1l\xf7\xcdYK\x92\xc44\x1a\xcbZ\
[Z\x94 \x08\xd8\xef\x80\xf5\xd4\x1b1g\x9ez\x92\
Z\xa7\xfc\xcb\x0d7I\xaeXb\xb9\x7f\x84\xc2\xd2\x0c\
\xc4M\xfc \xa4Z\xadQ\xea)\x91$\x16TI\x9c\
CD\xc8\x87!\xc6\x18\x1a\x8d\x06\xd6Z*\xe52\xb9\
0T\x9bU\x8a\x89M\xc8\xf5\x8d\xca\xf4\xe4n+\xc3\
k7\xd4\xf6_\xb7\xbe\xb8\xbc\xdca \xdbSf\xb9\
^\xa7\xd9\xa8#\x22x\xc6\xcb\x1c\xbc\xbd3\x97\x05\xc5\
4\xe0\xd9\xc4j\x14G\xd2h6pK\xf3TF\xc7\
P\x15\x02\x1c\x8d\xc4b\xfc\x80\xb8^\x05?\xc0\xf7<\
\x8c\xe7\xe3\x07~\x96\xe7{`<\xc4&\xe9|~\x98\
\xd6\x03A\x80\x88\xa8\xb3.\xdb\xcbR\x1c\xe9\xf6g\xb0\
b\x8d\xcc\x8c\xef\xb0F\xbblHU\x11#Xk\xa9\
..\xd0\x5c\xaec\x8c\x87\xe7\xf9\x881\x18c\xd2\xab\
\xe7\xa5~\xe1\x99\x94\x10?\xd0 \x0c\xf1s9Ja\
@p\xfe_R\xcf\x97h\x0a\xd4\xff\xf0\x0c\x08\x03\xd4\
\x13\x18\x18\x22(\x16\x91\xfeA\xa4P\xc0\x869\x5cO\
\x1f\xb6P\xc2\xd9\x84xp\x98\xfa\xf1\xefG\x93(5\
\x0f1*\xe2!\xc6\x87\x8cI\x8c\x07^\x80\xcb\x97p\
~\x88/\xed\xfdN\xc5`h,\xd7\xa9\xd7\xaa\x00x\
\x9e\x87\x18\xd3F\xa3\xd6\xb6\xb9t\xdd\xa7\xea@,\x82\
4\x16\x88\x8f~\x17\xcdw\x9fNh<\x92\xa1\x11\x5c\
P\x80\xd1\xfd\xf1\xab300L\x229D,b|\
Lu\x1e33I\xf3\xed'\xe0\x8f\xbfA\xd27\x8c\
\x99\xdbK\xee7ML\xb9\x88\xf1\xfc\xb4\x19b\xda\x9a\
\xcfz\x13\x8a\xcb\x97!\xcc\xe3\xb7*OUeii\
\x8ef\xa3\x81\xef\xfb\xa9\xbdg\x8d\x0b1\x9d\xaeL'\
^\xb4\xe2D\xfam\x92\xc4\x10\xe6p\xfd\x83\x94n\xfe\
\x16vt5\xd4k\x84/=L2\xbc\x1aoq\x06\
W\xac\xe0U\xa70S\xbb W\xc0\x0d\x8c \xf33\
x\xe3\xdb\xf1vl\xc3\x89O\xb8\xe5w\xa8\xf1\xf0\xfd\
@%\xf39T:\xc4\x1b\x0f\xf5\x05\x8a\x154( \
Ck7T\xc7V\xaf)MM\xecVk-~\x90\
\x12o\x8c\xc1Hj2b\xcc[5\xd0F)\x04\x9c\
u\xc4I\x0c\xc6 Q\x13\x92\x18DP\xcfO\x17N\
\xe2tq\xdfG\x9c\x05/\x00g\xc1\xf3\xd39[\xcd\
\x0d#\x80A\xfd\x80 \xc8)bP\x11\x1cFTD\
\x9d\xf1p& 1>\xf6\x90\xe3d\xe1\x85\xcd\xd6\x17\
\x84\xe5Z\x8d\xa8\xd9 \x97\xcfg\xb5f'\x1a\xb7\xb4\
\x00\xdd\x11\x9a.m(\x9e\xe7\xa9\xef\xfb\xa9S\x87y\
Q\xe9\xec\xfb\x93u\x0a\xb2o4e\x1e\xa5\x05\x18d\
\xfb\xcd\xad.O\xb6\x8b\xac\xa40\x89\xf1@<EL\
\xca\xb8\x9f\xc3\xf9y\x92\xe11\x5c\xa9\x82\xaf\xa8\xa4x\
\xef\xa5\xf6\xdc\xd5\xbf\x936\xb5\xadHA\xbb\xa5\xd4\xa1\
\xabk\x7f?\xa3\xb7E|\xf6\xbdt\xedK\xb5'T\
\xcd\xd8L\xf9\x11U\xd1\x96`T\x045\x06\x15\x0f5\
>\x18?\xd5\xa6\x1f\xe2rEl\xaeB<<\x86\x96\
*\xf8-3\xa1MKw3\x8f}\x8e\x0c\xffUZ\
}1m\xad)\x1d\x9a\xff\x93C\xda=4\xe9z&\
)\x0f\xa9\xa4\xb5\x95\x87\xa9x\xd0\x22\xde\xf3Q/\xc4\
y\x81\xa8\x1f\xaa\x86y\x5c\xa1BR\x1eB\x87\x87\xa0\
T\x14_U\x13\xe9r\xce}a\xb5\xd5\x97\xd3Nx\
 E\xac\xae \xfeV&;Z\xc9XN\x9dP\xbb\
\xfbh\xd2n\x91\xb5\xfamb@\x0cj\xbc\xf4l\x11\
\x1f\xe4\xd0 \x87\x0b\xf2$\xb9\x12\xb6\xdcO2\xb0\x8a\
\xdcH/\x91\x91\xc8o4\xea\xdb1\xe6\x08D\xd49\
+\x06p\xa4\xa6d\x9c\xe2\xd0\x14\x81\xfe\x83T]\x9b\
\xd0v;<k;ug\xb3\x9d\xce\x8e\xb4\xd2\x94\xb6\
\x19j\xdb\x14\x0d\x8a\x88\x8aQ5^j2~\x0e\xe7\
\xe7pa\x01\xcd\x15\xd4\xe6J\xb8R\x85\xa8\xbc\x02Y\
\xbb\xde\xe5{=\x99\x9f\x98\xd8\xe6W\xe7go\xac\x0d\
\x0e_\xd3S\xe9O\x16g\xa7|?\xc8e\xe2w8\
\xa4\x9d\x0b\xb5h\xec\xb4\xf5\xbaP\xa9e!\xfb\xb4Z\
\xdb\xbf[\xfd'\x10\xa3\x19&+bD\x8d\xa7bZ\
y\x8d\xa7x>\xea\xe5P?D\xc3\x02.\xcc\xa7\x01\
+\xdf\x83-\xf4\x10\x17{\x89zG\x19~\xdf\x91n\
\xfe\x97\xbf\x08\xf4\xc5-\xd7\x0bP\xc8\xf7\xadzx\xe5\
\xda\x83\x8e\xc1%\xf1ru\xc1k\xa7\xa7\xad8\xd0&\
TZ\x86\x91Ai\xcb\x9e\xa43\xbe\x838m\xadd\
\x13\x811*\xc6C\xc5K\xf1\xdc\xf8)\x94z\x01\xea\
\x07\xa8\x9fC\xc3\xbch\x90W\x9b\xef\xc1\xe5{p\xc5\
\x0a\xb6P\xc6V\x060\x07\x1c\xa0\x95\x93\x8ep\x8d\x17\
\x9e\x0ff\xbe|\xe5\x13<\xfb\xaf'f\x8a,\x8e\x85\
\xbd}\xb7\xf6\xaf\x18=\xbeP*\x03\xae]\xa5A\xc7\
Y\xa1SH\xb4\x0a\x9f\x8c\x19\xba\xff\x05A\xc4\x03#\
Y\xd44`\x0c\x18\x1f\xf1C\xf0}\xf0C\x08\xf2h\
\xae\x80\x86E(\xa4\xc4\xdab\x99\xa4\xa7\x0f[,\x91\
\x94+hO\x0f\xdaS\xc0\x14B\xfc\x9e\x10O\x96\xa9\
?\xfc\x08\xf5[o\x7f\xbc0\xfe\xecY\xef\xbc\xf8\xfc\
)\xe9_u\xe0\xea$Z(\xd4\x97\x96\xd6X\xeb\x9d\
\xe7\xe7\x0a\xc7\xf9a\xbeGUM\xdaN\xea4\xa4\xdf\
\xca\x0c\x9d\x00O\x0bER\xbb\xa3\xad\xb5\x94\xa3\xb6\xe9\
\xa4\xcc\xb4\x98\x12\x0f<\x1f\xf5\x03I\xcd'P\xf5\x03\
\xc1xh\x18B\x10\x82\x1f A\x00I\x92\xb8\xa9\xbd\
3L\xec\xdc\x5c.\xd4~P\x18=d\x12\x8dk2\
22R\xaaB)i4\x8a4\x1a4\x9b\xcd2\x90\
\x876\xcc\xc8[\xa8\xd5\xae\xfb\xeek\xf7X\xfe\x8b\xdf\
\xdd\x9c\x93\xad\xd5\xdd\x04{\xab\xcb\xd9\x00\x22\x09Y\xea\
\x19\xde\xaf\xbe\x5c\x18$\xcc\xbb\xfa\xfa0\xacv/ \
\xbc\xfb\xdd\xde\xd1\xd5\xaa<\xd5z\xb2\xbc\xdcy\xffb\
\xeb\xa6\xd0\xb5p\xd7{\x0a\xba\xefo\x80H T\xd6\
GBo\xafk\xcf\x17\xad\x11\xc2rg\x9eh)\xfd\
\x1d-\x09\xeb[\x0f\x0f\x82\xf2@:\xa6\x7f\x95\xb2\xf2\
`\x85\x87\xe0\xc5\x17\x95\xdbn\xb3\xadQ\xff\x1f\xa99\
\x82\x81\xc6Ca\x1a\x00\x00\x00\x00IEND\xaeB\
`\x82\x89PNG\x0d\x0a\x1a\x0a\x00\x00\x00\x0dIH\
DR\x00\x00\x00@\x00\x00\x00@\x08\x06\x00\x00\x00\xaa\
iq\xde\x00\x00!AIDATx\x9cm\x9by\
\x9c%eu\xf7\xbf\xe7\xa9\xe5\xae\xbd\xf7\xf4\xcc\xf4l\
\xcc0\x03\x0c;\x08\x0c\xe2\x0e\xa2\xb8&*`\x88D\
dO\x14$\xa8\x09.D%*\x06EC\x94$\x18\
QqA\x05\x05C|5\x01DvD\x19\x96\x19\x18\
\x18\x98}\x9f\xe9\x99\xee\xbe\xdd}\xf7\xaaz\xce\xfbG\
-\xf7\xf6\xe0\xfd|\xba\xab\xee\xad\xbaUu\xce\xf9\x9d\
\xdfY\x9es\x05\x00\xbe`\xe0:\x0b0\xe7\x887\x5c\
p\xf4\x91\x87\xff\xcd\x92E\xa3'\xf5\xf4\x94\xca\xc68\
\x80\xa0\x88\x00 \xaa\xaa\x88\x88\xa8j\xf2\x99#H|\
N|9\x11$9\xa4\xf1\x07\xa4_G\x11\x8c(\x08\
\xaa\x9a\x9do\xe3}ALv+\x10D\xc0\xa6\x87P\
\xd5\xf4\xc2\x08FP\x8d\x1f\x044\xde\x17\xd0\xf8Z\x82\
\x8a\x88\xb5\x91\xceLW\xeb\xdbw\xec\x5c\xbd\xfe\x85\xb5\
?\x9b\x5cs\xdf\x0f\x04B\xe5\x1c\x07~\x11I*|\
n\xce\xf2CO8\xf9\x94\xff:\xeb\xcc\xd3O?\xe6\
\xa8\xc3\x11 \x0c#kU%\x13D\xe3m\xfc\x08\x92\
\xec\xa7\xc2\x09\x88\x88\x82\xc6\x8f\xdd\xd1\x99f\x0a\x11\xe2\
g\x94D1\x1a\xeb@\x04%>\x14\xdfB$=\x94\
\xa8(U^\xa6H\xcd\x8e\x88$\xa7&\xcf\xa8\xd8\xce\
\xb3\x8a\xb5VE\x8c\x04\x16^\xde\xb8\x99\xdf\xdf{\xdf\
\x1f\xd6\xde\xff\x9bK\xa4\xbd\xf7E\xe5\x0bFD\x04\x7f\
d\xc5\xd2U\xa7\x9c\xfa\xd8\xa5\x17\xff\xcdh\x7foO\
\xb8n\xfd+r`bJ\xdaa\x88\x8d\x22I\xae\x8b\
\xc6\x8f\x1c[x\x96u\x011\x99\x90\x19X\x8c\xc9\xde\
\xa7\x86\x131\xa2\x80J\x22\xbff\xb2%\x17B\x11\x11\
\xd4\xaa\x8d?L\x04\xd2\x0c1:{\xbf\xa3\x80\xe4s\
km\xba\x950\x08\x14\xd0b\xb1\xa0\xcb\x96/\xb7n\
\xae\xe4\xddy\xfb\x8f\xc7\x9f\xbb\xef\xbf\xdfDXY\xe7\
\xaa\xaa\xbbb\xc5a?\xfc\xd0y\x1f\x18u\x1c\xd3~\
\xf0\xd1'=\x9b\x5c\xccFVU\x15\xabJ\xf6\xa0\xa9\
\x02\x04R\xd4\xc6\xc2\xc6B(\xd2A\xa9\xb5\x99R\xf4\
 \xd7H-\xd6\x11$\xbdT\x17\xe0\xba\x8ei\xfa\x0d\
M\x9eM-\x92Y[;JQ%J\x15\x10E\xe9\
\x9f\xec\x9f\x9e\x92\x1d[\xb6\x98C\x0f;<x\xeb;\
\xde54\xbeo\xf7\xcfv\xac\xbe\xf7T\xb74\xff\xc8\
sV\x9d\xfc\x9a7\xcc\x19\x1e\x0a\x1f\xff\xe3\xd3\x9e\x18\
\x03QD\x18\x86D\x91\xc5\xaaE\xad\xa6>\x8a\xaa\xa8\
\xa2]r\xccr\x05\xed\x86i\x07)\x1d\xa19H\x01\
\xe9?\xab(\x92\xc1\x09\xb0\xb3\x95Ng\xbf\x83\x80\xd8\
0\xaa6\x86~L\x16\x1a\x85\xa1\xc4\x08\x88\x15\x10E\
\x11Q\x18bP}\xfe\x99\xa7\xbc\xa3N<9<\xec\
\xe8c\x8f\xd9\xb5\xf1\xa5\x8b\xdc\x91\x919\x17\x1c\xb9\xf2\
p\xdd\xba}'A\x10b\x1cC\x10\x86\xf1\x97\x22\x8b\
\xb56F\x80\xb5\x80`c\xf0&\xa4\xd7\xf5J\xe1\x9f\
\xedk\xe7=\x1dBL\xfc<SA\x97\x90\xd2\xf1\x02\
y5\xe4;\x1a@\xe9:f\x15\xd5XY\xd6ZP\
+Q\x14\xa1j\x89B\x8b\xb5!6L\x0cjC\xa2\
vK7\xae[+\xc5\xdeA-\x14K\x1fv{{\
z\x8f\xcd\xe5<\xd9=6n@\x89\xc2.\xad%\x0a\
H\xdd \x83j\xc6S\xb1\xac\x9a($FC\xf7\x87\
]\x96\xefh\xaa\x03\xe7Y\x16\xed(Rb\x0e\x9c\xa5\
\x80n\xd8\xbcJ\x01XP\x88\xa2\x08\xd4\x12\x86\xf16\
\x96!$\x0a#\xa20 \x0a\x02\xda\x8d\x9a\xd4\xa7+\
\xa6\xb7\xd1\x10\xd7\x98\xc3\xdd0h\xf7\xd7\xebM\x82v\
\x90A>\xca\x14\xa0\xa8F\x09\x02b\xc3XM\x01\x9d\
\x08\xdb\xb1z\x87\x16REu|z\xd6+Ub\x1a\
N\x1d\xd7A-X\xb5\x18\xe3\x10\x84\x016\x0c;.\
\xa4\xb3\xeet\x90\x0bh\x86\x16\x1b\xc5h\xb5Q\x88Z\
K\x14\x86\xb1\x02\xa2\x90\xa0\xd5\xa2^\x9d\x91\xea\xf4\x94\
\x1ac\xa8OW\x08\xdb\xcd\x92\xdbn\xb5\xa5\xd9j\x11\
\x85\xa1D6\xc2ZK\xba\xb56\xc2\xda.\x0bI\x17\
!I\xba\x93P\xb5Jw\xd8J\xb5\x93}'\xfd\x86\
h\xec\xec\xc6\x18D\xa0\xddj\xca\xd8\xd6\xdd4jU\
\xbcb\x09\xda\x01\xf3\x17-\x16\xb7P\xd0\xb0\xdd\x8e/\
\xd3\x85\x8e\xcc\x0d\x12W q\xcf\xd8\x05\xa2X\xf0(\
\xc2\xda\xd8\xefm\x18\xd2n\xb5\xa8\xceTh5\xea\xd8\
(\x14c|\xb5\xd6\xa26\xc2\x0d\xc3\xb6\x86A\x18\x0b\
\x9d \xc0F\xc9\x9fM\x090\x86\x9dt?\x8bv|\
9U\x8e\xa4iR\x22\x7f\x92\xbat\xc1\x02\xc41\xa0\
\xca\xcc\xf4\x14S\xe3\xfbi6\x1b\xec\xdf\xbb\x9bV\xbb\
M\xa9\xd4\x87\x9e\xf6f\xa6\xf6\xee\xd2\xfe\xdd;\x99\xb3\
`1\x8e1D6\x9c\x85\x80\x83-\x9f\x85\xbf(\xc2\
Z\xabQ\x18J\xaa\x80V\xa3Nmf\x8a\xa0\xd5\xcc\
l\x15+-BUq\xa30\xd2v\x10\x10E\xaa\xd6\
Z\x89-\x9f\xfeu\xdf \x89\xdd]\xecvp\x92\xd2\
\xed\xb5\x10\xbbK\xaa\x081\x86\xc8FT'+T\xc6\
\x0f\xd0\xa8\xd7\x10\x01\xdf\xcf\xe1\xba\xae\x86Q$\xdaj\
Pz\xfd\xdb\x896\xbf\xcc\xfa\x9b\xafgrf\x8a9\
CC\xf4\xf6\x0fc\x1c\xa7\xcb\xeat\xac\xaf\x9a\x11a\
\x14E\xa8\x8d$\x8aBl\x14Q\xaf\xce\xd0\xa8N\x13\
e\xee\x14\xc3R3x*\xaeU\x9b\x84\xbcPb\xe8\
X\xc2(\xea  \xf3\xb9,\x03LS\xe2$\xbc\xa5\
\xfa\xe8P[\x92\x99b\xc4\xe0\x18C\x10\x04T'\xa7\
\x9980F\xadZ\xa3\xb7\xb7\x87|!O\x9c\xe9\x08\
j\xad\xd8\xc8\xa2\xaeKT\xaf\x81\xb5\xa2Q[\x0b\x83\
+DK\x83\xec\xd9\xb9F\xfb\x06G\xc8\xe7\xf3\x18\xc7\
\xc4a\xcfv\xa2\x81v\x12\x1fl\x14\x11\xb6[\xb1\xf0\
\xb5j\xc7Emf\xb0\xee \x84\xab6M\x18\xacF\
Q$\xe9Ef! \x85\x8d\x98\xec\x82\xa2\x92\xed'\
\xa8O\xf3\xd8\xd8\xbf\x11m6\xeaLW&\x99\xaaL\
\x12\x86\x11g\xbc\xe1\x14\x8eY\xb9\x82\x9b\xfe\xebv\xfa\
\xfbz\x09\x82\xa0Ki\x09\x838.\xd6\x86\xea\xe6\x8a\
\xb2\xf0\xe8s\x98\xd9\xfb,\xf5\xfa\x14V-\x9e\xe7Q\
\xee\xe9\xc7\xcf\xe51\xc6d\xc2\xc7\xaej\x89\xc2\x80\xa0\
\xd5\xa4:U!h7\x99e\x91\x041\xa0B\x07H\
\x18P\xc20\x22\x8aBI\xc3\x9f\xcd\x10\x101[!\
QF4V\x137\xe9p\x85&q@k33\xba\
g\xc7v\xd9\xb5}\x8bD\xad:\x9f\xbe\xe2#,^\
8\x9fg\xd6\xae\xe3\x8c\xd7\x9f\xac\x1f\xfa\xc0;80\
1\x89\xe7y]\xa4\x16\xdf\x07\x90(\x0c\xa48\xb0\x90\
Ze\x9cb~\x84\x05+\xde-\xc3K\xce\x90\xf2\xd0\
J\xaa33T\xc6\xf7Q\x9b\x99\x22\x0c\xc3$L[\
\xa2(\xa4Q\xab2S\x99 h\xb7\x90\xd4X\x1d\xa6\
\xeal\x84,#5\xaa\xda\x15\xf6\xa2$tt\xdew\
\x84\xb7\xaf\xda\x8f\x13\x0e\xc5\x18!\x8a\x22&'\xc6u\
\xd7\xf6\xad2\xb6{\xa7\xd8(P\xd7\xcb\xe9\xe1+\x96\
q\xe2qGQ\xadUu\xba\xd6\x96\xcb>\xf1y\xb9\
\xe8\xbc\xf7\xf1\xc6SO`\xa22\x85\xeb\xba\xdd\x89.\
\x16\xd4bqM\x8eH\x95\xd0upr\xc3\x18q\xe9\
\x99\xb7J\x0e=\xe5\x22Yt\xcc\xb9\x12h\x9e\xe9\xc9\
\xfd4\xeauZ\x8d\x063\x95\x09\xaa\xd3\x15\xa2(J\
\x92\xad.\x97L\xdd2\xe1g\xc9\xea\x93X\x01\x9aF\
\x80T\xe8\xb0[!\xdd\xcaH\x05\x0f\xe3\x9b\x18#\xb4\
[-\xf6\xef\xdd+;\xb7n\x96\xc9\x03cbD(\
\x95\xcb\x14\x8a%\xdaA\xc8\x89\xc7\x1e\xc9\xf3/\xbe\xcc\
\xfe\xf1iF\xe6\x0c\xeb\xce\xb1\x0a\x9f\xbe\xeek\xfc\xf3\
5W\xb0xt\x0e3\xb5\xba\xc4%w\xf2\xb8V\x11\
\x8bF6\x22\x8c\x5c\x82\xb0\xcd\x82\xd3N\xc7\xf8y4\
t)\xe4\xe7088\x97e\xc7\xbdG\xf2\xa5\x11\x1a\
\xb5i&\x0f\xec\xa763\x9dd\xab\x07%N\xd9+\
\xcdT\xbb\xb33\x89\x11`#Kd;\x0a\xb0aD\
\x980i\x94\xc0>\xcb\x0e\x93\xf0\xb1w\xcf^vl\
\xdd\xca\xd8\x9e\x9d\xd4\xaa\xd3\xf8\xbeO\xa9T\xc6\xf3}\
\x15\xe3(b0F8f\xe5\x0a\x9e[\xf7\x0a^.\
'A\x182w\xee\x08\x0f\xffq-\xb7|\xffvn\
\xfa\xf2\xa75\xe7\x1a\x0d\xc2 -\x0e\x89\xfb\x04V\xca\
#\xcb\x99w\xc2I\xd4\xf6\xadc\xfb\x9f\x1eah\xe9\
\xeb\x98w\xc8\x0a*\xfb^`\xf3\xba\xdf\x13\x85Mr\
=\x0bezr?Q\x14v\x8a\xac\xaeTY3\xb7\
\xd7\x0e\x19\xa6\xa2'e\xbc\x01:)c\x97\x90\xa9R\
:iqH\x14\x86\xb4[m\xc6\xf7\xed\xe1\xb4\xe3\x0f\
c\xb0\xafH\xb5\xd1$\x97/j\xbePP\xe3\xba\x18\
\xc7\xc5q]\xc2\xc822<\xc8\x9c\xa1~\xd6\xbe\xb8\
\x81b\xb1\x88\xaaJ\x18F,X\xb8\x80\xef\xdf\xf1k\
\xfe\xf8\xd43|\xe3K\xd7\x10\xb4\xdbY\xb7\x04\x1b\xd7\
\xa2\xad\xea$\x03\x0b\x87\x98\xb3\xfc-\xcc\xecY\xc7\x96\
\xa7~\xc2\xce\xf5\x0fR\x9d\xd9Cuj7\xbb\xb6m\
\xa2R\x19Wl4\xcb\xce\xda\xed\xeb\xa9\xe1gg\xa3\
\x9aq\x80\x08.\xb3R\xdf\xc4\xcf5\x8d\x006\xd3\xa2\
j\x5c\xdaNOU\xa8MOq\xcc\xca\xe5\x5cv\xc1\
\xb9<\xfe\xd4\x1a\xbd\xf3\x7f\xee\x97\xbd\x07&\xe9\xed\xed\
#\xe7\xe7@\x84jc\x86\x93\x8f=\x8c\x99j\x8d\x1d\
{\xc6\xe8\xed\x1b\xc0\xda\x08cbr\x9a?\x7f\x94\x7f\
\xb9\xf96y\xed\x89Gi\xce\xf7\xa97\x9bh\x04\xe2\
z\x18\xc7\x97Fm\x82\xfa\x81I\xaa\x13\x07\x98\x99\xd8\
Gk\xe6\x05&v\xf6\x80\x0dh\xb7\x1b\x94\xfa\x9b\x14\
\x0a\x8582\xa9\x9d\x95\x93d!;%\xff4\xfew\
G\x81D-\xaeU2\xe1\xd3\x04\xe2\xd5\x0a\xd0\x84\xa1\
\x85\xea\xcc4\x22\x22_\xbe\xe9V]\xb6h\x1e\x17\xfe\
\xf5\xfb\xe5\xdb_\xb9\x86\xc7W\xaf\xe1\xce_\xffN\xf7\
\xec\x9fdh`@\xac\xb5\x9cp\xccJ\xdd\xb0y+\
\x91\x15<\xdf\xa7\xd9hR\xab7h5\x9bx\xaea\
\xe9!K\xd8\xb3\x7f\x8a \x0cc\x1b\x19C0\xb6\x87\
pr?^\xa1\x97\xa0\x16\xa1n\x1fs\x8f\xfc \xe3\
/\xb7\xc8\x97F\x10\x7f\x88\x99\x03\xeb\x89\xda\x13h~\
n\x16z\xb3|;I\xd12\xd2\xcb\xb4\xf0j^P\
\xc0U\xd2D\xa8\xe3\xe7i\x88#m\x86X\xcd\xea\x82\
V\xa3A>\x9f\xd7y\xf3\xe6\xb1o\xb2\xc6\xe7\xfe\xe5\
\xdf9l\xe9\x22.<\xef}\xfc\xdbu\x9f\xe4\xc9g\
_\xe0\x97\xbfyP\xf7\xec\xadq\xf8\xb2\xc5|\xf7\xf6\
\xbb\xa86Zx\x95\x0a\x03\xbde=\xe6\xf0#\xe5\xc4\
c\x8e\xe0\xf0\xe5Kt\xa0\xb7\xcc#O\xac\xe6\xe9g\
\x9eAT1\x85\x22\x8d\x9f\xfe;\x1a41\x85\xb9\xcc\
\x8c\xbd\xcc\xc4\x96\xdf\xe0\xfb%r\xfd\xc7\xe2\x14\xcbL\
\xedx\x8c\xde\x91\x93q\x1d\x97\xda\xfe?t\xd5\x1a]\
\xa9\xea\xec\xe2\x91\x83\x13\xb5n.tE\xd1\xa8+\x02\
D6J\x04\xb6\x09\x02\xe2F\x83M8\x22\x08\xda\xf8\
\xb9\x9cDQ\xa4\xa5B\x81\xbe\xbe>\xc6\xa6\xea\x5c{\
\xc3\x7f\xca\x8aCF\xf5\xc3\x1f|/7^{\xa5\xfc\
\xf1\x99\xe7\xb5\x5c*`\x80+.<\x9b\x13\x8e:L\
\x87\x07\xfa\xa9V\xab\xac{y\x03?\xfe\xf9\xaf\xe4\xf9\
\x9760Soi\xb1X\xa4^\x9d\xa1\xddlp\xda\
\xe9o\xa7V\xab\xf2\xc8\xbd\xbf\xe6\xf9\xbb\xae\xc5h\x8b\
\xc5'\x9d\x8d;r\x06\x95\x97~N\xd0\x1cc`\xf1\
Q\x08=T\xc7\x9f\xee0~\xa7\xc2\xcc\xd2\xef\x8eK\
t\xe7\x02i-\x1b\xe7n\xae\xaajZ8\xa4UT\
\x07\xfe\x9d\xfeZ\xb7\x92R\x8a\xb5\xc4\xeeS*\x16\xe9\
\xed\xe9\xe5\xc0LC>\x7f\xe3wu\xd1\xdcA\xfd\xc1\
\xb7\xbfJ_\x7f?\xd7|\xfc\x12\x1e\x7fr5\x0f=\
\xfa$\xab\xd7\xbe\xc8\x8e\xddc4\xdb\x11^\xce\xa7\x90\
\xcb\xd3\xd7_\x92je\x223_\x98\x842\xd7\xcf\xd3\
j5\xd4Z+\xf5j\x037x\x90\x89\x1d\x7fT\xbf\
<\xcc\xbe\x1dO\x89\xb6\xa6i\xcc\xecV\xd7/Hd\
\xe3H&\x22\xb8\x8e!\xedE\xc4\xe5}\x84\x934a\
:\x11!\xe9[\x0a\xb8VU:\xd6\xb7Ij\x19\xf7\
\xdc\xe8j\x86XM\xdac\x89b\xba\xcb\xd4X\x1fV\
\xcb\xe52A\x10\xf2\x17\xef:\x13\xe38LV*\x18\
#\xdc\xfb\xd0\x13\xdc\xff\xf8\xb3,[z\x08C#\xf3\
A \x0aC\xc20\x8c\xcdb\x8c\xc4\xc5\x8a\xd0n\xb6\
\xa8T\xa6h5\x1b:\x7f\xde\x08\xae\xe3\xb0\xe3\x99;\
\xb4\x15\x84\x0c\x0e\xcdE\x9a\xfb\x98|\xe9.U\xe3\x12\
\xe2\xd2\x0c\x85\x81\xde2\xa5\x82!\x0c#\x1a\xcd&\xae\
\xeb\xd0n\xb5\xc8\xfb\x1ey/G\xbdQG\xd22m\
Vv\x98&BI\x92\xa3q\xea+\xaavv\xba\x9b\
(\xa6\xd3\x0c\xd0NJ\xadI\xb5'F\xc6\xc6\xf6s\
\xd5\xc5\x1f\xe4\xac7\xbfN>s\xdd\x0d\xec\xdd;\xc6\
W\xbe\xfe-n\xf8\xfc'\xf9\xa7\xab.bff\x9a\
\xb4go\x15\x10\xa3\x22&m\x98\xe3\xf9\x1e\xbbv\xed\
d\xf9\xe2y\xfa\xf8\xbdw\xf1\xca\xd3\x0f\xf3\xe2\x9f~\
\xaf\x8f\xde\xf7?\x1cy\xf4\xf1\xbc\xf3\xac\xb7\xf2\x87{\
\xeff\xed\x13\x0f\xb2\xfeO\x0f\xf2\x7f?\xff.\x97\x7f\
\xf8l\x1d\x9b\xaaq\xe3u\xff\xc8\xef\x7fu\x1b\xc7\x1c\
s$\x9bv\x8eq\xd1\x87\xce\xe6\xb1\xff\xbdS\xcf|\
\xdb\xe9LV\xa6\xb3.S\xa7\x92\x8ew\xdcN\x1d\x9d\
*\xc1\xaaM\x92#\xc5&\xa5fW\xd1\xa1]%e\
\x12#\xad\xb5\x8c\x8f\xed\xe7\xd3W^\xc8\xebO9\x9e\
\xf3.\xfb$\xb5F\x8b\x9er\x91\x0d\xdb\xf6\xf0\xfe\x0b\
\xae\xe0\x07\xdf\xfa\x0aK\x16\x8d\xf2\x85\xaf\x7f\x07\xc7\xcf\
\x93\xcf\xfbDQ\xb2\x94!q\x8f@\x8c\xc3\xb6\x0d/\
r\xff\xcfn\xa6\x5c\xee\xe1\x83\x17^\xc1I\xaf9\x8e\
\x7f\xb8\xe2R\xfe\xf6\xc2\xbfb\xf3\xb6\x9d:g\xce\xb0\
\xdc\xff\xf0\xe3T&\xa7\xf8\xc0{\xcf\xe2\xfa#\x8f`\
\xd3\xb6]\xfc\xe7O\xee\xe6\xbf\xbf\x7f\x13\x97\x9d\x7f\x8e\
\xee\xda\xb3O\xbex\xcdU\xbaf\xfd&\xf9\xf1\xedw\
\xd2S*\xc4\xae\x1bc@T\x93~\xbc\x82A\xa3\xac\
\xfc\xd5\xae\x06\xa8\xd5hV\xa5e\x13Tt7\x22 \
\xae\xf9\xc7\xc7\x0fp\xed\xdf_\xac\xabN8\x8a\xf3.\
\xfd\x04\xadHp\x5c\x97\xf1\x89I\x8e;z%cS\
\x0d\xce\xbd\xe4S8D|\xff_\xbf@O\xc1ar\
r\x0a\xd7qTD4%\xf2$\xf2\xc8\x87.\xbd\x8a\
S\xcf\xfcK\xee\xfa\xed\xef\xd8\xb8e;\xd6Z\x9e\xf8\
\xd3\xb3\xcc\x19\xec\x07\xe0\xfao\xdd\xca\xb9\xe7}\x8cO\
|\xf1\xebXk\xb9\xfcC\xef\xe3\xd7\xf7?\xc2s\xcf\
\xbf\xc8Y\xa7\xbf\x9e_\xff\xf0\xdbL\xd5\x9a|\xe8\xd2\
\xab\x88\x826\xae\xe3v\xb5\xd0\xc8\xb8\x0d\xc0XU\xe9\
\xa4\xbc\x9d\x82'\x8e\x04I\x95\x96\xb6\xc6\xbb\x22C\x82\
%\x99\x98\x18\xe7\x8b\xff\xf0w\x1cs\xc4r\xfe\xea\xd2\
O\xd0\x08\x91\xfe\xbe^\x1a\x8d\x16c\x07&X0o\
\x0e\xa5B\x81\x9e\x81a\xf9\xe8\xa7\xbf\xca\xc3\x8f>\xce\
m7\xfd\xb3\x9ep\xe4R\xf6\xec\xdd+\x93\x95\x0a\x91\
\xb5\x12\xd7\x16\x06\x05~\xff\xf0\x93\xb2pt>\xe1\xbe\
\xf5|\xe7\x1b_\xe2\x9e\xdf\xde\xcf\xad?\xfc\x05\x87-\
_&\x006\xb2\xf8\x8b\x16\xc9\xbaM\xdb0\xc6\xd0\xdf\
S\xc6\x06!\xff\xf6\xfd\x9f\xe1\xb9\xae,\x18\x9d\xcf\xe7\
\xbe|\xa3\xbc\xf8\xe2K28\xd0O\x14\x85Yx\x8c\
m\xdfi\xa9\xc5\xfd\x80n\x01\xadM\xe0=;\x0a\xd8\
T\xf0\x84?\xa2H\x99\x9e\x9e\xe2K\x9f\xb9\x92\x15\xcb\
\x16\xf3\xd7\x97\x7f\x12u|\xe9+\x17\x09\x82\x10Ed\
\xc7\xae\xbd\xbaht\x1eA\x10\xe0\xb9\x0e\x0b\x16.\x96\
\xaf\xdf\xf2S\xd6o\xd8,\xd7}\xea\xef\xf4\xa7w\xff\
\x86\xfd\x13\x15\xfe\xe7\xff\xfd\x9fZk\xc51\x86j\xad\
\x06\x22\xec\xda;\xc6\xa7\xbex\x03\xe7\xbc\xe7\xed\xbc\xfd\
\x8c7\xf1\xce\xb3\xdeL!\xe7\x03\xb0wrZ\xda\x95\
iV\x1c\xb2\x10\x80\x0d[w\x80Z\xce\xff\xc0\xbb3\
r;|\xe9\x02<\xcf\x8d\x89}6a\x8b\xda\xd4\x05\
\x14\x83Z\x9dExiO\xd0v:-\x9d\xaeK\xaa\
\x1ch6\x1b|\xe93\x1f\xd7C\x16\x8er\xc1G\xaf\
\x01\xc7\x97\x9er\x890\x8a\xc9\xd2u\x1d\xdd\xbac\x17\
#s\x86p\x8c$=\x87\x88e\xcb\x96r\xcf\x03O\
r\xc9U\x9f\x95\xcb>\xfcA\xfe\xf5+\x9f\xe5=g\
\xbe\x91Z\xa3I\xbd\xd1\xe0\x8a\x8b\xcf\xd7;\xbew\x13\
\xc6q\xf8\xc6u\xd7s\xdfC\x8fQ,\xe4Y\xb1d\
\x94r\xa9\xa8\xd5Z\x1d\xdfu\xf4mo{\x9d~\xf6\
\x8a\x8b\x00\xf8\xc6w~\xc4?~\xfcb=\xe3\xf5\xab\
\xb8\xf9\xb6\x9f\xeb\xc6-[\xb9\xf4\xc3\xe7\xb1r\xf9R\
\x9d\x9e\x99\xc1$\x1c\x93\x16Jiv\xa8\xaa\x18E;\
5@\xec\xf3q\x14\x88-.I\x88\xcb\x14!@\xb5\
Z\x95O}\xecB\x16\xcc\x1b\xe1\xa2+?\x83\xe3\xe5\
\xa5\xb7\xa7\x8c\xda8\xa2\xa9*\xbe\xef\xcb\xf6]{(\
\x97\x0a\x94\x0a9\x820\xc4\x18\xc3\xfe\xf1\x09\x96.Z\
\xc0G/\xf90;v\xedf\xcd\xdaul\xd8\xb4E\
|\xcf\xa5\xd5\x0e\xe8\xed\xe9\xe1\xdc\x0f\xfc\xa5>y\xef\
/y\xf1\xa5\xa7\xf8\xa7O^\xc1K\xafl\xe2\xc1'\
Vs\xec\xca\x15R.\x15y\xfe\x81_r\xefO\xfe\
\x9d\x85s\xe7p\xf5\xe7o`\xd1\xe8|n\xf8\xdc\xd5\
<\xfd\xfcK\x5cy\xe55\xf2\xa3\x9f\xdfM>\x9f\xe7\
\xfa/\xfc#A\xbb\x9d\xc1=\xeb#\x92\xae8\x13G\
\x81\xac\x9f\x16\x97\xba\xc9y\x16UU\x9b(!\xe9\xfe\
\x88U\xd5\xbc\xef\xf1\xdb{\x1f`\xf3\xb6\x1d4\xdb\x11\
!Mm\xb5\x03\xc9\xe5\xf3\xe4r>\x8e\xe3\x90\xcb\xf9\
\x1c\x18\xaf\xe08\x0e\xc3C\xfd\xec\xde?E\xa52\xc5\
\x9b^{\x02\x9f\xbe\xf2\x22\x1ey\xfcI>t\xd9\x8d\
b\x8c\xd1\xdd\xbbv\xe3{.\xf9\x9e\x1e\xbe\xf9\x9d\x1f\
Sm\x07\x9c\xf9\xc6\xd3(\x16\x0b\xdc\xf5\xdb\xdf\xf1\x9f\
?\xb9\x8b\xb6\x1an\xfa\xe1/q<\x0fc\x1c\xd9\xbd\
gL\x1fX\xfd<\xcf\xbe\xb8Q\xfe\xf9\xf2s\xf4{\
\xb7\xdf)\xdf\xfa\xde\xcf\xf0{z\xb9\xed\xe7\xbfb\xde\
@\x0f\x8e\xeb\xca\xf0`\xbf6\x1a-|\xcf\x9b\x15\xb9\
\x12\x22W)\x0d/\x99>\xf1\xe4U=\xadV[\xdb\
\xedv\xdcpL\xd8\x1d\xb5j\xad\xceZg\x9b\x1c\xdf\
OOo\x1f!\x0e\x1f\xfd\xc8\xb9\x9cz\xca\x89\xbc\xb2\
i\x1b\xdbw\xede\xf3\xb6\x9d\xec\xdc3\xc6deF\
\xdaa\xa83\xd3S\xdc\xfe\x1f_\xe5\xd6\xdb\x7f\xc5\x93\
\xcf\xae\x93k\xaf\xbeL\xdfr\xdaI|\xe5\xc6\x9b\xb9\
\xe7\xbeGexx\x18\xc7u\x98\xdc\xbf\x8fF\xadJ\
\xa9\xdcK\xed\xd0\x95Z\xd9\xbbO\xa2\xb5OC\xbe\x00\
\x18\xf2\xf3\xe6\xe2\xe5\x8a\xcc\xd4\x1a\x8a\xeb\x0b\xae\x8f;\
4H\xb9\xaf\x17\xafQcb\xcbF\xa2FM\x8by\
_\x1cT\xab\x93\x07D\x1b\x0d\xf0=\xe6\x0c\x0f\xab\xef\
\xf9I\xf9\x0b6\xb2\xe2z9-\x94{e\xcb\x86\x17\
C\x17\xab\xd9\xe2g\xcc\xf8qT\xd2\x04#\xb3]\x00\
\xfc\x5c\x9e}\xbbwIo\x7f\x9f\xfe\xfa\x7f\x1f`\xfd\
\x86\x8d,_\xba\x84c\x8fX\xc6\x99o\x5c\x85\xef\xfb\
\xd4\xeaM\xf6\xee\x1fg\xed\xba\xf5\x80\xf0\xae3\xdf\xc8\
\x85\x7f\xfd~\xf5]\x87\xb3?r\x85\xec\x9b\x98a\xf1\
\x92%Da\xdc\x14\x8dS\x01C#\xb2|\xee}o\
\x953\xde\xf0ZrXD\x0c9\xdf\xe5k\xdf\xbd\x9d\
#\x0e]\xca[^{\x92\xbc\xff\xda\xafCo\x19\xdb\
h2\xb3}\x17\xb66\xcdp9\x87\xf5U\xa2F\x0d\
GT\x96\xae<\x8c\xca\xf4\x0cA\x10\xa6\xd5\xbf\x1e\xdc\
\x17H\xf397\xf6\x87\xaeEP\xed\x08\x0e*Y\x83\
!Y\xf9\xf0\xfc\x1c\x85rY'\xc6\xc7\x998p\x80\
W6n\xc6/\x94\x00\x95b!\xc7\xe8\xbc\x11]\xba\
x\xa1._\xb6\x84S\x8e?\x92\x91\x919\xbc\xee\xb4\
U\xdcq\xd7=\x5c}\xed\x0d\xcc\x9f\xbf\x80y\xf3\xe6\
\x11\x86a\x92\x96KR\xad*\xae\xe7\xf1\xb6SO\xe4\
\xa8\x15\xcb\xf8\x8f\x1f\xddI+\x8c\x10\xc7e\xdd\xae\x09\
\xae\xbe\xf4\x02\xe6\x8f\x8e\x10\xf5\xf7\xb2u\xdd&\xec\xee\
]`\xdb\x10\xb6\xf1\xa26yO\x98\x19\xdb\xcf\x13\x8f\
\xdeGoO\x0fG\xafz\x0b\x83CC\x14\xf3\xf9\xd9\
\xad\xa0D\xfct\xad\xd3EPk\xb3\xde\x11\x19K\xa4\
\xc1C;\xcb\xc0\x82\xe08.\x85b\x09\xc78T\xab\
\xd3LM\x8c108$sG\x17#\xae\xc7\xbe\xf1\
i\xd9\xb1g\x0d\x0f<\xfe4\xcdzM\xbf\xff\xed\xeb\
\xd9\xb0q\x93.]\xbcH^s\xfc\xd1\xec\xd83~\
P\xcf.\xbeo\x14F\x0c\x14\x0b\xcc\x9f?\x8f\x17^\
\xd9\xc4\xc7>\xfey(\x96\xa1\xbf\x9f\xe5\xaf=\x8e%\
\x0b\xe6\xf2\xa7\x17^f\xcb\x93k\xb8\xe8=\xa7s\xe6\
i'224\xc0\xb6\xcd\x9b\xf9\xf1O\xef`\xf5\xda\
u|\xef\xd6\x9b9\xf5\x94\x93\xa8LMq\xe7\x8fn\
\xe1[\xdf\xb9\x8d\xf5/o\xa2T,dk\x1c\xdd\xd6\
G v\x81,<\xa4\x96\x8es\xfdl\x1d7\xf9\x08\
#\x18\x0c\x9e\xe7c\xc4`\x1c\x87f\xb3\xc1\xc4\xc4\x84\
V&'dd\xde(CsG)\x95J\x1a\x86!\
\xc5\xf9s\x18\x9d?\x97K>\xfeiy\xc7\x19o\xe2\
\xdf\xbe\xf2\x19.\xf8\xd8g\xa96\x9a\xe4\xf39\x22k\
\xb3U\xa3 \x0c\x18\x1c\xe8\xa3\xb7\xa7\x07\x11\xc3\xddw\
\xfe\x17\xf9\x9e\x1e\x9e\xdb\xb3\x9b{\x1ey\x0a\xcfq\xd8\
\xb2u;~P\xe3\xed'\xadd\xff\xae\xed\xec\xd9\xba\
\x89\x8f\x7f\xf4r\xde\xf9\xb6\xd3Yu\xfa\xbbX\xb4p\
\x01\x22\xc2\x81\xf1\x09zJe\xc2$\xf2\x1c\x04}E\
\xc1&\xb6M\xe6Z\xd2\xb6A\xa75\xd75\xf7\x13\xb7\
\x90\x8d b0\xc6`\x1cW\x5c\xdf'\x97/H\xb9\
\xa7\x8f\xfe\xc1aA\x1cvl\xdd\xcc\xa6\x97\x9e\xa7>\
3%\xadV[\x16\x8d\xce\xa5^\xab\x11Z\xe1\xd6\xdb\
\x7f%\xff{\xff\xef\xb9\xf9k\xd7\xe2\x10\xd1n\xb7\xb3\
Y\x01#B\xbb\x1d0wx\x10\xc7q\x98\xb6\x96\xbe\
\x05#\x14=\xc3\xee\xf5[\xf0\xc6+\x00l\xdd\xba\x8d\
\xd6\xeem\xdcv\xfb\x1dL\xcdT\xa9LM\xb3q\xd3\
\x16\x8c1LLN\xf1\xc5\x7f\xf9W\x00n\xfb\xc9\x1d\
\xbc\xe3\xdd\xe7\xb2m\xc7.\xf2\xf9\xdc,\xeb\x93\xd82\
\xcd\xe9L\xe6\xef\x9dd\xe9U\xaft\xed_$V\x82\
\xe3\x18\x1c\xc7\xc5\xf7s\x9a\xae\xd0\xe4\x0b\x05J\xbd\xfd\
\xd4\x1b\x0d^Y\xb7\x86\x89};u\xf3\xb6\x9d|\xf9\
\x9b\xb7\x10E\xca\xe8\xe8|\xbe\xf6\xed\x1f\xf0\xd2\xfa\x97\
\xb9\xe9\xfa\xcf\xd0n5\x88\xa2\x88\xb4\x16\x0c\x826s\
\xe7\x0c\xa1\x0a\xb7\xfc\xecn\xce\xf8\x8b\x0by\xeb\x05\x7f\
\xcf\xcd7\xdf\xca1KF\xb0\xd6\xf2\xdc\xea\xd5\x5cu\
\xf9\x05\xfc\xe6\xae\x9f2wd\x04\xdf\xcf\xb1\xf4\x90\xc5\
l\xd8\xb8\x85\xe9\xa9iN>\xf18\xac\xb5l\xd8\xbc\
\x05J%\x5c\xb7S\x03d\xd0\xef\x92\x0a\x92\x95\xa1\x8e\
K*\xa8J\xf7\xd2g\x1a>\xba\xc6\x00\x10cTD\
h5\x9b\xb4\x9a\x0d\x1c\xc7!_(R(\x16\xb5\xa7\
\xb7_\xfdB\x91\x03c{y\xfe\xd9\xd5\xac[\xb7\x9e\
\x5c.\x87\xaa2gd\x84\xcf~\xe9\x9bLMN\xf2\
\xd5k\xaf\xd6ju\x06UUc\x800\xe4\xb0eK\
1F\xd8\xb5q3\xa6Ugn\xd1\xc5\xd8\x06\x87-\
\x9c\x1b'Q\x07\xf6s\xd1G\xce'\x08\x02~\xf8\xb3\
_\xb0y\xdbv<\xcf\xa3\xb7\xb7\x87r\xa1\xc0\xa2\xd1\
\xf9\x18cx\xdd\xaa\x939\xeb\xf47tu\x86\xa5K\
<\x14\x91d\x99\x0fL\x87\x18R\x08\xc43|\x99w\
$\x08\x90\x14\x01\xc6`#+\x8dZ\x95 h\x8b\xeb\
\xba\xb8\x9e\x87\xe3\xbax\x9e/\xb9|AJ\xe5\x1ez\
z\xfbE\x15\xf6\xec\xd8\xca\xb6M/\x13\xb4\x9a\xb8\xae\
K\xdf\xc0\x10W\x7f\xeez\xed)\xe6\xf8\xccU\x17\xeb\
\xd4T%\x86\xa2\xe3`\xa3\x80u\x9b\xb7\xb1\xf9@\x05\
W\x03\x9a\x95\x03\xd0\x98!h6xa\xddK\xec\xda\
3\xc6\x7f|\xf76v\xef\xd9\xcbo\x7f\xf1c\xfe\xea\
\x03\x7f\xc9\xfd\x0f>L\xa9\x90g\xde\x82Q\x1e{r\
5[\xb7m\xe7\xc2\xf3?\xc8\xc5\xe7\x7f\x90F\xa3\x91\
p\xc0,\xa3\xc7.`L\xec\xda\xc5\xc1\xc5\xd3G\x1d\
wBO\x10\x06\x1a\xc5\x1d\x1a\x89\x87\x9d4\xa9\x9cR\
.\x8ci\xb3\xddn\xd2\xa8\xd7\xe2\x91\x081i\x9bA\
\xba]\xc9ZK\x18\x06\x04A\x9b\xa0\xd5\xd2F\xa3\x8e\
\x11\x91\xb9\xa3\x0bu\xce\xbcQi\xb6C\xa2V\x8d\xef\
}\xeb\xab\xfa\xc4\xea5|\xf5\xc6o\x8bj\x84\x9f\xcb\
\xc3\xca\xd7\xa03\x15Z/\xafA<\x1f\xc7u2n\
r=\x8fF\xb3E\x7fo\x19\xcfu\xd9\xb7\x7f\x9c|\
>G>\x97\xc3Z\xa5\x1d\x04\x94\x0ay\x1c\xc7\xa12\
=C1_\xc0q\x1c\xcd\xba\xdb(Q\x14\x89\xf1\xf2\
\xea\xf6\x0c\xc9\xae\x0d\xcf\x87\x7fN\x01\xa43pIx\
\x16\x11\xe2\xf5\xf6z\x8d0\x88\xc9\xcb$\x10\xea\x1a\x88\
\xca\xa86)\xae4m{\x85a@\xa3^\x97v\xab\
A\xb1\xa7\x8f\x05\x8b\x96\x10Ya\xb8\xbf\xa4\x0b\x17\x8e\
\xf2\xc8\xa3\x7f\x90V\xb3A\xbe\xdcK\x13\x85F\x1d\x01\
\x8c\xeb\xe2\x18\x831NL\xc2\x08\x8e\xe3d\xa5\xbb\xef\
\xfbX\xc0\x86Q\xc2\xd5&\xebj;\xc6\xe0\x18\x17c\
L\x97\x02\x88\x15\xe0\x17\xd4\xf4\xcd\x95=\xeb\x9f\x09]\
1\xddIBw\xb8\x90\xe4\xa2B\xab\xd9\xa0Q\xaf\xc6\
\xc5\x8e\xe3d7K\xc7\x054\x1dRM\xbf+\x82Q\
#\xc688\xae\xabN\xe8\xe2x\x1e\x96>\x82\x89\x03\
\xec\xde\xf42\xe5\xb9\xa3\xd4[u\xd9\xb2q\x13N.\
\x87\x93\xcb\xc7\xb7\xaf\xd5p<\x1f\xe3$\x82\x8bt\xfe\
\x88\x87&\x8d\xe3b\x1c\x88\xac\x22\xcdz\xbcn\x18\xcf\
\x19\xe0{\x9e\x1a\xe3\xa4\x99\xab$\xf1\xbb\xc3qbP\
\xc7E\xbd\x1cj\x8c\xba\xb3[\x84\x8a\x82\x88J<\x05\
\xacJ\xbdV\xa5\xd5l \x12k\x1f\x11L:\xf0(\
\xa9\xc7\x1c4\x00\x99.R\xa8\xaa\x89}M\xd4qq\
f*\xe8\xd9\x97\xa0\x13\xfb\xa9?x\x0f\x8e\xe3\xe2\xbe\
\xe7|\xa25O\xe0\xec\xd9\x85`1\x22\xb8A\x13\x83\
\x8f\x04-\xc48`L,\x87\xe3 \xc9R\x98&\x84\
\xdcz\xcb{\xf1W?\x02\xad\x06\xc4!\x9al\xdc\xb0\
;\xbfI\x80\xaaF\x10\xd7\xc7\xfa\x05\x10#\xaet\xc9\
\xaf\xc9\xc3\x8b\x89\xc3R\xa3Z%\x0cC\x1c\xe7 K\
\x88\x88\x18QM\xa7\x82\xa1K\x01i\x22\x85\xc6\x9ed\
Q+\x98v\x03\xbb`\x09\xad\xd3\xdf\x8f\xfb\xf2\x1a\xfc\
m\xebi\xbe\xf7\x02\x9as\x97\xe1\x96\xca8[^\x22\
\x18\x99\x874\x1b\xb4V\x9c\x80\xbf\xfa!\x82\xd7\x9f\x85\
\x99\x9a\xc4\x7f\xf61\x9aoz7\xb9g\x1e\xa5}\xe8\
Qq\x03u\xddS4\xdf\xf0N\xc2\xc1Q\xfc?\xdc\
O<\xaa\x1b\xa3\xc6faM\xba=\x1a\x8c\xc4\x93\xc5\
n\x0e\xcd\x95\xc0\xb8j\xb2\xe1\xe3\xb4\xde\x17\xa1Q\xaf\
1S\x99$\x8aBq\x12\xc8gc\xae&][7\
\x88\x11\xc9\xac\x9f47S~\x10#b\x1cC\xa4*\
\x8a`4\xa2~\xf6\xdf\x22\xcd)\xa2\xe1y4\xcf\xbb\
\x0a\xf2E\xdc\x03;Qu\xa9\xff\xed\xf5\xd03\x84=\
\xe1\x0d\x84+W\xd1z\xf3\xfb \x08\x89F\x16P;\
\xef\xef\xf1\xb6\xac'\x1aYH\xf3\xb5ga\x07\x87\xa9\
\xbd\xefrl\xa3\x81S\x19CZ\x0d0\x0e\x8e\xe3\xc6\
h1&A\x8e\x93mq\x5cp<p}Q/\x8f\
\xcd\x15\xc1\xf1\xc4\xed\x86\xac\xaa23U\xd1v\xab\x89\
\xe3\xc4\x04\x12\xb7\xeb;|\x90tq5\x9d\xe1\xcb\x92\
\x86n\x1f\x00\x0c\xa2\x16\x950\x0a\x91(\xc2\x0e\xcf\xc5\
\xdd\xb5\x91\xfc\x8f\xbfI{\xd5\x9b!\x8c\x08\x97\xad\xc4\
\xd9\xf4\x22\xee\xe6\x171\xc5\x02\xfe3\x8f\xd1\x9e\xbb\x90\
\xfcCwc\xda5\xe4\xc0^\xb4w\x10\x22%<\xe2\
xr\x7f\xfa\x1d\xb9\xe7\x9f\xc4_\xf7G<\xe3\xd3>\
\xeed\xbc\xb5O\xc4]e\x01\xc7\xf5U\xc4t\xcd\xb2\
&\xc5`\xdc\xb6\x8f\xcf\xc3@\xae\x88\x16z\xc0u\x91\
\xe2\xf0\x92\xa9#\x8e:\xb6\xb7\xd9\xa8ke\xe2\x00Q\
\x18\xe2z^2\x00a4\x86\xbb\xc9r\xf6\x8e\x1b\xa4\
Q u\x81Yl\x8a\x08\x04aH\x10\x06\xd9\xb8\x9c\
4\xeb\xa8\x9fG\x82V|\x92\x8dPcP\xd7\x8f\x8f\
\xe5\x0aH\x14$\x0f+`\x5cH\xe6\x80c9\x0cb\
#\xd4\xcbA\x18@\x14\xa1\x8e\x83\xfa\xf1\xcc\x90\x97+\
jJ\xe0\x88`UD\x05Uq\xb0\xc6\xa0\xe2\x12\x8a\
\x83\x1d\x9cO\xb8\xe8H\xa9\xdc\xfb\xa3\xc0\x05\xd4F\x11\
S\x93\xe3\x04A\x1b\xd7\xf5f\x0fS$+6H7\
\xd9u|\xbf{\xe0\x22\x8d\x0aiA\xe9\xb9\x9ez\xae\
\x97\xf2\x8bP,\xc7\xeb\xff\xa6\xa7\xb3h\x197^\xd0\
r_\x02$'\x0d@\x9ap\x8b\xc4\x13\x8a\x9d\xfb\xa5\
\x83\x14\x18\x01M\x7f\xc2\x11'\xb1\xa9+\xc6\xd6N\xf6\
37\xf0P\xe3\x8b-\x0fh\xd4?\x04\xae+\xae \
\x92\x16\x0b\xe9\xf4f\x0a\xedl\x191\x1d(H\x1e@\
2\xa6\x9b-{\xb2$\x19\x0f\xc0\xf2g^j3v\
\x96T-\xd95\xbb\x8aUM\xdb\x04){i\x07j\
\x89\xb3\xa9&\x8b\x93\x09\x1a\xb5\x8b\x87T\x0c\x18\x03\xe2\
\xa0bP\xe3\x82\xe3\xa2nN\xad\x97\x97\xa8g\x90h\
h\x04\xbc\x02n\x06a:\xf7\xef\xc2u\xd7Zj\xf7\
\xfb$\xa5\xa6+\x86d\xf5C\xbaBO:H7\xab\
\x1d\x91\xeeg\xeb\xb7\xe9I\xdd\xe7v\xd4\xd7Qtv\
r\xa2\x9e\x0c\xa1\x89\xf0\x99\xb5c\xc11\x0e*1)\
\xe2x\xa8\xeb\xa3^\x1e\x9b/k\xd4;@80\x88\
z9\x5c\x91\x0e\x93'\xb1\xbd\xc3\x1d\xb3\x9f=m\x13\
d\x07\xe2H'\x09 \xd3\xff\xc9I\x99|Y\xa6\xdc\
-\xeb\xec\x0bCF\x5ci\xea\xdd\x15U\xd3_[$\
\x87$;-+j\x92\xad\xa6\x82\x1b7\xde:.j\
\xdc.\xe1\x8b\x12\x15\xfb\xb1\xfd\xc3H\x7f\x19\xfc\xbc\xb8\
\xb1\x14\xdd\x89\xccA\xdb\x8ee\xe3\xff\x07\xd5\xcc*i\
)-\x99\x12R\x18w~(\x916V$3\xf3\xec\
Y\x9e\x14Iq\x1a\x96I\x8b\xa0\x9a\xfd\x8e(\xe3\x9f\
\xf8Z\xa9\xe0Nbu\x83&\xbe\xae\x8e\x1fC\xde\xf1\
P\xc7\xc3\xfa9\x22\xbf@T\xe8!*\x0d\x08\x83\xc3\
\xea\xf5\xf84\x1d\xcf\xbaa\x18MG\xd6\xf6\xc69s\
\xbaL\xa7\xc9\x18kL/b\x92\xe1g\xc9\xbae\x9d\
\x7f\x9a\xc2=y\xf2\xce\x0c-Y\x9d\x90\x0a\xae\xda\x11\
\xf6\xcf\x92DG\xf7\x92\x8e\xf2d\xa5X\xc70*\x88\
\x8ah\xe6\xef\x89\xf0\xeax`\x1c\xac\xeb\x81\xe3a\xbd\
<\xea\xf9X/\x8f\xcd\x97\xb0\xe5~\xc2\xf2 \x85\x85\
\xf3\xd5\x91\x86\xcc\xb4\x82\x097\x0a\x9a\xcf\xd5\xeb\xf5\x05\
\xb9bY\xeb\xb5\x19q\x8c\x11\xab\xaa\x82\x8d\x07\xb6\x92\
\x87\x17\x15l\xc2@\xb3\x910\xbb\x16\x88Y\xbb;\x22\
t)\xa2\x1bU\x9a\xba\x85\x00\xe9\x98i\xa2\xff\xd8\xd2\
\x19\x99\xa6\xed\x8c\xb8=\xa9\x02&\x85m\xdcLH`\
\xaf\x8e\x07\xae\x87u\xf3\xf1\xd6\xcfc\xfd\x026W \
*\xf6\x12\xf5\x0d\x11\x95\x86\xb5\xf7\xe8\x05:y\xff\x03\
\xcat\xe5)\xd7F\xe1\x8f&\xf6\x8f\xbd{\xc1!\x87\
\xaa\xeb\xe5\x08\xc3\x00\xd7\xf5PQ\x92\x05\xd4lEH\
\xd4tbC\x17\xffe%c\x1a\x1e;\x8d\x08\xed:\
\xb9kn\xa5\xcb\xc1\xa5\xab\x1f\x93\x12\x99\x902\xbb\x8a\
\x88\xa8\x98\xaeSD5\x85\xbe8\xa8\xf1\xb2,\xcfz\
9p}\x22?\x0f^\x8e(W\xc4\xe6\x0a\xd8B\x99\
\xa8g\x80\xa6\xd7G\xdf\x89\xcb\x05?d\xe6\xbe\x87\xc4\
\xa9\xef\xfb\x81\x1b5&\xee\xaeM{\x8fO\x1c\x18{\
\xdd\xc0\xdc\x05\xc1\xc4\xde\x1d^\x10\xb41\x8e\x83I\xef\
k\xe3\xc9P\xb1\xa6\xeb9\xba1\xdc\x8d\xe9Y2\xc6\
\xb6\x96\xe4\x17\x8e\xb3)\xb5\xeb\x1cI\xad\x0ebAL\
\x12\xc6\x13\x96Oo\x9b\xb1\xbe\x03\xc6\x15u\x5cU7\
\x17\xb3\xbc\x97\x148\xaeO\x94/\xa2^\x9e(_\xc2\
\xe6\x8a\x84\xb9\x12An\x80\xde\x13\x0e\xa5\xff\xf5\xf3\x83\
\x9d7\xfc\xd4\xd3\x97\xd6<\x1c\xedZ{\x8f\x00\xf8~\
\xf9\x08r\xe5'\x86\xe6/\x1c\xe8\x1d\x18\x0a[\xf5i\
\xd3j\xd4%\xe9\x97g\x12\xa5%i\xcc\x07\x1deh\
Z<gUG\x1c\xeccw\xc9\x08\xb6C\x13\x10\x0b\
\x99\xa1$N4\x14\x01c4\xcb\xdf\xd3$&as\
qR\x82s\xb0n.\x86\xb9W\x10\xf5|U\xd7'\
*\x94Q?OT\xec\x01?\x8f\xcd\x97D{z\xd5\
]4J\xf9\xf8C\xd4\x19p\xec\xde[\xeet\xdbw\
\xffr_nb\xc3\xebZ\xdb_\xd8,\x80\x0b\x84^\
\xb1\xff85\xb9\x1f\x16{z\x8f\xeb\x1b\x9c\x83\x97\xcb\
)\xaa\x9a.\x8f\x93\x14x\xc4\x9f&e\x15\x19\xb6;\
\x86=\x08%q\xa2\x12;\xb61Y\x9a\xdb\xf9Q\xa5\
\xc9X\x5c\x1c\x17\x1cW\xc5qE\x5cW\xd5\xf1\xc1\x8b\
C\x98\xfa\x05\xf0\xf2h\xa1\x8c\xfa\x05\xa2|\x19[(\
\x12\x96z\xb1\x85\x026_ (\xf7 y\x1f[\xca\
a<\x07Sp\xf1r\x82\x09k\xd2\x5c\xff\x92\xd4\xee\
\xb9\x17\xfb\xc2\xb3\xcf\x95\xda[/\xa8o\xdd\xb0v\xc1\
\xaaU\x05\x19^\xbcx~\xb3\x16\xf4\xa1-\xd3\xa86\
\x0f\xb1*\x17\x8a\xe3\xbf\xc9\xcd\xe5\x86\x1c\xd73i\x95\
\x18\x9b\xba\xf3\xdb\x81\xcc\xfa\xb3\x1692\xd4\x1f\xf4\x91\
\xe9\x22\xb7\x04\x04\x1d\xd2L\x22\xa1I\x95E\x9a\x82\xc7\
(\x90\x8c\xe9q\x92\xaa.\x89\xf1\x88\x89\xeb\x021\xa8\
\x13\xef\x8b\xe3\xa2\xae\x97m\x89Btr\xd22>\xb1\
\xd7\x09*\x0fy\xa6vK\xb9o\xde>$P7W\
\xae\xc8\xfc\xf9\x87\x0d7t\xba\xd4n6\xfbm3\xec\
\x0d\x82\xc0U\xb5s,:\x07\xc8am'\xf8\xa6\x88\
\x8f[,\x9a\xfc\xa8\xd5v\xde\xbfJ\x03\x07'\x17\xdd\
\xc7\xbb\xaf\xdbu\xcd\xee\xf6\x8d\x91d!\xbb\xfb;]\
\xc7\xb1\x9dk\x18\x89\x0f\x99\xf8{\xc6(\xc6\x8b\x8c!\
\xc0u*n\xce\xec3\xae_\x91\x5c)t\x1c\x7f\xa6\
hdB\x0bC\xb5\xe4!\xce1\xafy\xcdf\xb3{\
\xf7n\xaf\xdd\xeeu\xc2\xb0\xe9\x183\xad\x93\xd6\x1a4\
\x1b\xbf\xec\x08\x91\xeeWE\x99\x9d\x1f*X\xd3\x09\x92\
\xe9\x9a\x92v+\xa0[\x11\xa9 \xc9{\x13Q\xb6\xe9\
R\x8e\xa2%\x83\xd4\x14\xcad\xd7Q\x15\xc4X\xd4\x1a\
z\x8d}\xd53Io\x07~~+\x1cp\x86\xd5x\
9\xab}\xa18\xd5\x82\xdd_\xa8\xb6X\xb6\xcc\xf2\x8b\
_X\x0ez\xb0T\xbb\xc9v\xb9\xc0F\x81%\xc9\xe1\
\xa8\xeb\xdc\x9d\xddV\xf9s\x82u\x7f\xdem\xddn\xc1\
\xff\xdc\xab\xeb\x9c\x85\xc9=\x9d\x83\xee\x91~\xd6\xb5\x9d\
\x0f8\x07\x9f\x07\xe4\xf3\xb1\x82|_)\x14\x94\xa7\xcb\
\x0a\x0fg\xe3b\x00\xff\x1f\x89\xf5a\x0fY\x07\xb0\xe7\
\x00\x00\x00\x00IEND\xaeB`\x82\x89PNG\
\x0d\x0a\x1a\x0a\x00\x00\x00\x0dIHDR\x00\x00\x01\x00\
\x00\x00\x01\x00\x08\x06\x00\x00\x00\x5cr\xa8f\x00\x01\x00\
\x00IDATx\x9c\xac\xfdw\xa0e\xd9Q\x1e\x8a\
\x7f\xb5\xf6\x097w\xceyzzr\xd2H\x1aiF\
\x1ae\x10Q\x80\x10\x92A$=\x90\xc0\x18\x0c\x180\
8<\x036\xd8`d\x82\x9f\xc16\xe0G06\x19\
\x1b\x03\x22H(\xa7\x19M\xce9\xf4t\xba\xf7v\xf7\
\xcd\xf7\x9es\xf6^\xf5\xbd?\xaaj\xed3\xfc\x9e\xfd\
\xfc\xfc~\x0d\x9a\xb9s\xfb\x84\xbd\xd7\xaa\xfa\xea\xab\xaf\
j\xd5\x16\xfc\xff\xe7O\x02 \x00\xf2\xd8\xeff\xd0\xdf\
\xf5\xaa\xc9m\xbb\xbf\xa4\xd7\xed]\xb1c\xe7\xaek;\
\xbd\xde\xf1n\xbf\xd7\xebt\xba219\xa9\x92*\xd1\
L\xa4$BP\x84 R\x12@($%A \x02\
\x10\x00$1\xd9O\x15\x12)\x10\xa5f(\x04\x00@\
\x15\x11\x11\x88\x80\x80\x00T \x09@\x8a\xd8\xdb\x01\x8a\
*%\x89\x90\x10I$\x09\x01\x12@B\xec\x83@\x80\
\xa0$\x11\x91\xf8O\xd8\xdf\x8a\xbfH\xec\xbf\xa9\xed\xcf\
~#\x84\xd8\x87)\x84Ub\x02)\xfe\x1a\xa5\x0a\x09\
H\x12\x88\xbd\x8e\x10\x90\xb6~\x00@\x02\x22\x10\x02\xf0\
K\xcc\x00\x05\x92\xec\xe6\x13A\xd8J\x09\x85\x22\x92\x00\
\xa50\xee\xd3.\xd2\x96\x00$\x95~\xd1\x04U\x05H\
\x84\x00J\x85@Xn2\xee\x91\xfeVI UH\
2\x89}\xb7Rc?l]\x91\x00PDD\x01\x01\
AA\x12\x08\x93\xdf^&\x01T\x10Q\xd0^#\x22\
\x09\x89\x22\xb1\xb7$\x95@\x12\x81\x80T\x05$\xf9\x9e\
3!\x89\xdd\xb5f\x05\x08\x88$\x11\xa8 \x09 \xc8\
j&'\x09B\xda\x22\x8a\xd9\x00l\x95\xec\x0em\xa9\
\x93]&\x94)%\x90H\xa4\x90~U$i\xbb!\
\x09J53I\xa2\x04\x983\x90D|\xcd\x08 A\
\x04\x02U\xbb\xd7$\xaa\xb4\xf5H\x09\xb9i\xd4\xf73\
A\x04U\x12\x0a\x90\x1a\x02lT|\x0fHU\xaaf\
\xc9\xcd\x08\xf5p\xa8\x83\x8d\x8d\xac\xda,sk\xe3\xa1\
\xe5\x8b\x0bO\x0e.<\xff\x17\xc0\xe6\xa3\x00N\xfb\xee\
\x02\xfc\xbf\xf5\xb7\xff\xa5?\xf2\xff\xf1\xfd\x09f6\x19\
\x00\x88\xe9\xbd\x13;\xf7|\xe9\xe4\xd4\xdc;g\xb6\xef\
8\xb5s\xcf\xde\xab\xf7\x1c8\x90fgg19\xd1\
E\xb7\xd3\xd5\xaa\xd3i@&R\x91Rb%\xbe\xdb\
\x92\xa0\x84$\x01\x15\xc2\xd6\x10m\xb1\xcdME\xc5\x0d\
\xd0\xfe\xc5lo\x81fUP\xd9\x81Y\xa4\xfb\x91\x00\
\xd00\x0b\xba'\x19B$2|\x1bp#0\xb3\xd4\
$\x10\xc3\x83\xb0\xd1p~\x92\xf6\x1f@q\x15\x0a\x90\
\x98\x04\x84 \x11B\xd0\xde\x0aH\x96D\x01\xfdj\xe1\
\xbfN\xe5\x8aH\x9a\xb7;\x94\xc0\xae=\xfe_DR\
\x00\x93(\x05\x92\x08\xa1$\x82J(\x93\xbf\xc9\x8c\xde\
\xe1\xc3.\xcenR\x92\xa1[\xdc\xac\xbf\xc4\xd6\x97\x04\
\x05\x22\x92hH`\x88\x18\x1fCR\x14 40\xd8\
\xdcG\x04\x90\x94\x18\x1f\x96\x92\xbd\x1fJ*\x99\x02#\
\x01\xa8\x18B\xc6z\xd9\xdbETRJ\x80\xad\x96/\
\x85\x10P\xbb.$\x02J1\xa8$\xc0$\xa2\xa4m\
-\x99\x08\xdf&\x12(FA\x10I\xc47L\xcdJ\
l\xe3\x93\x92L\xb6\x83\x09\xa0\x88\xdd'}\x83l\x1f\
H\xdb\x00A\x82\x92\x8e\xabt\x8b\x81\x99#\x05)\x82\
\x0c}c\xdd\xa1\x05\x84\xdaF\x04H\x93\x90TQ\x92\
]\x11E@\x22A@\x88(\xa9\xe2P\x0cP5+\
S]\xd7i0\x18\xc8\xc6\xda*.\x9d;\x8b\xf5\x8b\
\xf3\xe7V.\x9e\xbfkk\xf1\xc2\x7f\x1b\xae\xbc\xf8W\
\x00\xce\x8d\xf9o\xc2\xff\x07 \xf8_\x05\x00\x01P\x01\
h\x0c\x90\xb6\xbdbz\xcf\xfe\xef\xdas\xe8\xf0\xbb\x0e\
\x1c9\xb2}\xf7\x9e=\x98\x99\xea#\x09\xf2\xd6\xd6\x16\
\xeb\xd1Pr\x93\xa1M\x93R%\x94\x94(\x86\xcd\xb1\
G\x1e\x0fJ\xc0\x12\x08\x95j\xd6\xcc\xf1o&\xc3\x8f\
,\xe4\xd8B\xba\xe1z\xb0\xf5(\x0c\x98\xfb\x07\x92\xfb\
\xfb\xe3##\x9c\xf3\xe5\xeb \x88\xb7\x8b\x88\x900\xaf\
O\x92\xd0F\xca \x0b\x84\x85\xde\xe2\x18\xf1wf_\
\xf6\xe2\xf0\x14\xf7\x8c\x82\x03$\xcdA\xcc\xb6\x0c\xa0\xcc\
\xe0\xfd\x92\x04\xc5\x87ZT R\x12\xd5\x0c\xaa\x1aF\
8\xa8\x11\xc6.\x1c4\x01P\xa8\x0c,\x83\xb0\xbd(\
\x05\x1d~R\x12'\x0b\x08\x9f\xa4z\xd4\xa7hV\x15\
I\x86j\xc1\x12\x92\x04i*\x9b\xe2LH@\xf55\
\x17I\x12\xf6\xee\x17\x00e0\x08\xd5\x1c\xe0\x01\x80P\
\xb5\xb7\x9b\x0d\x8cm5\x01&\x8b\xd7$i\xd7\x02\x0f\
\xb5\x92\xccC)\xb4@\x0bB\x09\xc2\x1c*\xa8\x94\x88\
_\xa98\xac\xda\xe7'\xa9\x92\xda\x7f\x93\x0c\xfc\xa3\xf1\
\x86\x04\x88\x88\x86\x13\x8f/*\xa9\xb1\x16\x92R\xca\xa0\
\xc6\x8d\xc6.z\xac\xb0\x9f\x01\xa1$\xa7kj\xcb\x0e\
c,L)\x91\x84d\xcd`\xd3PI(\x05\xe8t\
\xd9\xe9\xf5\xd8\x9b\x98N\xfd\xc9^\x1al\x8d0\x7f\xf6\
4.\xbd\xf0\xec\xc6\xea\xf9\xd3\x1f\xa9\x97/\xfcr3\
\xb8\xf4!#\x1d\x0c\x06\xa9\xffc\xb7\xfd\xff\xfd\xf3\xbf\
\x02\x00\x15\x80,\x02t:;n\xe8o\xdf\xfd#{\
\x0f\x1f\x7f\xcf\x89\xab\xaf\xe9\xec\xd89\x0bi\x9a\xd1\xfa\
\xdaZ\x1a\x0c\x06izrR\xf6\xef\xdf\x8b\x03\xfb\xf7\
b\xef\xae\x9d\xd8\xb1s;\xa6g\xa6XIB\xaa\x9c\
\x06B\x12hp\x8b\xd6U\x8cd\x86my\x94\x0cv\
Og\xbbc&i\x01\x94%_(\x11\xd5`\xc2\x7f\
\x14\xa1Z\xac\xb3\x17\xc5\xb7\x88\xe3\x89X\x18\xb2M+\
T\x1cj\x81\xc5Xd|\x85\xc5\xab\xb0{fR\x82\
/\xc0\x89\x22\x12\x14\xaa\xa2\x00RD\x84\xf1\xa5w\x93\
K-\xe7\x1f\x83.\xc0ii\xc9lH\x0aITU\
\xa2:\x9d7\x0c,\xaf\xb5{\xb74C\xa0J\xf3\x83\
T\x96\x81\x1e\xcb\xc8`\xd4\x12\x5c\x99\xc9WX\x85H\
H\xa0\x07\x7fad\x0a\x12\x00K\xf5\xef\xb2\xc0\xafp\
\x16\x94\xe8\xc0 \x04\xc8\x0c$a\xe4e\x8c[\xa4%\
3\x91\xb0i!GB\x96\xfdq\xfe\xee\xde\xe8\xdc\x04\
\x09bT;%\x0a\x00:\xed\x8e}\xb1\xc8\x92,\x07\
dD\x13\x035g\xe3$\xd5\xa9U\xa1\x15\x86\xb0J\
Z\x96 \xfe\xc1\xc1e\xec\xba\xe8\xfbHj\x0b\xda\xc1\
T\x8b\xa9B*\xdf,\xc7\x14\x8b\x91\x88=\xf1;-\
|K\xa0J\x90\x0a\x92\x18\xd6\x0d\x97./\xe3\xd2\xc5\
\xcbr~a\x01\xa7O\x9f\xc3\xd2\xea:So\x22O\
\xed\xd8\xce\xc9\xc9\xa9\xee\xea\xa5%y\xe9\xc9Gp\xf9\
\xf9'>\x99/\x9e\xfb\xa9\xadz\xe9\xcf};*\xfc\
\xbfd\x03\xff/\x01\xe0\x8d\x1d\xc1'\x9aC\x871\xb9\
2<\xf9\x0fv\xec?\xf2\xfdW\x5c{\xdd\xcc\xa1\x03\
\xfb\xb8\xb1\xb1Q_Z\x5cHs\xd3\x93\xd5uW_\
\x89k\xaf>\xc5#G\x0e\xc9\xd4\xcc4\x00\xa0\xa9\x1b\
hVd*\xb3\xaa;\x0f\xcb\x02\x83\x14w\x00\xd0#\
\xa5\x9b\x1c\xb3\x1a\xc2Y\xc8O%\x1eJ\x8a\x94Z\x94\
\xaab\x9180\x22\xd2u1\x83 HQ\x19\xdfV\
\xb8\xff'\xfb\x1cX<4\xa7\x02 \xe1\x04\x1e5K\
\xf6\xe01\xdc\x82\xab\x1bE\x0b\x00p\x98\x10\x88x\x00\
E{\xc1\x10a$\xab\xe1\xf0\xe6/RL^\xdb\xdc\
B\x90\x92\xc0\x84\x0b\xe3\xa7%\xb8\x84\xcf\x88\x07e\x11\
ue\x00\x85\x98\xd2\xd2E\xe7(tF\xe3\x11?\xe8\
\xb0\xa19\x02\xf5\x02\xe9,\xece\x82\x16\xa3\x01\xd3g\
l\xe9\x22\xabH\x950\xabz\xa2\xed$\xa0\xcd\xee\x03\
\x0e\xe0\x00G\x0b\xdc\x86\x92\x1c\xdf\x0bOM<\xa7k\
\xd3y\xb4)M\x10\x15\x11\x81$\x89\x9c\xa1\xd8\x8d\xbd\
!\x15\xa2d\xd1\xdd=\x0c\x00%\x01\xd4\x08$c\xec\
2\xae]}O,\x83(\xc8(!`\x00I\x22m\
\x1373\xa7\x0bTSa\x12\xc4\xbe\xd8\xde#\xce@\
\x19F\xed\x8a\x83\x13X\x83h\xc6\x12X\xd6\xd2\xedT\
\xac\xaaJR\x12iF\x03]XX\xc0\xe3O=\x87\
\x07\x1f|\x1cK+k\xb973\xab\xd3\xdbw\xca\xca\
\xe5\xcb\xbd\x17\x1f\xb9\x0fK/<\xfe{\xb8\xf4\xfc?\
\x1a\x0a\x9e\x01Q\xf9\xc5\xbf\x8c8\xff\xf7\xfe\xfc\xcf\x02\
\x80\xd99\x90\xab\xd9\x9d\xaf\x9d\xdb~\xf0\xdf^y\xe3\
\xad\xb7\x1c9z\x88y\xb8\x95\x17\xe6\x17\xaa={v\
\xe3\xado\xb8]o\xbc\xe1Z\x99\x9c\x9a\x94\xe1\xb0\xc6\
\xe6\xd6\x00u]Cs\x86T\x09I\x92\x88@SJ\
\xa4\xe5\xaff\x03\x1a\x91(\xb6DP\xec\xb0\xb8E\x10\
\x02\x06;\x16\xa13\xd9\xb0\x9fq\x96\x1e\xcc\xfe\xe5\x04\
_(N\x0ec\x81J\x06\xe7\xb7Y^\xeb\xcc\xd8m\
\xb1\xa0\x09\xc5DC\x98\xf5\x99aY\xc0H\xc5\xf8\x1d\
\xc8\x9c\xe7\x97\x08!\xc1*\x0a\x8d\x88\x00$\xc1>\xc2\
\xfa\x9c,CB\xa5\x13x:\x1a\x14\xd3S\x1f\x83D\
\x91\xd4\xde{\xa4\x03\xb1^%)\x91\xd6\xb3\x94\x99-\
\xf9I\x08\x9cs\xc5\xac\xdd\x90\x88\xc9\x85\xf6\x88\x8c\xad\
\xa7\x07\xb1`GA\xbd\x03\x09\x9c\x07K\x01\x0eU\xa7\
\xcf\xf1\x89\x888\x1f\xdb\x15\x17H\xc3\xbe\x96g\x90\xa0\
{\x96\xfd\xc6\xb7\x99\xae\xf5\xfa2\xb9g\xa1\xe4%f\
\x1b~\xd9\xea\x04-L\xc4\xd4K\xb8\x92i\x09(\xe3\
%\xc18\x83I\x94\x85\x0d6\xe4iT\x18\x93\x8e\xf1\
)\x186\x95\x8b\xb4\xfbu1\x09\xc9\x16\xd3DdU\
\xaa\xa8\x12\xc9\x83J=j$\xab\x96=\xec\xf7'8\
3\xddgnjY\xbc\xb8\xc8\xcf|\xf6^\xdew\xff\
\xc3RMOsv\xf7>,\x9d?\xdf9\xf3\xe0g\
V\xb7.<\xf7\x03\xa3\xad\xa5_\xf5%4\xd5\xe1\xff\
\xe1\xcf\xff\x0c\x00\xa4\xb0\xbf\xa9\x9dG\xbew\xe7\xe1+\
~\xfa\xd4u7\xf6\xf7\xec\x9c\x1d\x9d?{\xae[\x81\
\xf2\xd5_\xf1v\xdc\xf6\x9aW\xa1\xc9\x99\xebk\x1b\xac\
\x9bZ\x00\xa0J\x15:\xdd.\xba\x9d\x0aAu47\
 DU\xb3\x8b5\xce\xbePh&]\xc4\x19s\xe1\
\xc2\xd9\xc3\x9e=\x8c\x9a\x96\xa0Pg\xed\xc6\x89\x9d\xa6\
\xda\xfe\xb8\xa4\xe3A\x8eF\xf2\xdc\xae\x0b\xd002a\
\x8f\x15\xee-\x9e\xd0\xb9\xcd\x19\xd6'\x09\xaeG-\x9e\
\xa9a\xcaF8\xc6q\xdf\x0d\x92\xb0t;\xbc\xcb\xdf\
\x10\x81?\x85\xcf\x06^YM\x84R\xa5\x04\x8e\xe1U\
\xfc\xe8i)\x08\xa2\x82HJ&[\x01\x14\xb6\xf1\xd7\
\xc9\xbf\x07\xda\x96\x8bX\xecqbc\xac$l;\xbc\
\xc3\x16Q5\x00P\x8a\xad\x88\xa7\x01q]\xf4u\x0a\
\xc4\xf2\xf7Gh#\x88\xa4\xc6\x06\xc2\xab^\x0e\xbb\x12\
0Y \xd7+\x1a\xae\xdbHx\xba/2J\xf6e\
\x8c\xc2x{Y\x1d\xbb\xfd\xc0\x81\xf8=Y|\xb3\x95\
\x9e\x84\xdar:\xdb/3\xbf\xc0\xa2p\x5c\xc1\x98\x9c\
\x9c\xa4\x10-P\x0b\x00\xb4Z\x07#\x97\xb1/u\x90\
\x10A2\x0cK\x124J\xe3\x22\xc5\x15\xf5\x94\x98R\
\x05%e8\x1ab\xb05@=\xaa\x99\xed:\xd1\xed\
OpnvR\x96//\xe2/\xff\xfc#r\xff\xa3\
O\xcb\xce\xfd\x07\x9aTu\xab\x97\x1e\xb9W.>\xf9\
\xc0\xaf\xdc\xfae\xc7\xbf\xf7\xf3\xbf\xff\xf9-\xfcO\x80\
\xc0\xff\x13\x00$\x00J\xfe^5\xbd\xe3\x87~\xe9\x8a\
\x9b^\xf9\x81\xe3\xa7N\x8d*\xd6\xe9\xec\xe9\x97\xaaW\
\xdd|=\xdf\xf3\xee\xafI\xfd~\x9f\x17//C\xa9\
L\x22RU\x89SS\x93P%VVVq\xf1\xf2\
\x92\xac\xae\xaesm}#\x8d\x9aF\xb5\xc9\xccJ\xb7\
:\x8aW\xd3$\x8c6\x8c\xcc\x19\x93xfg\x12a\
\x843\x93~\x22\x22y\xa0\xf6DX\x08\x91\xca=R\
II\x81\x1f\xc2H8]\xa4b\xc4\x82$09V\
\x14`\x1a\xfb` R\xf7H\x81\xed\x83\xdd\xed=\xd6\
'\xabc\x81\xa0\x9ay\xdagQ[\xdf\x91\xc0.\xbb\
_O -\xa0{T/5\x86\x90=d\xcc$\xdd\
\x0f\x19\xc4\xc4Q-\x92&\x10\x1e\xcc\x9d`\xb4*\xa3\
\xb3g\x7f\x9d\xffg\xf1\x8b\xf8\x1d\x03\x10\xda\xef\xd7\xe0\
\xc0h\x11J\xa4\x05\x93\x96\xe1\x14}a\x0ce<+\
F\x82R_F\xc6\x02\xa5\x85\x84R\xa3\x1c\x811=\
\x13\x9a\xb5\x88\xbd~\xbf\x9e*\x8e\xb1\x06\x94k\x91r\
O.RD\x15\xd0\xc5\xce\xa2\xf6;b\xa7\xb8\xc2\xb2\
\x89t\xfd\x90\x1e\xbbE\x08/I\x91\x14X\xe5\xa3\xcd\
\xd1\x08H\xa2\xd5-\x15P'\x18&\x22i\xb1eD\
v\x07\xa3|\xc1lA\xf54\xd2\xef\x1d`\xa7\xd3\x91\
\xa9\xe9)\xcc\xceLa\xef\xde\xbd\xd8\xb1s'\xba\xbd\
\xbe\x0e\xb7\x06\xb2\xb5\xb9\x85\x91*\xeb\xac\xd2\xef\xf5p\
`\xdf.<\xf9\xf8c\xe9w\x7f\xef\xbfb\xab\xd6\xbc\
\xeb\xf0\xe1\xfa\xfcSOM\x5cx\xf4\xaeOWK/\
~\xdd\xa6\xc8\x05\x90\xffC]\xe0\x7f\x04\x00\x09\x00\xbf\
\xf1\x07\xbeq\xeaO\xff\xf3\xe7\x7f\xff\xc4\xf5\xaf\xfc\xd2\
c'\x8e\x0d\xb6\xd6V:\xf3\xe7\xe7\xab\xaf\x7f\xd7W\
\xe2\x8b\xbf\xe8M8;\x7fQr\x93\x91Rb\x12\xd1\
\xa9\xc9\x894\x18\x8e\xf0\xfc\xe938wa\x9e\xebk\
\xeb\xa2*LU%\x9dN%\x14jB*\xa2\x8a\x19\
\x03\xa3\xee6\x86\xd9)0\x5cT\xb5p;\xb46*\
4I\xa5\x0d\x9d`\x0aJ\xea\xaf\x88\x08^\xfe\x94H\
#Am$@\xb8\xcd7=\x963\x5c:\x96\xca\xbe\
4\xfc\x1c\xa40l\xa2\xf5\xb3\xa2:\x06\xb8 \x82\xac\
\xdd\x93\x94\x8f\x1b\x8b\xf9\xee\x0aN\xc1\xd5\xdf\xe8\xa1\xd6\
o\xa5\xb5\xd5\x92E\x07\x87\x0a>-%#\xa6\xafU\
\xac@\xa9L\x16Z\x0e\xb4\xc50\x81\xa9}\x91\x01\xd8\
\x1d\x05\x9bg{\x01\xd2\xae\x03\x9d\x81@\xc5U\x0c[\
\xb5\xd0a\xc4U\xb8\x80'\x8eE\xfe\xbf\x01u\x00\x94\
\x11\xcaA\x16\x07\xf3\xcf\xa1#\xbb\x95?\xed\xfd\xd1\xdf\
\x10<\xa6\xbc#(R\xb9\xbb1\x94\x03B\x87m3\
.\xdfz\x00JZ\x1fBYf\xb3A72)\xdf\
U\xdeH\x01%\xc7\xddC]\xde\x91R}1#\xb1\
\xb4\x13 %\x08\x15H\xa8*r\xceN'\x0b\xc0a\
4\x1a\xc9p4Bn2\xa6\xa6&\xb1o\xdf^\x1c\
=~\x9c{\xf6\xeeF\xdd(7\xd77%k\xc6\xd6\
\xb0\x96={v\xcbD_\xf0\x07\xbf\xfd\xbb|\xf0\xd1\
\xa7\xb8\xeb\xd0\xd1z\xf1\xecK\xfd\x85\x87\xef~tj\
\xf9\xc5/]\x12y\xe9\x7f\x04\x02\xff=\x00\x10\xe0\xeb\
\x12\xf9u\xd8\xbe\xffG\xfe\xe8\xe4\x8d\xb7\xbd\xe3\xc0\xa1\
\xfd\xa3\xe1\xe6Fg}u\x15\x7f\xfb\xdb\xdf+W_\
}\x15\xcf\x9d_\x90n\xaf+\xaa\xca\xc9\xa9I$I\
|\xf6\xb9\x17\xf0\xec\xf3\xa7e8\xaa\xd1\xef\xf7Qu\
*\xa8\x8b~4\x04t\x10\xa4\x94\xe8\x8fB\xf0#m\
J\x08]\x0c\x10/\xb0\xb6\x90\x11k%\x95\x19Bt\
\xf4\x98/\xb5\xe9t\xf1\xff\x12\x81M{p\xef\x19\x07\
\x9c1\x1a\x87p\x0b\x08\x98\x22\x5cV\x89\xa2,(0\
\x16\xc2\xc7VQ`]Ma\xea\xf6\xb7tV.b\
5\xfc\x80\xaf(\xd1\xb5<m,\xd5L\xa1U\xb4[\
\xe4a<\x80\xa1\x85\xa6\x08\xc7cQ\x99%\x85\x09\x8a\
Y(<A\x88)\xf7\x86\x96B\xa1-Z\xc9\x05\x22\
\x1b\x90HE%\xee\xc5\xf5\xafHt\xd9j\x06m>\
GX\xda\xef\xfb\x99\x80\xa4!w9\xd0\xab\x08S\xa4\
z\xc5\xa1\xed\x02\xd5\x16\xa7\xdcd\x11\xdc\x9c\x96\x15b\
Q\xfe\x1eA\xd7@\x81\x06,\x8e\x91\x13g\x04\x9e2\
\xd8\xfaQ\x80\xa4\xea\xfc2\xb6\xa3]T\x93]\x1cf\
\xc3\xf2<K\x08\xa1\xbae9\x020\xc7=\xd0\xa2\x8a\
\xd2>\x98\xc9\xcd\xda,\x95\xce]I\x85\xaa\xaa\xf1\xb4\
rk\xf1U\x02\x10u\xd3\xa0\x1e\x8eP75g\xe7\
\xb6\xc95\xd7\x5c\xab\x07\x8f\x1c\x96\xcd\xf5u\x0c\x87\xb5\
49K\xaa*\x1e=z\x00\x9f\xfb\xe4\xc7\xf1\x87\xff\
\xe5C\xb2\xeb\xe0\xd1\xd1\xda\xd2\xe5\xde\x85\x87>\xf3x\
\xb5\xfc\xd2[7\x81\xf3\xf8\xef\xa4\x03\xffw\x00 \xf0\
\x1a\x7fo\xf6\xe0/_{\xdb\x9d\xef?z\xfc\xe8\xd6\
\xe6\xca\xd2\xc4\xe6\xda\x06~\xe8\xfb>\xc0]{\xf6\xc8\
\xc2\xe2E\xf4\xfb=H\x12\x99\x99\x9e\xc6\xd9\xb3\x17\xf8\
\xe8\x93Os0\x18aj\xa2/\xa8*\xe6&\x8b\xd2\
z\xc08nIT\xe6\x88\xf8\xae\x82F\xea^(\xb9\
\x14[\x025\x14vu\x805VJIn\xba09\
[\xc7\xa2J\xe4\x10.\xc0\x94\xe2q\x98\x0c\x11\xcd,\
f\xce\xb6\x99\xee\x03t\x19\xab\xb8 \xdd7,\xc4K\
\x18C|O\x98Y0C\xf7G\xba\xec\x13/\x94\xd4\
rp7Q\x07:\x8fTE\xe4\x0b\x0b\x90\xa2\x1e\x85\
\x14\x18\xe1\xb4\xfd\xa0HY\x01\xabNY\x8f_\xa9h\
\x22x\xc5\x18%aI\x08\xc2m\x89\xc8\x9c\x8d\xa6&\
\xff\xab\x96\xcb\xb8\x88\x15\x9e\x164(V<\x18\xc5\xcb\
\x0c\x89%k\xf0\xcc>\x1c:\xc8\x85\x7f\x9c\xbf\xce\xb1\
\xad\xe8\x80\x1e\xfe\xad\x18\x13N\x1f\xa5\x84r\x1be\xfd\
#\x8c\xd8v\x8b\xab4v\x9d\xa4\x06s\x22R0\x90\
\xf8\xeaX\x84\x92\x82\xfa\xdd\x88_W\xb0\x05[\xd1\x02\
9\xd6+\xc4R\x0f\x10F\xe2`\xec\xde\x82\x1c\xc2\xbe\
\xc4\x00@\x95\x9a\x1c\x00HU\xcfC\x9dhxk\x22\
s\x16z\x84I)\x11\x10\xd4\xa3\x1a\xebk+\xd8\xbb\
o\xaf\xbc\xe2\xb6\xdb\xd8\xadzX]]M\x10ps\
s\x80\x13\xa7\xae\xc0\x8bO>\x84_\xf9\xf7\xbf\xce=\
\xc7\xae\xacW/]\xec/>v\xf7\x17v\xcf\xf0K\
\xce\x9c9\xb3\x84X\xd6\xbf\xe1\xec\x7f\xf3O%\x22y\
rv\xff\x8f\x1c<u\xc3\xbf\xb8\xee\xa6\x9b\x87\xc3\x8d\
\xd5\xee\xc5\x8b\x8b\xf2\xc3\xdf\xff]\xdc\xbdw/\x16/\
^\x96^\xbf\x8b~\xaf/\xddn\x07\x0f<\xf4\x08\xce\
\x9e]\xe0\xd4\xd4\xa4\xa6NGr\xd3H\x0e\x8eL\x85\
f\x82\x9ev\xa9a\xa3\xa7\x00e\x17\xcbu\xb0,r\
\x086Z\xd4&\x0f\xe6E\xbb*$7\xb8\x9f`\x5c\
e\x8b\xaaS\xe9\xf6B0\xd70C/\xbf3*\xff\
\xce\x815\xec\xba\xe8Kq-\xe3R\x18\x9d\xb6J8\
\x83y\x9dK\xc7^yo5\x8d\xf8\xa7\xa0%\xfd\x11\
\xbe\x92\xb8\x8a\xe1\x04\x1c\xc6\x0aB\x08\xf1\xac\xc0\xc8\xb8\
\xa4\xb1\x1b4\xb3\x8c,!D\xc1\xf6\x0a\xcdg\x0dc\
J\xe9\xaa\xb5\xf3\x92S\xb7\xab\x1aI@aD,\x84\
\xa8\xbd\xf3\x08\xf5J\x93\xae\xc3c\x10\x89C\xf0/k\
\x7f%\x9c<\xb7\x04.\x82.\x82\x18\xf9\x9a\x8f\xe1T\
\xd8\x81_\x94upPh]\x0a\x855\xc6K_f\
\xd7\x85\x9ay\xd6\xa3\xf0\x94\xc0\xa5\x221\xb4\x1c\xf3O\
\x86rZ\xbaKHkk\xf0 \x15\xa6\xea+\xd0\xa6\
d\x11\xfe\x09B\xdd\xa0BFR/)\xb4\x1a\x942\
\x9a\x1dE`\xcd\x5c\x1e\xd6\x22e\x80X3\x15\x015\
\x12\xe1U&\xa3\x10\x92\xb0\xb5\xb5\x81\x9c3ny\xd5\
\xab\xe5\xc0\xa1#\xb2t\xf1\x22\xa4J\x5c[\xdb\xc4\x95\
\xd7\x9c\xc4\x8bO>\x82\xff\xf0k\xbf\x8d\xdd\x87\x8e\xd6\
\x17O?\xdb[}\xee\xe1?\x1dm,~%\xc9\x0e\
\x80f\xdc\xd9\xff&\x00T\x00\xf2\xf6\xddG\xee\x9c\xd8\
\xb6\xef\xe3\xd7\xbd\xfa\xd5\x9cHH\x17\xce\x9d\x97o\xff\
\xd6\xf7\xf0\xba\x1bn\xe0\xc2\xc2Et;\x1d\xf4'\xfa\
R7Y>\x7f\xd7\xbd\x18\xd5\x0d&''\xd9\xe4\x1c\
{\x92\xb2\xba\x0a\xa3LY3=\x99J\x96\xe0Y\x0f\
\x1b\x8c\x93#bJ\xa4\x06!|\x8d\xc31T\xa2\x0a\
\x86VD\xb3\xe0b\x9b_\xa2c\xf1\xbeb\xac\xc6\xbd\
=\xd2\x06\x07(Q12x\x14\x02R\xbe)Bu\
\xf0\x87$\xa9u2\x82\xf4>=\x09_E\xa9]\xf9\
\xe5[N\x1c\x1d\x03\xf15)2\x10u\x12>\x96\xe2\
\x8b3\x87\x14\xdd\xb9\xc5\xf0\x0a\xa9A\xc8\xd4\xbei)\
\x85J\xe9A\xbf\x95\xdb\xe3u\xd6\xc2j\x82Gl:\
\xc9(lK\x14\x1e\xbd\xeb\xaf4\xfdg\xd7#\x8a@\
b\x91\xd1\x9b\xa2\x937\x09\x15\x09!\x09h\xfdG\xc9\
\xa0J\xed\x9a<\x86\x1b\x80\x81\xe5,\x82}\xae\x88Z\
+\x11\x92\x96>\xc01w\x8eoD[\xf4g\xe1\x1f\
\x81U%\x9a#$\xb818\x8c\xf0\xde\xd2\x05{O\
*\xd6\x10\xf6Wv\x8d\x14\x11\xff\x181\xe7nY\x08\
P\xca\x1e\xa0\xe3\xb3P\xbd\xb4gx\xe5.\xabAv\
`)\x15\xa3IP\xc8\xec\xc2\x83/+\x92*s\xec\
\x8d\x90\xb4m!\xa0\xf6B\xc3Ak\x0d\xc1\xca\xf2\x92\
\x5cw\xc3Mr\xea\xba\xebqia\x81\xa8\x1277\
\x06r\xe55\xa7p\xf7'>\x82?\xfb\x8b\x8f\xca\xae\
\x03\x07\xeb\x85\xe7\x9e\xean\x9ey\xea\xc7\xea\xad\x8b?\
N\xbe\xbcYh\x1c\x00\x04\x80\xdct\xd3\xbe\xc9\x97.\
\xef\xbe\xf7\xaa[^s\xf5\x8e\xb9\x89\xbcp\xfeB\xfa\
\x8a/y3\xde\xf6\xb6\xb7\xe0\xfc\xfc\x02\xbb\x9d\x0ez\
\xfd\x9e\x0c\x87#|\xfa\xb3wK\xbf?\x81n\xb7\x8b\
\xba\xae\x8dZ\xa9\xe5?J\x15\xaa\x19\x99A\x01A\x07\
~\xcd\xd9\xc8\x1dEl\x81\xccn\xf5eQ\x22\xf8A\
\x1b\x0a\x22\x8e9\xe6\x9a@\xdb\x9a\x09@\xeb-\xf0\xb8\
io.\x02\x0cJ\xf6\xe9\x08l7\xdf\x06\x93\xf6\x83\
,\x15pi\x1eh\xc5@\x8f\xb3\x1e\xf9\xb3\x09\x18F\
\xa4\x93\x87~\x17\xf3\x9cM\x90\xa2\xe2\xa2\x9e\xf3\x93B\
\xca#\x841%\xa4\xdcV\x07\xcc[\xfd\x90\x94\x86\xcf\
\xb9\xe3\xd9\x12J\xb0\xf2 \xde\x12A<\x05\x98\xb6\xb6\
\x8e\xf8QH(\xc6<\x19A_#\xf7`\x5c\xbf\xe7\
\xf8\xd6\x1aS6$\xb9\xc2\x82\xc2\xa2\x18$>r7\
\x14*^v\xacP\xefh\x82\x0b\xa8\x0fJU\xb0A\
\x22\xa3\x8e\xa5\x91\xb8&!\xa1.\xef\x94\xad,\x09\x86\
/\xd1\xb8\xb2\xe8\x18<F\xd8\x0cr\x00X\x06\x00\x94\
\xa8\xef_T\xac\x8f\x8a\x00\x00\xb3?\x12\x0a-a \
h\x89}\xab\xf3\x0f'\x19\x96X\xf9[\x84b\x07\xb5\
D=\xd5\xb1*\x80\xfa\xf7\x09\xc9\xac\x91\x06\xd3BE\
\x5cn\x16\x8d\x05\xb0\x14\xc6\xd8E(h$R\x95d\
\xe9\xd2%9u\xcd\xb5\xb8\xfa\x86\x1b\xb9\xb8\xb0\xc8*\
\x89l\x0dj\x5c}\xd3u\xf8\xdd_\xfd\xf7\xf2\xdc\xe9\
\xf3:\xb3}g~\xe9\xfe\xcf\x82k\x17^\xb7\xb5\xb5\
\xfa\x05\x8cu\x0c\x8e\x03@%@\x9e\xdaq\xe4\xc7O\
\xdex\xdb?9xd\x7f\xb3t\xf1R\xe7\xca\xa3\x07\
\xf1\xdd\xdf\xfd\x01}\xfe\xf4\x19\x99\xe8\xf7\xd8\xe9t\xa1\
J\xf9\xd4g\xefB\xaf\xd7\x93\x94*\xf8A\x1c\xf3u\
\xa10\x9b\x93\xa9W\xee,\xff\xa7#\xbfC\xb3\xb2\x18\
w\x09\xa8c<+\x16>@\xbf\x10\xe40[ik\
\x02c\xdc,\xb5q\xb1Duw\xb6\xb21\xf6\xa3\xf7\
b\x94\xcd\xf7\x1c?R\x00\x94\xe8_xEY\xa8\xa8\
\xc5eB%\xda\xe2!vt\x85@\xf4\x93\x95k)\
\x89K\x0a\xa6\xfc\xf2?\xa5\xa8\x11\xc4\xdb\xdd\xcb\xaf\x80\
\x05*\xbc\xc5\xa0$\xc5\x1e\xabZ8kS\x0cw\xab\
\xd2w\x07\xc0{\x80\xed;^\xe6\x87\x883\x0fH\xa5\
W\xc1\xaeT\x8bT\xf0\xf2U`\xfbU\xceN^\x06\
6qM\x0e\xde\x0e\x8a\xc1F\x18WX.\xb9\x00\x16\
\xc7\x12!DK\xa0\x03~y\x9d\xb4\xdf\x1c\xe9\x90\x1b\
\x8cC\xaf\xfdg\x88k\xb6!\xfe\xfd\x0aTIT\x95\
i\x8cUy\x9e\xaf\x8e}\xa0\x88\xc2\xb6V\x18\xf9=\
\x0c\x9a\x0bx\x91JI\xc9\xc8\x8b5:$-{\xe5\
\xd6m\x98\xa4\xc1\xa2r\xce~\x8f\x22j=\xc0\x06\xc0\
$%\x09\xa1VJ\xccT\xd0\xbaH\x8b\xc3\xdb-\xb7\
\x01\xd5\x05@Y\xbd|\x09W\xdfp3\x8f\x9f\xba\x0a\
K\x17/\x8a\xa4\x84\xd4\x9b\xc0\xfe=\xdb\xf0\x8b\x1f\xfc\
 z\xbb\xf66\x1bKK\x9d\xc5G\xee~`\xef\x8e\
\xee\x1dg\xce\x9c\x19\xc1\xbb\x05;\xbe\x07\x09\x80\xee\xdc\
u\xf0\xea\xee\x8e}?\xb8\xe7\xc0\xbe\xa6\xde\xda\xa8\xd8\
\x0c\xf1\xf5\xdf\xf0.\xcc/\x5cL\xddN\xa5\x84\xa0\xaa\
*|\xf6\xae{\xd8\xedt\xa5\xaa*\xd49\x07\x1f\x13\
'\xfa\x00\xcc\x09\xa8q\xe1\xa6\x01\x14\xddO]\x81\xa6\
\x9dM\xa5\xaaoz\xec\x94m\xbdF>\xe9\xffR\xb6\
\xc8o[\xed\x0d\x1a.\x0b\x8a\x96\x10\xe0\x1f\xe7a\xc5\
\xa9\x1a\x0aB{\x84\xb5cpf.\x1e?\xd4\xce\xbf\
\x09\xc44E\xf7i\xd2\x7f\x10I\x96\xc7\xd9\x95\xb65\
D\x14\xb1X\xdak\x0c\xe1\xc9\xec4!\x87\xdb\x18\x1b\
PQ\xc2\xfa\xd2\xbd\x8a\x8c\x00.\x97\x22\xed\x103\x84\
j\xb1\x9b\xc5#\x0a\xf5\xf5r\x17\xa2\x130\xde\x1f\xae\
\xd22\x82H4\xec\x22\xb5@\xa5Uh\xdcr\xd5\xe2\
\x0d\xed\x9c1\xfc421.\xfc\xdb2\xb4-0\xe2\
\xad\x8b\x1e\xd1\xa3\xd5\x221\x0b%)\xbc\x9b\xd8\xf6\xbd\
\x88hp(s\xcd\xcc\xe1\x0cd&\xbc\xc7W%\x88\
\x02h\xb1\x04\xa5\xa2\xd6\x16x\xc6>Vl\x1d}3\
\xd9^;\xb2\x02~\xfa.\x9c\x1c\x82d\x19i\x09\xea\
\xe2\xdf\xee\xdb\x94\x03\xb5\x84\x81\x90\x05\x9f=\x19\xc9*\
()\xad\x97\x1a\x18\xa8\xd1R\x9b`2\xe6\x0a\xceB\
\xc5R/\xf7o\xab_\xd8\x0b\x8c?\x90v\xe6\xc3t\
s\xe7P\xb6\xe0Y\x15\xa0\xa2\x1e5\x98\x9e\x9d\xc3\xe3\
\x0f\xdd'\xbd\xc9\x09\xee\xdc\xb9\x87k\xeb\xab\xa87\xb7\
\xb0>=\x857\xbf\xed\xcd\xf2\xa7\x1f\xfaHg\xfb\xfe\
\x03\xcd\xc4\xbe\xc3\xb7,\x9c\x7f\xea\x03\x00~\x01\xce\x02\
\xe2\x14\x91\x88\x80\x03\xad\xfe\xd1\xfe\xa3'\xa7\xfa\xdd\x94\
\x17\x16.\xe1\xcb\xde\xfe\x16\xcc\xce\xcdak0\xa4*\
dzjR\x1e~\xf4\x09\x8eFC\xe9t;hr\
.\xd8LO\xd1@\x15\xaf\xa5R]\xe1\xd4\xa0-Y\
\xe9\x22\x88\xa8\xa7\x07F\x8f[\x843\xd0PZ\xcb(\
\xa19\xd6\x9d\x9eN\x84/[\xc2\xa04gs\x12\xe2\
\x1bU\x120\xf1C\x16Bf\x89\xc5U\xcdp\xe4\xb5\
\xc5vP\xf75f\x5c\x87\x1b\x9aA\xa5\xed-\xd4\xbe\
\xc8\x1a8\x95^\xfb\xa5\xef\x9d\xb1\x1dUkn\xf1\x93\
Z\xf6\x15Y\xfd\xa4\x17\xc5:\x22\x95dc\xe5)f\
\xaaZ\xd0PU0\xab\xb3*ECe\xb6E\x88\xff\
\x892\xdb\xb5\xda\xfd\xfaZfhV\x83M\xbf\x06;\
k\xae~\xcd\xf6oU5CR\xda\x11<[/[\
R\x7fo\xa6\x0a\x99\xfd\xc41\xa1\x9a\xad\x91\xc7\xaf\x9f\
P\xe4\xacB\xbf\xaeX\x13\xb5\xe3\xed\xa0R\x98\x15\xd9\
,X\x98\xd5:@mom\x8dr\x06\xb3\xb5\xc0f\
\xdbD!\x15\x99\x0a\xe6\x0c\x22\x8b3\xcb\xb8\x1f\xdb\x1c\
\xf5\xc0\x02MJ\x1b\x13@\xcd`\xf6{S\x00\xca\xa4\
j\xebL\x8d\xebTj\xceV\xcbg\x16\xd2\xae\xcb\x84\
x\x055\x93\x9a\xe9\xa59\xd1\xac`f\xf9\x5c\xfb\x1e\
\x0316\x0a\xd5\x06\x9a\xb3\xef\x9d\x8a\xd2\xf7=\xd8\xb0\
f(\xb3P3\xd4\xd6)\xee\xdbm$\x9bM\xa8B\
\xb3\x8a\x96\xef\xa6\xd8>5\xa2\xda\x80\x9a\xa99\xab\x7f\
\x8f\xafq|\xae\x92\xaah\xea\x1a\x93\xd3\xd3|\xe4\x9e\
\xbb\xb05\xd8B\x92\xc4\xd4\x11\x9e=}\x1aW^\xff\
\x0a\xec\xdd>\x87\xe1\xdaZ5\xb3\xfb\x80\xca\xe4\xec\xf7\
\xef\xd8\xb1c\x9b3\x00I\xc0\xd7U\x00\xf2\x8e}\xfb\
\xaf\xdd\xb6\xf7\xe0\xd7m\xdf\xb1-\xaf\xaf\xae\xa4\xed\xdb\
f\xf1\xfa;_\xc7\xf9\xf9EVU\xc2\xc4\xc4\x04\x16\
\x16.\xf1\xfc\x85E\x99\x98\x98@\xe3\xf3\x19\xc2\xb0h\
\xde\xe8\xfbo\xc6j\x0e\xa4\x80\xd5E=^\x19\x074\
\xda\x13\x88\xe7\x90N7\x04u<\xc8(\xe0`Ud\
\xf3t\xd5\x00\x8b\x88\x04c\x9f\x14*\xeb\x18\x10\x18\xc0\
\x0bMq\xb5\x98i\x86m\xce\xa0T\x18\xce\xb8C\xc5\
\xfb\xd4\xa3\xb2]\xac\x83\x89\x16\xeai\x8e\xef\xdf\xe5j\
\xae\x03\x15i\x1dc\xcc\x91\xe3\xb5\xbf\xf7 \xa0q\x0a\
L,\x22h\x08\x04\xf0\x1a\xb2\x95N\xfd\xef\xa8\x84\x01\
\x01\x00\xa5h\x18\x00\xfd\x1er\xbb\xde\xc1\xbc4\x9c\xd3\
\x00\x15\x01XPE\xd6\x8c\xec\x86n\x1fc\xdf\xe1\xa0\
m\xdf\x97\x156\x90\x04f\xa0\x01$\xb9\xfd\xfc\x9c\x1d\
(\x14\xa5\xb9\x85\xcc\xe5:4g\xff\x9d\xafQvg\
\xa2\x83\xa4\xefA\xce\x99\xe1\x10\x1e=\x00\x03D)\x0e\
\xe4`e}%\xbe\x86\xcc\x0e\x8a\x01\xbe\x01\x04T-\
\x80Q\x946\xc9\x9a\xa1\xe6\xb7\xa2\x0e\x90\xf6\x1a\xf8\x11\
k[\x1fcy*\xaaY\xfcz\x85\x9a%\xbe_\x15\
\x0el\xbe\xbf\xe1\xd4\x01\x98N\xef\xb3\x12\xee\xb0\xcc6\
\xfc\x83\xd9\xfe\x1e\xb9i\xe8\xc1\x02Tec\x17\x06\xaa\
Z\x0bv\xa6\xb4\x9f\x19k\xae\x08\xb0\xa0\x1a\x98\x88\x03\
7\x00<r\xef]\xe8\xf6\xfb\x92G\xb5@\xb3\x5c^\
Z\xe6+n\x7f\x0d\xd7\x96.I\xb7\xdb\xd3\x89m\xfb\
\x8e\xad\x0d\xea\xf7\xba7V\x1d`A\x00`\x94\xbb\xdf\
yp\xcf\xbe\x89J\xf2p~~\xbe\xfb\xeew\xbdC\
\x90\x926\xb9\x91N\xea@\x04x\xf4\xa9\xa7\xd1\xebw\
\xd9X\x04I\xc6\x1e\x95P\x81\x9aN\x19\xa9\xa88(\
\xb8\xa3{F/L\xea?[\x8af\x0d?\x0c\xd5\xdd\
\xf3\xe7\xc8\x99\xd5Y\xa7o\x9eZ\x95\xbe\xd8Gr\x0e\
K\xb5&\x12\xc3\x81H\x00\x10\x88\x03h\xcec\x02\xba\
\xff\xbfu\x9bIhJe\xbaO\xbc\xa0$\x5c\x91?\
\x88\xc9\xdc0a\x83\x08\xc5\x8ad4\x97\xd8\x99@\xeb\
\xea\xb4I\x1aF\x89\xfd\xdc\xbe\xddTyq\xa4;\x88\
\x94\xb8\x05M\xe3\xbac\xf9\x03\xfd\x22\xa1\xce\x16\xbde\
GU\xfd\xc4\xad\x8d\xb0p\x9a_z\xd7\x80\x82\xb0\xf0\
\xf7\x83.~I0i)\xb0Yh\xbe\x8b\xf2\x0a\x96\
S\x02(\xeb\xe9\xdc;\xdaX\xa5\xb5\x80\xe0\xce\xf6Y\
 K\x05\xd1\xe8P\xdbB\xe3\xe9@\xc9\xdd\xd4\x1a\xfc\
l\xa8H,\x86dq|\x95\x84&\xbe\x18a\x0c\xf6\
5\x96j\xc5\x82\x01\xe6\x1b\x22\x85y\x17a@\x8c\x12\
\x89J\x82$\xcd *_\x19:H{\xc5&\x0a\x85\
\xa5_ \xd1O\x89\xa8\x0d.\x80\xc7\x0b\xefX\xb1\xa5\
0\xaagC\x9b\x8c\xfc0\xd4^fX\x9a\xab\x99m\
\xba\xc5\x9c@/\x18\xd0\xc6\x050XSa\xce\x1a\x96\
\x0b\xbf\x06!\xe9\x93\x90h\xc0\xafv\xf2\xb1\xeat\xb0\
\xb4\xb8\x80\x97\x9e\x7f\x16{\xf6\x1d\xc0`c\x83\x97\xe6\
\xe7q\xe8\xf8I\x99\x9d\xeec\xb0\xb9&\xfd\xd9\x1d\xd8\
\xba4\xfd\x817\xde\xb6\xfe\xcb\x9f\xf8\x04r\x07\xf8D\
\xde\xb3g\xcf\x0c'g\xdf137\x87\xad\xf5\xcd\xce\
\xf4\xf4\x94\xbc\xe6\xb6W\xf3\xe2\xc5%I)I\x7fr\
\x82/\x9d=\xcf\xc1\xd6@&\xa7\xa6\x9c\xc6D\xa6,\
%'\xb3.\x12\xb5\x08n\x85\xa1Rh\x87\xa9\x98\x0e\
\xe4\xeaV\x22\x10S\xe5=gk\x8d\xc4|2\x17\x95\
&\xb8y\x0aG\x8a\xafdi%\xb14\x9bJ\x138\
\xfd,}\xb2\x9aY\xf8\x90\xd3\xfe\xb0\x0e\xf3a\x80I\
!\x1a\xb3o\x04)\x92G\xb4\xff\xf4\xe3\xa7p\xe7\x89\
h.\xa6\x0cy\x1d\xcc\x1d\x98&<x+\x90\xfa\xc1\
\xd0d\xc58\x92\x94\x04\xcb\xec)LR\xc8\xd1X\xd7\
\xa8}#\xcd\xd3\x10\xfd\x06\x849\x95\xe7)\x89\xd1C\
\x84\x1c\x1f\x10\x92\x83\xf7\xac\x87j\xef`X\xf4\xc2@\
\x1b\xbbR\x0di\x1a\xb1\xde\xb6\xb8d\xd1\xfal/\x11\
\xfd\xbac\xb0 *a\x00I\xc6N\xd2\xd3\x8b\xbd%\
\xc5\xb3\x9b(\x10J\xff\xaf\x90\x1d%`\x97\x81W\x81\
\x04\x96\xa4\x88\x86\xa0\x11\x9b:V\x0b\x0e\xa6\x07\x00H\
Jx\xe7fX\xa7\xd0\x8e\x0e{y\x90\x9a\xa0\xc9\xf5\
\xc9\xa2\x87\xb8A\x10\xed\xe1n\xa2\x14\xee\x220X\xd1\
\x0fP\xd2\xab\xbe\x92M\xd7\x12\x97\x01\xc4\x0f\x16\x829\
\xdb\xdeYi\xd0| Gu\xdf#\x82\x86\x89\xe66\
#\xf6\xb4\x22\x1a@\x5c\xa5-\x88$\x045gg\xc1\
\xc6>E\x81\xfe\xc4\x04N?\xfd\x04w\xee\xda\x83\xac\
\x8d\xd4u\x83\xa6V\x1c\xbf\xe2\x14\x1e\xb8\xff\xbe4\xbb\
}g\xd3\x9d\xdav\xe3]\xf7\x8d^\x0d,}.\x01\
\xe0\xca\x0a\xdf0\xbbc\xdf\xf1~\xafS///\xa7\
W\xdcx=\xfa\x13\x132\x1c\x8e \x14\xaa*^|\
\xe9\x0c\xfa\xbd>s\x93Mt\x818\x85#\x22w\x14\
\xa5\xb3U\xeb\xafTD\xf8RO\x01XB\x923\x03\
z\xa90\x14\x5c\x04\xdd\xb5\xe4^\x0aU4\x0b4{\
P\xd2N\x01\x98=\x180\x9a\xd7\xb1|M\xa0\xacF\
\x08\x88\xd4\x226R\xa1\xe2\x14\xc5\x8fq0\xba\xc3\xc6\
\x064\xd8\xf7\x17\xe4B\xbc\x1f\xe5g\xb6z\x06\x01\xe3\
|\xf4/\xd6r\xf8\x88\xf6\xabH\x12\x8cF\x9a\x13\x8b\
\xc2i\xe0\xd8\xbdSY\xba(\x11\x0dU\x88\x5c=\xa2\
\x83\xddd\xa6\xbf\x87p:i\xf4v|A\xd4RZ\
\xdf\xab\xdc\xa6\x17\x9a\xd1X.,\x9e:\x08\xddQ\x9c\
v\x9a\xba\x19\xcb\xe3i\x00I\xfb\x99\x99\x88\xdc\xd7\x8e\
\xb5\x9a\x0e\xe4\xa9\x95\xa5.\xea\xbf\xb2EP\xa7\x8a\xb1\
/\x96\x96d [\x9a\xe0bH\xe4\xfe%ER\xd3\
R\xec\xbb\xedf,\xed\x0a\xc5\xc7s\xc2\xe8\xa0\xb1L\
\xaa\xbd6\xa3m\x16\xc5\xb5!JZ\x93#\x9c\x18\xcc\
\xd8rfO\x87,m\x01a\xd5\xacH\x03s4\xb9\
\x19\x9dos7\x8a\x85\xfe(\x8by`\xf3(\x97s\
c\x8c\xd7t [\x1b\x92\xcc\xb6^\xb0\x94\xc7\x00%\
\xd2@\xb6\x9a\x90\xed\xa5\xe5\xfe\xb9h3\xb6f\x9a\xcd\
1\xb766d\xf1\xc29\xe9\xa4\x0e\x983\x96.]\
\xc2\xa1c\xc7\xa0\xa3\xa1\x90\xdat&fS=\x92\xaf\
\x06\x80\x8e\x08\xd0\x9d\xea\xbdqzn\x1b\x85\x0a\xcd#\
\xde|\xf3M\xb2\xbc\xb2F\x08\xa5\xdb\xeb\xe2\xfc\x85\x05\
n\xaco\xca\xec\xcc\xb4\x8e\xd4\xcfX\xa8\x0a\x13D\xad\
\xb3\xc1l\xbeL\x80B\xd2l#\x14\xc6\xfb:\x1c\xa9\
\xe9\xaa\xbf\x83\x80\xf9Mts9\xdeI\xcc\xa2\x89\xc5\
3}\xd7d\xf7\xd29&\xd6Z( \xd5\xe6\xef\x94\
\x9aW`\x0d\xed=V\x8bj{`@\xc2\xce\xfd\xc1\
\xdd\x88\xf1\xfb\x1cA\xc5\xe5z+\xcd\x00\xe2z\xbdG\
\xd2\xa8\x0fI\x04\x0f\xc7\xb6 \xa9D\xc93\x22NF\
\x90\xf1B\x01,\xfe\xdb\xb5\x98\xa7I\xcc8\x0d\x96(\
\xf4\xdfh\x88(\xe2\x01w\xack\xdf\xca\xe4V3\x0b\
b\x16i\x95\xb4\xd1-\xa8\x92\xfd\xda\xaf%\x1a~\xc0\
\xa8\xd3\x9b-YQ\x93\x11\xd0,\x9d\xf1\x18\xab\xfe\xb9\
\x1e\xb6\xe1\xb9\x8c\xef\xa4\x8e\x95\xf5J\xc3\x0f\x09M\x86\
\xd2\xe2\xe1\x98\x9e\xf6\xa8G\xe4d_\x0b\x88\x97\xcb-\
\x94K\xb0. \xba\x98\x0a#r\x00HA\xc2\x93\xb1\
\xfc\xc2\xfc\xcb\x228\xf0\x11c\xfba\x9d7~\xd7n\
\x06NC<G\x0a\x02'\xcc\xa5\x81\x8a\xb1\x0f^\xba\
/\xd1\x19\x01\xc2Fm\xca\xcf\xa0\xa8\xf7\xa9\x1bYD\
2\x81\x10\xf0\xb9\xa3\x84\xa5\x89\xe2\x06j\xd5\x92\x97\x01\
\x8e\xff\xec \x03\x0a\x1bm\x8c/\x99n\x01\x8a\x07\x95\
\xac\x14\x01\x16\xce\xbe$\xb3s\xdb\xa8\xb9\x91\x8d\xe5%\
LNOc\xa2\x93Po\xacvR\x95\x80\x0e\xde\xc6\
\xc1\x8f\xa6\x8e*e\xe7\xa1\xab\xdf:95)\xc3\xad\
a\x9a\x9b\x9b\x95\x03\x87\x0f`kk\x0b\xd6\xbe\x9ex\
a~\x1e\x9dn\x076\x99G\x9c\xce\x1b\x05\x12@\xd4\
\xcd\xc7\x9d\xd9]\x1b\x16U\x10\x9e\xe8\xe4+\x1a\x1a\x1c\
p\xdbrT0\xa2\x96*\x94\xc8\x1d\xe0^\xd2b\x8e\
\x05w\x8f\xdad\x5c\x5cI4%\xdc\x0dj\x94\xb0\xa5\
\xdaf\x00N\x96\x89\x98\x1f\x1cD\xb5\xe4\xc2\x8e\x0c\x96\
=\x0b\x93\xb7}\xd9\xa7x\xe5'\xba\xe4\xec\xabBF\
P\xe3\xa7v\xb4 \xc8j0\xf1\xa0\xf4D\xa6\xb0r\
\xeb\xb2\xb3\xf7Z:{\x037\xdaT\xd2\xb5\x05\x89\xba\
]\x0c3\x80\xd8hIR\x14\xe5p\x7f8\x11\xc8\xd2\
A\xe0t\xb38\xa8\x9b\xb2u\xb1\x05W7\x84-\xb7\
\xef%H\xcf\xf2\xc56\xbc\xe4U\xde\x01S^\xee \
F\xb8e\xd8\xf2\x86S\xc0\xbb\x85\xe9YJ\x8b\x9dN\
\xe7\xec3#q\x80\xfb\x02l\x8aa\xdb\xf2P\x18\x97\
x^NX\x16d\xbf\xf4\xf9\x0aA\xb3-\x92DI\
^\x5cL\x88*\x8d9\xa9\x03\xa7\xab,&p\xb5\xb3\
j\x82\xc9\x15\xe6\x17\x0d\xa8\xce2\x5c\x0a0\x1c\xd71\
\xe5\x86\xf4k7\x046r\xe7\xcda\xee\xfc\xd94\xaa\
\x97\xb19D5\x82\xae \x9b\x84\xe10\xeb\xd5\x8c\xf1\
VbgF\xb9\xb1\x94c\xf5\xf2%nnl\x809\
\xa3\xc9C\xf4\xfa\x13\x98\xdb\xbe\x1dKK\xcb\xa9\xea\xf6\
XU\xfd\xebff>xmg\xb6\xbf\xeb\x9a\xd9\xa3\
W\x5c\xd5\xebtumeIN\x1c;\x84\xc9\x89I\
\xae\xae\xad\xa7^\xb7\x8b\xad\xc1\x00\xcb\xcbk\xe8\xf5z\
\x0e\x92Zz\xe5m\xb8\x0b\x1dLcO8\xb6\x91m\
;\xa3-\x80\xd7\x03\xc7\x11\x97\xadnS<\xd3\xc1\xa2\
\xf4\xffZ65\x96J\xc2\xa9j\xf2\xee0\xa7\x83\x91\
={\xf7e\x988Q)\xc46\xd9\xf7\xcc>\xdda\
\x0026\x97\xce\xc4-\x8b8\x9ef\x16\xb6j\xa7?\
\x8a{\xd2\x9d\xdf\xc5\x9e\x92Z\xbb\x02\xe5\x19\x02Y\xe0\
\x81)\xfa\xe8L\x14\x0a\x93\x0b\xd8\xc1\x98C\xa8/N\
\xd1\x04Z\x0d\xc4\xb0\x17\x847\xab\x98\xc6H\xe7>(\
\xa4\xc9y\x8e\x89c\xadH\xc1\xb22&0 2\x18\
[\x98\xe4\xc9\xb2'\x02\xcah\x8e2\x10Q\xf5\xc6\xde\
d\xa9\x81\x14\xe9C\xe2\xd6\xe1\xc0j4C\xe3\x10\xa5\
9\x22\x03dD\xa0j\x8d\xd2q\xd1\x85<1\xfei\
\xd7\x92|O\x83E1t8\x94S\x84\xe2\x8d9\x88\
F\xaeX\x80\xa2bz\x94)\xbc\xd3\xe7\xa3\x07\x90\x04\
\x0c\xd0\xc4eo\xfb\x11\xa0\x94\xb1\xc7F.\x95\xe0\x16\
\x07\x86L\x06\xd2He\xd5\x16\xb7|4)\xb0a \
d&5\xda\xaa\x08U\x8a\x89xZz\xb6\xe8]u\
\xde\x5cd\xc1!\xb3\x18\x05@\x13%\xad\x8a!my\
\xd4+\x03T\x0e\x07\x9b\xb2\xb6|\x19SS\xd3\x18\x0d\
\x07\x18lm\xa071\x81z4@\xa77\xc1\xd4\x9b\
\x98\x18m\xae\xdc\x9a\xeaNu\xb4315\xdb\xefw\
u4\x1c`\xff\xbe\xbd$\x80\xdcd\x8aTX_\xdb\
\x90\xa6\xa9a3&\xd5c\x8e\x1b\x8c\x09\x04\x8c:\xbf\
[^$\xd2Q\x9d\x03`\x03gc\xa1M\xf8P\x19\
3\xc5\x12\x93\xdc6|}\xbc\x93\xd7\xf6\xce\x12\x1c\x8f\
\xb0\xb6\x9b*\x88\xbc\xde\x01\x02D;\x1f\xa6l\xae\xad\
\xa3\x7f\xbf\xb4\xe15\x00\xcc}\x11DiM\x8e\xe0\xe0\
\xde\x08\x84\xca\x8cB\xdb%\x12\x80\xd2\x97\x1a\xcb\xe2\x0a\
\x96\x7f_K\xc1\x19\xbd\x08R\xd4:z\x03\x22\xc7X\
\x14\xdb\xeb(\xb4\xc2#\x94z\x90\x11D\xbb\xae\x7f\x89\
\x06p\x86\x870\x0c\xf5e)\x0eHQ\x15\x8b\xf0\xf4\
\xca\xcdx\xda\xc2qC\x1b[\x06/\xb3\x85\xf1{\x98\
\x8a\x86\x0ex\x06\xe1?{S\x83\xab\x98\xee\x03\xf0]\
@\x04\x06\x22l\xdc\x91\x9d-c\x8c=s\xbc\xf0\xb5\
\x88\x9c\xb14}H\xf8\xb6RK\xfe\xe2g\x9d\x11\x1c\
\xd0\xf7B\xbc\xe9\xc2\xc8x\x01\x05\xfb\x0c\xb7\xb8\x14F\
l\x1a\xa0\x0bH,\xc8,\x16\xfb\xad\xb4\x0a\xd7'\x5c\
\xf3)%BoJ\xb1\xdb\xb6\xffv\x19Q\xe3\xab\x22\
\x96\x9a\x80\xe5\xedN\xbe\xef\xb6\xe9Q\x1e4!P\xda\
\xdfga\xf62`T\xc0\xbd\x9c\x9cs\x03\xcd\x0d\xb5\
\xa9\xa5\xa9GX_\xba\x0c\xcd\x19\xc3\xcd\x0d\x8c\x86[\
\xe8u\x12`~\xa7\xbd\x89ih-\xb7w\xa6\xb6m\
\xbf}br\x02\xd4\xcc\xdcd\xec\xda\xb5\x03u\xd3\x14\
\xa7]]_\x07\xfc\x04\x1a]X\x95\x88\xf2v\x09V\
\x07BdS\x8c8\x1f\xe8k\xdbR\xb8\x1c\x83\x11\x13\
\x94\x97\xb5\x09\x075\x8d<UK$\xb1w\x94\xc8\x11\
\x9bk\xf8\xec\x8b\xeb\xd7\xe5\xe6\xc0\xc0\x151gbp\
9\x94v\xe4\x18\xcfo9_\xdc\x0f\x85\xc9\x14\x88\x12\
\xd6\x8a\x05\xdb\xd6\x99\xa0\x19d>J\x88\xe2i\xbc\xe3\
\x8af3\x17A\xf4\xd9\x82e\x966\xe3D\xaaaI\
j\x89P\x0bI\xb4'\x00\x08\xe8i\xad\x97\xc9\x8a\xde\
\x0e\x8f\x16d\x95,\xea\x91\x8c\xe3\x90\x81\x5c@\xc9\x99\
\xed\xa2\xb3\x0aE\xb2\xb0E-\x90%PFNj!\
\xb7\x80\x11i\x1d~fp\xa6j\xdbZEHv\x86\
&\x88\x0c\xcdk^\xf6c\xf2\xa8\x86\x00[Wr\xe3\
\xbc\x13#\x1d\xf0JZ\x1c\x10SDu.r-\xf8\
y\x0f\xdfG\xb4Q\xc5\xb3v\xfb\x8c(U\xc4j\xf8\
\x90\x08\x03{q\x1e\x1b\xe4\xd1v\xb74\xa6[\xc2\x11\
B\xa5\xa8\x1b\x8d\x8ei$^\x0bBdB\x050[\
\x1cAfvQ.\xd4\x1d\xa7\x85\xf4qxa/\xe3\
:\x99d\xcd\x1e`\xd8\xb2C\xab0\x98\x18\xee\xc0R\
\xfa\x02\xd4\x1a\xc047\xcc\xb9A\xce\x19\xdad\x227\
\xd8X_\xc1\xb6\xd1.\xa9\x87C\x0c76PA<\
(e UPI\xbb:\xab\x1b['\x0et{\xa0\
R\xb3j59=\x8d\xdc\xe4\x12y6\xd67)\x92\
b\xb4TQ\xd5-\x90\xd3\x89\xa2\x94F\x04\xfaE[\
\x8e%\x8ez-\x13\x88(\xd0NR3\x84\xf5\x9fZ\
\x5c\x860\x8a\xf4j\xd1N\x18\xbb\xe3\xf9\xba\x0d\x02\xb6\
\x94\xdd\xf2K)\xd5\x04O\x02#\xcdwXi\xf5/\
\xaa\xc9R`q\x11\xdf~\xab\xe6[2\xe0\xdd\x99h\
\xed\xb4\xd8\xaa\xddYX\xb4\xd9\xac\x93D/\xa9E\x95\
\x0f\xe1.\x96\xa3\x18\x9ceo\x7f\x86#\x00\xfd0K\
\x01\xae\x92\x84K\x14\xfdb\x85\xc4b\x19\xc2J\x903\
\xa3c\x00\xd9.>\xd6\xa1\xcd\x98Y\xe0\xcf\x01\xa2\xad\
g\xfb&\x08ATHPU)\x83 K\x84\xf5\xaf\
6\xf3\x83Ur\x15e\x0a\x9b\xc3\xb2\xb1\xc4\x14,\xc2\
\x16_\x95\xa1\xe7:N\xb9\xba:.\xe8\xf81\xa5\x02\
\xe1\xf6\xd9\xd2\x16\xe1\x0ae2\xcf\x1b\x9b\x83\xeeBf\
I\xb7\xa2I!t\x17\xdf,\x15\x8c\x1f\x13,\x9d\xe3\
\x86E\x85\xf4\x88\x1f\x8cd\x08\xab\xf1\xfdN\x08\xec\x83\
\xa3+W\xe9\xbc\x81\xa5:bq\x5c\xcd0\x95Lm\
\x96Pj\xfe\x01;\xe1\x1b\x06\xdeB\xa1\x0d'\xf5\xf2\
Xq~\xa7KB\x88\xaaWo\xbcCQ\x9a\xa6\x86\
\xe6\x06\x9a3\x9a\xa6\x96\xdcdmr#\xa3\xc1@F\
\x83-\x8e\x86\x03\xa9:]d\xcd$\x14\x9a5\x11@\
ob\xe2Hgz\xa2\xbfG \x18\x8d\x86\x15i\xcf\
\x80\xa8\xebZrV\xd4u\xcd\xad\xc1@\x04V2\x01\
M\xc0w\x975\xc1M\xedv\x9dZ\xc5.\x89\x0b9\
VY`8\x8c\x9b\xa4[\xa4\xafwp,\x17j<\
\x11\x879R8\xa2\xc7\xceHeMQA\x96\xb8\x84\
\xc2\x10\x82\xa1\xdbUG\xf8\x8e\xcf\x1c\x0b\xdb@\xdbW\
l\x0a\x81\xc7\xa0$R*\xd2 \xe3\xc8\x98\x00\xe5\x94\
\xac[;K\x16Y\xa8h\x91\x1a\xc5\x0d3\x10\xcfc\
pD\xef\xf8-\x08\xa1\x16O\x14\xffB[\xc3\x16\xaf\
\xc2\x09\xdc\xcbZ\x12\x04\xb6)B\xa4OQ.\xf40\
\x8a\x97]_\x88\xd6\x12)J\x04.#\x16~\x16\x82\
\xfa\xf2{\xb2\xf7\xa1T\x18\x8a\xe4\xa1\xcc\x8c\xfe/?\
\x0cEe\x8e[\xf4\x98A\xf8\xc8\x5c\xdf\xa16\x86\x07\
uR#H\xe2\xb8\x11\xb8\xec\xf8\xdd\xf6\xf4\xf8\xb2\xc3\
/\xa6\x04\x16{\xb5\xb6\xb6B\x87\xd6\x883\x1c\x13\x9e\
HW}\xe3\xb0\x93+\x1el7\xcb\xe8\x8d\x86\xf8$\
\x05\x97\xbd\x84\xe7O bY,cH\x08\xea\x9b`\
\x99\x88\xa0\x5c\xa3\xc1\x96\xb7\x8e\xc7\x8d\x84\xca\x0fx\xf9\
\x1c\xe6\x18\x16\xf934\x22\x83w9\xc2i\x7fn\x1a\
X\xc7\xa0\x82M\x8d\xa6iD\x9b\x9aM\x93Ihb\
Vj\xce\x18\x0d\x07\xa2M\x03e\x83f8\x10mj\
\xb0i\x88\x9cA\xca\x81N\x7f\xa2\xb7\x97 \xea\xa6N\
\xcc\x19B \xbb\x02\xd9dE\xce~tX\xad\xdd\x12\
\xf6\x18\x0f\xcfZ\x22\x9c\x87\xe4\xe6\xbe\xefa\x8e.\xbd\
\x07\xbd\x8a\xb2{`\x9e\xa1b\x1c\x8c(\x8e^\x80\x22\
\xf62L\x226AJ\xeb\x0a\xdc\x8ecA\xdd.\xfc\
Lk\x5c\xa3\x00q\xc2/\x9c\x09\x90\xf86\x17\xfc\xe8\
M~\xe2\x94\x06!\xf9%\xa3\x22J\xc6\xa0\x01\x0f.\
c\xa42n\xba\x5c'\xa9\x22\xe1\xbc@\xc8S\xf1_\
6Y\x80\xb4\x16\x06\x7f\xfa\x00b\x19\xac\xb9\xb2\x9c}\
E8M,\x1c@\x1b\x7f\x1c\x81\xab\xa8\x1a\xe2\x9dj\
AU\xd1\xe2\xab\xc7\x1cUP\x12\xa2?\xc1\x8d\xbb\x80\
\x11\xd9\x8e\xe2b\xa1\x1a\xad\x15\xdb^\xa6\xa2\xbb\xda\x0d\
\xc6\x85e\x00e\x94\xa3\x07Q\xdfz\x11/e\x8a\xbc\
\x9c\xea\x90~\xd3Rv(\xfa\xb1\x8av\x88\xf2\x17F\
\x1dK\xc2\xd6.7[\x9a\x16\xfb\xea\x0f4\xc4\x18q\
\xf1\x8d\x87-N\xd1h\x0a;\xe1\x18\xa8\xf8\xddR\x0b\
\xe8\x15S\x04\x8dA\x926\xf0\x9c\xf4\xfdF\xb9\x1dc\
|\xe61n\xf2~PJK\xe7\x1e\xbd\x1cB5\xe8\
M\x10\x9b\x11\xd8b\x98\xb7%\x03\xd6^M\xef\x8dP\
;U\xa8\x8az4Bnjh\xce\xcc\xda\x04\xa08\
M\xb2\xf3\x0f\xaa\x19\xea\xe7\x17\x98\x1b\xe4\x5c\x87N1\
\xd7!e\x8a\xa4\xf5h\xc3\xab\x95\xde\xc9\xe79\x1f\x15\
\xc2\x98\xc1D-\x8b\x1e\x00\xe8)\x1a\xe8\x81;\xf8\xf8\
x\xc6_\x22\x94U\x9cJ\xc8\x91X\xd2\xe0on\x19\
\xd6\x94\xe7{$\x02q\x15\xb8x\xfaX\xd2\xec\xaa8\
\x99\xbc\xb6\x16]fVva\x91|\xca{K<\x95\
\xf6\xdb\xc7\xd3L\xaf\x04\x88\x83\xc5X\xef!\x19+\xc1\
\xf2.\x8b)\xc5\xbd\x8b\xe9\x14ta\x18\x89\xd9\xa2\x03\
\x82\xb6\x19s\xd4\x06\xca\xaa\xbaX#bR`|\xce\
\x98\x91{>\xea\xb6\x16\xeb\x1c\x1b\x13\xc1=\xde\x09\x94\
/\xb0\xe8\x16\xdfj\x99\x15\x02\xa8\xe2#|\xb1\x9d=\
x\x99\x83\x00$:\xce\x0a9\x11\xc2\x1e\x07\xe8D\xd6\
\xd8\x8c\x18\xdb\xd6\x02%*t\xd6^\xa4\xedR\xce+\
)\x8b{\x9b\x94\x85C\xb9\xf8\xb1}\x08\xe4\x1a\x03\x92\
\xb8\xf6\xd0b\xe08\x1a\x19X!\x12)\x12n\x01\xa4\
\xf0Cu\xa0u]\x06\xd1\xa5\xec\xc8\x9a5P'\xe0\
\xb7\xa5H\x0c\xc6\x00z9\x92\xed\xda\x97\xf4M\xbd\xe8\
\xd1\xa6\xc9a@\xae][\xbb\x86\xa9\x05\x12\x87\xb7L\
+7\xd4\xb3~+;[\xe1\x8dw\xcc\xcd\x08\xcdh\
$Y-\xf7wk\x900\x0f\x82\xa2\xd9+\x05\x9a\xfd\
\x90\x9aE'[\xba\xdc\xed\xa8\xb2\x07%\x98\xb3\xe4\xba\
F\xd3\xd4\xa8\x9b\x1aMc\xd1\xdf\x10+\x0b\xd9a\x1c\
\x02i\x9d\xb2\x18^\xe9\xc5rP\x17-\xb58_4\
\xb3\x8f\xb6B\xed\xd1\xba\xa4\xba\xf0b\x5cq\xbaTV\
\x9b\x01\x1e\xeeM-\x17\x00\xec\xf8\xa6 \xc2q\xf1\xce\
\x80\x16\xb6\xb6/\x11[\xe8\xd4\xb8(\x04\x11!\x05 \
Em\x5c\x94+x\x88\xa8b\xaf)\x8f\xbbt.\xe9\
l\x03\xd1S\x13A\xd1\x1d\xd6\xc3\x87\xdfb\x8a\xa3\xe9\
N\xafm\xe4\x88\x02\x12\xbc\xa4\xcdTD\x22M\x12)\
:@\x10\x0d\x09\x5c\x8b%\x1e{\x22NIA\xcaz\
\x14\xfbw\xc9*\x1b\x87W\xb7vII\x8a\xf0\x1fo\
p\x8a$4\xa5\xae\x80*\x04\xc1\xff-Ur\xa9\xc3\
S#k\xb3\x86\x8f])\xb1\xd9\xaf>G\xd6%\x22\
\xd5\xb8\x02\x87\xe2\xfb~\x93\x9a\xbd\x81\xc8\x11\xa4\xad\xc5\
\xba\xeeP\x90=\x10\x176~3\xdc+32\x87\xa0\
\x82\x16\xcc\xd4S\xbdT\xdek\x01dL\xa1o+#\
\xa5\xc9\x04\x0ej\x8cS\x91T\xa2\x1d\x0fe\x01\x85\xea\
\xb5\xca\xd8M:\xa0\x88\x80j\xf5T\xf5\x03]^\xfa\
\xf4\xe9\xe1\xb4\xa2\x82\x13\x9b8\x0b@\x8f\xb6\xd1\xa1\x99\
\x9b\xda\xeb\xfe\xcaz4D=\x1a\x8aEvo\x8b-\
\xad8n\xee\x0a(\x1b?\xa9h\xa7\x12\x0b\x95\xb1\xcd\
J\x1d\x80\x89\xcch\xb2H\x933\xb3\x92M\xce\xd1v\
i\x8aj\xa0\xa4g\xe9\x82\xa8^8r{\xda\x9a\xc9\
\x14\xbapP\x18\xfb.u\xac+V\xc2\xd2</\xb0\
\xc32\x88\x87% \xa8'=\x01k\xa3w\x80@\xeb\
\x08\x16=\x22\xba:\xe3|Y\xde%\x05\x09\x22\x1c\xba\
\x93\xb1\xfd\x5c\x7f\xefx\x0c5\x02\xef\xaf\x09\xe2B{\
\x10'\x0b\xf5\x19w-F\x90*\xa13.\xd4c\x16\
\x5c\xc9\x8c\x00\x89v\xfa`\xa0Q\xc0[\xdb\xccd\x97\
\xd6\xca\x8dc\xd4\x85\x9ep\x1b\xf3\x09\xa1\xc5[\xdf\x0a\
\xc1(\x18\xc7p\x1a\x1f4\xea\xadx\x08\xc1\xac\xf8\x7f\
YK\x01\x10\x82\x18h\xfd\xee\x22\x02Q\xb7i\x8f\xbe\
\x02\xef\xd6Nv\xf7v\xf4\xbe\x85\x18W\x0c\xe3\xeb\x9d\
\xb15\x01[\x11P\xec\xbe\xa3X@\x97hD\x05H\
6lJ\xc9\x0a%\xb7&\xc5\x9e\xd0\xa7\xad(!\xe1\
\xe3/\xeb\x14LR\xaa\x10\x05a5S\xc4\xa6\xfa\xfb\
\xd2\x16\x16\xe5\x11\xdc\x85d\x83\xd9rY\x05\x9eA\x96\
\x1e\x84b\xf2q\x0f\x80_W[\x96\xa0\x84\xd2\x1c\xc2\
^Pz\x14\x96lA\xd0\xdc\xc3\x8eM\xfb\x09J\xc9\
\xdax\xa7_\x96\xd1p\xc0\x9c]\xfd\xd7\xec\x11m,\
-\x8a\x88k!5h\xb1\x03!\x8b\xa8L\x08:d\
Jv>=[C!=\xf5\xf4\x1a\xb1\xdd\xaf/\xcb\
\x98]F\x0b\x8b\xfb\x1b|\x0e\x9c\x02\x9a\x5c\x91w\xb6\
\xe5\x93\x7f\x08\xef\xb1*\x8aJh\xa1\x12.\xdb\xc68\
\xb7Z\x16\x07\x8e\xc8`\xdd~\xad\xe3\xda\x9e\x8a\x84\x02\
9\x96S\xc6\xa6D\xf5\xa8d\x94\xee\xb6\xe68a\xed\
,o\xb1\xc8oF\xe6\x1d\x05\x12\x0eMx\xa7\x98\xb8\
7\xb7yv\xa0\x0eQ\x8a\x81%\xa8\x174\xa0\x04$\
\xc6\xac2\xaaB\x5c&6\xd03\xe3\x82\x12\xf1\xccq\
\x0b\xe8\xe5S\x11!\xcd\x95\xb3qQI\xda\xb0\xcb\xc2\
\x0d\x22&\x04 \x17vR\x5c8\x0c;v\xc7\x88v\
\xb7\xdbE\xa7\xdbE\xd34\xc8u\xc3*\xf9\xe2x\xc9\
\xb3\xaa:LI\xb85\x18\xb8\x97\x98\xad%\xbfu\x06\
\xab\x8b\xe1\xbc\xde)\x1e\xc4\x09@\x146}\xa5\x22\xe2\
\x07\xd9\x8b\xcb#\xa8`\x1a\x1bh\xc4R\x10\x0dcT\
\xb8\xe4$\xa9\xc8\x0cv\xfb\xeaOA\xa2\xed($T\
\x1c\x8d8\xe2\xb4\xdf]1\x06B:\x14\x84\xe5\x8b\x96\
\xb3\x98\xb0\xe3\xcf\xe1\xb9\xc1\xb6\x0a\xdb\x08F\x1c-\xed\
\x08U\xc3\xa2?\x19\xc6\x16\xae\x1f\x0fr5\xb7\x8d3\
#\xf4\xe3\xd6TdW\xf9\xebzD\xcd\xd9{\x0br\
k^\x1e\xda\xd02\xea\xb0\x09_\xda\xf0\xd9\x80/k\
\xe6\xe8\x00\xaa\xcc\x0a\xe9$;h\x91\xcb!\x8c\xd2\xc1\
\x17\x88\xe8\xb5aj\xb0A\xff\x0b7[\xc4\x86\xb8\x1f\
H\x11\xcc\x18\x8e\x1e\xa1\xc9\x0c\x88\x81Y!R\x15\xe3\
\xa3\xc7\x15\xfb\x1c\x94en\xd1>\xdc6\xa2S\x80\x9a\
\x84\xfd\xb79y\x1b\xd8\xfd)=\x1e/\x8a[\xdb\x9e\
\x8f\xd1\xda1xqI\x16\x92R\x8a&71b/\
\x9a\xe1\xd7\x12\x05%\xfb\xca\x90\xefY\xc6\x85\x85\x999\
\x0f\x22\xc5{\x1c\x9de\x87/\xd2\xcd\xb3\xf0\x1c\xf7^\
\x16\xcb\x14\xa2\xfd{\xbbq1\xcd \xbc\xc6\x0dOh\
E\x0b\x08\x10\xb9Z\x00\xa4\xaf^\xacO\x89d\xbex\
\xf60n\x95\xcb\x8b\xf3\xb8t\xfe<\x17\xe6\xcf\xcb\x91\
\x93Wafn\x16\xb9\xc9\x98\x98\x9c\xc2\xb3O=\x85\
\xa5K\x8br\xd5u\xd7\xf3\xd0\xd1\xe3B\x02\x83\xe1\x10\
\xa4JrO-~\x1a\x97\x15\x0b\xd4^\xadM\xc9\xb4\
\xef\xb3\xedc\x88\xf5\x01h\xe2\x1eIk\xb1u\xb5F\
\x9c\xc3;\x95\x8e(R\xce\x18h!8\xf1p\xd6\x10\
\x22\xad\xa9^\xe2dBT3\xe0\xff\xa4\x05,!\x9d\
\x9f\x18H\x87\xe4\x04\xc2J\xb8I\x0c\xbc%\x1a\xe4<\
C,\xa8d\xfb\xe3\x19G\x11\x8e\xa8c\xba\x886\x1e\
\x9c\xc9\xa8e\x0b\x80\xec\xe7\xfc\xad\xac\xd7@s\x8d\xdc\
d\xd6\xf5H\xfcP\x94\x97\x12\xda\x99i\x8c\x80\x05W\
\x9f\xfd\xf1\x14\xb1`%\xa5 \xe1M\x5cB\xa0\xea\x18\
>f(:>\x91\x95>\xb7\x5c\x91sC\xeb\xd1\xb6\
7\x1bz\x15\xa4\xf3\x5c\x9a^\xdf\xa4\xf8\x7f\x17*\xe3\
\xb6\xebK\xa7\xe1\x956`A\x14\xd0X\xb6xi\xe0\
d\xb1\xfe\x92?\x17[@\xf1\x13\xc0\x15E\x08\xa2\xa3\
\xa4\xcc\xacd\xf097f\x01\xa2\xd52>\xc1\x22\x91\
mKJ\x91\x99\x14C\x8d\xf4N\x04\xf6\xf8A01\
\x98\xa5-l\xb8\xa1\x11\x1exP6|`\x84\x16\x83\
\xdc\x10xX\x16N\x04\xeaJ\x89\xaaC\xa25\xdbD\
h\x11\x17\x19\x02\xc3\xe34\xe4X\x8e\xe3QO\x03\xbe\
\xc2q\x22Q\x10\x1fq%b\x8c\xc4\xfb\xc9l\xe4]\
\xacU\x99JN\x91&\x8f\xe4\xf2\xc2\x22/\x9c;\x8b\
\x17\x9ey\x02MVt+\xc1\xcc\xb6\x9dX^ZF\
\xd5\xed`zj\x1a\x9b\x9b\x1b\x5c\xdb\x1c\xe0\xbe{\xee\
\x91\xd3\xa7O\xf3\x8a\x93\xa7\xb0g\xff~\x90\x94\xc1p\
h\x9fk\x0bP\xca2J\xa5O\x1d.\xa8@\x81 \
gGoS{5\xc8e\xa8\xfdlw\xc3\x1c\xd95\
\x11\x9fT\xd8\xf6\xd1\xd8\xcdk\x81\x97H\x95\xdc\x8eJ\
\xe1\xc8\x9c:y\x95\x83\x85\xbdi\xd96[sFh\
\x8f\xc6\x8b`\x00~P\xa7\xe4Z1\x09\x08%\xcd\xb0\
j\x8c\x83Y\x1b\xc4\xcc\xc5Z\xaa\x1e\xc2\xa0\xa7Zh\
\xb2O\xfe\xa9\x1b\x13\xf7\x9a\x1a\xb9n\xa4\xc9\xb5\x09}\
\x8c\x03R\xf4S\x88\xc5aJ\x99\x93>j\xac\xc4\x1e\
\x12h\xcb\x88v\x1f^;\xefD\x8cQ\x1f\xb3S\xf2\
\x14:\x082\x90O\x18\x0aX\xd0Ho\xf5@\xf0R\
\xdfn/\x9f\x09s\x81s\x07\x05\x17\x0b4\x1c\x1a\x80\
\xc0\x8f\x0a;\xd5E\x1b\xa8$\xa8\x03\xe3\xb1\xec\xc5\xf3\
\xe3zP\xe8\x17\xc1B=\xcb\xae\x09\xectX\x8c\xbe\
n#\x0bP\xa0\x07/\xef\xf1\x86\x0f\xc3(D\x83\x10\
\xb1n\xf4\xe0ON\xa2\xc6\x98\x8e\xdbE\xfc\xbe\xf4\x1a\
\xc6\xe52\xbe6\xaa\x16\x1e\xa7!aQ\x01E\x8e\x17\
n\xf7\xf1\x1c\xfa\xf2\x0d!*\x16T\x1c\xd38\xe2{\
\x22\x89\x80S(i\x17\xc4\x977\x9enL\xa2\xf2\xc7\
\xa1o\xado\xc8\xc5\x85\x0b\xbc8?/\x10\xc8D\xbf\
\x8f\xd4\xe9\xa0\xdf\xefHj\x86\xect*\xa0\xaa\xa4\xaa\
*HJ\x10I\x90\x94019\x89\x8d\x95\x15<\xf4\
\xe0\x032\xf7\xdc\x0c\x0e\x1d9\xcc\xbd\xfb\x0fJJ\x15\
\x06\x83\x81\x00\x94\x94*\x8b@\x16.\x03\xbaP\x08\xd2\
\x98\x01\xc7.\xc7\x85\xc3\xd9\xa5\x87\xd0\xb2d\xe1\xd4Q\
RBJ\xa0u\x1ezy!\xe0\xa0\xad\xc1\xc4\x96\x96\
\xa92\xf4\xbf\x88|\xd4\x82L\xdb5\xaa\xf4\x07\x86\x9b\
\xc1\x8d\x1d\x18\x0a\xa1\xa0\xb0\xae\xd6^\xa36\x8c\x10\xf3\
\x04I\xb4\xa4?\x02\xef\xdf\x0fss\x86a\xa1\xd7&\
4\xe5\xcc&\x9b \x9f\x9b\x86\xda4T\xf5\xa7*\x8f\
YIJ\xc2\xdc\x18\xd3\x86D\x13\x84\x84\x13\xb5\x0f\xb8\
.w,\xed\x97\x82\x90$\xb9C\xa5\xcd>\x0b\xa5\xd1\
\xe9\xbf\xb4\x94\xbb\xec\x91\xb3\xba\xd8\x80\xf2a\xceBZ\
\xd6\x878\xa3\x11\xd1=DkJ~\x99\x18\x13\xb0\x88\
\xd6\x07\xa5\x88z\xe1\xef-%/H)\x1eS\xa1\xa9\
|M1\x9c\x97\x05\xfa(\x80\x07\xd5\x1e\xfb\x1d|g\
\xbc\x1e\x91\xdd\x9b\xdc\xe3<\x83h\x01\xc5\xbbw\xcb\xbb\
\xb5t&\x162-\xd1^\x1c\xc4\xd2\xb2\xd0\xb1\xea\x00\
\xbc^a\x0b\xe2\xa3|H\x94\xf6\xbd@\x13\xc7\xc11\
\xa7.8b&\xcc\x88\xd9\xa5m\x01\x1eO}/B\
y\x11Kw\x9c*\x89\x00\x9a\x95Ue\x93,\x96/\
]\xc2\xc2\xfcy,]\xba\x84\xaaJ2\xb7m;&\
&\xa70\x18l\xa1\x1e\x0dQuhQ\xd9\xaaA\x90\
\x06^\x8a\xb2&\xd9\xc1\xc6\x1a\xf7]\x7f\x13\xd6\x9e~\
\x92\xab+\x9b\xb2>x\x0e\xa7_x\x11G\x8f\x1f\xe3\
\xde}\x07\x81*\xc9h0\x22I\xa4\xaa\xc4\x1f\xa4\xe0\
^\x81P\x81I\xc6|\xec\x96\xa33\xd9\xa9\x84\x93l\
\xc3\x92\x94\xbc\xea\xe3dB\x15)\xec?|\xc4\xd7$\
\xa2\x9d\xd3b?\xc5\xe3\x8b&\xf1\xd9\x11\x1c\xe0\xd9\x9c\
\xadWb\xb4\x0f\xc4\xffk\xa4(f\x1c)\x91\xaa\xc9\
\x85\x7f\xeb\x22,<\xcdEX?\xa1,\xf4\xd9\x04\xee\
C\xd1,\xa21\x13\xc0\x8f\xf6\xe6\x5cK\xceYr\xd3\
 \xd7\xb5\xadI\x98P\xa8H\xe1\xe7\xf05\x90\x22i\
\xd9\xad\xb4i\xa2\xed\xbd\x14~\xe8\xa6( \x99:T\
U\xd5\x06d%\xaa\xd9\x8b:jOj03sd\
\x8b\x89>V\xde\xb3\x92\x87\xf8\xaa\xa9\xc4\xba\xfa\x8aF\
M\xca\xd9\x837\x8d3\x01\x14X\x0bL\xdbYf\x1f\
S\xfay\xe9\xce\x11\xe8mLV\x19\xb97\xca\xed\x09\
\xa2\xab\xcd\x14\xdd6\xc0\x17\xa2\xee\x0b%\xa6\xa9\x95D\
\xdd\x81+\x1eH'\x12\xfbID>g5\x05K\xf6\
\xfd\xb0\xaa\x84\xb9\xc1\xd9b0!?\xef\x0a\x16\xf8\x89\
F\xc7V\x040Pp]\xdc\xa6\x0d\xab\x87\x1f E\
\x8fj\xf4H{\xb0\xb7\xb5\x8e\x83\xb8\xad\x9aQPS\
\x15\xa8\x00a\x12\xcf\xf9[U\xd9\x1a\xd9\xb4\xa4\x03\x11\
\x0as\xd3\xc8\xf2\xe2%\x9c?{\x06\xab++29\
9\x89\x9d;w\xb0\xd3\xedBU\xa5\x1e\x0d\xa9M-\
\x923\x98r\xab+\xa9%86\xb4S\x81N\x8f\x9b\
\xf3\x17\xb0\xfb\x1d_\xcd\xebn:\x81\xbb\xbf\xe7\x1fb\
\xb0\xb8 \xd8\xb5\x83\x0f?\xfc\xa8l{\xfe\x05\x1c9\
q\x82{\xf7\x1f\x10\x91\xc4\xd1p\xe8>\x1b=\x02e\
5\x03\xeb\x11$O5\xda\xbc\x00\xab,FB&\x12\
\xcc\xce\xdc\xaa<\x9a\x85\x91\xa9\x9b\xa1\x8ak\xd6^k\
2`\xb5\xd6\x00)|\xb3\x14+]d\x15\xbaP\x14\
\x88\xab(B%\xa0\xeeJ\x81\xc4I\xc4\xfa\xfa\xa1D\
\x8e2t\x04;\xaajtU\xc1?\xcen#\xd2\x00\
\x07@\x92\xd245\xa1d\xce\xd1\xd5\x97\x99\x9b\xdaJ\
w\xbed\x91\xb4\x15\xe3v\xf1?p\x13`\xe0\x83\x05\
Q%\x82y\xc4 \x15q\xaf\xf1\x0fH\x1d\x8f\xe71\
a\x06\xea\x91\xc6\xfa\xbd\x8db\x85>%\xd6\xaa@\x94\
\x87y\xa0Ux<l\xa7\xe8\xab\xa2\xd02\x5c\x14\x9b\
51\xca{\xaf\xad\x82\x98\x82\x0b3\xd4\x1d\xbfC\xd8\
\x91I?b\xe0\x9b\xe3\x80!\xc2pv\xa37\x0a\xd0\
\x8e\xc6F\xceW\xdc\xc4\xea@v\xdb\xfa\xb2\x1d\x1aS\
\x1f\x8ck\xc7FY\x16e~\xe9\xd6\xe1\x91\xa7d\xfa\
-\x92\xf2eWo\xc1\xca\x0f(\x0a\x11\xd8\x1b\xd8\xe0\
Gh\x0b\xa9\x09\xddW\x02\xfaP\x82\x93\xd5\x04R\xe1\
ZAd\xbc\xed\xcesI\xb1\x99g\x04r\x91\xb1\x8b\
\xf0\x10\x1c\xc1\x99\x06F\x83-\x5cZ\x5c\xc4\xfc\xf9\xb3\
\x18lnpjzF\x0e\x1e>\x8cd\xed\xdfh\xea\
\x1a\x10AUu\xc2\x0a\x84\x00*G\xb4R\x92\x8d\x7f\
\x93RU\xc2\xd5\xf5\x0d\xec\xbe\xee\x95x\xcdo\xfd\x1e\
\x9e\xfb\x95\x9f\xe7K\xff\xe5\xbfH\x7fj\x86[\xa3!\
\x1e\x7f\xe4a\x9cy\xf1\x05\x1c<|\x14\xbb\xf7\xee\x95\
n\xd5\x91\xda(-\xc49k\xc0|\xc0sI\x09#\
wn\xc3\x9f\x94\x8cn,\xa0\x85sEh\x8e\x95\x1a\
\xe7\x81\xa5\x06j{)\xa5\xed\xc0,EJ\xbc\xb3\x95\
\x8f\xdaDq_\x1dW^#\xeci\x0e\x1bj\x83\xab\
\x89\xeb\x88\x83\xe36\xa5\x87\x8c3\x13V]\x8b^\x02\
\xeb\xf9\xcf\x8d\x926$T\x9a\xd1\x88Y3\x99\xb3\x84\
> \xc9\xf0\xd6\x8b\xa6~\xefm\xae\x8eh\xf0\xf0k\
1\xee\x84\x10\x8d\xdaz\xf2\x18-\x8d\x1d\xec\xc8\xb8\x03\
[\x0e\x22\x0evv\xe2R\x83\xf8\xb7\xb0a\xc6\xed-\
\x17cu\x07'\xef1\x0b\x0c\x02)7\xeb\x06\x13L\
\xcfk\xac\x85@\xb8\x9b8\x15\x1b\xd3\x02\xc3\xa3\xed\x8f\
\xc5S{\xaa\x9b+W\xad/\x05;o\x1d9Bt\
\x04\x18\x14\x10t^\x80\x22\xd3x/z\x18L\x09\x12\
,\xe6\xeeVX\xf2n\x06\x10\xa3\x18\xa2H\xb9'\xd7\
\xaf\xcc\xb4%(;#\xc3\x89\x88\x0e\xffWy\x9a\x99\
\x04\xbc\xa8\xa6\xb6\x82\xc7V\x8f\x92(\xcd\xc67[\x05\
\xa2\x944\x1c\x9f\x09\xc2\xeb\x16\xd8X[\x91\x8b\xf3\xf3\
X\x9c\x9fG=\x1a\xc9\xec\xb69\x1c8r\xd4\xc2J\
\xdd`\xd8dS\x8e\x0b\xc5\x02\xc0\x16\xec\xc4/\x95\x85\
\xd19\xf6\xd3\x8d\xa1\xdf\xc5\xe6\xb2\xca\xd6F\x0fG\xfe\
\xc1\x8fb\xcf\xabn\xe7\xdd?\xf4}2\xb5s\x17\xbb\
\xfd\x09\x19\x0ek<\xf7\xf4S8\x7f\xee\x1c\xf6\x1f8\
\x80\x9d\xbbv\xa1\xdb\xe9\xf98\xac\xdc\xeeT\xdc\xecX\
\x09\xd6\x97\x99e\x1d\x10\xc7\x05<7\x94V\xdf\xb1\xd4\
0\x04`\x06\xd9\x92\xa8<9\x03\x83\xd0\xba\x12\xe3(\
\xb2W\x0d-\xc7\xf7\xe6\xa1\xc8\xeb\xac\xea\xa2!2G\
\xe5T\xe2J\xd9Jb\xed\x818\x86\xcf\xb8\xdfY,\
p\xf7\xb0\xbf\xd0\x18\xef\xd5d\xa8\xd1}6\xcd\x88\xca\
,\x1a\x0dxA\x87\x9d\xc3h\x1c \xf3O5{\xf0\
\x07\xb0\xc5\x11\xcd(\x80\x86\x91\xb0\xbd\x97X\xe2\xf6\xba\
\x80\x0e\xa99kFf\x16_\x10\xcdM\x93\xac\x87X\
\xa9\xde\x8cJ\xe68r.E\x10\x8c\xc0\xaf\x10\xb5\x14\
 E;\x02KK\xa4\xb6\x17\x83\xb2g\xce\x8e\xc2\x8a\
\x03\xcd|\xa0U\xd8s\xa9\xad9>\xfb,O\x93\xbe\
Qd\xf5X\x92\x96\xce\x05$\xda\x82;k\xb4\xa6\x08\
)b|\xa9\xcc@\xcc\x01\xc3\xf2=p\x06j\x948\
C\xaa\xa4\x16\xec\x81\x22\x05\xb6\xaf\x8d\x0e\x816L\x06\
6;\xa4DB\x80 \x99(\xcdCc\xf1\x0b\x91\x1c\
\x89+\xda\xae@\x06\x9c;\x1aI)E\x95(\xc9\xb0\
L\xc5\xea\xd2\xaa\xcc\x9f;\x83\xcb\x8b\x8b\x10\x01\xb7\xed\
\xd8!S3\xfb-\xcf\xb4\xdc\x92.\xe79A#\xda\
k1\x15\xd8A\xd6\xa3\x91\x80\x92b\xc6\x1e\x99\xac\x98\
\x80n\x12\x95D\x8a\xa4\x95s\x99\xfd\xe3\xd7@\xfb]\
\xe6\xa6\x11T\x15\x93\x88tz=ir\xc33gN\
\xf3\xe2\xc5E\xec\xda\xb5\x1b\xdbw\xec\x94\xdeD\x1f\xa0\
\xa2i\xd4\xcfd\x8b\x1bHF;L\xa9]g\x89Y\
\xbdc\xd4)\xb6\xca\xac\xa4\xccT(D~\x0c\xbc-\
a\x84\xa0m\x19\x8b\xdbD`E\xe1\xd1\x01\x18\xbe\x19\
\x11\x01\xbd\xb2\x22A\xf4\xa5l\x8d\x03G\xe9\x12\xce%\
\xe0E>+97BZ\xeb=5Knj6u\
\xcd\xdc4P\xa8\x9f\xf5\xf7\xbe\x04\x01%%\x0b\x8b\x0c\
\xe7o\x0fF\x09[V\xabZ\xaaRn\xbc\x055\x11\
\xad\xec\x84\x8d\x1cG\xbcY\x84\x1dD\x12\xa1qs\xf6\
\xa16\x8b f\xech\xa1|\xf0D\x7fLP\x88\x90\
\x11\xa87\x16m\xc7U\xb2\xb1^\x1dU#'\x91\xdb\
\x19\x8f\xb1\x89^qu\x06\xfd\x08\x0b@\xeb\x06E\x11\
\x86M\x08t\x08,h\xe2\xcb\xad\xeeg\x12\xeb\xdfz\
si\x95\x06\x0aw\x17\xd8\xe13\xf1k)\xb8b\x08\
\xeeq\xdds\xc0x \x8a\xf3Va\x89D\xc5\xed\xed\
\xe8h,>#\xb6\xbb\xff\x87\xcb\x8de!\xc1\xcf\x1c\
1H\xbaj\x11\x1f\xe3\x8bWR<g\x1a\x22)E\
dVh=\xc2\xca\xca*\xe6\xcf\x9d\xc5\xca\xf2et\
;\x1d\xec\xdc\xbd\x07S\xd3S\xa29\xa3\x19\xd5\x16I\
\x05\xf0\xb1\x7fh\x0f]\x14\xc4\x0bAD\xe0y\xb5\xb7\
\xe0\xb6\xfc#\xaa\x1e\x10\xf1\xe7{\x08\x14L\x9dJ\xea\
\xe1f9i\xe9']\xa09S \xe8t\xbb\xa2\x9a\
yqq\x11\xab++\x98\x9b\x9b\xc3\xec\xdc\x9cLL\
MS@\xc99\x97\xf3Gq\x04\xb9=\x9a\x8cV\xe8\
\x0eq\xcb\x99\xbe\xab8\xbe\x87R:\x01\xc7\x10\xd6Y\
s\x00\xb0\xef\xbd\x80\xcc\xeaAA%I9\xb4\xe4\xc8\
\xe0{\xeb\xa3\xb7\xcaR\x97D\xab\x05L \xce\x03\xd8\
\xdf\xd3\xd6\xd5oE\xc5\x89\x0es\xaeE\x9b\x8c&7\
lFC4M\x16c=q\x5c\xc9\xda\xc4\xbc\xc7\xa1\
\x84\x1b\x8c\xd7@J\xc3\x01\x9d\x0f\x97 d\xc6\x11\x95\
\x1ei7\xd57\xf8e\xf4\xa4\x83\xe8v\x88\xf5u\xf5\
\x8a\xb0\xc1\x17\x85\xb2D,`\x98\xaf\x80\xe5\xd0u\x89\
<\x91\xb7z\x83\x86-\x9f\xb6\x0c\x8c\xaa\xde\xbbO\x81\
F'\xa1s\xff6\x98\xdb'\x16v\x1fX\x8d\x00c\
\x98\xa7zH7\x9f&M\xbf\x978\x0bn\x8ei\x0a\
]\xc0\x02\x5ck/k\x12\xe8\xa5\xeeL\xe1\xf2\x11 \
JN\xde\xa2\x9a\xb5\x96\xc6\xde\xb8Z(\xd6\xa4\xd8\x02\
o\xe1\xd2\x86Q\x12g#\xe2\xfeJ\xc8is4\xef\
f0\x82C\x9f\x96\x18\xe2D@\xe3\x18\x8f\x08\xb1J\
5c\xb09\xc0\xca\xa5\x8bX\x98?\x8f\xcd\xcd-L\
LN`\xdf\x81\x83\xec\xf5\xfa\xa2\xb9\xc1h4jk\
\x1c\xe3X\x13\x8b\x1f\xe8\x8b(\x80\xb8\x01\xc7\xa2\xc7%\
\x17\xdb\x197\xa32[\x05\xa0=\xc2\xda\x9f\xaf!\x22\
\x0a{\xc4\x9a\xcdo\xcd\xb9\x86H\x07\xddNG\x08\xc5\
\xea\xea\x0a\xd6VW153#\xdb\xb6mC\x7fr\
\x12\x15\x12\xb26\xe1\xa7h\xb9|\xf4\x1c\x8b\x1f=f\
x B\xf7\x8d\x1a\xa0\xaa\xfa\x18*;_\x1f\xf8\xa9\
q^\x88m{p\x12\x89\xb3\x00\x8c\x02X\x1b@\x00\
\xe6\xb6,\x16U13\x86r\xb2\xc3\x92\xf3\x1c\xdbK\
\x0f@\xf6\x8c\xbf\xa0\xb3TEc\x94\x1fu=2\xb1\
U\xb3aYa\x86\x01|\xf6\xc9\xd11\x01'\xbb)\
\xd8\xab\xb8$\xfd\xb2\x0a\x93U\xb4S\x12\xe4,\x12\xf1\
\x22d\x94\xf2A\x1e\x94 DG\x0a\xa7\x94$\x804\
M\xc3&7\x92\xed\xe9*~\x1d@\x99\xeb\x11<\xdb\
\x11\x8d\xc1\xac\xc2\x1aJ\x94s\xcc\xd6x\x95\xb4\xbcX\
5\x86-JqF\x16J\x1649\xac+\x92\xfd\x12\
\x8bKlw\xcfw:&\xe5\x02\xcc\x80\xddF[\xa3\
m\xeb\x83\xee\xb9RZ\xd2\xa4U\x15\xd9N\x82D\xf8\
\xdf8I\x0c\xdd\xd3\x8eoI\x19\x92\xdfj\x10)\xe0\
\x86\xa1!8\xa7\xf1\x9b%\xcaF\xfa\x85\x96\x87K:\
\xa3\x0a\xe4v0f\xa9H\x14\x02\x91\x00\xe4\xa6\xe6\xfa\
\xda*./\xcc\xcb\xd2\xa5\xcb\xc8\xaa\x98\x9d\x9b\xc5\xae\
=\xbb\x81\x94\x98\xeb\x06u=\x04\x00\xa6\x14\x06Q\x96\
\xc8\x08\xb7\xb4\xbd\x13\x12\xc2\x99gN\x11A\xad^\x13\
\x80f\xf7\xef\xda\x8eP\xc0T%&u\xe8H\xbev\
)\x94\xf7\xf0M\x15\xb1\xf6\x0a\x906_\x22\xa1\x83\x94\
\x92TU\xc5\xc1`\x80\xe1p\x84~\xbf\x87\xe9\x99\x19\
LMNY\x9d\xdb\xcf\x18\x84h\xe8^\x18\x86(\x81\
\xd4\x91,\xf8\xb5{\x9eW\xa8\xb7\xddo\xc4n\x8f\x03\
\x1e-\xe1\xea\xf3\x18:+\xcae3\x04hq\xc8\x0b\
\x82\xefF\xa4!Rx\x12@R\xfd\x916t \xb0\
\xe5\xb5\xbe\xfdf4\x94\xdc4\x18\x8d\x86\xd0\x9c%\x89\
OetHm\x95-\xdf\x8c\xa8\xee\xb7<\xdb\x8a \
\xde\xacP\xb4\xceXm8\xdd\xc4X\x1di\xccr#\
M !\xcc\x94\x0em\x1a{\x91\xdbc\x83\xec\x22\xca\
\x88\x03 \xcc\x00\xa0\x9d[r\xf6\x11v\xcb\x98Q\x16\
\x94\x08\xb1P\xb0\xe2\x14\xe3\x1e\xdd\x19\x83\xf9;\x85g\
\xa9)\xa2x&\xdck\x8a0\xd32\x99\x96.\xb4\xa5\
98zFt\x00$h\x84_\x17\xac^\xc7\x80\x06\
\x8e}\x83\x94\x00\x93J\xa7YD\x83\xb1\x98'\x80=\
X\xd4-Du\x8c\xf6\xfb\x89/7(C\x90\xc8X\
\x01$)\xa7Q5J\xfe\x881\xbe\x01T\xde\xb9\x22\
\xe3\xf5*F\xa6. \x98\x9b\x86\xeb+\xcbX\xb8p\
\x1e\xcbKK\xe8t*l\xdb\xb1\x03\xd3\xd3\xd3 \x15\
u\xd3\x80M\x16\x112I\x0a\xe3@Y\xba\xa8\x8b\xc5\
\x22\x84\x8d\xb8\x04\x13\x173^\xa6\xf3\x8d\xb4\xc5r\x97\
\xb3\xdb\xb3sHAW=>\xc7)\xb1\xa0M\x12\xd6\
\x94HQ%5\x01\xc3\xad\x0d\xf4\xba\x15\xb5\xaaPu\
&\xa5\xaa\x12\xeb\xba\xc6\xca\xd2\x126760;7\
\x87\xfe\xc4d\x09\x01Je\xa2\xb5\xfa\x97\xa4/\xf9\xce\
\x90\xb0~-[iF\x858\xe8N\xb1\x17\x8b\x81\x05\
?\xdc\xc9\xa5\x04\xa1\xb0\xc0\x14\xa1&\xa2\xb7\x84\xc1\xc6\
\xf7\x15\xe3\x87\x01\x1c#e0\x80\xb3\xdfg\x15\xb5g\
?\x8a6\x0d\xea\xbaF3\x1a\xb5m\xc4F;$\x89\
X6\xeb\xe5O\xa1\x8a\x87PV\x9e\xc3\xb7\xf6\xed\x86\
\x1d=\x05n\xd6\xed0\xd4\xa2\xc4\x19\xac\x17\xfe,a\
Ne\xcb;\x85\x1b\x14\x05\xa68\xb1\xa5\xb4\x04\xa2^\
\x0dF\xdfs\x18\xab\x96\x84}\xcc\x071\xb6N\x18\xfb\
\xdbv\xe1D\x98\xfd\xbc\xbbO\xa6(\x1c!\xc0#.\
\x19\xe2E\x82\xd803(G\x10\xef\x1e\x0d\x1b\x15\x87\
\x03o6K\xa9\xc5\x81\x90\x15\xa4\x5cg\x5c\x94\x142\
\x17L)\x98\x800Q\x85^}q\xeaE\xbc\xfc)\
\xdb\xceyLG\x1cS4B\x87)\xed\x0b,\x93c\
\xe2\xb0\x87\xc3N\xa0\xa5\xb4,\x9bNl\x9c\xb8Z\x09\
\x80MSce\xe9\xb2\xcc\x9f;\xc7\xb5\xb5\x15LN\
N\xca\x81\xc3\x87\xd1\xeb\xf5\x90\x9b\x06M\xd3\x04\xbbp\
\xfe%\xe1\xf2! Yna\xa2E\xd1\x8c\xedo\x92\
\xd0bA\xabP\x06h\xf0e\xbb\x1aF\x17\xa4\xb2\xcc\
@\xa2\x07d\xffF\xfbd\x9f\xdbf\xa0\xab^\x81\x03\
\xeaf\x84\x03\xc7\xaf\x96j\xfa\x04\xf2p\x15[KO\
\xb1ij\xa4\xaaB%\x09\xa3\xba\xe6\xd2\xe5\xcb\xd2\xef\
O\xc8\xe4\xf4\x14\xfa\xbd>\xaa*I\xce\xde\xd7\x10\x8a\
\x11K\xd2\x12\xb6\xd9Z\x8by\xae\xa7^\x12\xe68f\
?\x11\xbd\x22\xa5\xf6\xe4\x87\x84?j\xba\xb5YD5\
\x84~w\x96Z\x00B\x83|\xfa\xa1?\x958\xd1\xa7\
J\xb1\xa7\xf7dd\xcd\xa8\x87#i\xea\x11\x19Ye\
\xe1\xfdeRY\xc4r\x07/\x0b\xf0\xe5\xa8e\x9b\xb9\
\x19/\xb7\x87J#\xd8FJ\x22>>\xcf\x9d\xab\xb0\
\x02\xe7\xa6Ey*\x82U\x07\xaa\xc9o\xb0\xa8\xe8\xf0\
\x15\xf4\x87\x16\xfaB\xabd\xd5\xf2\x0a_\xc7\xd8Y\xa3\
\x83m\x12/\xe54\x869t\x8a\xc0\x1f\xe4)\xc8l\
\x890q\x1f\xf6i\x1e\xbam\xc0\xe8\xf8\xe38\xc6\x9a\
\xdd<<\xc79X$gP~\xc3)Z\xbf=:\
\x9b\xda\xd1\xee\xa5G;zr\x11\x1c\xcb\x97\xcd\x8b\xde\
1\xc7k\xec\x15l\x97\xd4{w\x18\x0a\x9f\x07\xbf\xf2\
\x18$A\xf4\xef[\xcab\xb2I\xdc\xb5\x0f\x9eD\xdb\
h\xc22/\xc1\x00\xc1N\x07\xa0\x1e\xd6X\xba|I\
.-\xccccc\x03S\xd3\xd3r\xe4\xd81\xf4:\
]*\x15\xf5pX\xba\xe2\x8ax\x856\x8bp\x01?\
\x1c\xc5/\xc7\x13\x12\x8ak]\x8eB\xad\x0f\xb4\xe8h\
%3I\xbe\xf1F-\x13R\xaa\xa0\xe6\x08\xb60\x89\
@\x82t\x13@Q\x07\x97\x08$\xb6\xa0\xaa\x8an\x02\
N\xbd\xe6+e\x1d\xd7c\xcf\xbe\xbd\xc0\xc4\x0c\x16\x1e\
\xfe#Y;\xffYR&\xa1\xc9\xc5\xb3N\x07\xf5h\
\xc4\xba\xa9\xa5\xaa*L\xf6'\xd0\x9b\x98\x90\x94\x12m\
\x12\x99w\x0aZ>XH[\xe4\xf3\x90\x92g!T\
\xc1B\x0cQ\xda\x8a\xc7r\xb1v!\x0c\x08\x19\xe6e\
\xdf\xe3\xef2\xe5\xdf\xbf\x0e9\x9e\xa8\x84\xa8\xff\x97\xc1\
 \xb9a\xceYL\xe8\xab\xedID\xce\x10(\xd6\x0f\
\x93\xcc\x0e\x99\xbcm\xd7\xc6mY\x82b\xca~[\xcc\
\x08\xf7\x8a\x92/\x95QB\x97\x88P\x06\xb3.\x90\x06\
\x98\x87W\x06\xd6\x87\xef\x89H\x07\xf6\x90#\xc4\x81I\
\x8f\xecv\x91:.\xf2\x85\xd70\x0c\xa6D\x08\xaaW\
\x0e\xc2a\x023\xc7\xeb\xa2m&-1\xe8\xc0\x90\xd8\
\xe6\xda'H\xa9\xacG\xc0\x00BE/\x03:\xecy\
\xf2\x14Z\x8bM\xa9\x1b\xb9\x97\x16\xd2\x17\x8b!h\x1b\
vK\xd4\xf6\xf5C*G\x92\x03\x14\xe8)a\x1c\xda\
\x1d\x8f\xf6\x04l\x00T0\x14\x0ah\xa2R\xb4\x98\x16\
v\x02\x8f\x06p\x05\x85Ek\xf0\x94\xa3\x04\x00\xbf\x81\
\xa2x{NNj\xe6`k\x13+\x97/\xe3\xe2\xc2\
\x82\xd4M\x8d\xb9\xb99\x1c9v\x0cU\xa7\xa26\xb5\
@\x04\xc3\xc1\x08\xddn\x17\xa4\x1d\xf6\xa8D\xa0\xe2y\
\x8eG\x9aT\xa0\x0b\xc5\x16\xdc.\xcc\xaa\xfd\xc15\xa4\
\x13\x84\xe4>\x13IG\xfcs\xec\x13\xc4\xc5T\x91$\
\x9a\xbd\xe6\xabv_J;\xa3,\xb4g\xfd\x84\x8ee\
\xa5\x82,\xd7\xbf\xe1\x9b0\xbfy\x15n\xbe\xf6\x00N\
\xbe\xeeJ<\xf3\xa9gpNv#Uv\xefj8\
\x02\x92>@\xa5\x82\xe6\x06\xeb\x9b\xeb\xec\x0c\x86\x98\x98\
\x9c@\xaf\xdf\x97$\xb1\xd7\xeak*c\xad\xdd\xc6\xfb\
\xa4\xb43\x90\xf0A\xa8\x0c\x82\xf9\xf2\xa0\xd5\x1a\x86\xbf\
\xde\xb6\xc7\xcb\x0a\x90\x10 \xdb\xf9\x09\xe1\x01d\x94F\
\xc1\x88\xfa\xccl\x9a\x06\xf5`\x88Q3\x12\x81\xeb-\
!\xf92\xce3\x96\xe0\x09\xd7-\x0cq<\x81\x8f>\
\x1c\xb4\xbea\x00\x14n-\xc1\x98\x19s\x0e\x83\xeb \
R2\xdb\x94\x96<\x078\x0a\x84\x1d\x8f\x8e~/\xd1\
\x8e.\x84\xb0(6\xa6\x04D\x9fZ|\xba\xe7!\xf4\
\xf9\xf5A\x05\xc4\x9f\xcb\x0e\x19\xbb`g\xc9&\xe1\xb9\
]\x06)\xf0>\xbb\xb1\xd5g\xd9\x85(\xfc\x05S-\
F\x8b\xd0\x15R,\x82\x8e\x0bZA\xe6\xca\xc6\xfa\x9b\
\x19\x88\x821@\xf0\x0c\xb5\x14\x90\x8a\x99\x97\xfaHx\
\x0f\x82\x97\x91\xe5r\x9d\x7f\x15\xb9\xc5s\x00\xc7\xda1\
\x9aZl+.\x88\x05\xca\xdd\xf1E\x125\xd7\x5c_\
]\xc3\xc5\x85\x05YY\xbe\x0c@d\xdb\xf6m\x9c\x99\
\x9dC\xaaD\x9a\xbaan\x1a\xc99\xe3\xe2\xb9\xb38\
\xbc\x7f\x0f\x16./bzv\x07\xfa\xdd\x0e\x1b\xd5\xb6\
\x98\x11\xb7\xea]W\xbe\xc1v\x06\xc7\x0cD\x82-\x94\
\xad\xf2\xcb\xf6\x10\x17J\x87\xbdF\xdb@\xe1\x90\x0e\xd2\
\xf6@}V\x00\x090\xf9\xe8\x13\xa2\xf48B\x04\xa3\
\xc1&\xae\xbf\xed\xcd\xb8\xb0q\x02\xb7\xdfz\x00\x8b\xcb\
\x1d<\xfd\xd9\x97\xf0\xfc3\x170;\xbd\x84\xd5\xad\x9a\
\xdd\x89\x9e\x0b\xbdB\xc9H\xa8*\x0bI\xaey\x91\x19\
\x9b\x9b\x9b\x18\x0e\x87\xd2\xeb\xf5\xd8\x9b\xe8\xb3\x93:\xd0\
\x22\xa5\x1b^I\x98\x12\x83\x82\x05'\xf3\x17\xba\xd4\x13\
\xf7\xd5\xb2\xa3\xe8\x00)\x01S\x22\x95s\xb0i\x0d\x94\
\xf0Nk\x9b\xeb\x0c\x05|47\xb5nX\xd7C\xa9\
\x9b\x91!\x8d\xaf\x8d\x07\xba2\xd6\xb9\xe4[\x06\x10a\
\x1eA\x22m\x0b\xbdQI\xda\x17\xb6\x1fi\x16mw\
\xed\xc8\xc6\xe8j\x19\x93\x08\xbd\x0c\x12\x02\x0e\xe2v;\
\x16\xa6J\xed#h\x9a\x8d\x81cl\xb4\xe3\x7fA\x01\
/\x98{\xc90\xc6E\x15\xca\x1d9\xbd\x80\xd4,n\
\xe1\xf6\xab\xe8\x0fb\x0e\x10\x01\x83\xbf22\xdf6\x1f\
\x8e\x0fl\xfd\x90%\xb5q\x11\xc1\x85\xb5\xc2\x01\x8b\x09\
G\xca\xc0`\x12F\x1acs\xcb\x82\xc6;|'\x22\
:\x94\xdd\xf1U.\xd7\xe1\xe5\x19\xf7\x1a\x0f\x08\x01\xc8\
\xf0\x90\xe3\xef\x8b\xe6%\x9b\x94m\xe44\x8d\xe16`\
\xcfQl\xea\x11\xd7WWdqa\x81\xc3\xcdM\xa6\
\x94d\xd7\xee]25=\x0d\x00R\xd75\x9b\x86\xac\
RB\x93\x09\x19m\xf2'\xfe\xc1\xdf\xc5[\xde\xf2F\
<\xf1\xc4S\xfc\xdf\xbe\xeb\x07e\xe7\xc1\xe3R\xa5\xb2\
\x9ef+E\x06M\x92\xa0`\x0e\xab\x19C\xb4\xe2\x19\
p\xe6\xe7L\x0d\xae\xb1Ij\x8d\x86\xee`\xd2&k\
\xa9\xb2\x87)\xd3\x0eD \x1eg\x5cJ\xf6\xb0.\xb6\
\x99\xd9\x19N\xecy\x15f&g\x81\xee$>\xfb\x91\
O\xe2\xab\xbf\xe9\x0dh\x9aUl-<F2\x81\x9a\
\xa1\x22H\x92\xac\xc9%gt\x8c^It\xf0B\x12\
\xb2*\x07\x83-\x19\xd5#\xf6:]\xe9MN\xa0\x93\
*\xa1\xd9o!\x86\xf22\x0f0'e\x94vB\xb8\
C\x22\xc4\xa2wlw\x1b<,Hyl\xb3\xf6x\
0N\xf0Y\xce\xef\xafQ\xcd\xc89\xa3\xa9}V_\
S\x17\xdb\x0a\xdf.m\xc0\xa4M.\x81/wqg\
\x7f\x82\x15]\xcb\x09\x93+\x14A\x0aP\x17\xdf\x88t\
?BR<kc\xec5\x12\xfe\x1b\x83\x96\x1d\xd7\x93\
\xa7#Nt\x10A\xffeho\xe1?\x9eT\x13N\
\xee\xad\x8c\x11A\xa2\x5cB\xa2\x9c(`\x0c\xa8\x162\
\x1eg+\xd1\xe0\x13D\xc2\xffX\xba\xe0\xc1U\xcb\x15\
F=\x95\xe5g\x9b\x1fG\xdf\x14\xfa\x98eg.A\
\x81|\x9cRP\xb5\xf6a1\xf1\xfa\x90\xe8\xc6\x98\x80\
\x8b\x9fJd\x93N\xed,\x84\xd3\x04G\xc4H}\xd4\
y\x91\xcb\x22.\x93\xd8\x1d\x9bT\xef\x87/\x92q\xa8\
8\x05\xeb\x8d\x14\x14\x88h\xd3`k}\x9d\xf3gO\
\xe3\xa9G\x1f\xc6\xb3O=\xc9z4\x94=\xfb\xf6\xca\
\xfeC\x07\xd1\xef\xf7\xd1\xd45\xeaQ\x03k\xf8IR\
U\x15\x16\x17\xe7\xf9\x13?\xf6#\xf2\xeew\xbf\x8b\xf5\
h\xc8;^w\xbb\xfc\x1f\x1f\xfc\xa7\xb8\xf0\xd2s\xe8\
v\xfbhim\xa9\x80!\xe0\xa0 \x9d\xefq\xb10\
\x94\xb5*\x22y\x89\x16\xcex\xc62\x9cH!\x00{\
\xf2s\xd0\x1a\xc7E)\xd4!\xc0\xb7\x1e\x0d\xb0\xf7\xf0\
\x15\xb26\x98\xc1\x89S\x87\xf0\xb1\xff\xf6I\x5cwt\
\x06\xeb\xf3\x03\x80+\xd8Z[F\xeaTB\x93\xef\xc3\
I\xacv\xaeD\xce\x0ds<\xb1W\xb3\xd8\xd3tA\
\xcd*\x83\xe1\x90\x1bkk\xd8\xd8XG=\xaa\x8d\xb0\
W\x16\x0bK\xe4\xb6\x08\x07\xc2\xd5y\xb7LwK)\
\xe4\x81\xbe&\x05\xd4\x0b\x1f\xb4\xf1[\x9ej\xd9x\xae\
\x06Mn$\xe7\x86>\x9dW\x9a\xe1\x10\xa3\xc1@\x9a\
\xa6v\x7f\xb6\xef\xc8,6\xef\xc19l\xdfF\xee\xb6\
vf+\x5cDd\xf7\x8d\xa0\xa6\x91!0\xf6B\x04\
\xf10Q\x10qWc\xff\x1b\xdfY\x00\xf1\xa0\x13\xff\
\x8d\x1f6\x0fn\x13\x8el)m\x1cc\x8c\x0fB$\
\xad\xe0\x98s\xdab\xb1d\x07\x91K\x8e\xe5\xdc\xads\
\xd3qA\xbc3\x1a-k\x93\x12\x12[\x8aN\x0fD\
a\xcf\xf6\x92T\xc4h\x16u\xcd\xad\xb4p\xf0\x10\xc4\
\x02\x9fl=K1\x12\xca\xb1\x22g\xe1\x8e^N\x91\
h\x0c*$D\x8a78d\xb8\x03x\xbb\x80\xefl\
\x82\x8d\xf4\x8e\x98\xe3\xe9\x93S\x1d\xa3`)\x896\x99\
\xeb++|\xe9\xc5\x17\xe4\x89G\x1f\xe4\xd9\x97N\xb3\
\xdb\xeb\xe1\xd0\xd1#r\xf8\xe8\x116J\xd4u\xcdn\
\xaf\xe7\xf7\x87R\xbf\x90T\x095\xe3\x85\x17N\x13\x9a\
EA9\x7f\xfe<\xbe\xe8\x8b\xde\x8a\xef\xf9\xb6o\xc0\
3O>\x82\xfe\xe4\x94\xa8\x8b\xb0\xf1\x7f\xe3K\xcb\x04\
X\xd1B\xda\xd04\xa61\x9b\xef\xfb\xbe\xa0\x0d7t\
^\x10)N@\x9a[G\x02$&\xed&\x8e\xa5\xa6\
\x80\x00\x9a9\xb5\xf38Rg\x1a\x1d&\xbc\xf4\xe8}\
\xe0\xe1\x03H\xac1X\x9b\xc7hk\x0d\xdd\x8a\xd4z\
\xab\xb5$\xab\xa0\xb8\x00\xe7-\xb1\xb0\xf3\x8eJ\xb5\xc2\
\x97F\xf4U\xd4u\x8d\xad\xcd\x0dlmnJ=\x1c\
!\x1cIT\xec$c\xb4\x13\x8d\x05\x1f\xf1\xd2\xaf\xff\
\xaa\x0d\x8d\xbe\xa5\x0c\x93v=+\xec9\xab\xb5\xca\x83\
\xa4j\x16\xd5\xcc\xe1p\xc0\xd1hh\xd5\x08\xa7\x8d\xde\
\xa7\xc7\xe4\x15\x1d2\x22\x8e}\x9a=l[P\x89p\
\x0cq}\xc7\xdc\xca\x92?\xae\xd0\xe2\xbf_jQ\x07\
Q&+&\x91\xd4\xfe\xba|Ga\xc5\x88\xca\xa2\x04\
\xa6\xa1\x13\xb0\xee\xf9\xb38\xc2E.mt^\xadg\
\xaa\x1d2\xe2\xc8\x12e\xc01\x0b\xf1\x9c\xab\x94\xc1\x11\
r\xbe\xb3\x86\xb2.\xf1\xe4`i/\x06\x01/\x01\x1c\
\xa4\xa4\xe4\xa8\xe69`\x19R\xe9w\xd5\x1e\xe9\xf5D\
\xdf\xfb\xb8\xcdI\x0b\x11\x92\xf2\x14\x00\x22\xfa*<\xef\
1\x83\x0d\xe6G\xb0L'\x0d90\x22\x1f\xda/\x92\
\x00\xa5\xe2\x08l+\xfb\xbe\x18\xd1\xc6\xef\xed\xbc\x846\
#\xd9\xdc\xd8\xe0\xfc\xf9\xf3\xe9\xf2\xc5E\xa4*q\xdb\
\xb6\xed2\xbbm\x0e\x9dN\x05\x128\x7f\xe6\x8c\x1c\xde\
\xb7\x8d\x1b\x1b\x9bxi\xfe\x02\xf6\xec?\x80n\x95$\
{\x9d\xa8\x1e\x8ed\xf7\x9e\xfd\xf2\x8f\x7f\xf4\x9f\xf1\x15\
7_\xc7kN]%k\xab+X\x9c\x9f\xc7\x0f|\
\xff\xf7\xe0\xc2\xc2<\xff\xe8\xaf>+\x87\x0e\x1f\xc1p\
\xb0e'\xfb\x22\xe1\x10\x09M\x12A\xcc\xe0yNT\
&\xc7^\xe0\x11\xcc\xcb_\xf4\xe4\xc5=\xdb\xaaC\xea\
\x15\x07\xc6\xb62B\x8e\x04\xe0\x03P\xcd\xec\xf5\xfa\xd2\
\x9d\xda\x8f\xce\xceY\x5c\x5c\xbe\x04\x0e.cv\xff\x0c\
^\x5cl0\xd1k0{\xdd\xdbd\xc8C\xc0\xe6\xd3\
X\x9f\x7f\x88M&\xba\x9d.s\xae\xd1\xebWbS\
\xab\x85H\x15;\x9d\x0e\xa4\xea8\xd0f&\xdaqO\
UE\x95\x04\xa3\xd1\x88\xa3\xe1\x08\xa9J\xe8O\xf4\xd1\
\xeb\xf6\x08&Q\xef\xe17*\xdej]\x01\x0a.,\
\xa3\xcdz\x8d\x89\xc6\x141c\xbc6f\x1b\xea\xf3\xfa\
T\xa1\xb9f\xd3\xd4\xa8G\xa3r\x82/\xca\x0e1\xaf\
$\xe8?\x5c\x84\x09\xf6\x1a\x00\xac\xad\xb9\x16-9\xd8\
\x88$D\xb2\x8b$\xc9=$\xba\x04X\xaeW\xdax\
\xea\x1f#\x05\xe4\xa3@\xa4c]E\x04\xa5c\x9c\xc8\
\x0f0\x08\xacF\xdd\x1e\xc2!\xe3\xac?\xa3\xe9 \xf4\
A\x15C4\xb5\xa7\xa2\xbe\xaci1\x94l\xf7S\x96\
\xd9A\x02\xd0!W\x83*ZhS\x14\xe7)\xb2=\
\xa2\x8d\xd8\x1f\xa8\xf0rUN<\xfa\xd8\xbc.\xcf\xeb\
\xca1\xf28'\x18e\x89\x08\x88\x8cI\xbc\xfe:\x17\
y$\xae\xd4\xfc\xcc\xc2.\x14Rdl\x96s\xaa\xee\
\x12\xc5\xaf\xe8\xdc\xcd\x9a\xf5\xc4\xc5H\xf8\xc6f\xb0\xce\
\xb2\xbe\xbe\x86\xc5\xf9\xf3X\xbaxQ\xba\xdd\x1e\xf6\xed\
\xdf\x8f\xa9\xe9)k\xa2\xc9\x8d\x00\x15/-.\xf2\xbd\
\xef\xfc\x12\xfc\xd0\xf7\x7f7\xcf\x9f\xbf \x7f\xf8_\xff\
\x14\xbf\xff'\x1f\x86NL!\xc0*3\xb3\xdb\xad0\
1\xb7K\xfe\xd6{\xdf\x87O\x7f\xfc#\x9c\x98\xe8K\
\xd34\xbc|\xe9\x22\xfe\xf9O\xfc\xb8<\xf1\xf47\xe1\
\xc9\xd3\xe7d\xdf\xbe}h\x9a&\x16!\xb6\x9dqN\
\xc6~)\xe3V\x03\xb1:@\xd9\xab\xb0\xca\x96\x22\x07\
Nk\xf04[\x09O;\xdd\xe8}\x7f\xfc\x88\xaeB\
zS]d\x99\xc6\xfeN\x17+\xe7\xe6Q\x0bq\xac\
N\xb8\xfb\xa5E\xec\xbf\xe2j,\x9c\x9b\xc0\x8d\xd7]\
\x8d\xe5\xe1\xab\xb1\xf8\xfc\x01Y}\xe1\xa3\xdc\xdaX\xc3\
\xdec7\xc8\xc4\xbe\xd7bu\xf1\x1c\xb1\xf5\x14\xa1\xeb\
Rom\xa2\x1e\x8e\xd0\xe9N\x22%\x9b\xd8\x9b\xfc\x08\
\xa4=\x18%\x99\xb1\xabbsc\x93\xc3j \xddN\
\x17\xdd^\x0f\x80\xa7\x83\xe6fR\xc6\x87E\x96\xe3}\
)\x01\x80\x0c\x0aC+\xef\x19\xddVf\xa7\xff\xcc\x0d\
\xec\x08\xaf=\x1cT\xfe\x061Le\xfd\xec\xba\x92\x00\
\xb9\xd1\xb1\xa0\x8c\x88a\xb1\xee\xb1\xd0E\xaf*\x8c\xd8\
}'\xe0\x09\xe1\xa7\x8e\xbe\xfe:\x89B0\x83\xc2\xc9\
X\xec\x97\xc2\x81$Z\x09\xbc5\x84\xbe\x97\x08z_\
\x1eK\x163|\x0a9\x11\x1b\xf8\xe1Fa\xd6TD\
C\xf5\xf1b~\xc1\x9e\xfc\xaa\xc6\x82\x0a\xa1\x14\x954\
6\xfd\xa6D\xcd\xbf\xf1S\xe4\xdd\xa1\x95\x96\x0b\x12\x1a\
\x84\xb4\x81\xd9\xf7\xc9\x0bW\x01\xe9q+\xa4\xb4\x9f\x14\
\x7f\x01\xda\x1c\x04\xdf\xfc\xa0\xeb~E\xd6\xff0>\x1f\
\x88\xc1h\xadLJ%J\x1e\x13\xe9\x9do<\x01\x22\
\xd7#,_\xbc\xc8g\x9e|\x9cO>\xf2\x107\xd6\
\xd6\xb0\xef\xe0a\x1e>~\x9c\x93\xd3S6\xf0\xb1i\
l`!\x92\xe4\xc1\xba\xbc\xf7o\xbd\x0b\x9b[\x03\xe9\
\xf5\xfb\xfc{\xdf\xf7\xddx\xff\xfb\xde\x83\xc5\xc5y\xf4\
\xfb}\x10\xa6\x034M\xc6\xa1\xc3Gpqm\x84o\
{\xffw\xc8\xcc\xdc6X~\x9c\xb1\xb9\xb1\x81_\xfe\
7?\xc7\xed=\xe5\xc6\xc6\x16S\xa7[H\xa0\xad^\
\xb2G.\x88\xc4\x14o\xfb\xdb\x98<f\x1b\xec\x16\x8c\
\xe0\xf1\x8e\xa2-\xef\x09\x0a\x06J\x99\xb1o\xb0\x08G\
@\xc4\x9bE\xb5\xe1\xc4\xd4\x0c\x07\xb9\x8b\x95\xfe\x14\x9a\
\xf5EH\xa7\x8f\xdc\x9fB?5\xa8k\xc5d\xae\xb1\
=\x8d0\xc9\x06IO\xa2\x7f\xe8\xab\xe5\xc0\x0d_#\
\xcd\xccmX\xdd\xd8\x8d\x1bn}\xbb\xcc\x1d\xfc\x8a\x94\
\xe7\xbeB\xa6\xf6\xdd);\x0f\x1c\x17\x9bh\xd9\x18Z\
\x87\x10l\xc9\xbf\x84\xf8\x0f1\x80\x18\x0d\x87\xba\xb1\xb1\
\x81\xd1h\xe8AQ\xa4\x14\xa9\xb50\xa4\xc2h\xad\x0b\
\xd0\x7f\x0e\xe7\xcf\xd9\xf2\xfe\xba1\xa1o8dm\xce\
_\x98my\x7f\xc0`A\x10\x9b\x81\xa4\x99\x81\xc4\xc5\
\xa3\xe2\xef\xc3\x9f\x18\xb5&\x88\x0d\xc6\xb1\xe2\xe1\xf8\x92\
{\x86\x10\xe9[\xfc/\xb28{{\x09\x97\xa1\x89J\
\xeb)\x8c\xadC\x1c\x951\xac\xf7#\xc1\xae\xe4\x9bj\
\x08W\x10\xbd&\xa9\xd1\xf7 $\xed1b\xd1\xef\xec\
1\xd2\xe9\x0c\xca\xff\xc6~\xa0\xaa\x0d\xd3\xb2JCA\
0\x06\x02\x17\x00\x84g\xda\xd6hbj\x84mt\xa4\
\x08\xf6s\xc8q\x96\x8b\xb97\x16</\x00\xe3\xc9i\
\xdb\xe6-\x85\xe5E\xb9\xac\xb5\xe8vUm:\xf2\xb8\
(9\xb6>\xb1.~8\x03\x00r\xceR\x0f\x07\xb8\
p\xf6\x0c\x1ey\xe0><\xf5\xf8c2\x1a\x8d\xe4\xc0\
\x91#8t\xf4\x18'&\xfbhF#\xe4\x9c\x91R\
B\xaa\xaa$)a4\x1ar\xfb\xb6\x19t;]\x8c\
FC\xd6\xa3\x91lnl\xe0\x93\x9f\xf8\x14E\x12\xb3\
\xb7\x96B\x04)U\x18\x0e\x87\xbc\xf6\xfa\x9b\xf0\x97\x1f\
\xfb,\xbe\xf7\xfb~\x90{\xf6\x1c\x90FU\x06\xc3\x01\
v\xed\xda)\xbf\xf4\xaf?\x88\xf93\xcfY\x88\x16D\
$\x83\xcf)(\x02K\xeb\xde\x9e\xcc\x07\xcf\x8b\x05\x91\
`\xf4V9hM\xb6\xb0\x04&\x93vM^\x92`\
\x01\xa6\xe7&\x08\x9a\xdc\xc8\xf4\xecN\xe9\xf7g\xa0\xdb\
\xbbx\xe9\xe2\x12z\xfd.8\xd9\x07@\xd4[K\xe0\
\x04\xf0\xe4\x99\x15\x0c\xce\x9d\xc1\x1bo\xbb\x12'\x8e\xdd\
\x80\xd9\xc3w`j8\x857\xbc\xe68F\x83%\xec\
\x98\xd9\x85\xb7\xde\xf9j\x5c\xf3\xca\xb7c\xd4\xfdR\xcc\
\x1d\xfdr\xe9\xf4\xa7\xa0\xf5\x86=\xf8\xa2\x19\x0a\x9b\x01\
4\xd7\xa4M\xf6\x09*-\x94\x94\x08b4\x1cr}\
}]\x87\xc3\x01K\xeb\xaf\xb3\xd5\x18\xd7\xa5\xf1\xdfT\
\x1f\x8ca\xa2_\xd6,\xa3\xba\x86=\x94c$M3\
\x0a\x01.\x14\xfb\xa8/\x94P\xebl\xa0\xb0\xa5X8\
Hi\x8f\xf7_y\x0bp*\x9a\x961_5p\x08\
V\xe1Z\x02\xdb\xe8^J\x1a\xd2\x82\x8a\xa5\x17\xc6F\
\xdd\xda%\x5c\xd2\x9aY\x1d\xe0\xa5\x03\xf78\xf7s$\
;\xaa\x93\xfc\x86\xc9\xd2\xc5O(\xa3\x1c\xa2\x1e\xe0\xed\
K\xbd\xb5U\xfc\x22\x08\x02\xed\x01\x07\xff\x06\xb2mf\
4\xe9\xc4oDJ\x85\xa6\xbc\xd9\xd3\x14uM\x22\x9e\
6;\x96\x90\x17\xc9?N\x15\x96\x02\xbe\xed\x81\xd1A\
2D.i\xb9\xba\x05\x5ck\xae\xf4\xa4\xc0?\xce:\
\x14\x0cj\xecH\xb6\x96g@\x12trlt.\xf8\
V!\xd6\xaa\xd8\xdc\xd8\xc0\xc5\xc5\x05\x5c^\x5c\x90\xa6\
i0;\xb7]\xf6\x1d8\x80^\xb7\x87\x9c\x1bi\xea\
\x9a\x22\x22\xc9\xf3\xf2\xa8\xd2v\xbb]\xac\xac,\xe2\xf5\
\xb7\xde\xa4{\xf6\xee\x91\xf9\xf9\x0b\xe8OL\xe8\xd2\xf2\
R\xba\xfb\x9e\xfb0\xbd\xeb\x08\x86\x83!\xaa\xaa\xe3~\
ITU%\xa3\xd1\x90\xb7\xdc\xf6:\xfc\xd2\xaf\xfe\xa6\
\xdcz\xeb-x\xdf\xb7~\x0b/\x9c?'+\xcb\x97\
q\xcb\xcd7\xca\xcf\xfe\xe4?\xc4\x0f\xfd\x93\x9f\xc6\xf1\
\xab\xae\xc7h\xb8\x05\x91N\x09\x06\xd1d\x11T\xd0\x90\
\xb2H\xcd\xae\x98\x85z!\x9e\x8aJ\xa4T\x85,\x10\
\xb4Gg\x19@\x83\x02\xf1L\xc8wS\x14\xaa\xd2\x9b\
\x9c\x12\xe4\x84\x13\x9a\xf1\xd4\xf2\x06\xaa^\x07\xecV\x90\
\x0e0X;\x8b\xa5\xe5\x06\xd7\xbe\xfa*<\xfa\xd9\xa7\
\xf1\xdc3w\xa3\xb7w'v\xccM\xe0\xd4\xa9\xe3\xb8\
\xfbsO\xe2\xf1\xcf\xfc\x11\x0e\x9e\x98\xc5\xdc\xae\xaf\xc7\
K/\x9c\xc6\xdb\xdf\xf9\x06\x9c{a\x0b/2\xcb\xca\
\xf2\x13\xecp\x19\x8d&\xe9vg8\x1a\xad!o^\
\x92\x5c+\xa5\xea\xb9Q\xb0\xb51B\x86\xc3\x01\x9b\xba\
\x96\x94\x92t:]\xa4\x94\xc2\xde\x0a%\xf7\xa8\x22M\
nDsfS7&\xf25\xb5\xcf\x09\x18\xcf\xaa\xec\
\x07+\x11\x8b\x03\xaf\x80\xa2\x05L\xdd\xebB\xa3B\x91\
\xf3\xbct\xebhl\x11\xc6\xba\xa1P\xd2\x12\x8f\x87c\
\x13\x8f\x09@T\xadi\xaa\xa4\x14\xcea#\xc3\x8bK\
\x0cp\x88M\x8d\x1d\xeb8X\x03Q\x04\x00SI \
<\x12\x87\x03\xdb\xd7F\x93\x90\xff\x8aA\x1f<\xea\x8e\
5\xdey\x13S!&9>\x91\xc5B\x12\xfc\xa1\x7f\
\x85\x8f0\xee\xd7\xb3p[\xa9\x90\xfd\x1d\x19\x1dD\xc6\
\x02\xb72\x9e\x0d\x18\x8c\xde\x13\x02*b\xda\x0e\xe1\x13\
4%.#\x05\x92:= \x18\xa3\x18\xcct\xc1T\
0'\x8e\xa5zBm\xdb\x97\x9bF6\xd6V\xb9x\
\xe1\x82\x0d\xd6\xecT\xd8\xbes'ff\xb6!U\x89\
\x9ak4\xf5\x08H\x09UJ\x12\xab!2\x96\x00J\
\xc2\xd6\xfa\x1a^\xfb\xeaW\x98\xb0\x04H\x7f\xa2\x8f\xa7\
\x1f~\x9a\xab\x9b\x83\xb4\xfd@\x8f\xb9\xa9\xd1\xe9\xd8\xbb\
T@\x91\xc4(\xe9\xdc\xf8\xaa;\xf0\xdd\x7f\xf7\x07p\
\xf4\xe8\x11\xbc\xe9\x0d\xaf\xc7\xc5K\x97p\xf1\xe2E\xbe\
\xe7\xdd\xef\xc1\xf9\xf9\x8b\xf2\xb3\xff\xfe\xb7x\xc5\xc9S\
\x18\x0e\x06\xae\x11\x97\xa7~\x19\x06'\x0a\xb2\xc3\x91\xa5\
=Q\xd17\x8cC\x91\xc5\x22\xec\xb7\xff\xb2\xa7\x9a\x98\
)\x87D_\x15B\xe4~ \x92\x15\xdc\x1a6R5\
\x09h\xfc)\x1f\x15\xd0\xa9\x04\x17\xe7\x17\xb1m\xe7.\
\xbc\xf8\xf8S\xb8\xe9\xd5\xd7\xe3\x13\x7f\xf4aL\x5c>\
\x8b\x05\x00\xf7mm\xc3[\xbf\xf6\x87\xb0\xf7\xfd\x7f\x07\
\x0f\xfc\xd7_\xc5\x9f\xfd\xe7_\xc2\xcc\xc4\x00\xddf\x80\
\xe5\xf5\x06{\xaf\xba\x0e\xfd\xd9+dyy\x09\x07\xe6\
z\xe8tv\x88t\x07X]9\x83\xd5\xf9/`\xb4\
v\x06HV\x1a\xa5\xef\x5c2_\x92\xac\x8a\xa6iX\
\x8fj\xe9t:\xa8:\x15\xed\xa87mP\xae\x98\x80\
i\xe7,j\xd4\xb5=\x88\x93\xaa\xd6\xb4U\xf2#\x8a\
\xd8\xe1X)\x02B\xdc;\xda\x9e\x11gS\x8c\xa2\xa4\
\x91\x12B\xfd\xf1\xeeH\x9e\x22T\xbe\xb7>.\xde\xbc\
\xc2\x03\x5c\xf2TK[\xd6\xcfp\xf81\x8c{\x99\x5c\
\x16\xae/.4\x98\xfcI\x81\xa0\x03He\x1f&\x04\
\x91\xd4\xe9\xb2\xff_\x1b\x1d\x9c/3@\x00\x91\x5cG\
\xe3B\x04Z\x0a\xc7\xce\x0c@BC\x08\xae\xc9\x881\
\x11\x00\x9d\xd0\xd0\xb1\xc0\xe9\xbfw\xdb\xb8\x95\xd9_J\
t}\xda\xed\x84\xe6\x1c\xb0\x04\xc4L\xc1\xb6-\x82\x8c\
\xa1Y\xc6J\x04\xa9@\x9e\xf8a\x0aR\xfd\xc9\x00e\
\xa8`i\x8676\xe3\xdcNL\xfb\x94\x04\x8c\x06\x03\
\xac,-aq\xfe\x02\xd6VW\xd1\x9b\x98\xc0\xfeC\
\x870=;\x0b\xcd\xd9\x0f\xe7d\x08 I*xE\
\x89)\x9a\xbeck\xc4j\xc4\xfd^\xc2\xcd7^/\
\x83\xe1\x00\x049=5\x85\x8f\x7f\xf2\xd3\xa2\xe8\xa0\xdb\
\xa9\xec\xc9\xae\x0e@bY,%Ud\xce\xe8\xf5{\
\xb2\xe7\xf85\xf8\xfa\xf7\xbeO>\xfb\x99\x8fa\xdf\x9e\
]\xd8\xd8\xd8\xc4\xb9\xf3\xe7\xf0\x9d\x1fx?\x1e}\xf4\
\x11\xf9\xcb\xcf<\xc0\x13W\x5c\x85\xc1\xe6\x86E\x1c\xd7\
2MOi[\x12K\xe1\x17\xad\xd5\x8e\xa5\x9f(\x0b\
\xeeK/\x04+\x07\x84\xe8\xcc\xech\xa6B\x85\xa8`\
\x87\x8cl\x13U\xd5\xba\x12A\x08:\xc8H\x185#\
\xccn\xdf\x8b\xce\xdc\x158\xf3\xf0y\xcc\xf4z\xb8\xf1\
\xceo\xc2S\x9f\xff\x0bt\xfa\xe7\xb1\xad\xb3\x89#\x07\
&P\xef;\x89\xf57|+\xa6\xb7+.\xdc{?\
rg\x07\xaa\x99\x11\x8e\xdcx\x1c33\x93x\xe1\xb3\
\xcf\xa1\xb3w\x07vo\x9f\x06\xd1`\xe1\xcc\x1e\xec\xd8\
}\x15^z\xf2C\xd8\xbc\xfc0\xab\xce\x84y\x87\x94\
He\xe1\xc6N\xe0q8\x1a@jA%\x15S\x95\
\xc4+V6\x9c3\xd7\x1c\x0d\x87\xd24\xf6 \x0f\xef\
\xd9)\x18\x17B\xaa\x00`\x12om7\xb11\x99\x15\
\xbb\xcc\xa6,5\xb1\xf1L\xa1h(\x82\xe4\xb9\x84\x86\
\xdb\xda\x9fR\xb2\xb6`$\xee!\x88\xbe\x12D\xbac\
\x94\xdf\xff\x81\x16\x86\xc7r\xb7h7\x8eF/f\xe7\
\xf3>\xa5Gi\x0f\x13t)\xcc\xf3\x18F\xc6D\xda\
\xa80\xb7\x12\xcb\x97\x94\xf6\xfb,\xdeP\x9b\x18\x0ej\
}\xce\x12Yy\xe8\x03.\x94\xd8\xc31<\x84\xd0\x0f\
\x1fE\x84V(\xec1\x11*~\xbe\xcal2\x00\x8a\
\x80\x9f\xb3\x16%E\xfd\xd8\x22\x1c\x90\xa8\xd9\x00\x87\xfe\
hs2\xa970\x99\xde\x91\xa3\x84)b\xaf\xb1\x94\
.[\xd3\x92\xb51yn\xe5\xbcis}\x0d\xa7\x9f\
{\x16\x0f?p\x9f<\xff\xcc\xd3\x02\x01\x8e\x9c8\x81\
c\xc7O`jj\x12\xcdh\x88\xa6\xaea\xf9ZB\
J\x09Q\x19\xa8R\xb2\xc0\x9b\x92H\xf2I\xa5\xa9\x92\
\xad\xad\x81\x1c\xda\xb7\x13'\xaf8\x81\xc1`\x80\x0a\x1d\
\xc9Y\xf1\x99\xcf\xdd\x85m;v#g\x85\xd8\xe7\xb8\
\xe3& \x89T\x22\x90d\x0dE\x07\x0e\x1eb\x9a\xda\
\x89w\x7f\xdd{\xa0\x0at\xaa$\x9d\x94dmu\x19\
\xff\xe6\xe7\x7f\x167_yH\xce\x9f?\x87n\xaf\x8f\
\x9c\xd5\xf7\xa48\xf2xj\x1f\xf4\x9en\x82,Q\xa3\
%J\x01\xe7\x02\xa85RgK\x9d\x05\xb6~P{\
DX`\x1d\xe3\xf9\x06\xc6\xea\x90\xaa>.A\x90\x05\
\xa8\x07\xebXY\x5c\xc2\x97}\xff\xbb\xb19\xb3\x13;\
\x0e\x1d\xc1\xdb\xbe\xef\x1f\xe3M\xef\xf9!\x00\x1d|\xe8\
\x0f\x7f\x05\x7f\xfd\xaf\x7f\x12\xe7\x1f\xfa+\x1c\xdd\xbf\x07\
\xa7\xbe\xe4\xcb\xf0\x8a/\xba\x13\x9c\x9b\xc2\xe9'\x1f\xc6\
\xc5\xe7\x96\xb0\xeb\xca\xfd8\xbf\xb2\x85jb\x88\xce\xe0\
\x22\xce>\xfa,\xd2\x9e\x038\xf8\xeawc\xfb\x9e\xeb\
%7\x9bNt}\x8e\x81SU\xe6,\x00%I%\
 \xa4ij\x0c\x87[\xa8\xeb\x11\x86\x83-\x0e67\
dkkS\xeafd\x8d@\xd6\x0cTV.\x12v\
q\x05\xd0\x05)X\x9f\x82\xa1\x8d\xdbf\xa4\xb6\xc1R\
#\xa4\x04\xc1\x14\xb5\xa6t\x9f?R\xc8?\xb3?\x00\
D,p:\x10\x84\x98c&jz\x9a\xed\x8f?\x00\
\xa4h\x17(\x01'\x929\x94@\xde!m\xac\x1b\x83\
\xebG*\x1d)Jh\xed\xaes\xf9\xb1\x01s\x1cm\
\x1d\xa4\x1dX\xa8\x12\x8f\x98g\xfc\xec\x7f\x8c\xeeJ\xe9\
0\xf4\xa7.X\xa5\xc4_\x16\xe2\x86E\x7f-\xda]\
 \x97D\xf7\x00\x09{\xa4T\x12@Y\xf0\x0fQ\x9d\
\x8bp\xc5\xc2\xc0\xe0=\xd5\xber\x02\xb5\xe7}@R\
H\x0f\xb0\xa7\x9e\xfaq\x18\x02UUA\xa9\xb2\xb6\xbc\
\xc4\xf9\xf3\xe7\xb9t\xe9\x92\x10\xc4\x8e\x9d;\xb1m\xfb\
\x0eT\x9d.sS\xa3\xae\x87\x16\xdd\x93\x95z\x9cJ\
#\xf9H2S\xd0Db\xb2\xab3\x0at\xaa\x0e\xe7\
\xe7\xcf\xcb\xdb\xbf\xfc\x8d219\xa5+\xab\xab\xe8M\
N\xc8\x8b\xa7O\xe3\x99\xe7_\xc4\xceC\xa7\xd0\xe4\x8c\
T%3\xb2\xa2\xe4Z\xe8H\x09`\x87\x18\x0e6q\
\xe2\xd4Ux\xe4\xfe/\xe0\xfd\x1f\xf8.\xfc\xde\xef\xfe\
\x16\xce\x9d=\x83\xd4\xe9`sk\x93\xbf\xfc\x8b\xff\x1a\
_\xf1\xaeo\x90\xd5\xb55\xceLOJ\xce\xe5\xec\xfb\
\xb8\xd7\xfbu\xd9\xbe{\xc6\xea\x7f\x13\xc9@\xd9\xcd\xc8\
\x0f,/\xb5\x1dt\x16\x16?36\xde~\x91\xc4\xfb\
\xd4;\x90N\x85\xc5\x06 *\xe4f\x13\xf5h\x03\xcf\
~\xeey|\xe5\x07n\xc7\xe7>z\x06[\xcf^\xc2\
\xf1\xfd\x07\xb0\xfb\xd8\x9bp\xf6\xe9?\xc6\xfe\xe37a\
\xe9\xfc\x8b\xf8O\x1f<\x83m3\xfb\xd1\xef\xee@=\
x\x06\x97\xa7\x05\xfb\xbe\xfc[\xf1\xaa\x03;\xf1\xd2s\
\x9f\xc2'\x1e\x18\x22m>\x8fW\xddv'\x96\xb9\x85\
\xd5A\x0f\xb3\xd7}\x0dF\x0f\x0f\xb1y\xe9I\xa4j\
\x0a\xb0\xca\xb7\x04\x9f\xa5\xab\xba&fY;\xaf\xe6\xec\
S\x92\x01\xe6\x0c\xf8\x0c\xffB>\xe3\xce\xaclh\xe4\
\xc2\xd4%\xf1G\xab\xc1\xbaH\x92D\xe1\xc9\xaa\x84\x15\
\xc9\xa6hu\xe2\xd3\x82K\xa4\xa6 \xd9\xdc\x88\xd4n\
\x8b\xab^N\xb2#\x0d\xb5\xd7\xa2}\x80\xab\x9f-\x14\
$;\xc3\x1e\xae\x172dI\xcc\x0a\x04h\x07\xde\xf8\
\x92\xccoR\xa4\xc3\xd1\x80\x17\xcds\xea\x00_88\
J\xdb\xa1{\xbb\x16\xaf#3\xc1\x14ZD\xfb\x91\x80\
\xb7\xd0\x06\xff\xf1\xfe\x1b\xaf\xcd\x97\x85\xb0D\x02\x91@\
\xb2\xad\x9c\xc4l\x00#s\x8d\xda\xc8\xef\x10Sb\xad\
\x82Z!\xd2\x09\xb0\xec\x9am\x12\xe2XC<\x9d&\
C\x8b\xf1'\xb1\xa7,\xe4&c\xf1\xd2\x05\x5c8w\
\x96k\xcb\xcb\xe8NL\xca\xae\xbd{177\x07\x88\
 7\x19\xf5h\x08I\x09U\xaa`#\xa8h\xeae\
\xe4\xc1\x16=}\x94ur\xb1R\x8a\x84\x82*\x09r\
\xcd[n\xba\x09M3\x12\x92\x98\x9c\x9c\x94\x8f?\xf8\
\x09,\xad\x0f\xb8\x7fbB\x9a\xd1 V\x0a)\x1ek\
M\x81\xc9\xef\x09\x89\x95t\xaa\x9e\x0c\x07\x03\x5cs\xd3\
\xad\xf8\xa3?\xfb+\xfe\xf4O\xff\x0c~\xf8\x87\x7f\x10\
/\xbdtV4g\x99\x9b\xdb\xc6_\xfd\xc5\x9f\xc3\xd7\
}\xd3\xfb\xd1\xed\x9f@W\xda\x1d\x8bP\x12\xba\x80\xb7\
\x8e\xa0\xa4\xab\xe38Q6\xd9\xe1\x81@Bkl\xf6\
\xdf\x1e\x99\x80\x00\x06R\xb3\x18 \x12\x8d\xf41\xdbW\
l\xef\x02/\x0cj\xec\xd9q\x10\xdc\xda\x89\xbd{\xa6\
q\xf9\xf4\x06^s\xfb><}a\x80G>\xfd\x02\
N\xdc\xf0\x16\xcc\x9f~\x12;\xf7\xde\x8a\xbd\x07v@\
\xe7f0\xea\xed\xc2\xf4p\x80-\xbd\x1d\x9b\x17^\xc2\
\xc5\xc1$~\xff\x81!\xf6\xde\xf0:LM\xf6p\xe9\
\x91\xbf\xc0\x0d\xaf8\x88\x8f<\xbc\x89}\x97\xcfb9\
\x1d\xc6\x15\xd7|\xb9<r\xcf\x029\xb8\x08\xa9&\xa3\
\x82^\xc0\xcdj\xfc64\xb3\xa9k6\xf5\x086\xca\
-\xe2\xace\xdc\xaaDU\x89W\xcb2\x93M\x9f\xb1\
{\xf7!\x1f\x9e\x1a{0%Z\xd9\xdd\x1e\x02\x22)\
\x8d1X3M\xf1\x87e\xc0\x9e\x9e\x06\x8e\xc5\xb1\x98\
\x83^\xf0\xb4\xc5\x8a\xd0\xcb`\xdf\xe0\xc7\xa8\x1c\x9aC\
\xf4\x03\xe9\xf3\xbe\xbc\xb4\x18\x19\x83 u\x82\xc20:\
\x08\xb3\x12q\xa2,D6*\x9c\xad{\x84&\xd9\x8e\
\x1d4\x9a!\x88\xe3\xf1\xb6P\xd1G\x1c\xfe\xef\xe9\xa4\
\xb9\xae\xff\xbe\x9d\xc0\xe2\xce?F\x8d \xaaTT\xf1\
\x80\xc6\x08\xe2t|0`-\xe2#\xe1\xf4\x04\xe6%\
1\xc4\xa48\xb9\xbf9\x04F\xa2|_4\x88\x86\xd0\
(\xa3\xd1H._\xbc\x88\x0b\xe7\xce`cc\x1d3\
\xb3s8t\xfc8&'&\x01\x02M\x93\xe1)4\
\x8d\xe2\xa3\xcd\xb7R\x05\x81?\x84\xd4UM\xbb\x9d2\
}7\x8a\x90B%\x9bF\xd1\xef$\xbc\xe2\xe6\x1b\xb0\
5\x18\x02\x22\x98\xe8O\xf0\x93\x9f\xfa4\xfb\xd3s\x22\
T&\xa9B1u\x18@`\x15\x01AJ\x84t\x04\
H\x09\xb9\x19\xe1\x86W\xdd!?\xf2\x8f\xfe)\x8e\x1c\
;\x81w\xbd\xf3\x1d\x9c\xbf0\x8f\x95\xe5e\xb9\xe9\xa6\
\x1b\xf0\xb3\xff\xe2\xc7\xf0-\xdf\xfd\xc3\xbc\xf6\x86\x9b\xa5\
\xde\xda\x0auU\xca\x16\xd9\x0f\xe5\xec\x99-r\x84\x0e\
\xb6\xae\xddj\x02D\xb2\x1a\xb7\xd5\x94!\xa2\xe6\xe8\xf6\
\x01f\x8a\xd4\x06\x9d\x04,\xf7\x80\xa6\xdb\xc3\x0e\xcd8\
6\xcax\xbc\xc9\xe8\xcc\xcd\xa0\xb3\xd5\xc7\xf4\xbeY<\
y\xaeF\xfd\xa2Bz\x19\xef\xf8\xd6\xebpa]p\
y\xfev<\xf3\x85g\xf0\x86\xaf\xf8Zl\xdb3\x89\
\xfe\xf6\x19\xdc\xf3\xb9\xd3\x989\xb8\x17\xc7wt\xb0\xba\
\xb5\x86\xd1\xca\x06\xd6F\x15\xae>\xd8\xc5\xfc\xdav\x9c\
[\xed\x02\x0b\x9f\xc0\x17}\xd9[q\xf7\x85=X\x96\
\xfd8\xba\xfc%8s\xfe)\xd1\x95'\x00\x1d@\xc4\
\xd8\x9d\x01\x80\x9d3h\x86\x03\x8eF#II(\xc8\
\x80TA?\x0bK\xb5\x12\xaeQ;\xf5\xc3\x10H\x22\
Hq\xf8\xd1\xc9Z\x84y\xa0\xfc$bem3E\
\xf5\xcc\x81\xae)\x88\x95\xe1\x8a\xb1\xfbvg/\x84\x89\
\xc0\xfd\x9b\xe5\xe71=\xc11\xa3\xb4\xf5D\xf0\x89\x9a\
\x1f\xedQ\xe2\x82(A\x81\xd2\x09\x8b2\x9f\x0e\xean\
\xc8b\x17E\xa8\x92\xa9\x12\x17\x1c\xe3 \x82\x1f\xcc\xd1\
\xb0\x18\xef\xf7\x8f\xabv_v\xf9\x10^\x9738\xc9\
*\xf6\x04\x11\x16\xaa]\x82\x0a\x82\x9c\xf81\xe1\x1c\xe7\
\xfe\xc3\x00\xed\xdc\xa9\xdd\x0c\xca\xb9\x00:\xc3\xb6o\xd6\
\x82ta\xd7\x91Z\xb8\x9ei\x97TI\x9c\x19\xa0\xa8\
\xca\xc6\xfa\x1a..\xcccq\xfe\x02\x9a\xba\xc1\xb6\x1d\
;\xb0\xff\xd0!\xf4\xba=4>qGD\x9c\xda\xa7\
\xc0*\x17WKH\x89\xe2+!l\xcf\xe2\xd3\xd9o\
\xe4X$RUaye\x99\xa7N\x1c\x96\x83\x07\x0f\
\xca\xd2\xd22{\xdd.\xd6\xd6\xd6p\xff#\x8f\xcb\xb6\
\xed;\x90s\xb6\xb2\x8b\x04\x9b\x18\xb3*\xbfwq\xc3\
I\x14\xa8\x08\xaa\x04\x5c\xfd\x8a\xd7\xe2\x03\xdf\xf1\xb7y\
\xd5U'\xe5\x9a+\xaf\xe4\xca\xca\x0a\xce\x9f\xbf\x80/\
y\xfb\xdb\xe5\x87\xbf\xebq\xfe\xec\xbf\xfb\x0d\x9c\xba\xe6\
F\x0c\x06\x9b\x11r\x22(zq4\xd8\x01\xcb\xda\x05\
\x08H\xbbi\x96\x02\x8ce\x90\xa0\x91\xe56U\x00D\
\x92l\xac,r.ey\xa9\xa9\xd0\x9f\xec!o5\
hV2:\xa8\xb0r\xe1I\xe4\xe9\x1d\xf8\xd3_\xf9\
(\xbe\xea-W\xa2{\xe51\x0c\xa6g\xf1\xb1\x8f]\
\xc6\x5c\xaf\x87\xd4\x9b\xc0\xee\x1dC\xac\xae\xad\xe3\xb3\x9f\
~\x0c\x07O\xec\xc3\xc6\xca\x10\x9d\xd5\x0b\xb8p\xf2\x0a\
\xdc\xb0g\x88\xfb\x86\x8a\xad\xba\x83s\x17\x16\xf1\xea\xd7\
\x9c\xc4\xef\xff\xdb\x9fB\x7fR\xf1\x87\xf5\x16\xa6\xf6\xec\
\xc7\xcd\xaf\xfb2\xdc\xbb\xf7:\xf9\xe2+\xaf\xc7\xa3\xcf\
\xdf\x8f\x17\x1e\xf8}TI\xc0\xac&\xcd\xa9b4\xd8\
4\xfd\xc6\x99\x9c=\xc3J\xad\xef\xcd\x07\x9c\xc4>G\
\xffHY\x15\x8f\x8b%l\xc6\xca\x19\xd3\xf5\xb4\xddY\
\xa8Z\xd9\xbdJ\x95\xf7w\x18\x0a\xa4\xc2\xc5\xe8Y\x83\
\xd5\xea\xca\xd4\x10\x0f\x9e\xee\xe0nEmF\x0f\xa4\xf2\
\xd4\xe3\xf0\x17D\x81\xc0\x11\xa5mR\xb5\xcbI\xc0\xf8\
\xd08\x8f\xa4\x1c;\xb6X\x8e\x17\x15\xaf\x1eK{\x80\
\xe8\x13\xb0\xb21\xd8\x9e\x22,8\xe0]\xb2\xfe{\xcb\
 J]!\x16\xb3\xbc\xceOFi\xeb\xa8$],\
ii\x90)\xd7\xed\xdc\x8eV\xaa\xf0\x8b}Y\xc0B\
p\x01_\x17w\xa2\xe43\xd8V._\xc2S\x8f?\
\x86G\x1e\xb8\x17\x0b\xf3\xe7\xb9}\xd7.\x9c\xbc\xe6\x1a\
\xec=p\x10\x10\xc1\xa8\x1e\x01 RU\x19\xb1\x92H\
w\xc5\x8d\xc5k36y\x13\x22\xe2:_r\xf0\x12\
\xc4\x10[/DZWC\xaa\xb0\xb5\xb9.\xb7\xdf\xf6\
J\xe9t;$\x15\x13\xfd\x09y\xfe\xf9\x17\xf0\xe2K\
\xe79=3\x83L\x22\x8d\x7f%\xc6\xbe[\xa2\x97!\
y\x19I\x90\xaa\x0e\xb4Q\xccm\xdf\x86\x9d\x07O\xe1\
\x9d\xef|7/\x5c\xbc\x84^\xbfG\xa4\x84\x0b\x17\xce\
\xf3\x87~\xf0\xfb\xe4\x03\xdf\xf4.\xbe\xf0\xfc\xd3\xe8O\
L\x14\x06G\x89\xe6\xa61\xefE\x9b&\xf8\xd2\xb7\x8c\
\xae\xb4\x8c\x9b\xdd\x94&\x93\xb0!\x98\xec\xd3\xa9\x12\x8e\
^\xff&9\xb3X\x03\xe7\x96q`\xfb\x14\x06\x13;\
 )\xa3\xdbIX\xbb|\x09\x97\x9e\xfc}\x1c9\xb6\
\x88O=~\x0e\x7f\xf4o\xff\x1bV\xef\xfa\x1cv\xed\
\x9b\xc4\x16G\x98_\x12\xbct\xa1\x02\xa6'\xf0\x8e\xf7\
\xbd\x05;\x0f\x1e\xc0[\xdey\x0b\x8e\xbe\xf2j\x1c\xee\
\x00W\x1e\x10\x5c\xb8t\x11\xc7\x8f\x1e\xc1J:\x8c\xc5\
\xe5Y\xdc\xf8\x9a/G\x7fb\x07\x1e\xbe\xf7sx\xf0\
#\x1f\xc2o\xfc\xe4\x8f\xe2\xd0n\xe0\xe0\xb1\x03\xd8\xbf\
m\x8f\x8cF\x9e\xce\x82\x92\x9b\x1a\x83\xad\x0dD\x9f\x86\
\xf8\xfa\x86\xa3 L\xbeP\xf90-\x0b\xdd.\x0cX\
\xaf\x9fyDh\xcb6\x97\x0eq\xd4?\xaa\xc0m\x9c\
\x14I\x85?\x9a\xbb\x8e\xa5_\xd2\xc6\x0bo\x0f\x04\xe0\
=mq\xa1a\x0e\xc9&\x81\xb1Mn,g\x11\xb4\
\x22\xaei\x01\x96+\xf8\xceu\xec!kj\xf0AE\
\xce\x99Ys\x1a\xd3\x9bB\xe5C9g\xed\xcc:\x84\
\xc01\x152\xda{\x051e/\xd8S\x10\x04\xf8\x84\
8\xa5\xf8\xf9\x9e\xb6\x03\xb9@\x8d#\x95\xe1\x9bD\xba\
l`\x96M\x09\xf4\x0c[\xdb\xce\x88R\xce\x1aK2\
\xec\xed\xb9\x84\x22\x88\x08\xb4i8\x1a\x8e\xb0\xba\xb2\x84\
\x0b\xe7\xcfbcm-MNO\xf3\xe0\xe1#\x98\x9e\
\x99\x11%\xedA\x0dM-R%Z\xdem\xab\x97\x82\
W@|D\x96mc\xe1\xc8\x12\xbe\xea\xbd\x1c\xe2\xf4\
%\xb53\x8f\x82g%I\x9a\x07[\xb8\xe9\xa6\x9bd\
4\x1c\x02$\xa6\xa7\xa7q\xcf\xbd\xf7a\xd0\xa8LL\
LB\xeb\xc6sF\x87\xc2\x96\xd9\xa0l\x84@\xec\x11\
\x1f\x8a\x94\x12z\xbd>\x9af\x84\x83G\x8f\xca\x13\x8f\
.\xe3o\xbd\xf7\x9b\xf1\x89\x8f\xfc%\x9a\x95\xcb@\x95\
p\xf6\xec9\xfe\xa3\x7f\xf8\xc3\xf2\xe0#\x8f\xf3\xfe\xc7\
_\x90#G\x8f`0\x18\x95\xf5w,\x90\xc8_\xdd\
X}0[\xa0r\xab\xe5\xa41\xa30\x8e\x93\x88\x94\
$\x89\xc8h\xb0\xc1\x937\xbe\x0e\x9b\x13w\xc8\xd1]\
=\x5c\xbfg\x16\xcf\xc8Q\xacn\xdf\x85\xe1\xfa\x1aV\
\x977\xb0kz\x96\x97/\x9c\xc1\x85G?$S\xbb\
\x0e\xf1\xe4-o\x94O~\xfaa\xec\xba\xfb\x09\xec\x7f\
\xc3\x1dx\xd3\xb7\xbf\x13k\xf7\xdf\x82\xe5\xe5M|\xfa\
/\x9f\xc6k\xde~5\x9e\xba\xeb)\xdc\xf3\xb1\x07\xf0\
w\xfe\xe1;\xf0\xa1/\xbc\x00y\xe1/\xf0\xe0\xfc\xfd\
\x98\x98$&o\xfej\xec\xb8\xfaK\x81\x93_\x8ak\
\xebe\xec\x99\x18\xe1\xa1g\x9e\xc1\x13\x9f\xfa<\x1e\xd8\
{\x15t\xf5\x12\xfa\xdd\xc4\xdcd\x8c\x86\x03\x9b\x9cL\
\xa7\xf1\x0c\xb2\xd62j\x80\xf6P\xf3\xf6\x08k\xc9f\
\x91|\xe8[\x04(\xb38gi\x06\x87\x0c\x9cHU\
px\x82>\xbfO\x82\x9a:\x91\x97\x08x\x05|\x9d\
\xe1\x16\xa8\xf1F\x19\xba/\xb5\x04\xc0\xe60\xb5D\xce\
\xe3\xa2\xc4\xd0\xa7\x80.\xdfD!\x15\x1d\xfa@W\x80\
\xb0^/!\x9d\xa3\xc4\x96\xda\x10W\x83\x11-N\xca\
\xa0\xd3\x1e\x1brk\x9b4\x19\xc4n>\xe2\x87\x94\x08\
\xcc(Y\x8c-\x0e<a\x1ek\xa3\xf0\xf5\x0f\x0c\xb0\
\xdbA\xe5n\x060\x93L\x92\x92\xd5W\xc1\x04k\xa8\
\x96\x02\x19\xb6\x8bV\xedT4\xf5\x08\x83\xc1\x00\xcb\x97\
.aq\xe1\x02F\xc3!\xb6\xed\xd8\x81\x93W_\xcb\
\x89\xc9I\xd1\xa6\xd6\xbai \xa4$\x7f\x08\x86!\xf4\
\x98\xf2\x9eZ\x10\x8fq\x19\x92br\xa8\xa3\x98$\x07\
Z\xbb\xf9hdtM\x09\xa0Q\xfa\xad\xadM\xec\xdc\
6\x8d\x9bn\xb8\x16\x1b\x9b[^\xea\xa3~\xf6sw\
\xa7\x99m;\x15T\x91T\x15:]\xa5*\xaa\xd8\xbe\
\x90\xbe\xd7,\x97\x06\x88\xa0ID\xd5\xe9p8\xdc\xc4\
\xa9\xeb\xaf\x97\x87\xee\xfa\x0c\xbe\xf3o\x7f\x17\xff\xcf\xff\
\xf0+8{\xf6,\xaa*\xe1\xf2\xe5%\xfc\xd2/|\
\x10_\xf3\xee\xf7rye\x15\xb33\xd3\xa8G\x8d\x89\
\xae\x9eq\xa50\x17x\xe28\x06;\x88\x00#\x88\xe1\
\xb4\x0e\x1c\xf1\x84\x1e3\x8c*\x11Mw\xb7\xec\xde9\
\x85\xeb_q\x15\x967\x1b<s\xae\xc1\xb1}\xdb\xb0\
\xab\xdf\xc1\xf5+W\xe2\xd2\xc2P\xa6/\x9e\xe3\xe6\xc6\
\x00S\xc3\x15HSarb\x1aG\xae:\x84}\xc7\
\xf6\xe1\xa3\xbfy\x17\xbe\xe2\xf6m\x18\xae5\xf8\xe6\xaf\
?\x85\xc7/%\x1cz\xdb\xab\x80]Sx\xfc\xb9%\
d\x10[\x9b\x17\xd0\xe1\x12\xd6Wjlm\x9c\xc3\xcc\
\xa1W\xe1\xc8\xd1S\xd89=\x83\xd3\x97;\xd8u\xfd\
\xed\xd8{k\xc2\x83\x7f\xfe\x17\xa8\xf3\xb3\xc8y\x84\xd1\
0KS\x0f\x8b\xef\xdbM{\xf0\xa0;\xd1XMI\
\x02\xfd\xccK%U\xa9X\xacy\xae\x97\xfa \x918\
\xb90\xe6u{?\xa8D\xeb\xba\x8a\xc5\xf40\x09\x1b\
\x82b\x92\xbe=\xea\xbe\x84[\x03\x08ze\xc6t\x84\
\x90[\xcd#-1n?\xf4e?\x89\x7f\x85\x88\x8b\
\x09\x88LO\x8b\x08\xe8\x9e(\xb4\xd6nP\xfc\x09\xc1\
~:\xd0\x1d5\x9a\xfe\x85\x889vFz<\xd0\xdb\
\xc1\xac@ \xaf8FzDX\x18i\xdf\x16\xab\x8c\
h\x93\x08\x9d\xa4\xa5\x99\xde\xf4T\x9aQ\xa2q\xd0\x0d\
Q\xfd\xf1%\xe5\x01 \xd1\x88\x91\xacl\x96537\
C\xac/\xaf\xf0\xf2\xe5E\xac,\xaf\x08@\xec\xd8\xb5\
\x1b;v\xedBUu\xd045\x86\xa3\x01\x13D*\
\xa9\x94\xfe\xfc/\xa7\xf0\x08\xa6U\xe8Xl\x9bW\xe6\
\xa2\xb9\xd6\xe9\xbfS}\x0b\x8dA\x09l\x5c[\xd12\
$\xa5\x8a\xabk\x97\xe4\xb6k\xae\xe4\xce\x1d\xbb\xf4\xd2\
\xd2E\xe9v;\x5cZZ\x96\x07\x1f}\x5c\xb7m\xdb\
\x8e\x9c\x15)U\x80\x88\x17;|A\xda\xc3\xcdm\xbc\
q\x18\xf7b\x15(V\x99\x18\x0d\x06\xb8\xf1\x95w\xe0\
\xb7~\xf7\x8fq\xf5\xb5\xd7\xe0\xef\xff\xc0\xdf\xc3\x993\
/\x01Y1;=\x8d\x7f\xff\x8b\xbf\xc0\xaf\xfb\x96\xef\
\x90\x89\xc9)H\x8c-W\xf8\x13A\xc3t\xda\x8c\xca\
q\xdb\xbd\xc0\xeb\xb8\x91\x96!z\xd7\xdb\xae\xe9\x9cU\
&\xaa!\x16/\xae\xe0\xd9\xe7\xe7\xb1\xc5>n\xba\xe5\
\x10\xea\x99\x0e6\xb3\xe2\xd0\xcd7\xa2\x7f\x7f\x83\xe5\xd9\
\xc32+\xe7p\xf4\x95\xdf,\x97/\xcf\xe2\xed_u\
\x0c\x9b\xdd\x9d8v\xc5N\xdc\xf5\xdb\x1f\xc7o>\xf0\
4&\xbas8\xfd\xe2\xed\xd8sb\x0fv^|\x06\
K\x8f<\x86\xd9\xb7\x7f%\xea3\x8f\xa0\x1e\xd6\xe8\xf4\
;\xe8\xf6'1\x1alb\xe1\x89\xbf\xc2\xe2\x93\x1fA\
\xce\x15\xc0\x8c~\xaf\x87\xcd;\xbf\x0dW\xdc\xf1\xc5x\
\xf4\xa3\x1f\xe4\xc6\xda*$\xd9\xbc\x05\x03:\x1a>\xab\
O\xd6*\x0f\x931w\x17I\xa9\x14\xa5\xe1k\x1cu\
D\xd0\xca\xbb)\xd98\xf0 \xb3\x11\xeac)\x05\xf6\
\x84$\x89\xb0$A\xec\x04\xe2\x1d\xf5\x90\xc2y\x1d\xeb\
\xe3\xe5HVBV\x02)\xb9m\x1b\xe1BA(\x81\
\x95\x05\x8b\x0f\x06I\xf4\xa8\xe5\xf4\x05A\xd7;\x91F\
:<\x88O\x00\x14\xd5\x92\xc1\x8b'\xfeZF\x0d\xb5\
\x95u\xc7\x8d\x00B\xeb|H\x22R\x1a\x13J>\xe9\
\xb3\xe3\xd4\xfa\x84bHHqt\x8f\xb3>\xe7\xc7\x93\
,\x118\xd6\xf9\x0d\x09\x98\xe3\x9c\xa4'DE-H\
\xf6\x91\x8a$\x95\x00\xe4\xd6\xc6\x0676\xd6\xb1\xb9\xb1\
\x81\xf5\xd5U\xe9\xf5*\xec;\xb0\x9f\xd333\x00\x12\
rS#\xd7&\xecUQ\x0c\x15\xa92\xe0\xcf\x16\x90\
\x82<E\x14o!\xaa$.\x88\xf7\x96:q\xa9:\
\xb6Zz8\xa9\xafj\xd5\xed\xcaps\x9d\xb7\xbd\xfa\
\x16I\x09\xd2\xe4\xcc\xe9\xa9\x19y\xe0\x81\x07\xb0py\
EN^s\x029\xbb\xf6\x10y7JP*H\xe2\
\x8c\x02A\x0b\x02\xe5\x05*\xa8:\xe8\x00Tm\xe4\xe6\
\xdb\xef\x94\x1f\xfbg\xff\x92\xa7\xae<\x89\xaf\xfa\xca\xaf\
\x903g\xcereu\x85W\x9e<\x81\x9f\xff\xe7\xff\
\x04\xef\xff\x9e\xbf\x8f\xc3W\x9cJ\x9a\x1b\x88T\xc5\xcd\
\xcb\x1a\x88\xb4Rl\xb0U*\xa2_ y\xa9\xd5r\
\xddDgp\x92:=\xac^x\x92;\xf7\xde!\x8f\
\xdd3\xc4\xed\xdf\xf0f\xccn\xef`X\x09\x1e~t\
\x88\xabd\x09\x8b\x97\xd7\xd0\x9b\xe8s\xd7\x91\xb7\xcb\xe5\
\x95\x1d\xb8\xfd\x0dW\xe1\xaf~\xfb\xf7\x91\xf52\xd6\xde\
\xf8F\xcc\xdcx\x03^\xb5\xf3Z\x0cG\x13\xd0\xc9)\
T\x93\xc0\xc7\xfe\xf3_`c\xe9\x05l\xec\xbc\x0a7\
\xdd\xfeEX\xb90\x8f\xf5\xadg0\x5c:\x07r\xe8\
\xb1E\xd1\xeb\x02\xa8\xba\x18m\xad\xe0\xfc\xc3\x7f\x8c\x9d\
\xc7\xaeC\xea\xec\x005[\xd5\xd6l0\xb8\xf8\xcb\x98\
i;\x10\x86\x12\x0eX\x8e\x95K\xe1\xcc\xc5U#5\
c\xf9\xc1\xa9*\xe0\x09CK\x1f\x05tr\xe0\x8e\xeb\
\x1a\x11\xc4\x11\xde\xdcU\xa2G\x05\x16\x9eK,\xf1\xf7\
\x8a\x9f\xbe3V\xa0\x99\x92\x12\x1d\xd3 \x10\xa4\xaa\x82\
4M\x00\x84\xf7\xa2D1\x0e\xa9\x03\x9bIT\xb0\x0d\
Ne|\xe0\xd5\xb8;:l Z\xf9\xca\xff\xec_\
\xda\xb6\x19\xc7x\xa3B\x15]F\x88\x9ap\xdb\x1dd\
\x9a\xb1\xc4A\x1c\x89l!T>\xc7)\xcf\xbd\x14\x8c\
Pj3a\xcc5C\x82\xa6B:\x9d\x8a\xf5p\x80\
\xe5\xa5%Y__\xc5\xda\xea\x1a\xb76W\xb1}\xfb\
\x9c\xf4&f9\xb7m\x87\xe4\xa6f]\x8fPU\x86\
\xda\xc6\x9e\xaa@^V\x96\xd5z\x9dQ\x04\x92\x9c\xc6\
\x93\x12\xad\xbc\x02\xa6\xb2\xce&\xfc\x17\x89\xc7\x9b~\x00\
\xef6\x88\xd4,\xc1;\xa9\xc4JI\xac\xf9\xeaW\xbd\
\x92\x1b\x1b\x9bI(\x98\x9a\x99\xc2\xc7>\xf9\x19T\xfd\
)\xd8\x134D|$:C]\x8b\xa6\x06Ku\x22\
\xb7p\x0a\xe5\xc4\xc3z\xa3\xcc\xd8R\xd5AnjT\
\x228q\xdd-\xf2\xcd\xef\xfbN~\xfc\xaf?\xc4\xab\
N\x9e\xc4\xd2\xca\x8a\xcc\xcf/\xe0mo{\xab\xfc\xef\
\x7f\xff\xef\xf2\xc7\x7f\xfa\xff\xc0\x89SW\x9b\xe8\x19\xc9\
X\xd0G7\xf7\x806\x89\x06'\xc6Dh?Q,\
\x00+A\xa21\xbcN\xaf\x87\x8b\xe7_\x94C7\x9c\
\xc7\xa0:\x89\x9d)c\xf3\xfc\x00\x9dm\x938~t\
\x12\x0f\xfc\xc1=\xb8|q\x11\xaf\xb8\xf95\xf2\xc4\x93\
=\xbc\xe1\x1dW\xe3\xa3\xff\xe5\xcf\xb0r\xe6\xbfaj\
6\xe3\xa3\xbfq/\xde\xfb\x03?\x85\xb5\xcdI\x0c6\
Vqdr\x88g_\xa8\xf1\x9a\xafz\x17\xb6\x06C\
\x5c}d\x16\xdd\x89u\xe4\xd7\xbc\x09H_\x8c,#\
\x9c~\xe94v\xe6\xcb`^\xc7\xe9\xd3\xa7\x81\xc1y\
\xacn\x0e\xb0m\xe2\x0a\x5c\x5cY\xc1\xb6=Ge\xe1\
\xe9\x0e\x1b\xcd\xfe@\x8e1\x84u\x0bt\xad\xc7\x0d\xb8\
r\x8fc\xc4\xaa\xe0\xb0\xf1\x04?_\x07u\x90\xf0\xc5\
0\xa9\xd7\xa2\x93$\xd3\xf1\xc6\x9c\x1fQ\x03\x8c1\x92\
b\xa3\xe2\xe1\x86\x14\xd9u\x82\xf5[z\xae\x82\x80\xe3\
hp\x0f\x8ejME\x18\xcb[\xda\x10\xd4\xc6\x0f\xe7\
\x8e\x86c\xecxa\xc1\xb3\xec ?\x12\x07\xeeK\x0e\
\xef0Wdw\x7f5[FX(jYK\xfb\xcb\
\x92\xe3\xdb\xcb\x12\xfc\xb4\x95\x8d#t\xe7G\xf9\x16\x9f\
\xfb\x11\xa0\xc3\x88\xa4\x8cA\xa1\xe3\xac\xa2\x884\xd0&\
3u*,\x9c?\x8f\x8b\x8b\xf3\xec\xf5\xfah\xea\x06\
s\xd3]\xfc\xd4\x8f\xfe\x18\x0f\xec\xdf\xc7\xdf\xf8\xad\xdf\
\x91\xcf|\xe1\x01v&f\xb0{\xcf^V)I]\
\xd7\xb0\x1a\x9a\xf3Z\xdf\x0c\xcf\xee%\x84C\x01 U\
\x82+{\xfe\xf4 w\xfc\xc8b\x92\x05\x7f\x16\x07\x89\
\xf5i\x17\xdd\xf0\x1d\xd8\xd8\x1a\xe0\xc8\xc1\xfd8~\xf4\
\x08\x06\xc3\x01R\x950\x1c\x0c\xf1\xe0C\x0fsfn\
\xbb\xf7\xcd\xb7\xc3\x08$xEIG\xe2\x0a\x03\xff\xbc\
\xbcP\x16O)\x95@r\x92*u\xd04#N\xcf\
\xcc\xc8\x8e\x83'\xf0\xad\xef\xfbv\xf9\xc4\xc7>\xcc\x89\
~\x8f\xa3Q\x833g\xcf\xca\xb7\xbe\xef[\xe4\x81\x07\
\x1f\xe2\x87?}\x9f\xec\xd9\x7f@\x9a\xc1V\xbb\x89\x81\
\xf9\x11\xd9\x04Am=d\x8c\xb1^\xdfG\x96m\x12\
\xc99\xa3\xde\xbc\x04tNb\x0d\xc4c\x17\x14W\xcc\
\x10\x13T\xbc\xf1Kn\xc4\xc7\xff`\x05\x0f?\xba\x86\
cG\xf6`\xf3\xf2\x0a\xce=\xf2\xd7\xd8\xb1\xbb\x82\xe6\
>v\xed\x15|\xe4w\x7f\x01[\xeb#T\x9d\x8c\xcf\
,\x0f\xf0\xa67\xbd\x09S\xbbN\xe1\xe1\x87\xef\xc3\xde\
\xe9[\xf1\xd1_\xf9O\xa8u\x19\xfd\x89\x1d\xa8\xb6\x1d\
\xc2\xf4\xcc\x1c\xd6\xfa\x82\xba\xb3\x03\xc7\xae{+F\xbd\
m\x98j\x80\xe1\xf2\x10\xd3\x8b5\xce.\xbc\x88Q\xdd\
\xa0\xd3\x99`\xf4\x9e\xb0\xa0\x5c\xc9\xd8M\xafsU\x9b\
\x81\x81%c\xb6\x03A\x81\xbe\x96\xc3Z\xec\x95H\xd7\
<\xfc'{b\x91\xa4$\xc81lK\xc4\x1e\x0b\xe6\
#A\xe9\x02\xa0\x84\xdcX\xd2x\x06\x15\x08>\x12\xf0\
\x22\x85\x9f\x89\xe7)0n`\x10\x13\x9c\x7f\xec\xceJ\
\x07\xa3\xb9\x1f\x85\xe8\xc0\xa3\xbc',\xa2Ym|\x86\
\xe3\x9d\x0d\xd7T\xb1\xc1\xc7\x8c\xa0\x86H\x0f\xa2?\xbf\
\x8d\xee\x0c!H\x5c\x00\x88~{{\x08\xa3\xc6\xa1\x9e\
,,p\x88`\xd6\x86z:fQ\xb0\xc3*\x81\xbd\
h\xd4\xbe\xae<@\xdeR\x84\xdc4\x22\x9a\xb1\xb80\
\x8f\xfed\x1f\xfb\xf6\xee\xc3\xc2\x85s\xf8\xf1\x7f\xfc\x83\
\xf8\xaa\xaf\xf8\x12\xcc\xcf/\xc8/\xfe\xc2\xbf\xc4\xc3\x0f\
?\x8a_\xfd\xf5\xdf\xc2\xc7?{\x8fL\xce\xed\xc4\xae\
\x1d;\x89\x04\xc9\xaa\xf0\x88\xee\x90\x224\x1d\xdb\x17\xcd\
\xb1\x00IP\xa8\x1c\xa3\xdb \xf6\xaaM\xf6[\x95'\
\xf2\xc0\xa8\x13\x10\xa9Sa\xf3\xd2\x0a\xee\xbc\xe3\x16l\
\x9b\x9bK\x0b\x8b\x17\xa57\xd1\xe7\xfc\x85y<\xfc\xf8\
S\xb2\xf3\xd0\x95dVqQ\x90\x10\x7fP\xa8\x16\xd3\
\x84\x8f>\xb3\x9d(\xa2\xb0\x1bL\x5cp\x08T\x22\xa8\
:\x95\xd4u\x83#G\x8f\xc9\x93\x8f>\xc0w~\xed\
{\xf0'\x7f\xf2\xc72\x1a^B%\x15\x16\xce\xcf\xf3\
\x87\x7f\xe8\xfb\xf1W\x1f\x7f7|\x04\x9c\xd3PiA\
\xdd#\x80O\xc4\xf5\xbe+e\x8c\xb2\xb1K\xa1\xa4\x9c\
\xd1>\xd8\xca\xae\x22\x8f6\xe5r\xae\xd0\x1f5\xb8n\
\x97`\x93@-\x1d|\xf2\xcf\xef\xc6-\xaf\xbb\x0a\x7f\
\xfe\x1b\x7f\x8e\xdem7\xe3\x81{\x9f\xc1dg\x84\xa6\
!\x04\x0am\x14\xc3\xe6\x05t\xba\x09\x09\x09\xbbv\x13\
\xf7>\xf0Q\xe4/\xfc9\xba\xd5\x08\x7fz\xfaS\x98\
\x9a\xeca\x22%(/\xa3YZ\xc0\xe5\x8b\x8a\x85\x9c\
\x91 x~\xa4\xa8\xd3.l\xdb\xfeJ\x1c\xbf\xfd\xad\
X^\xdf\xc0\xe2\xd2YVaoq\xd6\xc3\xfb\xb7\xcb\
a3\x7fb\xa8-\xa1=h\xc7P\x22\x81Tq&\
fwn\x1eS$p\x8d\x0c@\x15\x92*DW\xad\
F\xf4\xf4w*\xd5i\x22\xdah\x0a\xfa<\x15Z`\
\xb2s0\x88\x87\x5c\x95@\xea\x8e\xddn9%%\x9b\
\x9a\x1c\x16\xe9\xca\x03\x9c2\xa0D\xa7\xf8\x1c\x9al\x96\
\x0de\xe2\xd5>u\xd7O\x03\xb5)@\xc0d\xf4\x03\
\xb0\x1c\xca\x89\x1b\x0b qc!\x11\x1a\xa2\xdd\xb6\x9f\
\x93\x10\xe68\x13e\xc6\x14\x83\x11\x8a\xea`\x9f/\x0c\
5\x161J9\x8b\x7f\x9f\xd8A\x87\x8cx\xfc\x92j\
\x83\xc1\xd6&\x94\x8a\xa9\x89I\xa9\xeb\x06{vm\xc7\
\xeb\xef\xb8\x0d\xcf\xbf\xf0\x82\x0c\x86\x03,\xcc/\xe0\xd4\
\x95W\xc8\xbf\xf9\xb9\x9f\xc2\xaf\xff\xdb\x0f\xe2\x8e\x9bO\
\xe1\xc2\xd9\xe7\xe5\xd2\xc5K\xe8u\xfbRu*d\xcd\
\x859E\x09\xc2\x1f@\xe1=\x00\xc9w\xdd\xb3\xa8\xa2\
\x88ID\xfd\x18\xda\x00\xd7\x0e,:x\xe9\x92P\xa4\
\xd4\x91\xad\xf55\xdc\xfe\xea[\x91\xa9\xa4*ggf\
\xe5\xde\xfb\xee\xc3\xca\xc6\x16\xfa\xfd\x09\x8f\x02NAZ\
\x9b\x09\xa7\x8f,\xcbc,b\xa7\x11V8~F\xdc\
J\xba\x09\xddN\x97\xa3\xe1\x90W]w\x8b\xdc\xfd\xd0\
S\xf2\x83?\xf8\xf7q\xe8\xc8\x11\xa4$8r\xf4\x08\
\x1f~\xe4q6uSh\x9c8\x9b,<\x8cd\x1c\
\xa6\x8a\x94\x00\xb0#\x1d\xb1\xc7\xb6n\x12oC\xac\xd4\
\xd6\xda<\xb6O&tA<\xbbiG\x82wm\xeb\
`\xeb\xf2\xf3\xf8\xcc\x7f\xf9\x03\xbc\xf5\xdd_\x8a\xebv\
l\xc3h\xf52P\xad\x86\xc1 \x83\x10\xe9\x82jO\
\x1cn\x9a\x0e:i\x88\x89\xc9\x0aUo\x0a\xd3S]\
\x90D\x93\x01\xd5\x0aL}\xa4\xee$z\xfd\x19\xfb\x1d\
\x1bt\xf2\x19\xac-\xdc\x0d\xcd\x1bX\xbb|\x06ix\
\x1a*\x15b\x1a\xb0\x03\x81\xf9I*}n\x1e,i\
eX\xeb}\xb1C>\x02\xc6!G\xb4\x82\xbbYj\
\xf8\x853\x00e\xcc\xcd,\xec\xc1\xceNd\xc6D\xa6\
\xe2\xcc\x88\x83reZ\xb3\xc2\x88\x9f@\xa1e\x97\x19\
\x156\x7fj\x97\x14\x00&\xec\xec\x5c\xb8\x1c\xdbv\xef\
\x08VE\xd3\xb3_\xa7b8\xe6\xa9\xfe\xc9\x1e\x05\xc7\
N\x8c\xa9\x9b\x97F\xf4\x8f\xeaG\x00}\x9c\x09F\xcc\
M\xf3\xc9*~el'\xeb\xb0PD\xcb\xfbS\x04\
-\xcb1\x10\x8bb\xe6G\xbf\x09\xfb\x95_\xb7z3\
\xbd]1I\xe4F\xb9\xb5i\xb3\xe2\xaaN\x87)\x01\
K+\x9b\xf2\x97\x1f\xfe8\x8e\x1e=\x86\xd9\xe9i\x10\
\xe4\xea\xfa:\xce_\x98\xe7\xd5W\x9d\xe2\xbf\xfa\x97?\
\x89_\xff\xa5\x9f\xc3kn\xba\x8a/=\xff\xb4..\
,\xb0\xd3\x9bd\xb7\xd7CL+\x12\xa7\xf6\xe6\xca\x89\
\xf1\xf4\xdb\xe4'}\x0c\x03<\xf2\xa7\xc8\xc5\xa5\xe0t\
\x00\xbcKE$\x05u]sv\xb2\x87\x9bn\xbc\x1e\
\xeb\xebv<W$\xf1\xf3w\xdf\xc3\xee\xd4\x0c=g\
4\xc3\x8b\x1c<R\x14\x1b\xfb\xea\x92\x5c4\x8dx\x9a\
\x00\x07q\xcf\xd5\xe1\xe9\x89\xbd\xc7J\x16UU\xa1\x1e\
\x0dp\xc3+o\xe3\x7f\xfc\x9d?\xc2\x07?\xf83P\
\x11\xfe\xab\x9f\xfd9\xf9\xb6o\xfb\x80\xcc\xed\xdak\xc7\
^#\xcd-;\xe6\xc4&t\x1ax\xda(\xad\x09E\
\xd6\xccT\x08\x901\x16*\xa6f\xe6Xo\xad\xe3\xf1\
\xcf?\x85\xab\x0f\xf51=Ua\xa4@\xd5\x99\xc6\x99\
'?\x87\xa7\x1f\xba\x1b{\xee\xb8\x02[#\x22\xc5\xd0\
\xcc\xf1\xfe\x10\x06\xda\xe56\x16\xa9\xa2\x89\xf9z.H\
\x02\x8065\xd6\xd7\x961\xaa\x07\xe6\x95i\x12M>\
\x8b\x0b\x0f\xfd\x19f\x8e]\x89\x8d\xf5\x01\xac\xfbQ\xc6\
\x9e\xd2\xec.X\xa0:n\x11\x88\xa7\xd3\x14\x11\x8c\x08\
\x8d*\x92\xdbx\xfe\xa1\xb4T\xd1@\xd7\x17\x8c\x0e\x22\
\x14$\x9b\xfac\xcd\x97\x1e\xfd\xcdB$z\xf2J\xd6\
>\xb6\x88\xe5\xe7\x12\xd6m\x14\x83\x18Z\x15\xa6\x9a\xd0\
*\x08\x9e\x9b\x060{\xbaj\x7f\xe1\x7f\x93\x04\xa8,\
\x16\x9b-\xc7\xfc~U\x17\x06\x83c\xf8\x88$\xd2\x9f\
\xeeH\x86\x98\xe7\xaf\x0a\xdd\xa1\xa5\x8cc\x86\x1f\xa9\x93\
\xc4\x10\x05\xa1\x0a\x09d\x92\x01\x18\x81\xa01bL\xbd\
\xdd8\xc63\xb5)\x09\xbc\x22\xa9B\xcd\xcc\x9a\x91s\
#\x83\xad-\xc9\xb9\x96N\xa7\x8b\xba\xae19;\xc3\
\x7f\xf8c\xff\x1c\xdf\xf0\x0d\xdf\xcc\x87\x1f}\x9c\xfb\xf7\
\xed\x97\xd9\x99\x19\x82\x90\xf5\xf5\x8d\xb4\xb8x\x11'O\
\x1e\xc7\xbf\xf9W?\x89\xdf\xfcw\xff\x0ao\xbc\xf5j\
Yx\xe1\x09\xb9p\xfe,z\xbd\x1e\xba\xddn<g\
\xce\xef&\x0ap\x96\x95\xa7p;z6V\xe62;\
H\xa4d\x99^x-\x04UUacc\x1d\xd7\x5c\
qX\x0e\x1f>$\xf5\xa8\x96TU2\x18\x0dq\xdf\
\x83\x8f\xc8\xec\xec\x0e\xb1C%\x96~$7\x16\xf8\xae\
yV\xe9\xff\x1d$\xc0s\xbe\x94\x22*\xfb\xde\xdbg\
x\x81\xc7\x9a\x91\x92H\xaa*\xb0\xc9r\xcd-\xaf\x91\
\x9f\xfa\xd9\x7f\x8b\xdbn{-\xfe\xc1\x0f\xff\x08\xe6\x0e\
\x1cG\xaf\xd7G\xaeks\xb2b\x88\xeda\x9fH)\
`\xa9\x80\x90J\xf1\xd3hA9%\x836\xa9\xc9z\
\x9f\xba\xdd\x84\xa6\x7fB\xf6\x1f\xdc\x85\xa9c\xfb\xb0\xf8\
\xfce\x5c8?\xc4\xb9K#L\xef=\x85\x99\xed{\
\xf1\xc4]\x7f\x82\xbf\xfa\xc3\xbbp\xf4\xfak0\x1c\x1d\
FB\xcf\xcc.7\x01>m$\x12\x81\xb0\x86w\x97\
AsF<\xf7a4\xd8\xc2\xfa\xda*\xa8M\xf4\xf5\
@\xb5A\xaf\x97py\xfe9\xec\xea%\xec\xd8s\x1c\
\xcc\xb5\x87\x8eh\xe0q\x97q\x9f'\x98Xd6?\
\xde\x8ah\xf6\xf4\xc7B\xc689\xfa\x19\x88\x97\xf3\xb3\
H\xf6#\xd9h\x1d\x98\xc1\x9c=<\x8c\xe7\x87\x88\x1c\
/\x05\xee\x15lo\xff\x88\xd9~i\x18\x8a\x0d\x0f\xe2\
o\x0e\xed\xe1\xb9\xc51FCaH\x1a\x92\x12I\x9f\
\x0a\xecO\xe8\xf6\x14\xc0\x91\xdb?\xc6P&\xbc4F\
\xc0\xba\x93\x8aW\x0b\xbcW \xe6\xe79\xa5\xf7\x0bT\
F\xa6Qz\x0a\xfc\xee_F\xf9\xc1\x10E|\xd6\xa0\
j\xb6\xd7\xa8\xc2\x9e\xb9f\xb4\xcd\xcfuCU%7\
5\x9af\x84\xe1p@j\xa6TI2\x01m2\x0e\
\x1e\xbd\x02\x9fy\xe0\x09\xf9\x9a\xaf\xfbF\xf9\xd6o\xfb\
\x0e>p\xff\x83\xb2w\xef^l\xdf\xb6\x0d\x09\x94\xad\
\xcd\x0d,^\x5c\x94\xabO\x9dL?\xfb\xc1\x9f\xc2o\
\xff\xfa/\xe2-\xaf\xb9A\xce=\xff\x04\x17\xe6\xcf\xa3\
\xdb\xed!U\x09dFi~\xf3\x15\x08\xbf+\x9e\xc9\
\x90\x0b$\xb4%G\x03\x04\x8f\x96\xaaS\xc9\xea\xf2e\
\xb9\xf1\xfa\xeb\xd0\x9f\x9ad\xd6\xcc\x89\xfe\x04N\xbfx\
\x1a\xcf\xbdp\x1as\xdb\xb6Y(q\xc7\x85\x9d\x03\x08\
\xa7/\x84N\x8ceDo\x18\xe2\xb4W\xd8\x82AT\
\xf8l\x04\xa6\x04I\x1d\x88$\xa4\xaaB\xa7\x93x\xf2\
\xfaW\xc8\xeec\xd7\xc9\xcdo\xf8R\xec\xd8\xb1[4\
7F \x18\x86\x18\xfc\x0c(\xc5F\xfa\xed\x98\x95\x97\
r\x96\x93 \xb72\xbb<O\xe4@\x01\xd6\xd6\x878\
vr'\xce\x9e]C3\xda\xc4\x95G\xbbx\xdd\xeb\
\xaf\x83TG\xd0\xefuq\xe9\xae{\xb1\xef\xd41\xe8\
\xc4\x95\x00g\x01\x10\xdd\xde\xac\xdb\x8a\x96\x16s\xe8\x00\
\x83|=\xb2\xee\x01X\xfb7\x01\x9b\x1b\xeb\xd8\xdc\x5c\
G\x1ca%\xed|\x84\x95s\x12*]\xc7u\xb35\
&f\xf6\x8a\xb2\x81@\xa4\x0c\xb9\x08\xeb\x0f\xfd\xcc\xc9\
k\x80\xa0\x08\xadgV\xc7|\xa1H\xf1ed~Q\
\xf8,8\xaa\x07Jw\xfc\xa0\xf9\x0e\xe3\xc2\xf2\xb4I\
\xa3W\x1e&M\x0c/S\xb8\x8b\xfc\xe5\xa4$\xf4\xfa\
B\xc3\x81H\x07\x9c)\x17<s\xf6\x10,\x15\xed\xeb\
\xfd\xff\xd5\x86\x8c\xb7d^\x82\xc9\xc5\x07\xa9F_\x98\
\x00\x94\x14\xa7\xe9\xc2\xc1K\xf2\xc7\xd2\x1d`\xcf\x7f\xf7\
\xc1\x0b\x1a\x07\x22\xe8z\x00\xe0\xcfLw\x0e\x9f\xd5\xab\
\x8a\x96\x7f\x04P\x96t\x00\xf0\x83Ih_g`#\
\x9a}\x90\xa3\x12u\xddp8\x1c\xda\xe28\xa4\x12I\
\xea\xd1\x08\x87\x8f\x1e\xc3\x957\xbe\x12\x9f\xbc\xe7\x11\xf9\
\x9a\xbf\xf5M|\xd7{\xde\x8b\xbb\xef\xb9\x87{\xf7\xed\
\xe5\xec\xec\x1c\x08\xe1\xda\xc6:\x17\x16\x16x\xe4\xe8Q\
\xfc\xfc\xcf\xfc\x14~\xebW\xfe\xb5\xbc\xe1\x96\xabq\xee\
\xf9\xa7\xb1\xb00/\xa9\xd3eUU\xc8>*Y\xfc\
\xf6\xdb@\xcc \xe6\x94\x92\x99Ix\x02D\xe8CV\
\x04:\xda\xe2\x1dw\xbc\x96\x9b\xeb\x9b\x02\x12\x13\x93\x13\
\xbc\xef\xfe\x070\xccD\xb7\xdbs\xcf\x92\x88\x09\xd2\x8e\
\xb74#1q\xd0l&\x8d\xed\x97\xcdfG\xd9d\
\xa7\xa1\x14\xc0\xfe\xed\xd5\xc9\xca\xc6\x93\x99iP15\
5\x15O\xb9\xb1c\xa9.B\x99\x05I\x11\xb7\x8a\x1d\
\x06\xef\xf3\xac\xa0\xd4\x90\xc2f\x0a\x1f5\x06\x98\x1b\x92\
+O\xe2\xd2\x85\x0b\xf8\xdc_>\x84}\x07\xb7\xe1\xc0\
D\x07\x9f\xfa\xd3\xd3\x18\x0d36\xb6\xdf\x00\xa9\xae\xc1\
\x99\x17. -]\xc0\x81W\xdc\x8a\xcd\xd5\x1e\xfaS\
\xd7\xe2\xd5ox\x17\xea\xe1\x08\xe5@'\x04\xc3a\x8d\
\x9bo{\x15&\xa6v \xe7\x1a`\xc6`c\x15\xcd\
h\x03I\xd4\xaa5H\x18?\x13/$PMbT\
M\x826I\xb8\x98\xb1H\x1c\xef%\x85e\x8a\x9e\xc7\
\xca\x10\xd0\x04\xa9\x12k\x96\xa2Q\x01x\x89+\x1c\xd7\
q\xa6\xf8^t\x87\xc6QnK\x0dKs\x81o\xef\
x\xbc\xd4\x00\x02\xda\x9d\xfa\xcf\xdekV\xfc[ \xfe\
\xfd\x05\xa5\x03Z\xdc\xee4\x92\x18\xa1 f\xef\xdag\
\xb59\x84\xc0:\x0eeL\xc2\xb7\x88\xae\xd1\x07\xe0]\
\xb5FY\xec\xc1\x0a\x16\xe4-\x9d\x01Z0\x82?@\
\xa1\x8d\xe2v\xd7Y\x0b\x00\xc0\xdf\x1c\x00\xc4\x80V\x7f\
O\x19\xc3d\x93V9\x06$\x88,\x94J\xd1lN\
\xaf\x9a\x01*\xb2f4M-\x9a\xb3\xe1\x84\x0d\xa9\x94\
\xaa\x12TU\xc7\xe6\xec\xe5\x8c#\xc7N\xc8\xa9\x1b_\
\x8d\xfb\x9fx\x01_\xfb\x9eo\xc6{\xbf\xe9}\xb8\xf7\
\xde\xfb\xb9k\xf7\x1e\x99\x9b\xdb\x86\xac\x9a6\xd6\xd6\xe5\
\xec\x85\xf3<~\xe2\x04\x7f\xf6\x83\xff\x02\xff\xe9W\x7f\
\x9e\xaf\xbb\xf9\x14\xcf>\xfb\xb8\xcc/\xcc\xa3\xaa:\x88\
CD\xf0<\xd0\xd2\x9a\xe8\x94\xf7\xf9\x05\xa9\xe0\xb7x\
\x09GD\x84\x83\xe1\x16\x0f\xee\xdd\x85k\xae:%\x83\
\xad-\x00\x22\x9dN\x17\x9f\xfd\xfc\xe7\xa5?5'U\
J\xf0\xa6\xa26\x8a\xa7`x%=\x0cL/\xc6\x14\
\xf6\x1b\x1ej)n\xbc\xc9dL\xdbe{bo\xea\
t\xd8\x9b\x98@\xa7\xd7GVRRG\x8c\xf5\x15\x1a\
\x1c\x94r\x9c\x8a\xc25$G??;S\xab\xb0\xc9\
\xc2\x5cS\xeb\x0c\xd6\x8do\xb8\x8b\x84\x84\xe4\xd1\x16\xf6\
\xec\x9f\xc6\xc53\x170\xdc\x1cA*\xc1\xc5\xfb\xee\xc3\
\xc5\x8d\x15|\xfbO\xbe\x07{\xef\xf8\x124\x83\xcbx\
\xe4\xc3\x7f\x81\xdb^\x7f-\xb0\xf3u\x1857\xe1\xae\
\xf3S\xe8HF\xdb:\xd2\xa0\xd1=\xd8\xbd{/\xfa\
\x9dK\x18n\xd6X\xbc\xb0\x8c\xcd\xb5\x8c\xcc=\xa8u\
?\x06\xeb5\x90G\x11I\x8a\xb7)\xba\xd8\xc8\x09\x09\
\x0d\xfcD\xae=\x91\xd8f\xc0\x14V\xeb\x02\x9e\xab\xe4\
\x12\xb6,T\xafz\x19\xa5p\x95?\xfd\x0dd,\xdb\
\xe1\x1c\xc1\x98xr\xa6\x16\xd1\xd2\xbd\xa1\xb0\xddH\x17\
\xdc\x11E#5\x19\x13\x06_\x96\x5c3X\x8b\xab@\
\x12Bea\xd6^\xb12\xf6\xe4\x17\xe5\x9a^y\xa0\
o\xea\xc0\xd8r\x1ce\x02s\xa6U\x01\xec\xae\xd5\x86\
\xed\xb4\x82\x1blT\xb8S\x13i\x9d]\xc7 \x13\xf1\
\x00\xf76\xa4\x07\xa6\xb6\xa4f\x8c`\x1a\xa8\xf9\x00\x7f\
\x18\x84\x95\xf9\xdd\x01\x0c\x91\x7f\x04P\x91ThV\x7f\
B\x8b\xe5\xa4\x8eZ\x8e\xa2\xb4I:L@\xc5\xb2\x88\
\xc7\xae\xb8\x12z\xfc\xa4|\xfe\xc1\xa7\xf1\xe1\xf7|\x13\
\xdet\xe7\xed\xf8\xde\xbf\xfb=\xf2\xba\xdb_\xc3\xd1h\
\x80\xf5\xf5u\x0c670\x18l\xf0\xc4\xf1c\xf2\x0b\
\x1f\xfc\x17\xbc\xff\x81\xfb\xf9\xeb\xbf\xf5;\xe9c\x9f\xb9\
\x8f\xdd\xe9m\xb2w\xff~I\x92hScJs\xc3\
\xb8ZS\xf6*D\xcc\xaaJ\xb2\xb2\xbc\xce\xebO\x1c\
\x94\xdd\xbbv\xe1\xe2\xe2\x22\xbb\xbd.\xd6VW\xd3\xfd\
\x0f>\xc6]{\xf6\x22\xe7\xc6\xda\x7f\x93\xa7\x10\xf1\xf8\
F\xb1\x08\xcf\xb1\xb5d\xb1ps\xf5\xd0l\x04\xc0\xd8\
\x985\x02\x90T%t\xa5\x82j\x07\xc3\xe1\x10\x97.\
]\x96<\x1a\x10\xcc\xb2cvRV7G\x98\x98\x9a\
!\xe2<W\xb4\xf4\x16\xbcim\xbct\x84K\x05!\
)\xdd\x0e\xfa\xdb+V\xa3\x19\xe9N\x80\xbd\xc1\x14\x92\
5GA\xa9\x9c\x9c\xec\xcb\xce\x93o\xc5\xa5\xad\x09\x1c\
\xd8\x91qbW\x0f\xa3\xe5M\x9c}\xfaY<4\x99\
\xb1\xfd\x81g\xf0\x9a7\xdd\x82\xad\x95\xb7\xe0\xc9\xbf\xfa\
\x18N\xbe~\x01_\xf2\x03\xef\xc6\x9f|\xf0\xc3\xb8e\
\xae\x8f\xa79\x8d\xae\xd4P\xad\x90u\x88]\xfb\x8ea\
\xe1\xb2\xe2\x99\xc7\xd71w\xf0\xd5\xb8\xfe\xe6S\xe8\x1f\
8\x8eC3\xb3\xd8>\xd9\xc1\x0b\x17\xe7\xf1\xc0\xc7\x7f\
\x1fy\xfd)tz\x13\x96\xaa65f\xf7\xee\xc0'\
Oo\xe2\xf2\xf9gPu\xbb\x04\xbc\xdd\xbd8\xa6\xdd\
\x9dH\x12/43\xa3 \xa7m\xab\x86Bh\x85}\
\xf5q]1\x06\x80n\x7f)%\xaa\x8d\xc9\x12*D\
\x93RP\x95c\xb0\xe1\xe8@\x0a\x98\x10\xf7\x0c\xff\x08\
\x05%\xf9\xcc\xd8\x0a\xd1w\xdc\xd6\x92\x5c/\x8f\x18\xa0\
*)y\x16\xed\x17\x88hg+yA\xc8\x8e\xb4\x9e\
\x05\xd2\xc6\x82\x8b\x05\x06\xffhi\xeb\xfc\xce\x1d\xda<\
H\xca\xf9\x7fG'\x14\x8b$\x88\xe4U\x832.\x95\
-wD{\xe3\xf4\xd4Q\xe2xI\xbc 4M\x1f\
\x01 \xe3\x9f\x0f\xb8\x5c\x1bO\xf6)\x0f\x07\x01U%\
\xe7\xa60\x08\x17eQ\xc61\x95<\x8bL\xe8H\xce\
\x99T\xe5\xe1c\xc7\xa9G\x8e\xc9\x17\x1ey\x96\xef|\
\xcf7\xe0-o|=\xbe\xeb;?\xc0;\xef|\xbd\
\xe4z$+\xab\xab\x5c_[\xc7\xda\xfa\xba\x5c}\xcd\
\xd5\xfc\x85\x9f\xfd\x97|\xf8\xa1G\xe5W\x7f\xfd?\xe2\
\xe3\x9f\xb9\x87\xdd\xe9m\xd8\xb3\xef\x10\xaa\x044\xb9\x81\
=\x81\x17\x88\xca\xdd\x98a\x81$\xab\xd4\xc5\xea\xf2\x12\
^\xfb\xca\xb73\xabJ\xa6bzb\x9a\x8f=\xf1$\
\x17.-\xc9\x81\x13\xfbh\xe7\x18\x82\xdf\x07\xd7\xb6h\
\xee\xa7\x22Jh\x80\xdb\x9c\x06\x228\xd8X\xae\x00t\
:\x1d\x10\x22M\xdd`cc\x03\xeb\xabK\xe8\x0a\xb1\
}v\x1ao\xbb\xfd&\x5cs\xf5)\xdcz\xf3M<\
x\xe8\x10>\xfa\xf1O\xcaO\xfe\xcc\xbf\xc1\xce={\
\x99\x95b\xa7\xfc\x8b\xd9[ i\x1f\x00\xe2\xbfS\xa0\
\xd3\x91\xc1\xb3\xcfb\xfdc\x9f\xa2\xae\xadB&\xfb\x82\
\xa5\x8b@\xce\x90TQ5\xcb\xd4\xdc,.-)^\
\xfb\xe6kp\xf55\x07\xf0\xf3\xbf\xf10\xae\xbe\xf3\x0a\
|\xe0g\xbe\x1d\x8f}\xe83\xb8\xef\x99s\xd8\xfc\x8b\
\x06\xafy\xcb\xad8\xfa\xaa\x9b0\x91\x87X\xba\xf7q\
|\xd5\xb7\xdf\x86m\xab\xebx\xe4\xe3{\xd0\xe5i{\
\x1e\xc2\x00\xd8v\xf0VT\xd3\xb3x\xe5;\xbf\x13\xbb\
\xf7\x1f\xc4\xc6\xe2\x0a\x16\x16.\xe1\x85\xc7_\xc4hu\
\x15{\xb6\xad\xe1\xda\xb7~\x07\x9e\xfc\xc4\x1fb\xb4\xf4\
9\xf4&\xa6P+\xd1\x9b<\x8eC\xbdu\x5c\xaa7\
lM\xc7\xd14j\xa9\x91\xcf\x04\xa1\x1a;\x84A\xd8\
\xf9\x10*i\xe5\x83\x98\xb7'\x85A\x8b;\x5c\xe0n\
K\x0e\xad$(\x92@\xb1\xb4\xd7@\xc2\x03\x93\x9d=\
3\xa6%B\xd1\xa8\xe4\x08\xad\xed\x05cO\xb7\x0b\x8a\
fU|\x12H\x95\x14\x92\x86\xc2z\xbc\x996~@\
\x14\x95\x1d\xcdEr\x07d{\xdc\xac\x8c\xe5E\x04}\
\xbbI\xefJ\x0bjN?\x8c\x0f\xa1?\xe3\xcf\x22\x8e\
\x0fY\xb3:\xa3\xaf\xa5j6\xc6\xe4\x8a\xa9\xf5L\x18\
\xfa\xb1h\x1c\xdeb\xef\xdf]\x1e\x9e\xee\xa2\x8a\x01F\
\xa4\x00\x00`CK5\xdbs\xda\xb2f\xe6\x9c%\xc7\
 S\xcf0b\x94RqJ\xbf\xcfD\x00\xa9\x82\xda\
\xb3\xb2q\xfc\x8aS2\xd2\xe3\xb8\xf7\xb1\xe7\xf8\xb5\x7f\
\xeb\x9b\xf1\x967\xdc\x8e\xef\xfd\x9e\xef\xe6\xeb\xee\xb8C\
F\xf5\x08+++\x5c_\xdd\x90\xd5\xd5\x0d\x1c?q\
\x9c?\xff3\xffB\x1ez\xf8!\xfc\xe6\x7f\xfa=|\
\xec\xb3_\x00\xba38p\xf8\x08D\x80\xa6\xa9\x91P\
\xb5y\xa5\x9b\x12h\x8f\x5c\xefw\xc1[_q\x93M\
\xff%ebrB\xbep\xcf=\xb29\xca\xecv\xbb\
\xac\xeb\x91i\x8a\xed\x09\x0f3)-\x8b+\x1e\xf3\x19\
\x1a\x8c\xaa\xed\x91\xa4\x84n\xb7\x8b\x9c\x89\xc1p\x13\xab\
\xcb\xcb\xe8&\xe1\xf6\xd9)\x5csd\x97\xdc\xfe\xda/\
\xc6\x0d\xd7\x5c\x8bk\xae9\x85\xe9\xe9i\xaa*\xb6\x06\
C\xa8R\xde\xf9U_\xc9\xff\xf0k\xff\x91\xcb\x83a\
\x9a\xe8\xf7\x08\xbe<Y-\x87\xbb\xc7\xe8.\x9b\x11\xaa\
\x99m\xb8\xfc;\xbf\x86\xe5?\xf8O\x22\xd6\xe4\x05\x22\
#u-\xb6\xa4Taue\x19\x87{+\xf8\xfc'\
\x1f\xc7\xb6\xddS8z\xf3\x11\xe4\xe9)L\xa4\x1a\x0b\
\x97\x06\xb8\xe1\x9aI\xac/\xbd\x88G?U\xe1\xc8\x91\
\x1dx\xe8\xb1\x97\xb0\xb1\xb2\x8a\x13\x0b\x97p\xe25\xaf\
\xc2\xdc\xae#\x18\xae\xbc\x88n\xb7\x81\xf4n\xc5\xa1[\
n\xc7\xe8\xd2\x226\xd72\x1ex\xf1!t\xe42d\
\xf8,\xe6\xa6vb\xd7u_\x84\x87\xfe\xeb\xbf\xc3\xf2\
\xe2\x02n\xfb\xb2o\xc5g~\xef24?\x01\x91)\
\xcc\x1d\xbe\x11O=\xff\x14\xd8l \xa5\x9e-`\x09\
\x17\xa1v\xfb\x0d\xc7\xa4/\xf7\x05\x11\x87\x02\x8d\xa6 \
w0\x90\xc9C\xaf\xb9\x9ek\x08\xe1I\xf4\xf9\xd6t\
Q\xc6\xc7\x85\x19\xc9\x80k\xb3\xed\x099\x89V\xf7H\
\x90\x0b\xe4\x8e3\x07\x81$\x9bLd\xd7\xa2\xb0B[\
\x11\xc0Z\xa0\x16@R\x9cA(\xfc\xb8\xc4\xf4N\x81\
/g\xeb\xa6\xcbi\xf2\x0c\xc0\xe96\x91\x94m\xbe\xef\
\x87}\xadc\x98\xe5\xe2\x95\x80A\x9e\x1dR\x88\xf9H\
:\xde\xb5bN\x1d\xc7\x07\x83\xab8\x82\xb4N\xefV\
\xd7\x12#\x1f*\x22\xae\x17\xd8x2\x152\xc34\x01\
\x952\xb1\x95low\x5c\x12\x13\x7f\x8e\x9cKg\x09\
\x1da\xb2qP\x89\x82CGN`\xff\xc1c\xb8\xf7\
\xb1\x17\xe4\x9d\xef\xf9\x16\xbc\xfe\xf6W\xe2\xef\xfc\xed\xef\
\xe4\x9b\xde\xf4F4\xcd\x08k\xab\xab2\xd8\x5c\xe7p\
k\x03W^y\x12?\xf73\xff\x1c\x8f?\xf98~\
\xf5?\xfcG|\xec3\xf7\x80\xfd\x19\xee?xPD\
\x924\xb5\x95\xafR\x0c)\x020\xaa\x07\xb2sv\x06\
W\x9d\xba\x0a\xa3\x91?;^\x12>\xf1\xe9\xcfa\xfb\
\xae\xbdPUI\xa9\x82\xd7\xee\x0d\xb4\xec\xc1\x8b\xc5\xa8\
\xe8&E\xb5\x12l\xa7\xd7#\x9aF\xb667\xb1\xb1\
\xb9\x81\xe1\xe6:fz\x15\xf6\xee\xde\x81/\xfd\x8a7\
\xf1\x0d\xaf{-N\x1c;\x8e}{w\x93\x10\x19\x8e\
\x86\x1cl\x0dp\xe9\xd2%h6\xadH\xaa\x0e\xf6\xed\
\xdb\x83N\xb7#ys\xe8'\x10-\xf5(\xe3\xe5I\
D\x17*\x0b\x0b4s\x9f\xdc\xb5\x8b\x93\xd33\xc8\xf0\
\xa9DTn\xad\xad\x8a6#B\x04M\xce\xb2v\xe6\
.TGN\xe0\x91\xfb\x9f\xc5\xd5w\xbe\x1aG\xf6\xf4\
p\xcf\xef~\x02+M\x8d\xe6\xe9\x8f\xe0\xf2\xb9\xa7y\
\xe8\xe6w\xc9\xf3\xcf\xcdbnn\x05\xbbw\x8dxv\
!\xc9\xcc\xc3O\xe2\xf8\xd57\xe1\xb1\xcf\xdc\x87\xad\xf5\
\x06'\xdf\xfcf\xac\x9c9\x83\x07\xef~\x08\x07\x8e$\
t\x07\x0f`}\xfe)\x0c\xd7V\xd0\x9b\xda\x86='\
\xef\xc4\xc97\xbd\x1bO\xfc\xe9\xbf\xc7s\x8f?\x8eW\
|\xf3?\xc2}\xbf\xf6\xf7\xd00\xe3\x8eCsx\xb8\
\x1e\xe1\xbeQ\x83\xc9~\xd7S,D\xad,\xe8}T\
\xed\xc4\x82\xb6\x8a$\x7f\x08\x803;\x89\x7fxJ\xeb\
\x0f\x0f-L\x96\x8e\xda\xc2r\x16\xd8i\xb8\x10\xd1\xe7\
Wr\xab\xe0\xe3\xc9+\xa7\xa5\xf8j\xcd`q\xcc\xdc\
\x9e\xc6#`j\xc3:\x0a\xeb\x88P\x11gj\xa4\x1c\
\xaa\x0bEIR\xdci\x8b\xeb\x14\xed\xc0\x1e\x7f\x11t\
\xdd\xb3s\x12\xcc\xa2\xe8\xb8\x007\xfe}\xa5G\x99E\
^d)r\xf8\x5cy+S\x91a\xbb,\xa3:\xc2\
/K AaXRd\x05\x0f?V\x0a4\xe2b\
\xcf\x22R7;\x84\x88\xe1S\x86T\xac\x83\xd9\xfa3\
\x19H\xe8O\x0b\x88\x11O\xf0\xe5\x877\xd4\xb92.\
\x94\xc4\x04\xab'\x83\xca\x83\xc7N@\x0f\x1f\x97\xfb\x9f\
:\xcdw\xbd\xf7}x\xe3\x1d\xaf\xc2\xdf\xfb\xfe\xef\xc5\
\x9dw\xbe\x9e\xf5h$+++\x5c\xdfX\xc7\xc6\xe6\
&\x0e\x1f:\x82\x9f\xf9\xe9\x9f\xc0\xe3\x8f?!\xbf\xf5\
\xdb\xbf\xcf\xbf\xfc\xd8g\x89\x89m\xd8\xb3g\x1fR\x02\
s\xd3\x08@TU\xc5\xcb\x8b\x97\xe4\xf5\xb7\x5c\x85\xd9\
\xb9\x19,,,rbr\x12\xe7\xce\x9f\xe7\x93\xcf<\
\x8f\xb9\x1d\x87$\xe7\xcc\xca\x8f\xff\xfaFYvH\xcb\
\xe4+\x81T\x9d\x8aU\xaa\xb0\xb95\xc0pk\x13\x9b\
\xeb\x8b\x928\xc2\xee\x1d3\xb8\xf9\xc6\x93x\xf3\xeb_\
\x8bk\xaf\xbd\x06G\x8e\x1c\xc1\xec\xcc\xb4l\x0d\x07\x18\
l\x0dpii\x99\x96&\x99\x16155\xc5\xc9\xc9\
I\x08 \x1b\x9b[\xfc\xb5_\xff\x0d\xbc\xf8\xd2Y\xd9\
\xb9\xff\xa8w\xbb\xf9\xb0\x89\x02\xd1\xbe\xa4\xb1g\xfe\xdb\
\x94\x12F\x83-;U\x09\xd8C2U\xa5\xaa\xccp\
Ie\xaf7\x853O=\x88[\x8e\xdc\x80\xfb\xef\xbf\
\x12\x07g{\xb8\x7fy\x84\xc7\x9f[\xc1\xb1m\xe7\xf0\
\xc4#\x8f\xb2\xea\xf6\xe5\xec\x03\x7f\xc8\xfe\xd4\x14.o\
\x0d\xa0\xa3-\x1c\xbe\xe5K\xb1><\x8c\xd9\xfdG1\
\x18\xeeGwb;\x0e\x1c:\x8c\x87\x1ex\x02G\x8f\
^\xc4\xe9{\xff\x8c\xb9\xce\xa8z\x13\xa8&f\xa5\xa9\
7p\xe6\xc1?\xc7Moz\x1f^\xdc\x7f#\x0e\xec\
\xec\x80\xab+8\xfc\xd6\xef\xc6S\x1f\xfa\x03l\xd4\xc0\
\xc6(!I\x1c~+^\x1f\xc7q\x00\x98\x1c\xc6\x10\
\x9dR\xe9\xacC\x1b\x9a\xdb\xb5A\xf0\xf1\xe2<c\xa5\
<OS\xa5L\xee\xf3Y\x0b\x0a\xd8\xf0\xce\xc4\x10\xff\
\x94js\x06\xcd0E\xcb\x80\xd1\x1ct \x84\x18'\
\xcb\xad\xd4\x04\xb6\x047\xb2\x84P\x83\xc3\xe3\xdb\xac\xc0\
\xb0\xcb\xe7\xf3H\xc7\x91\xc0\xbe\xc4g\xf4\x15E\x92\x01\
\xfc\x04\x93\xb5\xac\x9a\xc6\xe7\xf3\xfd[\xe0p\xd1P\x14\
6\xf7\xd8\xd3\x07 \x8a\x7f\xc1\xe0\x83v\x05 \xa2\x15\
E\x02?\x9d\xdb\x96&\xc7\xa0\x05\x8e!\x02j&\xfd\
\x11\xe6\xf6vK\x05\xfc\x03\xc4e\x02;\xe0\x1d:V\
\xdcy\xe1\x02~\xcf\xf0cF\x22\xa8\xc4\xf2\xbax\xd2\
\xeb\x91\xe3W\xc8\xa1\xa3\xc7\xf9\xf0s/\xf0=\xef\xfd\
6\xdc\xf9\xbaW\xcbw\xbc\xff\xfdx\xcb\x9b\xdf\x84\xa6\
\xa9\xb1\xb4\xbc\x845\x07\x82#\xc7\x8e\xe1\x9f\xff\xc4\x8f\
\xc9\xfb\x9f{\x16\xbf\xfc\x7f\xfe\x16?\xfc\x89\xcf\xa3\x91\
\x1e\xf6\x1f:\xe2\xc7;\xc8\xe1\xc6\x1a\xef\xb8\xedU\xfe\
\xb8#\xa6\x89\x89\x09\xdew\xef}\xb2\xb8\xb4\x86+\x0f\
N2\xd7#\x8f\xf2&\xd6TU%RYU\x00B\
nllb\xb0\xb9!\xf5p\x88]\xb3}\x1c\xdb\xb3\
C^\xfdE\xaf\xe5\x1b\xee\xbc\x03G\x8f\x1c\xc1\xf6\x1d\
; \x02\x0c\x06\x03nm\x0dp~~\x0d^\xa4b\
\xb7\xd3\x91\xed;v\xa0SU\xa8G#>\xff\xfc\xf3\
\xb8\xeb\xee/\xe03\x9f\xbfK\xef\xbe\xfb\x1e9\x7fq\
\x0d\xfb\x8e\x1c'U%u*\x09\x88M\xc5\x14\xecq\
6\xe2V%\xf6w\xacGC\xd9{`?\x0e\x1c>\
.M=\x22$!U\x82'\x1e}\x18b\x07\x16\x84\
 \xaa^\x9f\x0f}\xe2wq\xfd\xeb\xde)w=\xd6\
G\x02qt\xdb\xb3x\xeas\x7f\x8c\xaa\xd3\x8b\xf1i\
\x18n\x0d\xa5\xea\xf4@$.\x9fy\x00\x83\x83\xa7\xb0\
\xf7\xf0~T\x9d\x1d\xe8\xf7g0\xb1w\x0e\xbbv\xec\
\x03\xb6\xceC)\xa8\xfa\x93pI\x1eD\xe2\xf0\xf2\xa3\
r\xee\xfc\x22\x0e\x9d<\x89\x97.,cn\xf2 \x8e\
\xccM\xa0\xfb\xca7\xe3\xe3\xf7\x9e\xc3\xf5\xb7\xbf\x0e\x17\
\xcf?\x88\xd5\x0b\x8f\xa1\xeaN\xb8 \x1e\x11\x14\x16\xb1\
\xc3[BJ6\xa7\xb3\xd0\xeb\xe1?\x02\xa1\x88P\x92\
9\xac\x0fTp+\x15\xc4\xb8/\xb7{H%dV\
k\x9e\x8cy\xb8b\xdf\xef8\x0f\x91\x10\x16\xa3\x81\xcf\
7B\xa4\xed\xfa\x11\x09\x9ea\xa2A\xf2\xfc\x02&\x1d\
\x06.\xc8X\xed\x07E\xe2\x80\x8d\x8b\xf0\xaf\xef\x00\xd9\
A\xa4\x0c\xfb$\xc94\xdel\xeel\x9e\x11\xadK\x14\
\xf0\x94\x01\xee\xad\xb6T\xbeB\xad\x108\xd6TZ2\
\x11\x05\x98\x0c\x09\xc3\xfb\x03\x0c\xec\xe5%\xd6G\x83\x91\
\x0f.\x13O\x11\xfc\xe1%\x02\xcdl\xea&*\x00\x0e\
I,\xe9L\xb9\x01 h\x90\xff\x1c\xb9\x96\xc4Yp\
\xcf\xcb\xc4\xa7\xf0\xd0\xe7\xc1\x03\x87\x8f])<r\x12\
\xf7<\xf6\x9c\xfc\xf5{\xbf\x8do\xb8\xe3U\xf2=\x7f\
\xe7\xef\xf0\x0dw\xdea3\x05\xd7Vdk}\x9d\x83\
\xcd\x0d\xec\xdb\xb7O~\xea\x9f\xfd\xef\xf2\xbe\xa7\x9e\xc2\
\xaf\xfd\xe6\xef\xe0/>\xfa)\xa0?\xcd\xfd\x87\x8f\x8b\
\xe8\x087\xddx\x03\x876\xe6\x1bS\x933\xf8\xdc\xdd\
\xf7\xa0\xeaLJ\x12\xb1G\xa7Y\xb7\x1e@`kk\
\x0b\xeb\xab\xcb\xd0\xbaF7\x11\xd7^s\x05\xaf8z\
5n\x7f\xf5\xad\xb8\xf9\xc6\x1b077\x87\xa9\xe9)\
\x0e\x06C\x19lmay\xe9\xb2i.\xa9\x92NU\
q\xdb\xdcvLLL\x227\x8d,-_\xc6'>\
\xf6\x09|\xfa\xd3\x9f\x95\xcf\x7f\xe1n>\xf2\xe43h\
4ajv\x87\xec\xdc}@\xae9x\x15\x9b\xda\x1f\
Z\x0aaj\x8fGF\x80\x88\xa2\xa2\xfd\xda\x9e\x03!\
\xf5\xe6\x1ao\xbd\xfdkq\xe7\x17\xbf\x83\x97\x16\xe7Q\
u{\xcc\xcd\x08\x8f?t\xaf\xa4\xce\x84%\x05\xfe\xf6\
Tu\xf0\xd8\xe7\xfe\x18{\x8f<\x8aN\xb7\xcf'\xce\
<#Ru\xd0\x11\xcb\x0a\x05\x95HJh\x86\x03\x0a\
j\xa0\x16T\x9dM\xe8\xb6)t\x8f\x1e\xc7\xd2\xfd\x9f\
\xc7\xe7\xef>\x8do\xf8\xc6\xdb\xf1\xa9\xdf\x9aG\xeaM\
@\xeb\x91\xa4\x92\xe3&Y^:\xc7k\xf5\x9c\x5cy\
h\x0a\xbf\xf3g\x8f\xe2\xcd\xaf}3\x1e\xff\xcb?A\
\xef\xc8\x8dXx\xe6^|\xd1\xf1\xb7\xe0\xe9\x99}R\
7\x0f\xa0\xeaL \xfeD\xeb\xbb\xb5\xf6\x88\x90\x1e\x9f\
%\xfe\xd6\xad\xd1N\xb9y2\x06\x01\xd1j=f\x9f\
\x96*\xc4\x14\x9bT\x16\x11\x08\x8d\xb0t\x10\xaa$I\
l{\x11\xedy\x02\x1e\xd2\x8b\x96\x16,\xc3\xe3iI\
\xf6\x83\x89D\xd9\xb6}\xe2\x9f\xe1B\x1b\xa0\x8b,\x00\
\xbf\x8e\xd8H\xe9D&\xd3\xb2\xf3\x88\xcb/\xeb\xd8\xf3\
K\xd0Do\xc4\xf70%\x1c\xcf\xb7]AU\x106\
H\xb5\x1c\xf3)\xd2\xa5k\x16\x96\xab\xbb\xe7\x91\xea \
\x18\xef6\xe0rwVj<\xafP\xadw\xc5\x0e\xd0\
\x14}\xc2\x01\x81\xde\x9a\x5c\xd2\x83\xe4\x03\xdb\x8a\x88\x82\
\x82\x86$m\xc6~\xa4b!\xb5I0\x04\xa8\xa0\x9b\
\xa0\x0aa\xceTU\x1c=~\x05\xf3\xd1\x13x\xf8\x99\
\x17\xf0\xf5\xdf\xf2m\xbc\xed\xd6\x1b\xf1\xb7\xbf\xe3\xfd\xf2\
\xc5o\xffb\x0a\x80\x95\xe5el\xacopcc\x0b\
\x87\x0f\x1d\xc6O\xfd\xe4\x8f\xe2\xfd\xcf<\xcb_\xff\x8f\
\xbf\x8d?\xfe\x8b\xbf\xe6\xc1=\xbbp\xd5UW\xca\xd2\
\xd22;\x9d\x0e\xd67\xd6q\xd7\xdd\xf7p\xcf\xfe\xfd\
\xb6a\x92\xb0\xb2\xbc\x82\xe1\xc6\x1a&{\x15\xf6\xee\xda\
\x81\xb7\xbc\xf5v\xdct\xdd5\xbc\xe5\x96\x1bp\xe8\xe0\
A{L8\xc9\xf5\xf5u\xd9\xdc\xda\xc4\xea\xfa\xba\x08\
\x88N\xd5\xc1\xe4\xe4\x04gffD!XY^\xc6\
\xa3\x8f<\x8cO}\xe6\xb3|\xe0\xc1\x87\xf0\x85{\xee\
\xc7\xc2\xa55t'\xa7e\xdb\xce\x9dr\xf8\xd4M\xe8\
\xf7\xfa\xb6\x9d9{\x15Cl\x0aRJ\x8e\xfan\xd4\
\xc2X\xc66u\x8b\xa3\xecIdsc\x9d\x8b\xf3\x17\
\xb0tq\x01\x9d^_\xb4\x14\xa4!\x12\xc1\x92\xa4T\
\x09)uq\xf1\xec\xb3\x00\x80\xde\xc4\xb4\xb7\xeb\xb6-\
\xec\xcdh\xc0\x1d\xfb\x8eH\x7f\xd7\x8d@o;V6\
\xa7p^&Q\xeb\x0c\xb6\x9f\xba\x0d\xb7\xdft\x00\x1f\
\xfe\xcf\x9f\xc0\xe6\xf2\xd3\x90zSR\xeaS\x00\xe4\xa6\
\x96\xc9\xc9\x09l\xdfq= S\x18\x0c7p\xed\xab\
n\xc4\xc6C\xf7`\x05\x82w\x1c\x1e\xe1c\x0b\xbb\xf0\
\xb9\xcf<\x86\xad\xd5\x05t\xecA\xab\x91\xce\x96\xf0\xe8\
\xd1\x07\xde\xcehV\xa3\x1eI[\xef\xf2\xd1i\xe1\x93\
\x84W\x00\x9d\xa4{\xec\x13\x00\x0aQ\xd0\xa6:GL\
\xf3?R\x8e\x03\xdbwGj\xc2R\xf0\xf5\x9c!\x1e\
\x9f\x01\xfa\x83f\x82W\x98\xa3de)\xbb\x8e\xb3\x19\
\xe7\xc1\xc5\xb9=\x0c\x8eQ\x84\xc4\x8e\x94\xc4\xce\xc9\xce\
\x18P\xa8\x17\x93#\xae\xc2\xc58\x0f\xd2^\xf2/\xa7\
\xfc@@\x93\x8fB\x88\x0b\x16\xc0\x9e\xd0\x15\xee\xec\xf4\
I\xbcv\x0e\x13\xe5\xedC\xbdXaJWI\xac\xe2\
\xf2\xbd\x10\xd6\xb6]\x22\x0eb\x82\x96i  \xc5o\
\xd3Z\xf3\xed\xbb\x0b\xffH\xe5\xf4j\x19\xd2WJ\x85\
\xa5l(6\xd9\x8c\xa8:\xc6\x0aRVfUh\x93\
\xe5\xf0\x89+\xc0\xe3W\xa4'N\xbf\xc0\xf7\xfeo\xdf\
\x89\xd7\xdez3\xbe\xef{\xff.\xde\xf6\xb67CD\
\xb0\xbc\xb2\x8c\xf5\x8dM\xacon`\xcf\xbe\xfd\xf8\x89\
\x7f\xfa\xa3x\xc7;\xbe\x1c\x97\x96V\xd84\x19\x84J\
Uu0\x1cl\xe1\x9e{\xefC5\xb7\x0f\xac\xb7\xd0\
\xef$\xdc~\xe3ux\xc3\x1d\xaf\xc1\xb5W_\x85\x93\
'\x8fsbjJ4g\xd9\x1a\x0c\xb8\xb1\xb9\x89\xd5\
\xb5u\x89\xe7/t\xbb\x1d\xccm\x9b\xc6\xe4\xc4\x04W\
\xd76\xe4\xe2\xe2\x82\xfc\xe9\x87>\x84\x0f\x7f\xe4\xe3|\
\xf4\xf1'\xf8\xdc\xf3/J\x8d\x8eL\xcfn\xc7\x8e\xdd\
\x87p\xed\xf1\x1d\x10(T35SrS{\x97l\
B\x82\xf5a\x8c\xb7\x1cx%G\x8aq\x94tM\xc0\
\xa8\x12DAH\x92\xf8\xe3\xcea\xcf\x9a):\x06b\
\xe6\x06\x14\x10Q\xa9\xba}J\xd0\x1cC\x15A\x02r\
Ss\xdb\x9e\x83\xd8}\xdd7a\xfb\x81\x13\xe8\xf6\x05\
\x93\x93]l\x8a\xe0\x0bO<\x86\xaf\xf9\xa6/\xc7\xc5\
\xe7\xcfb}\xf9)l\x9e\xfe\x183+tD\x90\x9b\
\x1a\xb3\xdb\xf7b\xe7\x8d\xdf\x8c\xfe\xf6C\xd2?\xb0\x0b\
\xf7\xfe\xf5\xdd\xb8\xfeP\x07\xcf\x5c\x02n\xba\xfd\xd5x\
\xec\xdcy\xec\xdf?\x8b\xe5\xcbOap\xf91\x95\xd4\
O\xde\x18Rf\xce\x89\xc3\x9dE\xcc\xf6\x0c\x88\x97\xce\
Ra\xc1/\x0b\xa8\xed\xf1]\xf1HkUB\x94\xd0\
\x9b\xe0G\xe1\xc1r\xb0(\x1cRZ\xaf-\xd9\xb1\xa1\
\x89?<\xd3\xad?%A\xce\xce\xb3\xe9\xa6\x1b\xec\xa0\
P\xb3\x979\xbb\xadzD\xbc0\xf1\xc0\x01X\x19\xd7\
\x1e\x0d\x16;\x19P\xed}\xf9&\x83\x12T@\xa5<\
\xb7\xaf\x10\x00\x03K/C\x99\x04)\xea\xe6#\xed\xe8\
p\x09\x17\x07\xa2hm\xcfSp\x13#\xbc\xa8e\x15\
>\x8b4@9\xd5\xe8\x8a\x8c\xf7w\xab\x9fx\xb6\xc5\
\x1fSk|\x1f\xb2\xed\x89-h\x86\xd8\x13\x1b\x827\
\x85\xeb\xc7W8\xfdg2A0\xa8S00\xd3\x09\
*\x81\xb0\xf2XUuL\x98g\xc6\x91cW\xc8\x91\
\xe3'\xf9\xdcK\xcf\xcb7~\xdbw\xe2\xb5\xaf\xbc\x19\
\x1f\xf8\xb6\xf7\xe1\x8b\xdf\xfev\xf4\xba\x1d\x5c\xbe|\x19\
\xc3\xc1\x16.ln\xf0\xda\xab\xafB\xb7\xd7\x95\xb5\xd5\
\x15t\xaaJ\x04@U%\xfd\xe9\x9f\xfc\xa7\xb2\xb2\xba\
\x8a;n\xbf\x8d\xfb\xf7\xed\xc5\xfe\xfd\xfb\x91\xb3r0\
\xd8\x92\xad\xcdM\xac\xafoX\xba\xa8\x8an\xa7\x8b\xc9\
\xc9)LMO\x0bU\xb1\xb0\xb0\xc0\x07\x1fx\x18\x7f\
\xfd\xd1\x8f\xc9\xe7\xbep/\x9e\x7f\xfe\x05,o\x0c1\
\xbbc\xb7l\xdb\xbeS\xae\xba\xe5\x0e{\xec\xb5\x12\xaa\
\xb5\x09J\x14&\xa9\xa4\xea\x8e\xddj\x81j\x9bo\x13\
\xa5\xaa0\xc7\x96R\x8e\xd5\xbb[ng\x0f\xd1\x88\xf8\
Gk}M\xc5M\xa2\x99!\x89T\x02H\xe5&h\
\x1c\x0dbk\x9dREA#\xb3\x87\xef\xc4\xe1\xab\xae\
\xc1\xee\xeb\x8e\xe1\x0b\x1f~\x02\xfb\x0f\xcc\xe1\x0b\x9f}\
\x06\xdb\xf6\x1e\xc2\x93\x1b\x1dLtgPm<\x81\xf5\
\x95\xcb\xe8O\xceY\xce\xcb\x1a\x93\x07^\x8bS\xb7\x7f\
\x11\x9e\x1f\x11+\xcbk\x18q\x12O\xf5O\xe1\xaa/\
\xbf\x02\x1b\x17\x17\xf0\xf4\x0bO\xe0\x86\xeb\xae\xc0\xc1\xa9\
\x11.<\x98\xa5\xdf\xefZ\xfc$\x5c$\xf6\xca\x15\xdc\
T\xe3)\x9dl\xc3\xaaX\x8bs\xb4\xc0\xb2\x80\x855\
\xfby\xcd9\xd6\xc8\x8ee\xd1\x1f\xfd\xed6\xea\x03\xfe\
\x22#\x88\xc3tnx.\xd9\x8dk\xf1\xc1\xef\x95\x1c\
\xb3\xe1\xf88\x8b\xf0\xe2L\xcc?\xc4C\x1a\x11\xdc\xc4\
`\xad<`\xa7\xf4\xab\x11@\x07\xb01\x88\x1a!R\
\xd1\x1e\xb4\x89\xa4\xdc\x1c\x09\xf1\x91.\x16\x14\xa1/9\
Px\xdc\x08\xc6\x1f\xb4\xa5\x88\xf2\x96{\x03\xa4Jn\
\x93\x14\x97\xc8\xcc/\xdd\x9dM\xc8\xf4\xf0\xef\x9f\x02\xaf\
\xf0{-U\xfd\xd4 \x05\x9ac\xaa\x90\xf5&\x84\x9b\
\x07\x9dp\x93\x93Hm\xfc\xaf\xaa\xa8\x98\xa4Da\xbb\
\xec\x12g\xbb\x1c^\x05\xf0\xcf\xf4\xd0gM\xa4TU\
h\xa3r\xf0\xc8q\xec?t\x14O\x9c~\x11\xdf\xf8\
\xed\xdf\xcdW\xdcp\x0a?\xf8\xf7\xbe_\xde\xfe\xf6/\
\xa6\x80X[_\xc3`k\x80\xc1\xd6\x96\xa4*\x85H\
!97\xf2\x8d\xef}\x0f\xab\xaa\x92\xb5\xb5u4M\
\xc3\xc5\xc5E\xef}\x10\xa6dj}\xbf\xdfG\xb7\xd7\
\xc3\xf2\xd2\x12\x9f|\xf2I\xb9\xfb\xae\xbb\xf8\xb1O~\
\x1aO<\xf5,.,^dwbV\xe6v\xee\xc6\
\xeec\xd7\xe0\xc8\xd4\x14H\xa2i\xecA\x969+\x93\
$TU/\x82\x0b\x9c\x8b\x8a\xb7\xf7\xd8\x7f\xab\xb9\xae\
='<\x1c\xb9,\x1d\xed\x91#\xedC\xbf\x88\xb1\xc5\
\xf1\x83:\xc8\xb9\x04\x09\x8c\xaf\x7f\x84F\x87\x03\xf15\
\x961\xb0m\xeaZ\xb4\x1e\x80\xdd\xed\x98\xd9\xd1\xc3\xfc\
}\x8f\xe3\xe8\xbe\x84\xfe\xac\xe2\xado;\x86\xcc#\xb8\
\xb4\xb4\x85\x8b\xcf\x9c\xc6h\xb8LI\x9d\x08BL\x02\
\x0c:s\xb2p\xfe2v7\xcb\xd0\xaa\x83[\xdfp\
-v\xcd\xf5\x90\x97^B\xb3<\xc0\xedo\xbf\x1d2\
T,<\xfd\x14\xba\xddN\xc9\x8d\xe3n\xda\x90\xde\xb6\
\xcf\x15\xc2\x03A\x1c\xb9\xb5)l\xd6&\xe8OF\xf7\
0gU;+y\xdb\x14G\x155N,\xd1\xbef\
b.s\x16I\xc9\x03\xac\x8f\xf4\x0a\xa6:>\x19\xd4\
\xc6\x01\x9a2\xef\xfb\xc6\x88\xccA\x96\xfd\x87\xa4\xca\x94\
\x1c |a\xca\xc9\x10W\x0a\xca\xf6;\x00\x89@:\
\xfed\x09\xdb\x14\xc6\x5c\x93X\x8a2\xbf\xa8\xe4\xda.\
\xdd\xfb\xd14%\xcba!\xf7\x1e\x18{r\x80\x09\x15\
s\x1c\xd1\x0a\xb0\x01\xedS\x954\x9e\xeb%-\x91\xf1\
R\xab\xe5\xf6.q:\xaf\x90\xf8 \x1fF\xe1\x08\xe1\
i\x10\x83\xe1\x9b\xe9\xb6\xc5\xec\xf1\xe2\x08\xf0\x7f\xf1\xf5\
\xdeq\x92\x5c\xd5\xd9\xf0s\xee\xad\xea0igvf\
gs\xd0j\x95s@BH\x88\x9c1A\xc8\x80\xc1\
 0&\x8a\x9cD6 \x91\x0d2\x129\x08\x04\x98\
 0\x06\x07\x0c\xc6\x89$@\x12(\xa0\xb0\xca\x9bw\
ggwf'vwU\xdd{\xbe?\xce9\xb7Z\
~\xdf\xf7\x9b\x9f\xc2\xeeLOwU\xdd\x13\x9e\xf3\x9c\
\xa4\xd6R\xf9m\xfbiz\xb1\x0cl0W&b\xc1\
1\x06]\xfe(oL\x8e\x11C\xe0\x18\x03\xd6o\xde\
B\xeb7o\xa5\xfd{w\xf0K_\xfd\x06>\xed\x84\
c\xf0\xfe\xbfy/?\xec\xec3\xd0YZ&\xf2^\
U\x82\x11\x94.=t\xe8\x90\x08\xa0\xf3 \x06\x06\xda\
\x03\xdch\xb5(\xcfr\xae\xaa\x12\x0f\xee\xd8Ewn\
\xbf\x8b\xff\xeb?\xff\x1b\xbf\xbb\xf1\x8f\xb4\xf7\xc04w\
\xab\x80\x15+Wadl\x0d\x8e\xdft<9b\x84\
\xa2D\x88\x8c\xa2,\xe1\x9c\x87\xf7\x1e\xf0Y\xc2\xf0\xb0\
\xd0\x0b\xa9L\x12\x12\xda\xcb\xd2t$\x0bh\xd8U\x0e\
C\xbei\xcc\xae\xc1\xccZ\x8a\x18\xc4U\x90\xccI\x88\
\x01\x88\xd1\x86m&\xb7HRQ\xc7V#\xc3\xf6\xee\
N\xd2c\xbdn\x87\xab\xb2\x22p\xc9a\xfe^\xfc\xe6\
\xa7C\xb44\xb7\x88\xa1\xd1\x11\x84@\xc8\x1d\xa1(K\
\x0c\x0d6\x11\x97\xef\xc4\xfc\xd4}\xc8\xb2\x16\x84i\xf3\
\x88\xf0\xc8\xe7n\xc7\xc1[\x9a(\x91\x01\xd4\x90\x1a\xb9\
\xa2\x0bP@\xa3\xd1B\x15\x19\x14\xbb(f\x7f\x07p\
\x00|N2\xbe\x88\x14<\x82u\x96\xa9R\xf2\x12\x02\
H'\x0fR?\xbb<\x1co\xa5\x00\x8a\x8d\xb4\xe2\x8c\
\xfa\x22t\x91 S:\xd6\xf7\x15V\x5cQ\x814j\
\xd5D\x1d\xab'w\xd0\xe9\xc2L \xc4z\x1a\x9e\xe9\
\x85<C\xb2\x132m\x86\xee\xbb'\xf3v\xf2\xfc\x8d\
\xb6\xa8\xaf\x1f\xa0\xa8\x0e-\x93\xc5\x1e6S\x1b*\xcc\
\xaa\xf8\xa9\xe8\x94I\xd7\x86\xb3\x0d8Q\x0fB\xd6z\
i\x5c\x81a\x16\x0d\xf6\xeb\xf9H\xea\x95evh\xbd\
R\x0d\xc4\x08vqZ\xab\x1f\xad\x9d\x1a \xe6\xa85\
\x01\x89\x89T>\xd0V\x10\xb3\xc2\xd5\xe4\xf5\xc9p\x8f\
\xd6!!\xb1=\x22\x83z\xe1\x86G \x0c\xb4#\xc8\
Bk]\xd8\xc0\xb5\xe6\xa0\xb6qV\xec\xab\x95b\xa2\
5R\x09\x961\xc7\xc8\x81\x03\xad\xdb\xb8\x856l\xda\
\xca\xf7\xdew\x0f^y\xe9\x1b\xe8\x86\xeb\x7fa|\xad\
\xe0lEe\x008\xf3\xb9\x8b\xcc\xec\xbdG\xb3\xd5\xa2\
\xc3\x87\x0e\xe1\xe6_\xfc\x0a\x7f\xb8\xf9f\xfa\xe5\xaf\xae\
\xc7\x8e=\x070\xbf\xd4\xa5Fk\x80'\xd6\xac\xa1\xcd\
\xc7o@\x9eg\x9c\xce\xa4\xaaD\x0c\x5c\x8e<#8\
[$\x99\xachr\x16\x22nlO\xd6H*G\xce\
\xc0\xa8zjBj\xa8\x15\xb3\xa8\x9b\x87\xfa\x9e\xb2:\
\x03\xad\xda\x88\x8c\x10\x83\x99u\xb2\x8982\xb4\x94\xd3\
J]\x89\x12\xc1.2\x91\xf7\x88\xa1B\xb7\xd7\x058\
\x92s\x9e\xc9\xe5\xb4\xeb\xd6\x7f\xe1\x15\xabn\xe1\xd6\xc0\
\x08\x8a\xe5\x9c|\xde\xe4\xcae\xe4\x89\xb18\xb3\xcc\x0b\
S\xf7R`g<%\x88#(k\xe2\xf0\x9e[\xd0\
\x98\xbe\x0bYs\x90\xb3\xbc\x8d\x18+\x84\xb2K\xcc\x01\
\xdd\xac%\xde\xb9\xecpU\x14 \xd7d\x83\xeb0\x0c\
O\xa9\xb4\x97k8\x9e\xee\x88ty\x92\x91\xd5\xa6\xb4\
DpBJ\x91\x11IQu\xde@\x10C\xc0\x83d\
\xdfb\xb4\xae&\xc9\x02\xa8\x9d\xd5\xb0\xd5\x12\x0a1\xb5\
\xf0iC\x059Y\x05`!\x19+ZH\xa6\x86\x01\
\x8a!h\x08`C\x13d\xa8\x8c\x8c\x89p\xc9f\xab\
\x96\x0ay\xac\x00\xc6\x226\x8b\xaa\x15\x8a[\xae\xddT\
\xcc\xc2\x1bu\xf6\xb1v\x19\xcc\xe9\xd1\x80\x01\xe2\xbe\x8d\
=Q\xcc)\x91\x12k\xac\xe5%B\xf5\x93\xf6\x05 \
\x95\x14\xc3\x18#\x06\xb3\xcecS\xadg\x0b\x97\xe4}\
l\xa0\xa2X;\x8b$\xc4\x9fqB\xa2f=\xf5\xfa\
\xb48\x03\xe2A\xec\xc1\xd8\xd9\x13j\x0b\x02\xb0\x8c\xff\
\xd47\x11\xb2\x85R\x0c\xec\x00\xd2\xb2\x11\x99\x08\xeb\x01\
8\xc4\x10@Y\x06\xaaz\xb8\xe2C\xef\xa1f#\x8f\
\xddN\x07$U\x16*\x5cj\xd6\xc0\xd19\xb8*\x04\
\xbc\xeae\xaf\xe2\x1bn\xfa#\x16\xbb%Q\xde\xe4\xd1\
\xf1I\x9a\xd8x\x0c\xd6\xb7Z\x8219\x00\x919\x86\
\x00\x22b\xe72x2\x9a\xae\x86x\x86\x02E&S\
\xbb\xa5\xca\xa4\x00^\x1bI\xc9\x94N\x96\xa5\x85\xd6\x9e\
\xb5\x1e\xb7\x12\x04\xfd\x84\x94|\x8e\x9aQ\x92E\xb0\xa1\
\xaa$\x85\x18\x22t\xa8\xbc\xd3\x95v\xe8\xdf=\xe7\x00\
\x22\xef\xb9*\x0bTE\x8f\xc8\xc9&fS'\x22G\
\xb3S\xbb\x999\x2254\x8ab1\xc8q\xd6h\xa9\
\x11\xe6\x84\xdc\x98\x19\xce5\xb8(\x02\xf5\xba\xb3\x00\xcf\
@\xf7\xa9\x09T\xa7\xae\xf0\x8c\xce\x81|\x0e\xeda\x04\
\x94(\xab\x9d\xa8c]\xcc\xe1\xc0\xcc\x8e4-\x14e\
\x1c\xa3\x02\xe9>]`\xf3-\xdc\xf7d\x01\xb6\xd6\x1a\
E\x8d\x16K\xa8t\xd6d\x9f9\xa7\xe4\xb1\xa5\xe6\xc6\
f\x12\xd9m+*\xb3i\xa0\xf6{\xe6x\xd5\x98\x18\
(0\xda\x85\xd1w\xb2\xba\xe9\xc7\xfe\x1e\x95\xf3\x8cY\
\xc2+Q\xeb<#[#+YG`\x1f\x17\x97\x84\
\x80\x0d\x11\xa6[\x97W\x10t\xad/\xfa\xf3o\xace\
\xbd\xd6\xa3V'2\x99\x99\xc4\x08\x98\xbd\xd07\xb4B\
\x09\x09\xf9]\xfd\xe74nLO\xa2\xb6:\x86\xd8\x90\
~Bj\xe0\xe5%\x12n8NH\x96u\x89\x88\x07\
4\xd7\x02\x08#hHI\x10\x9d\xab\x19k\xcb\xe1\x8a\
\xf5r\xaa\x15\xa2\xfc\xec\x98<3\xf2V\x93\xef\xfe\xd3\
\x8d\xf8\xf8\xfb\xde\xc6\xcfy\xce\xb3qpj\x0ay\x9e\
\xcbS\x15\xda\x81\x95\xd3!@\x10\xcf\xd0\xc8\x0a\x84P\
`z\xbe\x83\xb3\xcf\x7f4\x97\xdd\x0e\x82\x14\x8d T\
%\x9c\xf7\xec\x5cF\xe4\xd5\xcd8G\xce\xc6\x0f\x99t\
i\xc5\xbaB>1\x1a$\x13\xc6\x13\x11\xa5\x0fI\x8f\
P\xa4\x98\x88\xc0\xa1N\xf29\xee\x07\x0e\xf4P\x91M\
\x12C\x09\x0d\xc8\xb0\x16\x12\x03P\x81eOY\x9fA\
\x92\xddL\x04\x029p\xd1\xed T\x15\xbc\xf72Z\
\x8d \xfd\xb2\xfa\x86>o !-\x12mU\xec\xa2\
\x7f 1\xbc\x04\xd46^\x9b\xc0\xb2\xdcHy\xb9F\
U\xc2~\xc0,\x9e\xc2\x89ew\xb2\x8eW\xc7\xb2\xc9\
\xdd\x0b\x9c\x87\x09*+\xe9C\xda'Gl\xdc\x87<\
w\xcd5\x992\xda'\xd9\xc3\x84NG a~j\
\x8d\x06,\xbf\xaaz\x22\xc8\x83\xac\xc5\x08R\x04\xa8\xda\
GdYsJ\xf9\x99\x1a\xed9Cii\xa2nm\
\xbeSnA/\x01\x04\x05\x83\x0e\x8e\x10\xbd\xa2?\x95\
\xeaD\x88\x98\xdfT\xc1\xad+\x01Y7}\xca\xdfc\
\xed\x19D1\xf5\x19!\xc1k\xee#\xee\x15{\x1a7\
H\x9c\xa0\xbe\x1a\xac\x94\x08\x85\x0d\xff$(M\x18\xed\
qiL\xa6\xf4J]G\xc1\x0c\x19\x1cjp3\x8d\
7c\xe5=\x85\xa4a\xcd\xf2\x12d\x12\xb0\x01\x04Y\
sM\xda\x09\x9b\x84\xdd\xac+\xc9k\xea\x11[\xccl\
y\x1d\x8b\xb1|\xde\xc0=\xb7\xfe\x9e>\xf9\x81w\xd0\
\x8b_\xfcb\x9a:0Ey\xa3AUU\xb9d\x11\
\x15\xe5\x84\x10\x11\xaa@ G\x9d\xc5%|\xfd\xab_\
\xa2\x97<\xf7i\xb8\xe7\xce[\x09\xce\x93\xf3\xb2\xec3\
\xcb\x9b\xe4|\x0e\xf2\x8e\xbd\xcf\xe0}N\xcey\x92\xdc\
\xafcr\x1eD\x99\x0e\x0aq\xc2'8o\x0e\xb2>\
\xcbd\x0c\x15\x12\x9a\x5c\xa8\xf7K\xdfcU2s\xb0\
\xc9k\xf9\xa4B\xf6\xa6\x91#\xc7(+\xd3C\x8c\x1c\
B@U\x95\x00$\xbdH\xe4\xe0\xc8\xb1s\x1e\x8c\x88\
\xee\xf228F4\x1am\xf8F\x03\xbe\x91\x93\xcfs\
\x12\x03\xe7E\x09\x19\xb0\x96cf\x91\xb3(HQ\xbd\
\xa5\x5cO\xe0`\xe2\x02&\x99\xdd\xcb\x0c\x84\x18\x11\xd8\
\x22`\x81A\x91m\x80\x86c\x86g8\xcf\xec\x9c\x14\
=;O\x91\x1cU\xcc\x88\xe4\x98I\xcb\xb1\x1d!\xea\
\xe3a\xd6\xe18Z\xd8f\xfe\x94!\x09\xc3\x00\xc8\xb6\
n@\x12QZL\xa4}\xfd\xfa;\x81\x99\x99\xa2\xe0\
Z\x04\x01\xa2.\x814\xa8\xb7\xd4\xd3R\x13+z\x99\
\xfc\xa3\x91\xd86'\x83\x00\xd6^\x18fSzR\x18\
!n\x9a58a\x9d\x9fh\xa5\xaf\x88\x94A=\x9f\
\x8c\x89\xa8=\xa91\xf8Q\x09\xf0\xbe\xf8\x03\x06\xbfI\
S\x1a\xd2\x7f\x13\x09\xda*\xe9\xc8*\x9a\x14\xdb\xb8h\
\xb0\x92\xe4\x19\x05J\xde\x10R\xc4C:\x9d\xb1\xe6\x0f\
Y7\x22\xd4\x9f\x99RO\xa4U\x05\x00t$\x9d}\
\xb1\xd9\xb9d\xbd\x14\xbf\xaa\xcd\x14c\x9a\xa2`P\xca\
WY\xea0AKyd\x04\xf3?f\x87\x05\x01D\
\xad\x0ea\xd4\xb1\xa3\xcf2\xbe\xf7\xf6\x1b\xe9SW\xbc\
\x07\x7f\xf1\xfc\xbf\xe0]\xbbwa\xa0\xd5FQ\x96\x18\
\x1f\x9f\xe0\xe5\xce\x12\x8a^!\xee!F\x0c\x0d\x0e1\
\x13can\x1e>\xcf\xb9\xd7\x0b\xb8\xea\xef>Eg\
~\xe3\xef\xf1\xe1+?\x87\x89u[\xb9\xdd\x94\xd5\xe4\
\xce9\xe8\x8ap\xb6\x8aFSD\xa7\xc2j\xf7\xac!\
b\x1f\x5c4e\x96\x09\xec\xc9.H\xeck\x82\xa5\xce\
\x0e:&\xab\xb6\x0d\xacrI\x04\x85\xd6\xa8?\x08D\
!\x94\x5cU%\xc7PQUy\xc4P1\x98\xac?\
\x1d\xde{\x22\x10\x8a^\xc9\xcc\xc0\xf2R\x07e\x5c\x80\
#\xd2\x81\x1ab>\xf3\xbc\x81\xe1\xe1\x15\xf0\x99\x83#\
\xe2\x10\xaa$\xcf\x22\x9c\x8ee\xb1<\x98|\xa6\xf3\xb4\
\xc8\x82\x07=\x1d\xedZVcGJ\x8e\x09\x1f\xc4\xc8\
\xb2L\x1eb\xac \xcaL\xe6\xedE@\x18Z\xff\x1c\
\x15s\xebn\x06\xf5[\x8e\xd2\x88\x10r\xe4\x10CE\
Q\x8b\xa8,\x08`0\x85\xc8LDQE\x08\xc4@\
\x96\xe5\xc4F\x94\xd9?\x22\xdbD\xc4\xa8\xaaBgP\
\xca\xe7\x99\xac\xaag\x84f\xe9\x0d\xda\xb2\x9cg\xff\xeb\
M\x80\xfb\xae\x84\xedx\x15\xd3\xa6\x9b\x94\x17i\x1a\x90\
R\xad\x0c,(b\x08c\x13e\x94U\xe6\x89\xfa\xc6\
\x84:\x22\xe2\x18\xa2BY\xcd!D\xc5a\xd6'\x1d\
9\x09\x8f1\xc0\xc9\xdd\xc23\x09\x17I\xa4\xb5\x08\xa4\
`Ea\x8e\x99X\xb3\xb5z?\x82\xf0\x15C\xd4\xde\
\x97\x8d[\xb0\x0f\x84\xc9y\xfadS\x16\x1b\xed'\x8d\
\x19\x91\xc8;{x )\xac\x86>|\xb3\xc2\xa2\x0e\
:\x9cS31\xd2\xf1\x14\x94Iv\x0e\xf7\xfe\xe9\x8f\
\xf4\xa9\xcb\xdf\xc5\x7f\xfe\xbc\xe7\xd1\xee=\xbb\xd1n\xb5\
\xb8W\xf4\xb0jr5>\xf6\xf1\xbf\xe5\xa7?\xfd)\
\xd8\xb2i\x13u\xba\x1d\x1e\x1e\x1e\xc1/~\xf5k8\
f~\xeaS\x9fD\xbbv\xef\xa1F\x9e\xf3\x81\xa9)\
\xfc\xd5K_\x8c\x8d\xeb\xd7\xe2-\xef\xfe\xb0+F&\
\xb0r\xe5J.\x8a\x9eT%\x89\x06\xb23\xb0\xe6\x90\
(M\xd5Y\xb0\x89\x0e\xd9\xb4\x1a\x9d\x1a\x1b\x93\x83M\
\xcf\xd6\x00\xbe\xea\x91\xfd\xa26#\x1a\x8e\xee#\xc1U\
S\xf4\x07\x82\x98##\x84@UY\x01\xce\x8b7\xb2\
\xe7\xed<-\xcc/`y\xf607Z9F\x86\x06\
\xe8\xcc\xb3N\x88C\xad&EM]\xc5\x088\xef\xa9\
ST\xfc\xa7;\xef\xc6\xfcr\x0f\xd1e4:>A\
\x0e@\x08\x15'4\x0d\x02;\x8f\xe5\xd9C\x88\xc52\
+\x06\xb4H\x88\xb9\x86\xe3\xcc\x14\x85\xc3q\x9e\xe13\
\x86\xcf]Q\x14\x8c\xac\x81\xe1\x15\xa3\xd4j\x0dp\xa3\
\xddF\xac*\xa9\xe5W[\x99Z\xd7c\x85\xe5\xd9C\
\x08eO#\x0c@P\x8aY\x04\xa058\xc4\xad\xc1\
A\xc4\xb2\xd2\xd8J\xb8.\x9d\x03&*\xe7\x88\xab\xa2\
\xa2#\x87\xa7\xe5z\xa3f\x18\x0cH1\x91s\xcc\xc3\
\xc3+\xa4\x90\xca\xd5\xfeUO\xa0\x8e\xc1\xacm\xc9\x98\
\x08{\x85\xed9\x13\xab\xc7j\x1c%\x1c\x92,nR\
\x89\x14\xce\x118\x83\xe1\x13=Ra--\xbd\xa6p\
@<~\xe2\x02\x15\xa6\x90\xa9\xa7\xe5\xe3\x8dH\xad\x8d\
\x9cn\xaf`\x85\x95J\xa4H1\x90\xa2\x00\xab\x8c2\
E\xb3\xff\xd4\xc5U\xb2OP\xfc:Y\xd1T\xd4\x19\
\x09 \x19\xed\xacwn\xd2O\x8a\xfe\xd2A\x99\xd1\xd4\
|\xac\x88\xba\x0epS\x05\x88\xce\xbe\xa1\x22N\xe6}\
\xd2\x05\x9a\x97\x14\x0c\x15B`G\x84\x10\x81}\xf7\xdd\
\x81\xab>\xf6~~\xe6\x9f=\x8d\xf6\xee\xd9\x8bv\xbb\
E\x9dn\x17\x1b7l\xc4U\x9f\xf9,\xde\xf7\x9ew\
\xd1\xf1'\x9e\x80c\xb7m\xc3\xc2\xfc\x025\x1a\x0d,\
\xcc\x1d\xc1%/z\x09}\xed\xdak\xe9y\xcf\xbb\x98\
\x0f\x1e\x98\xa2<\xcbh\xcf\x9e\xdd|\xc1\x05\x17\xe0\x9f\
\xbf\xffu~\xf9\xa5o\xa2={v\xd3\x86M\x9b\xd0\
\xed\xf5\xe0I\x93\x12NuAG\x07\x99\x8d\xed\xbb\xed\
\xbe6lU\x0fO@P\xfb&[Z8y}\xa6\
:\xcb\xa78\x88\x93\xbd 2\x16\x99\xd44&k\xe0\
\x18UUQ\xd1+\xb8\xacJ0\x11Ue\x01\x97e\
\xbc\xdc-\xd1\x9d;\xc8\xc7\x1f\xbd\x05\xcf~\xc5\x0b\xf1\
\x84'>\x1e[6m\xc4\xe6\x8d\x1b\xec\x1d\xfaL\xb3\
\x5c\xe8\xce\xdd\xbb\xf9\xce;\xb7\xf3\x0f~\xf8\x8f\xf4\xe3\
\x7f\xfbO\xf4\xa8\xcd#c\xa3\xa8\xca\x12\x0e\x0e\xbe\xd1\
\xe4\xc333x\xfd\xcb/\xc1_\xbf\xe0\xd9T\x94\x81\
\xb2\xcc\x1bL\xb5wJFQ\xc45\xa2\xaa\x22\x1d\x9a\
\x9b\xe7?\xfe\xe1\x16>2{\x98o\xb8\xf5.w\xe7\
\xdd\xf7a\xdf\xf4\x01\x0c\x8d\xaf\xc1\xc0@K\xa7!\x8b\
\xc2T>\xa3\xde\xdc\x11\xfe\xc1\xd7\xae\xc2\x86\xb5\xab\xd1\
-\x0a\x22\x80c\x8cTjUhYUx\xfb\xdf|\
\x14\xb7\xdd\xb7\x87V\x8c\xae\x80\xac\xfd\x01\x88\x88\x1d\x1b\
\xdf\x03T\x11hS\xe0\xcf|\xea\x0a\x1a\x1c\x1c@Y\
\x94J\xa2\x82\xaa\x10@p<\xd7\x0dx\xd7\xfb>\x84\
\x01\xb0z\x1a]\xd1eV\x1aP\xa2\x99\x94K0@\
\xad5\x07\xd2J\xce\xfaEi\xdf\x86\xb93'NR\
\xb8\xb3\xa8\xa1\x1e\xbb\x8c5\x93o\xce j8\xa0s\
\xff\xc0\xd0\x01\xb1\xa2\xfeu\xa7\x94z\x00\x09\x83Y\xcd\
/\x9b%V\x07\xcb\x08\xc9\xb0D\xa5\xbf$*2\x0f\
/\x0d8\x9cp\x88\xcd\x5cS\x8b\x9c\x82 \xe3\x22\x13\
\xbc\xa7\xf4\xc6\xb0\xc0\xa7\x96M55\xa6\xd9\xb0e\xb7\
rm\xe4\x98A\x8eb\x0cp\xb2\xcb^\xd0\x98\x8c\xe3\
I:\x93X]\xf9|\x99\x09\xad\x86Q\x0eC\xe6\xe6\
\xec{`;}\xe6\x13\x1f\xe4'<\xfe1\xd8w`\
?\xb7Zm\xea,w\xb1a\xe3\x06\xfa\xd4\x95\x9f\xe6\
\xcb\xde\xf7!\x0c\xad\xde\x86\x99\xe9\x83\xe4}\xc6\x00\xd0\
\xeb\xf6h\xed\xda\xf5<\xbav\x0b\xfe\xf2\xa5\xaf\xc4\x9f\
n\xbd\x19\x1f\xbc\xe2\x0a>2s\x18\x99\xf7<;{\
\x98\xc7\xc6F\xe9\xfb\xdf\xfa\x1a\xbd\xe6\x0do\xc5\x0dw\
\xdc\x8b-[\xb7\xa1,\x0b\x05:R\xac\xa4\xc00\xd5\
\xef'eRO.yX=\x1bU\x08\xae\x13\x04f\
\xdfMm\x00\xaby2\xab\xa2\x1aO5^MF\xda\
\x82\xa2P\x15\x5c\x16\x05\xf7z=*\x8a\x1e\x9cwq\
\xee\xd0!\xda\xb4~5\xde\x7f\xf9\xc7\xf9\xf9\xcf\x7f.\
\xb5[\xad\xf4\x9b\xa1\x0aV\x00#\xf0O\x81\xa2\xf7\x8e\
7o\xdc\x88\xcd\x1b7\xe2)Oz\x02\xbf\xfeOw\
\xe0\xd2\xd7\xbf\x197\xde\xbb\x17\xab&\xd7pY\x14\x88\
\xe4\x08\x888\xf7\x9c\xb3\xf9\xe8m\xc7\xe0\xff\xf2e\xe1\
\xb9\xfb\xbf\xfc\x8c\x1f\xf9\xf0sa?\xdb\xb9{7\xfd\
\xec\xdf\xff\x03\xd7|\xeb\x87\xb8\xe5\xc1\x9d<\xb9\xe1(\
B(9D s9/t\xcbx\xdf\x03;\xe8Q\
\x8f<\xdf\xde\xf7!\xef\x05\x00\x1fx\xd7[\xf0\xc4g\
\xbd\x90\x07W\x8c\x02\xd2\xd7/a\x11\x83\x11+4\x07\
\x06i\xea\xfe{\xf0\x85\x8f\xbd\x07\x7fq\xd13\xfeo\
\xd7\x0b\x00x\xcfW~\xc8s\xd3S\xd4^\xbf\x8ec\
\x8c\x92\xd1'\x8bW\xd9p7\x98MK\xcd!I\xd0\
\x9c\xe4\xf4\x7f]\x1f\xf7\xc3XA\xcad\x041\x04\xb3\
\x98N\x9b\xd9g]`)C/\xe5C\x88%\x0e\x92\
\xb09\x05\x15\x915['\x00\xbe\x16%%\x10\x00(\
&\xed\x8bR\xe4b\xac\xcd\x80\x99-\xfb\xc9\x5c\x07\x9f\
\xb2\xb1D^\xa0\x88CB\x04\x85!\x89bdB\xfd\
\x1a5\x0b\xb5\x5c\x0b{\xaf\xa3\x97\x95\xd1\xb7\xcfV\x9e\
\xc6n=A[\x8a\x16\xf3\xa7\xd88!\x09\xf9\xf4\xc8\
\x913\xe780x\xcf\xfdw\xe1\xaa\x8f\xbd\x9f\x9f\xf0\
\xf8\xc7`\xff\x81\x03h5\x9b\xe8t:\xbca\xd3F\
|\xfa\xd3W\xc5\xb7\x5c\xf6~\x1c\x7f\xfa9402\
\x8c[n\xdf.\xf0\xcf\x11\x16\x97\x97\xf8\xb8c\xb7a\
\xf5\xea\x09\x1cw\xc69\xfc\xc9\xcf~\x09\x17?\xf7\xf9\
 \x9fc\xa0\xdd\x063cii\x89\xca\x18\xf0\xf5\xaf\
~\x0e/z\xf6\xe3q\xf7\xed\xb7\x90\xf3\x0d8Y\xe3\
\x9d\x02$\xc3\xfd\x86\xeb\x0cO%\xe0h\x94f\x8ae\
`\xb0\xae\xf6\xc0)\xd9\xa9\x80\xbf\xceM\xd9\xc1\xd9{\
\x1b\x9e\x10\xd8@\xc4!D\x14E\x97\x10\x99B\xa8p\
\xe7\xad\xb7\xd0\x93\x1eu\x0e~\xf9\x9f\xff\x82\x97\xbe\xe4\
\xc5\xd4l4\xa8,\x0a\x94eI!\x04\x86#\xe4y\
\x8e,\xcf\xe0\xb3\x9c\xbdw\xf0>\x87\x83L].\xca\
\x8a\x8a\xb2\xc4i\xa7\x9c\x84\x7f\xfb\xa7\x1f\xe0\xdc\xe36\
\xf1\xdc\x91#\xf0yF\x91\x19\xcd,\xc3\xa6\xf5\x93\x14\
c\xa4\xb2,\x11BD\x082B>\xc4@!\x04'\
\x93\xa2\x22\xe9\xc4(\xd9OXUT\x96%\x15E\x81\
*\x06\xda\xbcq#^\xf1\xb2\x97\xf2/\x7f\xfa\x03\xbc\
\xf5\xe5/\xe0\xe9\x9d\xf7\xc6\x8a\x89\xbc\xf3\x1c\xaa\x12\x83\
\xe3\xab\xdd\x87>y5\x1d\x9c\x9e\xa6\xaa\xaa\xa8\xac*\
\x12\x923 \x84H\xbd\xa2\xc4c/8\x0f\x8f\xb9\xe0\
a82=\x0d\x9f7E\xb1\xd4\x0de\x8d\x16\xa6\x0f\
N\xe1\x89\x8f|\x18\xbf\xec%/F\xa7\xd3EQV\
\xa8*\x99`\xd5-JF\x0c\xfcO\xb7\xdc\x87\x0f\xbd\
\xf1\x0d4>1\xcaA\xc6\x04\xb1\x85\x9b\xda\x91\x10S\
\xebD\xc2\xc5\xa8UL\xec\xbdH0\xf7Y\xeaZ\x7f\
T\xbd\xe5\xbb}\xb0\x8b\x1d\xcc92\x04\x0c\x98n'\
~\x82\x01\xb0\x8e\xf1\x8e\x9c\xe6\xb3[\xe4`9\x09\xd3\
j\x8d5\x985\x0e\x8c6LJ(\xbeh3\x05t\
\xa2\x8fjw\xca\xf2\x08k\x1f\x11\x18i\x98\xa9\xb9-\
F\x1fF\x8d\xc6YH \x9c\xee.IxzZ\x16\
\x15h\xbc+\xc1\x04\xd9\xcb\x00\x1d\xb7\x15\xe5G\x91\x9d\
\x89;\xd7\x7f`\xb3\xb6\xa1\x0ap\xce\xd1r\xaf\xa0\xfd\
;\xee\xa5\xcf\x7f\xeaCx\xd2\x13\x1e\x87\xfd\x07\x0e\xa0\
\xd9l\xa1\xd7+h\xd3\xa6Mt\xe5\x95\x7f\x87\xb7\xbc\
\xe3\xfdt\xcay\x8fD\x9ey4\x9a-\xdc{\xcf=\
\xec\xbdgfF\xa8*dy\x03\xb9D+t\xday\
\x8f\xc1\x7f\xfd\xfa&z\xf2\x93\x9e\x84\x03\x07\x0f\xd1\xf8\
\xf8\x04\x85\x18\x11C\x85C\x87\x0e\xe1\xbd\xefz\x07>\
\xf6\xbe7\xf3\xde\xfb\xef\xc2\xe2r\x97\xb2<KS\x91\
\xa3\x9e\x89\xacJS\xf6<\x99<\xa0\x8ec\xd4\x9d\x8b\
\xf1\xa5\xda\xbd\x98\xab'i\xad\x85e\x0b\xfa\x14\xbf\xcf\
\xdc\xa8\xc1\x90o\xc7\x80\xbc\xd1\x00yG\xd3\x07\xa7\xf8\
\x86\xeb\x7f\x8bc\xd6\x0c\xe3'\xff\xf6cl\xde\xb4\x09\
\xbd\xa2 \x00\xec\xb3\x0c\xce\x89\xa8\x85\x108T\x81\xaa\
*P\x15*\x1d\xb5\x1e\x01'iO\xef\x1d\xb2<\xa7\
\xa2,ixx\x18\xdf\xf8\xda\x17\xa9\x11{TE \
\xc2q\xe8-\xf1\xe8\xe0\x00;\xe7\xe0\x9c\x83\xf7\x0e\xce\
\x119\xe7\xd9\x91#\xef=\x9cs\xec\x9dc\xcdB\xc0\
{\x0f\x9fe\xf0\xce#\xcb\xb2H \x0e1\xa0,K\
\xf8,\xc7\x15\xef~+}\xf3\xea+hi\xff\x83\x5c\
\xc1!p\xc0@\xab\xc1\xbb\x0f-\xf2\x17\xbe\xfcUd\
Y\x060K\xea2\xf3p^IY\x00o\xb8\xf4U\
\xe8\xccM#%\xa9\xa4\x80\x01\xdd*b\x88*\xfe\xcc\
\xc7/g\x00\xf0Y\x86\xcc9d\x99\x97\xf1m\x04\xcc\
U\xa07]\xfa\x06\xb4<\xc15\x07\xa5\xf2\x80%\x05\
\xaf\xdc\x16\x11\xb9\xb4q\xdbt\xdb\x9a\xb5\xbd\xf3vD\
)\x95\x9e\xca\xba`\xfc\xbd:\xfcD\x86\xa5\x1c/;\
$\x00\x06'\x1c\x1e\xb3i^b\x0aX\xb4Q\x1c\xb9\
\xa2\x02\xc5\x13\x5c\x1b\x14\x02\x81R\x05\x99\x0dM\x14o\
\x94.N3\xa8}\xf9\xdbh\x9fCl\xb0\x1f\xac5\
\xe5\xf6\xca\x04c\xe5\x81\xc8\x8d\xd1C\xae\xcb\xb4^-\
\x80\xd1\x83\xe96\x22k\xc6P|\xbb\x90=\x91\xac\xbf\
\x80\x84\xceg\xa6\x88\xc8R\xd3\x1e9\xc0\xaa\x1fc\x8c\
\xb2\x80\xd4\x01\xcb\x9d\x0e\x0e\xee\xbe\x1f_\xba\xf2\xc3\xfc\
\xd8G_\x88}\x07\x0e\xa0\x917\xd0\xeb\xf6\xb0q\xe3\
F\xfe\xc8\xc7>\x8e\xb7\xbe\xfbr\x9c|\xee#\x91{\
\x99\xcd<<4\x82\xe5n\x8f\x0eM\x1f\xa2\xcce\x88\
1R3o\xe0ag\x9f\x89n\xb7\x87XV8\xe9\
\xcc\x87c\xef\x91\x12\x8fy\xec\x13\xf1_\xff\xf3\x0b\xda\
\xbci3bUr\xee=\xef\xdf\xbf\x8f\x9f\xff\xdc\x8b\
\xf1\xed/\x7f\x0aa\xfe\x00\xa6\xa6\x0fR#o\xa0,\
K \x06p\x88uc\x96NG\xd2I\xc9\xfa 4\
\xf9\xac\x13\xaaD^\x14\x9a%&\xd0\x00\x05\xc9cg\
\xae\x01\x22X9\xf6\xda\x06HLHD\xe4p\xd7-\
\x7f\xe0[\xfex\x03\xe2\xfc\x14\x7f\xe6\xca\x8f\xb1\x83\xe3\
\xb2,\x917\x1a\xec\x9c\xcc\xe9\x0f\xa1B\x96y4\xf2\
\x9c|\xe69\xcb<2\x9f!\xcf21`\x90\x05\xa0\
\xde9F\x04\xe7Y\x86\xa2,\xb0e\xd3F\x5c\xf4\xb4\
\xc7c\xf6\xf04\xfb<s\x8e\x08\xce\xe5\xc9\xde\x87X\
_&\x11\xc5\xb2\xaaP\x94%\x17E\x89\xb2,\xb9\x0a\
\x01UU\xc9|\x07\xefX\xac\x05\xd89\x07\x9f\xe7 \
\x07\x14\xbd\x82.~\xd63\xf0\xc1\xcb^\x8f\x03\x0f\xde\
C>o\xa2*:\x18]\xbb\x11_\xf8\xc6w\xb1_\
j9\xb8\x0a\xe6\x95\x22\xfb<C\x15\x02\x9e\xf2\x84\xc7\
\xf0\xf9\xe7\x9c\xc9\x87\x0eM\x83|\x86\x08\x86o\xb40\
\xbd{'_\xf1\x8e7\xf1Q[\xb7RQ\x14\x9cy\
\x07\xa8\xbeV!\xb0\xcfsz\xdd\x87\xaf\xa2\x07~\xfb\
K\x8c\xae\xdf\x88X\xf4@fF\xe4\x7f\xfa\xe8c\xbf\
;\x22q\xd5\xf2\x97\x18\x83\x19l\x03\xca,\x0eQ\x0b\
\xcd\xa2\x16\xdd%\xac\xd8G\x8e0\xcb\x16zK\x80Q\
\xc2\xf2\xf2@\x85e\xd7\x02\xfc:\x9dXSv\xea^\
\x99\xf9\xa1C+\xb5F\x00\xc6\x13\x8a\xf1J\xa1\x05+\
\x94'\x9d7c\xe8\x82\xeb\xb8@Z\x14\x98u\xdc\xb7\
\x1e\xad^\xcdC\x0c\x85\xe5\x0d`Y\x00\x95w\xfdL\
\xf3\xffH\x81\xadNKK\xe6\xd2\xd2gd&\x8d)\
\x11\x99\x801$!\x06x\xef\xd0\xe9\xf60\xbb\x7f\x07\
\xbe\xf1\xc5+\xf9\x82\x0b\xce\xc3\xbe\x03\x07\xd0j5\xb9\
W\xf4\xb0i\xd3\x06\xfa\xe8G?J\xefy\xff\xc7\xf8\
\x94\x87]\xc0\xe0\xa0:\xc6\x18\x1c\x1c\xc4\x8e]{x\
\xe7\xae]h\xb6Z\x1c\xaa\xc0\x83\x83\x03491\xc6\
\x9d\xa5\x05n\xb4Z\xe8v\x16\xb1\xe9\xe8c1\xb4\xe6\
(\xfc\xf9\xf3^\x84\xab>\xf3Y\xacY\xb7\x01U\x15\
\xe0\xbc\xa3}\x07\xa6\xe8\xc4\x93O\xa6\x7f\xfa\xc17\xf9\
\xc4\x0d+\xf9\xc1\x07\xeeC\xb3\xd9D\x88\x01\x91\xb5\x0e\
\x9f\xa42\xa1n]%\xe2\xc8\x84\xbe]\x0fZ;\x99\
j*\x12)T\x7fi\x9cG\x16%\xe8\x98\x0a#^\
\xf4\xe9\xc7\x88\xc6\xc0 n\xbf\xedV\xecz\xe0~\xf4\
\xe6\x8f\xd0s\x9e\xf5T\x1c\xb5y\x13\x15EAY\x96\
\xe9\x993\x85X\xa1\xd1h\xf0\xf6\xfbw\xf1\xdb\xdf\xfb\
A>\xff\xb1O\xc2\xf9\x17>\x9a\x9f\xf4\x8c\xe7\xe2k\
\xdf\xfa\x1e2\xef!\xd5hv\xb6\x96I\x90\x0f;\xe3\
\xf4\x93\x10:K\xa8\xca\x0a\xabV\xaf\xc6\xf0\xe8\x8at\
\xc1\xe4\xa0\xe9\xba\x88\x88Hy\x96Q#\xcf]\xa3\x91\
\xa3\xd1\xc8\x91g\x19gY\xc6\xde{TeI@\xd4\
\xf2#\xe83s\x9c\xe5\x19\x17e\x897\xbe\xe6\xaf\xf1\
\xb8sO\xc1\xe1\x03\x07\x98\x5c\x86f\xb3\x81\x03s=\
|\xfeK_S\xa3\x17\x191\xc2)h\x09\x81\xe1\x01\
z\xfb\x1b_K\xc5\x91i\xc09\xe4>\xc3\xf4\xd4\x14\
?\xe5\xc23\xf0\xb2\x97\xbd\x98\x8a\xb2\x84\xf3\x99\x22b\
\x87\xb2\x0ahd\x19\xbe}\xfd\x9f\xf8\x9b\x1f\xfe\x10\xaf\
\xdc\xb4\x95BU\xa4\xbeI\x80$3\xd9Wj\xa7\x1a\
\xaeV\x97\x94\x0c\x80\x02oN\xd5\xbf0\xcbM\x86i\
\x09I-Tg\xfa\x03\xc7,\x05\x0c\xd2\x09\xea\xd3\x80\
\x0dS\xcch&Ai\x07k\xc8Aj\xe0\xd1k\x92\
|n\xd4n9D\xd8\xb2\xb1:\xb6WD.\xbe\x88\
)\x22P\x92&@{*\x84\x842r\x8b\x00\x8e\x04\
\xa7\xa1\x04H\xe2\x225J\xc9\xba\xd4\x9e\x9eP\xfb)\
sb\xfd\x0c!?\x84.Q\xe2C\xda\x9dS\xe8l\
r\xce\xda\xee\x5cE\xe4YN\x8bKK\xbcpp\x0f\
}\xed\x8bW\xe2ag\x9eA\x07\xa6\xa6\xb8\xd9l\xa0\
\xe8\xf5h\xd3\xe6-\xf8\xe8G>\x8a\xf7\x5c\xfe\xb7|\
\xea\xb9\x8f$B\x00\x93\x87\xf3\x99-\x90 \xf8\x8cC\
,\xe1\xb4\xbe\xb8[\xf40\xb9f\x0d\xbc\xf7`\x10\xb2\
\xacAeY`\xc5\xd8\x18\xb7O?\x0fo|\xfb\xfb\
\xf0\xa7[\xff\x84\xab\xaf\xbe\x12\x8b\xf3\xf3\xdc\x09=\xcc\
\xce\xceR\xbb\xd5r\xdf\xbc\xe6s\xfc\xb6\xcb\xde\x87\x1f\
\xfd\xe7o\xb1e\xdbq@UI\xf1KF\xfa\x8c\xa4\
\x09GC,q\x1b\xc6\xd12K\xf2\xd5*P,d\
\x93\xc8\xce\xf2)b\x07T\xebSm\x86=m\xa3m\
 a\x80k4\xc8q\x89\x97\xbe\xe8\x05\xa8\xaa\x8a\x18\
\xe0\xaa\x0aL\x04\x94!\xa2\xd9l\xf0\xb5\xd7\xfd\x18\xaf\
y\xf5kh\xb9\x1b8\x1b\x16\x05vn\x1a\xff\xfeo\
?\xe3\xdbo\xbb\x95>\xf1\xd1\x0f#r%\x0e\xc6\xc9\
|\x1c\xb3K\xe3k7#o\xb5hiq\x89O=\
y\x13\xc6GG8\x84H\x9e\xbc\xc8at\xa8bD\
\x96e\xf8\xca\xb7\xbf\xcf\xbf\xfb\xef\x9f\xb1\xcb\xdaD\xbe\
A\xab\xd7\xad\x8b\xe7\x9du\x0aN;\xfd,\xac[=\
\x0e\xc4\x10\x03\x8c \x92\xc2!GD\xce\x89Cz\xdf\
;\xdf\xca\x8f}\xe6\x8b\x80\x89UTu\xbb\x18[\xbd\
\x91\xbf\xfa\xad\xeb\xe8\xb5\xaf~9&V\x8ei\x5c\xee\
\x88\x88)\xcb\xb2X\x96\x15=\xfd)\x8f\xc7\x85\x0f?\
\x0b\xbf\xbfg\x0fFW\x8e\xf3\xb0+p\xe5\xc7\xafH\
\x9d\x01:{\x86\xaa\x18\x90\x13\xe8\xbe#=\xbc\xee\xaf\
_\xcb\xed\xa1\x16\x5c\xa3\x09\xc9\x8ayKhj|k\
\x92\xca*\xc7)\xd8\x16\xa7\xa6\x9c\x8c\x0e\xc7W\xdc\x96\
R\x87z\x8a\xbabL\xb3\x81\x5c\x07\x84f;5c\
(3!\x10\xab\xc0Q\xdb:\xd92\x7fQ\x93\xfcP\
\x0f\x22H\x9ajc\xc2\x1c9\xd6l2\xea^\x1a\x8e\
\x91bb\x1e%\xc7\x1a\xac\x1cO'\x03\xb1\xb2\x8c\xc6\
FB\xf8+\x9b*\xa6U\x1cB\xc7%`\xa28\xd6\
\xe0\x81\xa99\x0b\xb5\xa0HG\x1fXBO\xfd\x16P\
\x84\xbeNuC7\xbfH\xd6#F\x9bu\x10\x90\xe5\
\x19\x96:\xcb\xb13\xbb\x9f\xbe\xfb\xf5\xcf\xe1\xcc\xd3N\
\xc3\xd4\xd4\x14\x1aY\x83\xca\xb2\xc4\xbau\x1bp\xf9\xe5\
\x1f\xc2{?\xf4I>\xed\xe1\x17\x92w\x80s9\xf2\
,\x97\xeaz\x0dZ|\xd6\xa0[o\xdf\xceY\x9e\xb3\
s\x0e\xcbK\xcb\xf1\xac\xd3Oe\xc4HQG<g\
>\x03\x98\xd0h4q\xd6\x05\x8f\xc55\xdf\xfd\x11\x9e\
\xf1\xac\xe7P\x19A+\x86G\x10\xab*\x16\xbd\x1e\xcf\
\xce\xcc\xd2\xa7>\xf1!\xbc\xebu\x97`\xd7\xdd\xb7\xa1\
\x0c\x15\x9c\x97\xe1\x181\x06\xd63#\xe6 \x92nd\
\x88\x99rq\x7f\x82\x888\xa6\xe2\x86\x876EX\x1d\
\x0d\xb1\xf13R\xd9YW\x0a\x11\x00O@ga\x81\
\x8f;v\x1b\xce{\xf89\xc8\xb2\x8c\x9b\x8d\x06\xe5y\
\x86,\x13/z\xf7\x83\xbb\xdd\xcb^q)\xd1\xf0\x04\
Mn=\xd6\x8d\xae\x9c\xc0\xd8\xf8$\xad\x18\x9f\xa0\xc9\
S\xce\xc1\xd5_\xbb\x8eo\xbb\xe3Nd>\x03\x1b\xc1\
\x9c\xac60\xb7\xb0,\xe4Y\x0c\x18n5\x09\x80\x84\
h\xca\xf5\xf7Q\xf4\xf1K\xdf\xf8\x1e\x7f\xf5\xda\x1f\xd1\
\x97\x7f\xf4\x1f\xf8\xd2\xf7\xfe\x99/\xff\xf4\x97\xe8i\x7f\
\xf1rw\xe6\xf9\x8f\xc5\x87>\xf6I.\xd8\xcb$i\
1qd9t'\xab\xdf\xe2\x85\x0f\x7f\x18\x1e}\xde\
Y4{x\x1a\x94\xe5h\xb5\xdb\xb4o\xae\x87/|\
\xe5\x1arN\x8a\x7f\xea\x1cC @\xc6\xc7\xbc\xe9\xd2\
Wr\xb5\xb4\x18\x0e\xee\xdb\x83\x0f^\xf6\x06:\xf6\xe8\
\xa3\x11\xca\x0a\xde\xb9T\xd6\x12c\x00{\x8f\x97\xbc\xe6\
2\x9e\xb9\xeb\x06\x1a\x9e\x5cO\x0e\x11\x99\xd7i\xd0\xf2\
*qD\xfd\x88\xbc\xbfh\x80\x8d\xbd\x91F\xbe\x04\xde\
\x18\x14\xb8/\xd5\x07 FX\xab\xbc\x9e\xb9Ay\x07\
&r\x99N\x020\xab\x02V\x0fk\xe1D\xaa\xff\x13\
oA\xe6J\x00hE\x91\xe8\xb2`\xedH\xf6\x02\xc5\
\x09\x96=b\xc5\x9a2\xa5\x07uu\x19\xac\x9e\x80\xd1\
w\x15R\x8e\x9eF\x82\x03\xb5\xec&Od\x9c\x80\xee\
Y\x06\xacWB\xb3\x89\x0c\xd6\xfa\xe8\xf4\xe0R\x0dL\
b\xc5\xf4\xfdR%\x04kL\xe2\x00F\x08\x8cf\xb3\
\x89\xc5\xc5\x05tf\x0f\xf0\xdf_\xf3\x05>\xf6\x98\xa3\
iz\xfa \xe7\x0d\x89\xbf\xd7\xae]\x8bw\xbe\xe7\xdd\
\xf8\xe4\xd5\xd7\xd0\x19\x0f\xbf\x00\x1c\xab\xb4\x80\x93\x88\xa4\
\xc6\x5cv\xc1sQF<p\xdf}\xd4l\xb5\x10\x82\
(_\xab\xd5b\xaezLNrz Yg\xa6\x0d\
6t\xfa\xb9\x17\xd0oo\xb9\x0d\xe7_\xf8X|\xff\
\xbb\xdf\xc0\xc9'\x9dH\x07\x0eL!\xcf\x1b80u\
\x90^\xf1\xb2\x97\xf2\xd1Gm\xe1\xb7\xbc\xfbCD\xed\
\x15\x18\x1f\x1fG\xb7W\x10\xc9\xfar&\x22\xb2\xc9N\
\xa0\xc4\xc9\x12\xe0R\xfd)\x01\x1c\xf4\xb1\x92\x1a\x08\xd5\
@\x01\x11Z\xe3j\xeeX\xb9\x04h\x05\x1a\x81\x08\xa1\
*yb\xe5\x0a\xfc\xea7\xbfE\xb7(\x90;\xa9\xae\
+c\xc5\xad,\xc7U\x9f\xff2\xc8\xe5\x18\x1c\x1cF\
\xd9\xeb2\xb9\x8c\xc81\x10\x02\xbc\x0b\xd4\x1c\x1c\xe2\xa9\
\xc3\x87\xed\xac@\xde!\xc2\x81\xb9\x02\x00\xec\xde\xf9 \
\xc7\xa2 \x8e\x15BQ\xf4\x0b\x03\x01\xda\x1dhb\xd9\
YFs\xf31X9\xb6R\xc83'\xe3'\x8b^\
\x0f\xefy\xff\x95\xd8\xb1\xe7\x80\xfb\xf2\xd5\x9f@Y\x05\
\x22\xe7\x14\xda\x8a\xcc\x86P\x91w\x0d<\xff\x99O\xc1\
\x7f_\x7f\x050>\x81\xaa\xe8al\xf5z|\xe9\xda\
\xef\xf3+\xff\xea%\xb4zr\x15\x87\x18\x09\xceE0\
\xc1yGeU\xd1S\x9f\xf8\x18\x9c\xb4u\x1d9\xc7\
x\xe5_\xbd\x08eU\xc1\xfb\x0c\xe6\xedB\x08\xd4j\
4\xf8\xfd\xd7\xfe\x98\x7f\xf3\x9d\xcf\xd1\xe8\xd6S8\x86\
\x0a\x9e\x1c\x91\x0c\xb0SY\x94ZS\xab\xeetl\xc0\
^\xc2\x156\xc6\x16\xd0rg\xa4\x8c\x8f\x16\x09(<\
KL\x9b\x84\xd2\xb5\x15\x00X\x10C\x06K\xde\xa9'\
\xd47\x03l\xe2Y\x84\xc5\xecR\xf8m\xcf\x5c\x88x\
\xd2\xe6\x16\x8b\xa3\x99u\xad\xb2jm\x1fPT\xf5R\
\x9b!\xe0\x84\xea\xef\xeb\x1f#`\xb8\x14\xea\xa5\x19L\
N\xbb\x99\x8c\xaa\x22\xb3\x00\xfaf\xe9\xee\x92)\xac\xad\
b\xdf\x0a\xd6\xfe\xd8\x00\x96\x18\xac_(c\xf0#\x03\
\x1c9P\xb3\xd9\xc2\x91#\xb3\x08\x8b\x87\xf0\xbdo|\
\xd9m\xde\xbc\x19\x87\x0e\x1fF\xa3\xd1\xa4\x10+\xacY\
\xb7\x1e\xefx\xc7;\xe2\xa7?w\x0d\xce8\xef\xd1\x84\
\x18\xe0H\x18h'\xcd\xee \x90\xac\x90b\xe6\xc1\xe1\
a\xcc\xcc\xcd\xa3\xd3Y\x06y\xa0(\x0b\x9aX5\x89\
mG\x1f\x85\xd9N\x17\xedf\x93\xa05\xf9>\x0ar\
\xe8\xf5z8\xfe\x94\xd3\xb1\x7f\xf7\x0e<\xee\xf1O\xc6\
\xe7?\xf79<\xef\xcf/\xc2\xee\xbd\xbb\xd9\xfb\x0c\xfb\
\xf6\xed\xc3\x05\xe7_@?\xfe\xceW\xf1\xd7\xaf~\x03\
\x1e|\xf0Al>\xeah\xf4\xba\x1d\x96A\xe2vb\
\xda\xec$\xb15\xcb,z{\x88\x16+\xa8\x14!\xd5\
\x0c\xa0\x06\xa2\xfaEF\xe5\xb0\x9d;\xc7\x18hhd\
\x84n\xfa\xd3\xfd\xb8\xf0\x89\xcf\x80\xa4\x82\x88\xad\x98\x0b\
\x1c\xd0\x1c\x1c\xc5\x8a\x89\xd5\xa8\xca\x02\xcegb\xa0\xc8\
q\xdelb\xa9\xd3\xa3\x91\xa6\xc3Y\xa7\x9c$\x1f\xe1\
\xf4C\x5c\x84\x17\xe5\xc5?\xff\xf4?\xa852\x86P\
\x15<\xb1v\x9d\x1e\x99Tn\xc5h\xaeJ\x0e\xb4\xe8\
,p(+.\x8b\x9e\xb2\x9fb\xe0}\xe6\xb0\xf6\x8c\
s\xe8\xab\xdf\xfe>\x9e\xf1\x94\xc7\xe1\xcf\x9e\xfad.\
\xab\x0a\xdee\xec\x1c(\xc2\xc1Ea\xe9.\xb8\xe0\xe1\
\xc8]\x04W\x92Yi4s\xec\x9bZ\xc25_\xfb\
\x1a\xdey\xd9\xdb)\x84@9i]\xbb\x96\x97\xe6y\
F\x9f\xfa\xc8\xfbh\xc5@\x9b\x9d\xf7\x5cU\x959u\
.\x03\xa3\x99{\xfe\xcf{\x0f\xe2\x8a7\xbc\x81\x06&\
6H\x06\xc3\xb1\x19!J\x06\x15\x0a|\x94\xf9\x8fR\
\x8e\xc5\x8e<\xc9\xc8v2]I\xfaC\xce%\x15P\
V\xdf\xfa\xab\xac(\x06\xe8W\x13\xa5\x05t\xdcA\x84\
5\x17\x10G\x0e,\x83\x06Y\xdboU'\x91\xd6\x86\
\xa7\x19\x02P\x11\x12\x0f[\xe3\x01h\xf8N\x0a\xdc\xd5\
di\x83(\x9b%\xb0\x14\xa1\x10t\xca\xea\x1b\xc67\
\xa8\xce\xc9q\xf7!\x19\xaeS\x91\xda$\x84\xa8\xf7\xa2\
\xe6\xa4\xc6\x1c\x09\x02\xb1v\xc5\xd5\x0a\xaf%P\x96Y\
\xd02\x87*\x14\x94\xe5\x0d\x1c>|\x18X:\x84\xeb\
\xbeu\x0do\xda\xb4\x81gf\x0f#\xf39b\x0cX\
\xbdz-\xde\xf6\xb6w\xf0\xd5_\xfe\x06\x9d\xfa\xf0\x0b\
\x89\xc0\xec|\x06Mw\x91\x18\x01\xd2\xec\x0bq\x8c\xa0\
\x81\x816\xddz\xdb\xedX\x5cXF\x9e\xe5T\xf4\x0a\
^\xbbz5\xaf\x18l\xa1\xb3\xbc,\xcd3\x8e\xc8\x13\
\x81\x9c\x87s\x1e\xadV\x1b1\x94X\xbfi\x0bVm\
=\x95^\xf8\xa2K\xe8c\x1f\xfd\x18\xad_\xbf!\xad\
\x96\x99\x9d9\x84\x89U\xab\xf0\x83\xef^\x8b\xc7\x9cs\
\x12\x1e\xbc\xf7N4\x9a\x0d\x80CRb\x16\x89\x80(\
\x89\xb5\xde%[l\x02A\x09\x8a\x91\xaf\xeb\xaa\xd5$\
\xd4MPF\xc7\xea\xa1\x90g\x8e\xccy\xbb\xc5+\xd7\
l\xa6\x95\xeb\x8e\xe2\x95\xeb\x8e\xa2\xf1u[\xdc\xc4\x86\
\xad\x98\xd8|\x1cF&VS\x19*\x94\xecP\x04\xa6\
n\x15Q0pxf\x06\xcb\x07\x1e\xe4+?\xfc\x1e\
\x9e\x18_\x89\xaa\xaa\x92\xb4\xf6\xba%\xf9,\xc37\xfe\
\xe1'\xb8\xf5\x86\x1b1:\xb1\x0a\x5cUt\xfa\xa9'\
\xab\x9d\x10\xff\xe2Dv\xd9{\x87\x03\x0b\xcb|\xb8S\
\xa2\x99yy\xf2D\x90y\x852\x86\x0d\xa1\x84\x1f]\
\x8bk\xbeu]\xb4'\xe3\xa4\xd9\x97\x1cj\xa8\xbdr\
b\x12\xeb6m\xe2nw\x19D\x8cX\x16\x18]\xbd\
\x8e\xbe\xfc\xcd\xeb033\x8b\xcc{\x15y\xc9\xb6\xf8\
L6g=\xf6\xc2\x0b\xe2Yg\x9f\x85\x10\x02e\xce\
1\x13b\x15#rD\xec-\x1c\xbf\xf0\x92W\x93/\
\x161\xb0r\x12\x9e\xa34tA\xd3zN+\xfc,\
^\x80BH9\x17\x8aH\xca\xaf\xccv\xfd\x95\x8cx\
\x8d\xb7m\xfc\xa0U\xdc\xdal\x0e\x83\xc4\xf2\x0c\xa5h\
\xc9\xb4K\x15%rJ\x12\xa5\xc0_/(Z\xac\xa8\
Y\x03p\xff\xef\xb2\xf4\xd7\x0aU/\xeeZJ\x8d\xa4\
\xb3O\xae\x9aI\x08F\xc1\xa5\xac\xe8\xc1\xb4\x95\x19Z\
S-\xcc6RQN\x9fS\x8f5l\x89\xfa\x82d\
x\xb8\x0e\x14Rh\x9b\xac\x87\x11\x90J}%\xf7\x98\
n<\x86\xc0\xadf\x0bGf\x0ec\x88\x96\xf9\x9f\x7f\
\xf8=L\xae\x9e\xa4\xd9\xd9#\xec\x9dG\xe4\x88\x89U\
\x93\xfc\xeaK_\xcf\x9f\xbf\xe6\x9b8\xf9\xacG\xc8\xd4\
S\x22\xa4\xad>D\xe6y\x92n\x11\x98\xc9e\xe8\xf6\
\x0a)\x82\x80\xb4\x1d\x97e\xc1\xab''\x81\x18\x98t\
`\x009\xe9\xabr\xdek\xfe:\xe7\xb2,122\
\x82\x93\xcf}\x0c\xdes\xf9\xc7\xf8\x85/|1\xb7\x07\
\x071\xd8nsd\xc6\xc2\xe2\x02\x17E\xc1\xd7|\xe1\
*\xbc\xee%\x7f\x8e\x07\xb6\xdfN\x11$\xad\xcd\xa1\x12\
T\x17\x0d\xe6\xa9\x9d\xac\x8f\x5c\xb3\x06v\xe0\x027k\
\x97R\xbfN\xef\xa7\xff+\xb5\x10p\x0c\xa8\xaa\x1e\xca\
\xa2@(\x0a\x84\xb2\xe0\xb2\xeaq(K\xeau\x96y\
\xac\x05\xac\x1f\xc9y\xf5\x80\x8b\xab\x07\x08\xab\xf3\x0a\x17\
?\xf6a\xf8\x8f\x7f\xfe\x0e\x9e\xfb\x9c\x8b(\x84\xc8N\
<\x19We\x85v\xab\xc97\xdd\xb5\x03ox\xed\x1b\
1\xb2v#G\x8e\x1c\x8a\x92\xd6O\x8c\xca\x91\x828\
\xc6\xa8\xa4\xb0\x5c\xe0\xee=\x07\xe8\xe0\xf4,\xe5\x8d\x86\
\xde\x83\xa2A\x02\x03\x0eU\xa8026\x8a?\xde\xbe\
\xdd\x1d\x9e\x99\xa1,\xcb\x05A\xc8{\x81\xbc\xe3PU\
\x98\x1c\x1b\xc1QkVbqy\x99\xa1}/\xcdV\
\x93\x1f<\xb8\x80/]s-;\xe7P\x85\x12)\x09\
\xa5\x8dCVtd\xcc\xb3\xc8`\x05\x97\xe7\xf8\xeb\xb7\
\x7f\x92\xa6~\xfbS\x1e^\x7f\x14\xb8*\xe0\xbc\xb3\x92\
eC/\x09\x0d\x93\xaa.\x99b\x91)\xad9,\x18\
\xceG2\xdaj\xba\x93\x92\xf4\x9d\xb04\xc4\xaa\x81\xb0\
@\x8f\xc02\xbf\x110\xb2\x10QP\x81z\x03\x80\xb4\
\xddW\x18}K\xd5\x81\x99\x9c\xe5\xfc\xd1\xe7N\x84+\
\x80x&\xbbJ-\xe0\xd1\xc0<)<\xa5\xae6\xb5\
\x05I[\xd2\x18a5C)rP\x94\xa2\x88\x84\xc5\
\xfe\x9a\x1c\xd6\xb7\xab!\x01\x19M\xa9O\x8a\xb9\xfe-\
\xd4e2\xd2\xfb \xf5\xdd\xd4h\xb4\xf8\xf0\xe1\xc3<\
\xe4\xba\xf8\xfew\xbe\x89\x81\xc1A\x9e\x9f\x9f\x87\xf7\x19\
\x81\x81\xc9\xc9I\xbc\xe2\x15\xaf\xc6\xd7\xfe\xfe\x078\xe5\
a\x17 \x86\x0aD\x0e\xcey\x22B_\x1f\xbb<\x13\
\xe5\x02\x08D\xc8\xf3\x06/u\x0a\xbak\xfb\xbd\xd4j\
\xb5\xb4\xbb\x82\xe9\x82G\x9c\x8b\xce\xd2\x229\xefT`\
\x1d\x08N'\x1a;x\xe7)o\xe4\x1c\x01\xf6y\x8e\
3.x\x22\xfe\xf9?~\x8d\xa7>\xe5i827\
O+\xc7\xc7\xb9,\x0a\x0aU\xc0\xae={\xf0\xfa7\
\xbe\x01W}\xe4\xbd<\xbb\xe7>,--s\x96e\
\xa8\xaa\x92\xa3\xb5\x8dj\x83\x86*\x08[\x91\x09\xa7\xb3\
\x82Uk\xa8Dq2\x92b\xc4\xe5\x99\x92=X\x13\
V1s\x92\xe2pr\xed\xc4DY\x9e\xf3\xe2\xec!\
|\xe3\x0b\x9f\xc2m\xbf\xfd9\xdd\xf8\x8b\x7f\xa5?\xfe\
\xfa\xa7\xb8\xe5w\xff\x81\xbf\xbf\xe6\x0bx\xd4\x05\x17\xa0\
(%\x16\xd6\x02\x1e\xd7h6\xe8'\xff\xfd;<\xfd\
i\xcf@\x8f\x09\xf9\xe0\x88|DU\xb2\xab\x9b\xf7\x04\
i\xb94\xb0\x17K\x87\xa6\xa9\x9c\x9b\x85\x93\xa9I\x1a\
\xd5\xd5\x99d&\x07\xe72^\xea\x14\xe8./\x9bd\
\x88\x06;\xdd\x10\xa5\xb7\x9a\x85\x92b\xd1\xd3\xd2sG\
\xa1(hl\xdd&\xbe\xfa+\xd7b\xfa\xd0!dy\
\x9e\xa2\xa6$z\xe4\x88\xbcW?\xe6\x10C\x85f\xde\
\xc0\xa7\xff\xf1W\xf8\xe9\xa7\xaf\xc0\x8a-[uw\x83\
>\x1f#\xabU\x07\x14\xb1p=\x91\xd1J\xb6\xc9L\
o\xc2\xb3T\x1f\xd4C\xa0\xbd\xfe\xebD\xe9dy(\
\xd5&F\x95E\xac\x8a\x03\xc3#\x15\xec(\xd3\x00\xa4\
\x8a\xb2\xa0\xec\xb8\x1a\x07k^N\xa4\x89,\xe8\x88\xb5\
%Rh\x81\xa8}\xcf\xb1f$Y\xca\x8c\xa5\xde\x06\
\x0cM=\x99\x03'\xc5\xf6r\x81\xc2\x82R\xfa\xbe\x9a\
\x17N\x9feDH\xa2\x09\xc9b\x0d\xb6\xa0\x82\xa5\xf9\
UZ\x0d\xcd\x0f\xc8S\x88\x0c\x04\x8e\xdas\xc0Tq\
I\x8dF\x03\xd3\xd3S~\x90:t\xddw\xbe\xc1\x03\
\x03\x03X\x5c\x5c\x10\x86\x16\xec\xc6WM\xd2_\xbf\xfc\
\xd5\xfc\xbd\x1f\xfd\x84\xce8\xf7\x91\xe0\xaaD\xe63\xa9\
<\x93\x83{\xc8\xa1\xc1\x9c\xbf\x5c&5\x9b\x0d\x9a_\
X\xc0\xbe=\xbb1\xd0n\xa7|M\xab\xd9\xa6^o\
\xc9@\x8e|\xdf\x19\xe4\x16\xe8N\xceQ\x9e5\x90e\
9\xaaP\xd1Ig\x9eK;\x0e.\xd1\xf9\x8f|4\
\xfd\xe2\x17\xbf\xc4\xa6\x8d\x9bQ\x85\x8a2\x9f\xe1\xc0\xde\
=x\xca\x93\x1fO\xdf\xfe\xeag\xd0\xa8\xe6h\xea\xe0\
\x01n63\x0a\xa1D\x84\xedQ\x8c:\xfc5\xaa!\
\x88H0LUZ\xbd[\xe2|\x0d\xaa\x12,\xc3B\
\xd0\xa1(r^\x963\x04t:\x8d\x9c]\x944 \
V\x8cNp\xdeh\xf1\xd0\xd00F\x86\x86\xd1j\x0f\
 T\x15\xaa\xaa\x82\xf7\x8e#G,\xf7z\xf4\x8b\xeb\
\x7f\xcf/|\xe5\xeb\xf8\xa2\xe7\xbd\x80\x16\xa3\xc7\xc8\xba\
\xcd\xb2\xf7\x11\x84\xac\x99\xa3=\xb4R5A\x9a`b\
\x8c\x16:\x13b\xa1\x0d\xe4\xce\x89k\x0fP\xf9\x95\xdc\
\xb3\xde_\xd6lpO\xf63\xbat\xc5\xcc.\x22\x92\
\xd3\xfa\x14\x91\x9f\x98*]#3\xf2F\x8b\xf6\x1d\xe9\
\xd1g\xbf\xf4U8\x80B\x08\xb5z\x06!#\xac\xb6\
\xa0*+\xe4y\xc6\xf7\x1eZ\xc4{\xde\xf0z\x0c\xac\
\x1a\x85\xf3-r`\xd9\xbf\x00\x9b\xccg\x02\xaaV7\
\x06\x0b\xbaT\xa5\xfa\x8ap\xb8.\x17\xa8\xcf\x0az\x8e\
\x8c\x18\x83\x5c\xaf\x19\x05\xeb\x8eT\xa0,8\xc0\x94 \
\x92\x038\xa8\x8a%dW\xc7 l\xb63)\xb6\xfa\
\x0a\xa8\xde\x99\x1dH\x0a\xce\xe9\x82\x0c\x99h\xbf\x12\x07\
\xd4\x11'SL\x90F\xd4\xc4v\x0b\xd4\xf4\x9eU\xff\
\xa5\xa0\x05i\xf3\xc9C\xe2\x86\xfe\x0a\x96t%\xaa\x88\
\x94v.k\xc4\x92\x22\x09'?\x12\xae%Dn5\
Z\x98>t\x08\xa3\xcd\x18\x7ft\xdd\xb7\xd1n\xb5i\
aa\x1eN;\xb3FV\x8c\xf1_\xbe\xf0\x12\xbe\xee\
G\xffF'\x9d\xf9p\x94E\x97\x9c\xd3Y\xf8\xce)\
\x7f\xa0v\x86\x08\x0f\xb9pH\xf5\x0d\x87\x0a\x03\xc3\xa3\
8xx\x16U\x88\xec\xbd\xc3\xd2\xf2r<\xf6\xf8c\
\xb1zb\x82\xcb\xa2`G\xae\xa6n\xc5\xc7\xa9\xa7\xf0\
\xf0\xde\x93\xf7\x9e\x1bY\xcee\xaf\x8b\xcd\xdb\x8eCk\
b3?\xe7\xe2\xe7\xd1U\x9f\xb9\x1ak\xd7n\x90\x9c\
\xbc'>8u\x90\xb7l=\x0a?\xba\xee\x9b8\xe7\
\xb8\x0d\xf4\xe0}\xf7\xa2\x91\xb7\x80\x10\x11B%\x1d\x9c\
\x92\x92\x95\xaa\xc7h\x06S\x06\xbf\x90\xd6k\xf4\xd5\x80\
$sf\x80\x0e\x89 4\x0b\xac\x5c\xa3\xdaZAD\
\x84^\xafK\x9b7o\xc2\x86\x8d\x1b`i\xc6\x10\x82\
f\x00\xa4\xaf\x9fT\xba80~\xf0\xfd\x1f\xf0\x0f\xbf\
w\x1d\x97\xbe\x8d\xc1\xf15\x14e\x22\x12\xca\xb2\xc2\xf8\
\xaaq\x1c\xb5m\x0bT\xb6\x01\x07H\xfe^N|\xb1\
\xd3\x93\xf8IHHs\xcb\xb0\x04\x1b\x00D\x8a\xe4\xbc\
#\x9fe\xe9\xe2\x0dmj\xfe\x09\x00Pqb\xb0R\
\x1a\xaf*;\xbcr\xedF\x5c\xf9\x85o\xf0\xae\xbd\x07\
\xb8\xd9h\x88\xec\x02\x80\xb7\xdc\xa0\x03\xeb\x82\x8c\xa2\x02\
^\xf1\xea\xb7bqj'5\xc7V\x03\x1c\xa42\x92\
I\x1a\xd1@6\x06\x0f\xa6\xff\xfd48j\xeco\xea\
d\xd2az\x9e\xe0\x9a\x00/\xa7\x1d\xb6l\xeaY\xfb\
u\x12\xd2L\xd10\x086\xb3\x98!5\xbc\xa2(\xce\
>\xae\xae\xdf\x81\x8dKT\xf6M\xf0y-\x17\xc9\xcb\
\x8b9\x8b\x91u\x92'l\xce\xb1*\x1d\xd8\x12\x09Q\
\x8d\xb2L\x0c\x12\x89JF\xc6.\xc0\xac\x8ci\xb4\x93\
\x11i\xac?\xe2t\xa60\xa2@E\xb3\xaeAL\xce\
_\xddQ\x9f\x81!\x12\xa4\xd3h5q\xe8\xd04\xaf\
l\x96\xfc\x83o}\x1d>\xcfyqi\x09\x9e<\x9c\
#\x8c\x8c\x8c\xe0\xb9\xcf}\x1e\xfe\xf5?~\x81\x93\xcf\
:\x17e\xd1\x85\xf7YRv\xe7\x9c\x91\xe75Q!\
B\x97`\xb3\xc9b\xa3\xd9\xe4\xdf\xfe\xf6\x06e\xd0#\
Ue\x85\x0dkW3\x07Y\xcb\xc5H\x17_\xd3\xef\
\x06\x0d\x1d\xc1yO\xce;\xe4\xcd6\x97U\x81\x89U\
\x93t\xd4i\xe7\xe3\xcd\x97\xbd\x97_\xf3\xaaW\xf2\xf8\
\xc4*\xce\xb2\x0c\x0c\xc6\xc2\xc2\x02\x8a\xa2\xc4\xe7\xaf\xfe\
;\xfc\xd5\xf3\x9f\x89{\xef\xba\x15\x91\xc1\x9e\x1cB%\
\xdb\x8e8\x06\x84X\xd9$&\xb0i\x0b);\xc5\xe6\
\x98\xc4/\x90V\x83\xa7\xfde6\x1b\xd0\x22V\xfbe\
\x12P\x00r({\x05V\x0c\xb6xld\x08\xddn\
\x89\x10\x02\xa5\xfe\x05;\x19\x8d|\xdb\xad\x06\xae\xbe\xf2\
\x13\xb4\xfb\xfe\xed\xf4\xdc'?\x12\x87w=\x08\x9f5\
\x01\x10*\x8e4\xdcjb\xed\xe4\x84<a\x09\xba\x10\
\xeb\xf9\x03\xbc}\xc7~\xc05\x9d,+ \xa9\x10$\
\xd1\x15\xd6\x10\x80\xc8s\xd5\xedQ\xeeR\xf77\xc0\x11\
\xce9\xe6\x10\xc9{G\x0be\xe4}s]4\x1bM\
\xe8\x9c@\x00\xa0F\xa3E\xb3\x87\xa6\xf1\xe4\xc7>\x92\
\xd6\xac\x1aGYJ\x08H\xceI:\x02\xeavBE\
\xe4@!T\xb4\x7f\xc7\xbd\xc8\x86F\x01\x0e$\x93\x91\
\x90z\x15\x89HV\x10\x00:\x5cC\x1cN_fZ\
\xccS-\xe65\xda'EA:\xd4V\x91\xb9\xd1u\
\xfa\xdf\x949K\xefB2\xc8\x12,\x97\xc1N3\x10\
fl\x14\x9e\xd7\x11C\xcd\xd7I\xac\xa4\x14\x9a\xa1]\
3F\xd0!\xa1\x0aO\x12\xdc\xa64\xe0O\x94Q\x8d\
q\xb4_6\xb2F~`#\x81\xd5\x9a\xd4\x1cd\x92\
NC\xff\x80\xceo\xb3\xfb\xb2\x8bJ\xe1\x88\xe6%l\
(c\x1fb\x12\xc4\x16*j4s\x1c:8\x85\xb1\
f\xa0\xef\xff\xfd\xb5\x9452ZZ^\x04\x01p\xce\
\xd1\xf0\xc8(.~\xee_\xe0W7\xfe\x89N=\xfb\
\x11T\x95=dY\x03.\xf3 JiX\xcd\xde\xda\
\x9b\x93\x89U\xd2\x08\x93\xc2,oQ\xb7\xd7\xd5\x02!\
\xc7\xcc\xd1E\x10\x8d\x8f\xafD\x08e:%\xa2\xbeQ\
e\x09\xc4\xc9\xa0x\xd2y\x80y\xded\x06\xa1\xd9h\
\xe0\xb4\x87?\x8e\xbe\xf1\x0f\xffFO}\xfa3hi\
\xa9\x8b\xb1\xb1\x95\x88!\x128\xf0\xc1\xc3\xd3\xfc\xeew\
\xbc\x85\xff\xee\x8aw`\xff\x83w\xd1\xe2\xf2\x22\x1ay\
\x06\xe7\x81,\xcf\x905\x1a\xa0L\xe6\xc3\x87P\x22T\
\x81C\x15\xf4\xc8X\x0c\x1b[-\xaa]aB8\x06\
\xb8\xfa_\x01iH\x91F\x96\x18+^1\xbc\xc29\
\xe7\xa8\xd5jR\xb3\xd1@\x9e\xe5\xc8\xb2\x8c8V\x22\
S)zr\xe8\xf5\x0a\x9a\x18\x1f\xc3w\xbe\xf6\x05\xbc\
\xf4\xf9O\x8f\xd3{wq\xdeh\x82C`\x94]j\
\xaa\xe2\xa6<u_3\xd8\x03;v\x03y.\x8d@\
\xd22\x9d\xd0\xa0\x9c\x17!\x14%V\x8d\x8f\xc5\x91\xd1\
1\xb6\xe3\xd2\x05\x9f\xda!\xed0=u\x90v\xef\xdc\
C\xedv[\x9a\xae\x1c\x91w\x8e\x97:\x05\x8eZ\xd9\
\xc6U\x1f\xbf\x1c\x8d\x86\xcc\x1f$ )\xbfs`\x22\
fG\x8eC`n73\xbc\xe7m\xafF\xb50\xc7\
\xceg\xb0Z\x19\xe2\xbe\x91w\x166[\x88\xca\xd2\x08\
\xac\xd3\xae\x88\x8d6N\x0a`(\x9b\x13\x87 !\xb3\
\xbd\x88\xc5\xfa\xda\x06\xad\xda\xef\xa9VX\x81\x8f\x94@\
)\xffk\xd5\x03\xba\x92\x9b\x98\xb4\x07\xd0\xfc:\x00N\
\xb8\x8a\xa3\x8d\xf5\x12\xef\xcf\xd63\xac\xc8P\xe8-\x18\
<\x12\x95W7\x92\xac\x94\xde8\xd9\xb6\x08\x84\x04\xe7\
\xf5\x09\xf4W\x07*\xe07\xe4\xaefF\x09v\xb5\x1a\
R\xcag\x81F\xec#\xfaLB\x8c\xd4\x0c\x01\x8df\
\x13\x07\xa7\x0fbb\xb8\x81\xef\x7f\xfb\x9bpY\x86\xc5\
\xe5%&H\x87\xd9\xc0\xd0 ?\xfb\xa2\x8b\xf1\xdb?\
\xde\x85\x93N?\x9b{\xdde\xf8,\x87\xf3^\x09\x08\
Y\xfa\xc4Vu\xcb\xdcw\xb9z\x9f,O\x98\xc1\x1c\
c\xc4\xf0\xf00\xee{p'\x1exp'\xb7[-\
\x94U\xc9c+V\xf0\xd9\xa7\x9f\x86\xc3\xb33\xec\xbc\
gyV\xd6\x8f\xa9\xb8\x90j$K\x00;G\xec\x9c\
\x84\x04\xde{0\x07\x9cz\xce\xf9\xb8\xe9\x8e\x07\xf1\xa8\
\xc7<\x0e7\xfd\xf1\x16Z\xb7n\x1d\x87\xaa\xa2\xdc{\
\xec\xdc\xb5\x0bO\x7f\xda\xd3p\xdd7\xbf\xc4\xcd\xb0\xc8\
\x07\x0e\x1c\xa0\xd9\x99\xc3\xd8\xf3\xe0\xfd\xd8s\xff}\x98\
\xde\xbf\x9b\x17\xe7\xe78\xcfs\x8e\xa1\x92!,\x06?\
\xf5\xd4-M%\xe92\xd8\x11\x90\x19\x03\xcb\x12\xaa\xa0\
$\xb0\x95e9\x95D\xb8\xfa+\xd7\xe2\x93\x9f\xfb\x0a\
\xfe\xeeK_\xc7?\xfd\xe4g\xfc\xa7\xdb\xef`\x9fe\
R\xfd\x97\xca\xb8\x22\xf2<\xe3\xaa\xaa\x10c\xe4\x8f\x7f\
\xe8oh\xf3\xc4\x00\x96\x16\xe7A\xc4\xec\xf26;\x9f\
\x99\x94\xa8o\xa9\xd3\xd2\x0b\xd3{\x00\xef\xfb ur\
\x16`&x\xefiqa\xde\x9ds\xfa\x89\x18\x1a\x1a\
\xa0\xa2\xac`\xc5k\xce9\x1d\xf5\x06\xdc\xbfo?\xba\
\x0b\xb3Ly&w\x11##o\xa2sh7\x7f\xe6\
\x13\xef\xe7\xd5\x93\xabPVA\xf2x\xb5\xedBD\xa4\
\xa8\xee\xdd{\x87\x10\x02\xfe\xfc\xd9\xcf\xc4I\xa7\x9e@\
\xf3G\x8e@\xba\xf7\xcc$\x99l\xd6\xcfQ\x8a\xf0\xd5\
\xc2\xaaC\x16\x04\xc85\xa0f\xc3\xf1\xe9\xc7zN\xc6\
\xd4j\xadn\xc2\x0b\xb6\xa8A\x0d&'}\xe0\xac\x06\
\xa7\x12\xef\xb0\x05 \xac\xae]+\x0a\xf5\xddY\xdd8\
T\xde\xc1$\xd3\xaee\x9a1\x12\xbf'Go\xf1\x09\
\xd7h\xdd\xdeWm\x1d \x96\x0a\xca~\xea\xe0\xc2D\
%H4\xcdZ\xca\xc3\xfd\xc0\xc4Lb?\x19\xed\xb8\
/\x95j\x8e*y*Y\xd3\x88\x18\x22\xb7\xdb-\xec\
\xdf\xbf\x0f\x1b'\x86\xf1\xadk\xbf\xc2D\xe0\xe5\xe5\x0e\
9m\xd7\x1c\x1a\x1a\xc6\xb3/\xba\x187\xdcv\x1fN\
>\xe3lt:K\xc8\xb2\x06\xcb$^\xe8\x14\x22q\
+\x8el\x10\x8c\x8d\xdbM\xf7\x9e\x96\xedA-t\x96\
g827\x8f^\xd1\x81\xcf2\xa3'\xa8\xd9lQ\
\xe8t\x98\xc8!2+F3m\xb2'\xab\x19\x10\xf5\
d\x88\x0c\xe7<\xb1\x8b\xf0\x9eQ\x15]\x1cs\xe2)\
\xd8\xbfw\x17=\xe5i\xcf\xe0\x8f^\xf1\x01\x5c\xfa\xda\
\xd7\xf0\xbe={\xe0\x9d\xa3\xfd\x07\x0e`\xeb\xd6\xadt\
\xdd7\xbe\xc2o{\xe7\xfbx\xeb\xd6\xadx\xda\x93\x1f\
\xc7UUa\xff\xd4!\x5c\xf7\x83\x7f\xc2M\x7f\xda\x8e\
\xc9\xf5\x1b\x89\xb9\x12\x18(\xb5\x84\x09\x83\xd6\x8f_\x91\
j\x22;\xfb\xafWI(\x028T\xd4j\x0f\xe0\xc6\
[\xef\xe0_\xfd\xfe\x8f5(\x8d%\x9a\x9ep\xde\xe9\
\xa7\xe2\x8b_\xb8\x9a\x8f\xde\xb2\x89\xaa\x10\x88\x88\xd8k\
\x9bo\xaf,162\x8c\xa7<\xf9I\xf8\xfc\xb7\x7f\
\x88\x81\xe11\xdav\xec\xd1\xc82\x8f\x10\x03y)\x9d\
\x93\x91b\xaaMK\xdd\x0e\xc19f8\xa9\x04\x95\x8b\
Tk\xc6\x04\x9fq\xec-\xf23\x9f\xfa\x04\xb1\xe1\x89\
7r\xd2\xbf\x12\x19\xf0\xc0\xf5\xbf\xfe-\xc7@\xf0.\
CY\x96h\x0e\x0e`\xea\xc1\x07\xf0\xee\xd7\xbd\x98\x9e\
\xf2\xc4'\xa0\xdb+\xd1\xc8s\xd2A7`\x06b\x90\
vaH+<\x93'\x842\xa0\x99\xe7x\xd7eo\
\xa6\x17\xbe\xf8U\xc0\xd88sX\xd6\x0a\xa9\x94\xfaK\
\xc5J\x16\xd7\x8b\xa2Z\x96@u\x97,\xe3M K\
z\x9b|s\xd2d2%sF\x0e$#A\xf6\xfe\
vhp\xcc\xb6\x82\xcf\x982\xc1\xe26\x12LC\x03\
\xc7:\x0a\x18`i=U\xd4`\xf4\x0bY\xc8*\xb6\
\x84j6\x9f\xa1\xa9CS\x0e1+\x16\x1e\xa4\xe1f\
Q\xdb\x81\xa5F\x9f\x0d\xadh\x19_\xb4\x10T\xbb\xb0\
L\xfd!\xd7\xcb\x16\xabZA\x95\xbah}\xa4\xa9\xbc\
\x8a\x22\x22Z\xed\x16M\x1d\xd8O\x9b'G\xf0\xedk\
\xbf\x0cp\xc0Rg\x89\xc8\x11e>\xa3\xf6\xc0\x00\x9e\
\xfd\x9c\xe7\xf2\x1f\xfe\xf4\x00\x9dt\xdaY\xe8u;\xc8\
\xb2\x06\xbcw\xea\x84\xad\xc2\xdf\xa54\x84z\x91\x04\x99\
\xb5\xd4F{;(\x1d\x161S{x\x05\x1e\xd8\xb9\
\x17\xde{\x10\xc8-w\xbbt\xee\xc3\xce\xe2F#G\
UUi\xb1\x06Ko8R\x92\xa9V>yS\xb2\
\x9a\x01\x07\xe72\xf8\xac\x81*TX\xbdf=\x8e:\
\xe9\x1cz\xcb;\xdf\x8fW\xbf\xe6\xb5\x18\x1e\x1d\xa3\xc1\
\xf6 \x9csXZZD\xab\xd5\xc65_\xfc\x0c\xde\
\xf1\xb67\xe2\xa4\x93N\xc2\xe9g\x9c\x81'?\xf1q\
\xb8\xee\xdb_\xc5[/}\x11\xed\xdfq\x9f\x94\x06\x13\
\x09)\xc8V\x8b\x91\x92\x84}\xe1\x1es\x96\xe7\x9c7\
[\xc8\x9aM4Zm4\x9b-d\xad&\xf2f\x1b\
>k\x80\xc1\xdch\x0falb\x0dV\xaeZC+\
W\xaf\xa7\xb15[hp\xf5\x16\xfc\xe7oo\xc1\xf3\
\xfe\xf2\xafhq\xb9\xa3I\x05\x0d\x0fc$\xaf\xd6\xe5\
\xc9\x8f\x7f4SY\xa0\xb3\xb4\xcc\xa7l\xdd\xc8\x80\xcc\
\x14@L\x0e\x0a\x99wTF`\xf7\xf4<g\xcd\x01\
 M\xc0UL\xca\x8c\xcc;^\x9c\x9f\xc7i[\xd6\
\xe0\xc9Ox\x9c\xa4Uev\x00d0%\xa0\xe5B\
\xf8\xf9\x7f\xfc\xc2eC\xc3\xc4\x0cdy\x8eC\x87\x0e\
\xe1\xc23\x8e\xc6{\xdf\xfe&\x94e\x85F\x9e\x09~\
6\xf9\xf7\xa0\xdc{f\xcd\x00x\x07p\x00y\xefQ\
U\x15\x9ew\xd13\xe39\x0f;\x95\xe7\x0eMk\xbf\
\x07j\xbdP\xe1L\xa7\xab#\xf0\xc4\x932E+\xe9\
e\xb6\xd7\xa9w\xaf\x93\xfe\xca\xc9\xe9wA\x91\xcdC\
\x99\xc7\xadC6M\xaf\x81%I\xcaA\x01\xab\x0e\xc2\
\xa8\x03\xbdt\x11u\xe0\xecb\x12r\x83\x06\x0aI\x98\
)r$N\xa0_\xed\xa21`\xb0\xcb\x06\x99`3\
\x84h\x94\xc4\x84\x86\x0a:\xfdTB\xabh\x18/\xc1\
\x1eQ{\x15=%\x1a\xa3\x84m\xe94\x12\xbc\xa8\x8d\
\x8e\x81\x04n6\x9b8x\xf0\x00o\xdd8\xc9\xdf\xfc\
\xda\x97Q\x85\x8a;\x9d\x0e98\xf2\xe4y`h\x80\
/z\xce\xf3\xf0\xc7;\x1e\xa4\xe3O;\x1dU\xd9E\
\x96e\xf0:\xe2\xda8\x9a\xc4{\xb0\xe9\xa3|\xa2\x1d\
\x88U*\xc2\xb4\xc7\x96\xc08\xc7\xddn\x81\x9bo\xbc\
\x09\xedv\x0b\x81#\x87*\xf0\xfa\xb5\xab\xb1\xbc8\xa7\
\xa3\xccC\xe2Y\xfa\x81\x1c\xd7w\x95\xc8\x16\xb6\xfe\x81\
\xd4[\x9f\x03\x04\x0c\x0c\x0e\xe0\xd4\xf3\x1eE_\xff\xf6\
\x8f\xe8\xe9O\xff3\x1c>2\xc7\x13\x13\xe3 f.\
\xab\x12\x87g\x0e\xe3\xc8\x91\x19,,,`q~\x1e\
\x8b\x0b\xf3\xd8\xb3w\x0f\xde\xfa\xa67\xe1y\xcfz\x12\
\xa6\xa6\xa6\x907Z\x12}\xd4\x04z\x82W&\x11D\
\x8e\xe6\x0eM\xe1\xf0\x03\xdb\xe3\xe1\x07\xee\xe1\xe9\x07\xb6\
c\xfa\xfe\xed<}\xff\xdd\x98\xbe\xffn^\x9c\x9fc\
\x9fg\xe0\x10(T%bYq,K\x8aU\x81\xaa\
W`\xf5\xb6\xe3\xf0\x87\x9b\xff\x84\xdf\x5c\xff[\xf6\xce\
\xc7XE\x02\x5c\x1f\xff\x0c\x1eld\xe0^\x0f\x5c\xf4\
\x90i\x5cbM*\xd1$\xd6y^\xea\xf6hjz\
\x06\xad\x816\xb3\xad\xa6gy\x95s\x00\xbb\x8c;S\
;\xf9c\x1fx\x17\xb5\x9a-DA\x1cj\xd3\x88#\
G\x22\x97\xe1\x8f\xf7\xec\xa5\x1b~\xfb\xfb8<\xbe\x8a\
#GT\x0c\x8cTG\xf0\xc5\xab>\x8ef\xb3\xc5\xe4\
\x00\xe7\x92/\x22\x0084\xbb\xc0\xd7\xdft\x0b\xbc\x93\
\xae\xc4\x10\x136Ed\xc0{\x8f\xf7\xbd\xfb\xed\x5c,\
\xceh\x19\x1b\xab\xae\xcb8\xf5h2\xce\x91\xa3\xf8G\
q\x19\xb1v\x00\xba\x08G\xffn\xc07&A\xd7\xb3\
\x82\xc5\xe2\x12\x9a[<\x01$\x0b\x80$P\xc8\x92e\
I\x9b6\x8c\xbfg\x8a1\x9a3J\xfa+\xbeV\x1b\
\x83\xfa\xdeUg\xe7K\x95_\x8cL\x8e\xa0\xeb\xcd\xb8\
\x96\xd9\xbe\x8at\x95g\x07\x92\x8d\xc2}\xc8\x9e\xfa\xdc\
\x1d\xf7\x85\xa0v\x85\x9c\xec\x8f\xb8@mQ\xee\xfb\x80\
\xf4DR\xcc\x0af4\x9aM\xec\xdb\xb7\x0f'\x1c\xb5\
\x1e\xd7|\xf1*t;\xcb\xe8\xf5\x0a\x22\x22\xce\xb3\x8c\
\x06\x07\x07q\xd1\xb3.\xc6\xcd\xdbw\xe1\xb8\x93OE\
\xaf\xd3E\xde\xc8\xd4C85\xa1D>\xcd\x0e\x15\xc8\
!\xf6@`\x99E@\x09\x13\xb0\xbd\x8c\x15\xc9\x03\x8d\
\xf6\x00\xf5\xaa\x8aC\x15\x88\x80XU%\x0d\x8c\x8c\xd0\
\xaa\xf1Q.\xcb\x82}\xa3E\xaa\xfd\x06\xfb\x08\xb0\x89\
\xa8T\x1b\x1d\x02Q\x14.\xc2xYm-\xe6XU\
\xc4\x1cp\xea\xb9\xe7c\xfb=w\xe1\xc2\x0b\x1f\x8dk\
\xaf\xfd*\x9fs\xf69X\x5cZ\x90\xd7\x19ld\xd9\
\xce\xebAt`j\x8a_\xf6\xb2\x97\xe0\xdao\xff\x03\
*\xc3\x8d\x82\xaf4^S\xd6\xcc\x112\xe7\xb9\x5cX\
\xa0\xe7?\xe7ix\xeac\x1fEe\x08\x92\xdff\xa6\
*Dn\xe4\x19\xbe\xf2\x8d\xef\xe2\xc6;w\xd2\xf0\xd8\
\x0a\x0eA\x84\x07D\xcc\xe4\x01\xa9!!\xca[\xec\xc8\
'\xa4\xdb'\xa9\xa2$&\xf5\x04\x0c\x8cJ\x06\x00\x8e\
d~c\x04 \x93')t;\xe8-\xcc\x22\x1f\x9e\
$\xf2\x19<\x18 O.\xf3\xbc\xbc\xb8\x8c\xa5\xfdw\
\xd3\xd7>\xf5~<\xe1\xb1\x8f\xe6\xb2,\xc9\xe7\xb9\xee\
\xac\x92\x0f\x8a!r\xd6p\xf4\xc5\xaf|\x85\xcbN\x07\
Yk\x00\xec\x1c\xcf\xdcw\x17\xbe\xf5\xc5O\xd0\xf1\xc7\
\x1d\xc7EY\xa2!\x05@r\x1f!D\xdf\xc8\xe9}\
W^\x8b\x1f\xff\xfd\x97\xb0\xf3\xee[\xe0\xebi\x03\x00\
\x1c\xbc\x07zEIO{\xd2\x13\xf1\xe8G]\xc0\xbf\
\xb9\xf1V\x1a\x9f\x9c\x04\x87 \x8fC\xe3n\x83\xf8N\
q\xb5\xd6\xdd\xf4\x85\xc4&HHu\x01\x1a=\xa7\x00\
L\xc3\xf8\xe4\x9f\xe47\xeb\x02\x19\xd3F\xd5I\xce`\
\xc3\x96\xf5B\xcc\xc9\xd4J$t$\xd7\x9ba\x09\xc9\
\xaaX\xf1\x88\x19\x16\x9bKP\xef2W\xe3\xa0\xefo\
v\x8f\xe0\x88)F\xe1\xedH\x06\xaek\x0b\xab\xb96\
\x09\xa3\xa8~\x93>{\xa3q\x06\x00-c\xa8;\x8b\
,L\x96)\x02\x009D\x8eh\xb7\x06\xb0\x7f\xff>\
\x9cz\xccf|\xe9\xeaO\xd2\xf2\xf22\x97e\x09f\
\xc6@{\x80\x5c\xe6\xe3\xb3\x9e}\xb1\xbbe\xfbN\x1c\
{\xcaiT\x16=dY\x06\x19Z\xe2\xe0\x9c\xad\xbc\
\xd4\xcf\xb7\xb1\xcbfLet\x93\x9aOQV\xbb^\
ED\xe4\x9cG\x8c\x81GFV\xf0\xf5\xbf\xfb=\x16\
\x97\x16\x91\xf9\xccu{]\xda\xbca\x03\x8e\xde\xb2\xd9\
\xdd\xb3o\x16\xed\xe6\x80\xe1\xac\x9a)Q\xa3bV>\
\xb2\xae\xdf!6\xb7\x0c\x9bE\x9dy\xd9.\x13\xd8q\
\xa8Jl9\xe6x:tp\x8a^\xf0\xc2\x17\xf3\xcd\
7\xfd\x9e\x9a\xad&\x17Ei\xe7Cb\xbe\xc5\xc8\xf6\
\xba]\xac\x1c[I\xab\xc6W\xe0\xc1\x9d\xfb\xd9\xe7\xb9\
\xd4\xa13\xb4<F\xce\x9dX\xa4\xb3\xeav\xf9Q\x17\
>\x0a/\xba\xe4\x12\xfc\xaf/\x02\xc0+W\xaf\xc5\x9f\
]\xf4b\x1e\x99\x5c\x0bO=\xd9\x03\xa9\x8f\xb0\xd1\x1e\
\xa4\xd9\x99\x19\x1c\xbbu#\xce=\xf7l\x9dl\xab\x05\
2\x0a\xa1\x99\x19\xb7\xde\xb3\x83\xe12\xca\x1b9\xb6n\
\xdb\x92lD\x8cj\xf0+\x00\x0e80{\x84\x0f\x1e\
\x9a\x81\x8b\x83\x16\x01\xca\xac\xe3\xe5y\x9c\xb2e\x0d\xfd\
\xcdG\xae\xe6g<\xfd\xa9\x5c\x94\xa5\x14w1\x13;\
)\xdc\x09\xcch\xe4\x9e\xfe\xb0}\x07\x7f\xe3\xcb_\xc3\
\xd0\xa6\xa3\x88|\x86\xe9\xdd;\xf0\xf6K/\xe1\x17>\
\xef\xcfQ\x16%52/2\x0e\x19n\xdah\xe4\xf4\
\xaf7\xde\x83/\x7f\xf6\xf3\x14\x97\xa6\xf9\xc7\xff\xf4/\
\xf8\xf3\x8b\x9e\x8525=I\xd7\x9d\xcd\x03x\xff\xbb\
\xde\x8a\xc7>\xe5\x22\x0e\x1a\xb9\xaa\x93J\x83\xcd\x9d.\
w\xd4\xa1\xa9Jy;8 \xcd\x95\xe0\xa4\xfc\x96\x05\
\x10o\xa4\x92\xa7Y\x00\xe3c\x92\xc6#\xd5\xee+\xe1\
\xc0\x80\xcb\xc8\x22j\xa7\x9bS\x989rt\x0aH\xb4\
\x09\x88\xe1\xa2\x0e\x16\x00C\x99:g\xfaf\x95\x84\xfd\
\xcc]\xbf\xaa\xca\xfaIK\xd6i\x86@\x1d(3\x98\
(\x92\xf2&l:e~\x14\xb0f\x9e\x1a\xfd\x222\
K\x8e\x95\xc5\xdd+\x0cb\xe30DDABqP\
\xab\xdd\xe6\xfd\xfb\xf6\xe2\xd4\x13\x8e\xa2/^\xf5),\
,\xcds\xa8\x02\xc5\x18144\xc4\xdd^\x0f\xcf}\
\xf6_\xd0\x83\x07\xe6\xf8\xf8SNC\xd1\xeb\xb1\xf7^\
:j\x9d\x93,\x05,G\x9b\xcc\x92Q\x0f\x1ajR\
\xf2\xfb\xa8\x97\xd6iz\xd8\x14TH\x18\xe73ZZ\
\x9aEY\x94\x91\x9c\x07\xaa@\x00#\x94E\x0ce\x8f\
,4\x12G\xa2a\xae\x1c\xbe\xd8[\x16\xf61=G\
\xc5!j\x03$\xdcs\x1e\x14$\xc3\x92e\x19\xdaC\
#\x18\xda\xb8\x99\xb2<c\x0eR\x89\xa6\x13e\xc5\x02\
\xc7\xfa\xbd\xca\xa2\x94{5b\xc3\xe9\xbd\xa6s\x91c\
\x8e\x11\x04\xefp\xdf\x03;\x10B\xe0\xa2( 5\x08\
\xe2\xabB\x08x\xfa\x93\x9f\x88\xb7\xbd\xf9\x95\xf8\xc4'\
>O\xedu\x9b8k\xb6\x10C\x04\xb8\xa2\xd9\xc3\x87\
1\xde\x0c|\xcdg?\x8d\x91\xa1A\xaeB\xa0\x8c\xbc\
\xb9\x92\x04\xcd\x7f\xf5?\xff\x038\x8f\xdcS\xdc\xbai\
-\x016\x13OR\x07v=\x87\x8ft\xf0\xf8\xf3\xce\
\x80\xcf\xdb\x1c\xe1\xe1)\xd2\xc3\xcf;\x9b\xcf=\xedd\
<\xfe\x09\x8f\xe5,\xcb\xb9\xac*d>\x07\xac\xfcF\
\xdb\x1f\x88\x19%\x11^u\xe9\x9b\xd0s\x19\xad\x18\x9d\
\xe0C\x07\xf6\xf1\xa3\xce<\x01\x1f\xfb\xd0\x07d\xed\x99\
w\x88\x8a:\x94N\xc6\x91\xd2\xd3+/}\x0b;t\
\xe1Wo\xa2\xab>\xff%~\xce\xb3\x9e\x01\xe7\xf4>\
\xacl\xda9\x94U\x89G=\xf2|z\xd2\xe3\x1fC\
?\xfb\xf5\x0d<9\xb9\x8abU\xb1K.^N[\
uFDJFz\xd9pP\xd2\x81\xc0l\xa1GT\
\x99\xa3\x08\x90\x87\xfd\xad\xbe?\xad\xdd\xac!\x89x~\
(+\x9a\xd9qZ\xbd\x8e\x92\x09\xf6a\xe9W\xeaw\
\x10\x0bC$}?\xb6\xf7K\xb6A\xaaF\xc7\x98d\
\xc7\x10\xab\x0e2\x86d\x94a\x0a\x0f@\xe6\x0f\x98\x9f\
\x84]Z\x8a\x02\xb8\xef\xcf\xb0J4\x1b\x92\xa8\xa1R\
z\x05\x01Ho\x0cfj4\x1b\xbcw\xd7.<\xec\
\xf4\x13\xf1\x99\xbf\xfb(\xcf/\xccQY\x05 \x04^\
1:J\xf3\xf3\x0bx\xe6E\xcf\xc1\xe1\xc5\x88\xa3\x8f\
9\x8e{\x9d\x0e\xb2<'\xab\xaa\x22-\xc9\x95\xc7\xad\
\xf7.\x97e\x03v\x8c\x81\xd6r?\xad\x85bK\x0c\
\xeaq\x90\xed\x8eg4\x1a\x0d\xcc\xceT|\xf7=\xf7\
\xd2\xc9'\x9f\xc4E\xd1\xe5\x10#\x9d\xf7\x88\x87\xd3\xad\
\xdf\xf8\x07v\xe4\x5c\x90Iw\xb5\x994\x8a\xb7OX\
\x80\xd4m\x0a\x82b4\xb6#\x96v\xf2\xe6\xe00\xed\
\xdb\xbd\x8bW\xafh\xe33\x9f\xfd\x02\xb5[\x83X\x5c\
\x9a\x17\x01\x95\xf7\xa3\x9a\xd7\x91{,\xab\x82\xa6\xa7\xa7\
\xd9g91\x87\x14v\x10\x99\xcai\x7f\x83\x0a\xd2\x8e\
\x1d;\xe0\xbdg\xef<eYf\xb6\x09\xde{\xaa\xaa\
\x8a?~\xc5\x07\xe8\xa4c\xb6\xf1w\x7f\xfco\xb8\xff\
\xbe\xfb\x99\xe1\x90y\xcf\x8f{\xdaS\xf1\xdaK_\x89\
\xe3\x8f\xdd\x862\x04\xca\xbd\x17\xd1\x01H\x18u\xc7;\
\xf7M\xe1\x7f\xfe\xe7\x97h\xaf\x5c\xc3q\xe1 \x0d6\
\x9b)<\xb0\x09>.\x93o]x\xd6\x09\xfc\xf3\x7f\
\xfb1\xe1\x7f\x85\x10&De\x15\xc8\xbb\x0c\xd6\xf8\xa2\
\xc6\x9a\xabP\xa1\xd9h\xe0\x8d\x1f\xfc\x14\xdf\xf4\xab\xdf\
\xd0\xf8)g\xf2\xc2\xfc<\xaf\x1e\xc8\xf0\xedk\xae\xe2\
 |\x02e\xdesD$8\xc7\xb1\x8c\x94\xe79.\
\xfb\xd0Wx\xefM\xbf\xa0\xd1\xe3N\x02\xf9\x1c\xd7\xdf\
\xf8'\xfa\xe9\xcf~\x8e\xa7>\xe5I\x5c\x14\x05e\x8d\
\x86\xb8#\xf2P\x8a\x88?\xf0\x9e\xcb\xf0_\x8f\x7f:\
U!\xb2\x07\x03\xec\xb4\x9e@\xbd5%/)|\x87\
^mRE\x0d\xfd$\x8f\xa0zU\xdbA\xb5:\x8a\
/\x12X\xb6\x02GU.\xfd\x9cL02\x00\xcf\x0c\
\xb6%\x9c}\xde<1\x86\xba\x8aH7r\xd8\xa8#\
)h\x88\x00\x11\xe9\xcfl\x94\x84<{\xed*\x93\xec\
\x82m\x0eI\xdd$r)\x22UF\xa3\x8b\x10\x93\x19\
OJ/\x83\x11\x01\xf2\xd9\xd6?\xac&\x8fU\xe8\xe5\
\xaf1\x06\xe4\x8d&\x0eNM\xe1\xbc\xb3N\xc6UW\
~\x8c\x8f\xcc\xcc\x10\x83\x11\xab\x80\xf1\xb11\xcc\xcc\xcd\
\xe1Y\xcfz\x0ef\xba\x8c\xcd\xdb\x8eA\xd9\xed\xb9,\
\xcf\x99\x9c\x138\x8fZ\x96t\x83\xad(\xb4S\xb9b\
+\x10\x83|r\x82\xc8\xc6\xce:\xbbn)\xab\xd0<\
E\x96e|x\xf6\x08\xa6\xa6\x0e\xe0\xac\xb3\xce\xa4#\
ss\xf0\xdec\xfd\xeaIZ\x9c\x9f\x83s\x8e\xcb\xb2\
\x22\x9b\xcdI\xf6\xe8PGE\xda\xc1C\xc9\xd02'\
h\x1aC\x80\xcf<B$\xday\xefv~\xc6\x13\x1f\
M\xef{\xcfe\xf0\xceaqq\x81\xbc\xcf\xd0+z\
L\x04\x99\xc5\xa7 \xa2\xd3\xed\xd0\xb6\xa37\xe0\xef\xbf\
w\x1d\x96\xbb\x059\xef\x11,\x11\xab\xe2\xe7\xfa\xc3\x11\
\x8e\xe4\xdam~\xe0\xc1\x07Q\x85\x08\xed\xe4\x13\x5c\xa4\
\x87\xe5\x9c\xa7\x18#_r\xc9\x8bp\xc9%/\xa2N\
g\x19\x00\xd8SF\x8dV\x03\x00\x10B\x05\xef3S\
~\xf1\xb0U\x85\xac\xd9\xc4\xdb\xff\xe6\xc34?\xd7\xe5\
\xb1\xd5\x83T,y\xf84\x0c\x94\x08\x11\x14\x9d\x8c\x03\
3q\x88iO\x9c>\x1e\xd5\x0b\xe7\x1c\xf9\xcc\x1b\xde\
erD:\xb2\x8c\x9a\x8d\x06>\xfa\xe9\xaf\xf0\xa7?\
\xf4\xb7\x18=\xeeT\x04&*f\xa7\xf0\xa5k?\xcb\
\xeb\xd6\xac\xa3^\xaf\x87F\xb3IVsT\x95\x155\
\xf2\x8c\xbe\xff\xdf\x7f\xe4/]\xfe^\x8cl9Z\x1c\
\x5cU\x01\x8dA|\xe2\xef>\x83\xa7>\xe5I\xb2k\
\x92\x99\xe0\xc0\x1c\x029\xe7\xb8(K<\xec\xec3p\
\xd13\x9f\x8c\xef\xfe\xf0gX\xb7q=U!\xa8#\
\x95\xd5c\x86\x8f\x99\xd9BM\xab\xbe\x11\xbf\x1b\xd50\
XQ\x90X\x00\xb2\xe8\xca\xee\x9f\xc8\xc0\xbe\xa1h2\
3`\xd2\xac\x1dC\x92\xf4\x13|i\xd3c\x92\xad\xe0\
dA\xacc4\xaa\x97\x07G\x04Upf\xeb\x0d\x04\
\x8cY\x95\xf7\xd3\xb1\xff\x96\xc3L:\x03\xd8\xa6_\x00\
\xb67\x984\xc6\x15{\x98z\x0bX\xe5-e\xc0\x99\
\xad\xf0(\xdd\xb2J\xa6d\x01)\xc6\xc8\x0b\x8b\x0b8\
z\xd3j\x5c\xf9\xb1+x\xf6\xd0!\xd8X\xef\x95\xe3\
c4u\xf8\x10=\xfd\x19\xcf\xc6|\xe9\xb1e\xeb1\
\x08EAY\x9e\x83\x1ci\x15)Y\xf5\x81D%\xa2\
\xe6\xd2\xab/ZNV\x0a\x5c\xe3\x1cU\x95d\xae5\
\x17\xc3l\xac.\xf49\xd2\xc0\xd0\x08\x1d\x98:\xcc`\
b\xef<\xf5z=\x9e\x98\x9c\xe4\x91\xe1\x01\x94U%\
\xa6W\xa4@\x0eP\x97?J\xf3\x95\x9c\x03\x180\xfe\
\xb3\xaev\x0ch\xb6\x9b\x98\x9b\x9f\xe7\xa5\xc3\xfb\xf0\x89\
\xf7\xbd\x05\x9f\xf8\xc8\x07\xb9\xd7\xed\xa0\xd3Y\xb6\xc0\x05\
\xab''\xb1bd\x05\xcc\x8c\x84*b\xf3\xa6-|\
\xeb\xad7\xf3eo\x7f7\x8fM\xac\xe1P\xf4\x94\xfc\
t\xb0\x02\xaat\xc6*\x1a\xed\x91\x15t\xf3\x1fn\xc3\
\xcf~\xfe_\x94\xe5\x19BYZi\x19d\x1601\
\x1cP\x96\x15UU\xc9\xed\xf6\x00\xb7\xdb\x03h\xb4\x1a\
\x5cV\x95\xb4\xe0R&\xc2\xe7\xa44\xbb(\x0b4\x9a\
M|\xf2\xcb\xdf\xc4u\xd7~\x0b\xa3\xdbN\xa0ng\
\x19k6l\xe0\x89\xc9I=\x12ptV\xe2\x22\xab\
\xcf\x88\x1ce2m\x983\xe7\xe02\xcfY\x96q\x96\
\xc9\x12u\xab\x17\x0c\x11T\x16\x15\xf2,C\xa0\x0co\
x\xe7\xe5\xfc\xcew\xbc\x97F\x8e?\x85\xb2\x81\x01>\
\xb2{\x17\xbf\xf9\x15/\xc6\xd3\x9e\xfcx\x14E\x89<\
o\x92\xb6\xbe\x22V\x0cO\x84]s\x1d~\xd5\xcb_\
I\xcd\xc1&Q\xdeb\x84\xc8\xa1\xe8axl\x8c~\
\xf1\xdb?\xe0g?\xffO\xe4Y\xc6U\x08\x9cRT\
\xce\xca\x11\x18o}\xcb\x1b9\xa7\x0aeY1\xc7\x90\
\xc6\xac\xc5\x9a\x83S\xff\x19\xa5 .\xd6\xa0\xdc|\x8c\
e\xdblj\xb5\x19j\xcb\x1cE\x06\x82\xfe\x02\xa9\x8e\
\x1a\x0a1\xa51f\x0f\xfd(\xd0l@\x94\x14p\x22\
\x04\xc9LQR`N\xb1\xaf\xf1\x94\xa2\xa4\x8c\x94\x9e\
0\xc8\x9anJ\x22gy\xb9r\x03\xd2\x9e\x9a\x0c\x8f\
f2\xf5\xaa$%\xc2\x96\xeeg\x0d\x82\xd3k\xfb\xfe\
M&N\xaa\xa9\xaa\xaa\x82'\xa0\xd5n\xa1,K\xea\
t\xbb\x18\x9fX\x89\xfd\x07\x0e\xf23\x9f\xfd\x5ct\xb8\
\xc5\xeb6l\xe2\xa2+\xb5\xfd\x00\xd8\x91c\xab\xe9W\
\x22\xa9\x1f4!\xa9\x81\xeb\xbf\x0a\x81`l\xd5\xa9\xf6\
\xc4,yij\xc3`I\x8f0\xf2\xbc\x81\xdf\xfc\xee\
w\xf0\x99c0\xf3Rg\x99N>\xe9\x04\xb4\x1b\x19\
\xf7z\xbddx\xa3\xd9\xe0\xbe\x12\x1c\xf3\xff)\xf3\x01\
\x86\xf56\xf8,\xc7\xee\x1d\x0f\xe2\x98uc\xf4\xdd\xaf\
}\x96\x9f\xf2\xf4\xa7a\xef\xbe\xbd\xc4\xcc\x5c\x96\x15\xc6\
FG\xc1\x0c\xbc\xefo\xde\x8f\x9f\xfd\xfb\xcf\xd1n\xb7\
\x91g\x19\x0f\x0e\xb5\xf9\x07?\xfc\x01?\xe9\xa9\xcfB\
h\xae\xc0\xc0`\x9b8h\x97\xe8C?ZM\x9b>\
\x9c\x18\x91\x0f\x8f\xe2\xcdoy;\x0e\xcd\xcc\x22o4\
\xb8\xaa*0+K\xef\xc0\xc4D.wL\xe4\x11\xa2\
n\x11\x969xZ<\x15\x11btUQ \xcb\x1c\
Z\xcd\x06\xff\xdd\x97\xae\xc5[_\xfff\x1a\xdcr,\
\x80\x80n\xb7\xcbG\xad[\x8d\x89\x95+P\x95\x95\x88\
\xa3\x0cn\x84\x19\x0e\x22\xd8|\x00\x8a6%\x98\x85\xc0\
\xacb\xe4\xb2(\x09\x1c\x90g\x0e\xcdF\x037\xdcr\
'=\xe6\x89\xcf\xe0\xab>\xfbU\x8c\x9e|\x16\xf2V\
\x93ggf\xe9\xd1\xe7\x9eD\x97\xbf\xf7m\x90i\xbe\
\x9e\x8cf\x88\x90\x1d\x0c\x94y\xbc\xfam\x1f\xa4\x99\x07\
\xb6skr\x1d\x87P\x8a\xaf%\x80c\x005\x87\xe8\
C\x1f\xff\x94\x187\x88\xcb\x06H\xa6\xdbf\x19\xca\x10\
p\xe6\xa9\xa7\xd0\xf3\xff\xfc\x1984\xb5\x1f\xdee`\
\xb6:\x18\xf3\xe8\x06t%\x22213@c@\x1f\
u8X\xb3\x8a`\xae\xb7\xad\xb3\xfdS\xbbK\xfb;\
\xc0\x99D4\xeai4\xc7\xd3WZ\x97Z\x95,S\
):\xa8\x1c\x80\x09\x83\xfa\x04\xd2\xfaQy\x15\x19\x82\
\xd7(X?;M4\x87E\xeb\xf5\xe8z\x8d\xb6\x8d\
\x8f\xb2\x0c\x00\xab}\xa1>\xe7\x03\x10Y\xdf\x00%\xb5\
\x03\x19b\xe5\x18idd\x05n\xbe\xfdn|\xf0\xf2\
\x8f\xe0o\xde\xf7.\x10\x01w\xdfw?.\xbe\xf8\x85\
@k\x98\xd7\xad^\x83\xa2WR\x96g`\x02{X\
\xbc\xafd]\x8d\xef\x05\x819\xc7\x9a\x92KD\x83\xbd\
B\xf8\xb4\xbe\xaa-\x07X\x0eT\xf36\xfaR\x00\xc4\
\xec}\x86\xb2,H\x04\x96\xb5P%\xa3f\x9e\xa3\xaa\
*\xe4Y&\x16^\xd3T\x04\xc36ju\xfa\x82\xc4\
\x18#\xf2,\xc7\xc2\xd2\x22\x96\x8f\x1c\xc2\xa5\x97<\x0f\
\xafz\xf9K17\xbf\x80\xe9\xe9C\x94e\xb2\x87`\
\xc3\xc6\x0d\xf8\xaf\xff\xfc/\xbc\xe1Mo\xe6\xfb\xef\xdf\
E\xad\xa1\xebx\xcd\xc4\x88\xf8\x12\x06\xed\xdc}\x00+\
Wo\xa4\x95\x93\x93\xe8-\xcf3\xbb$pR\xe9\xa9\
\xd5\x8c\xfd\x02\x15b\xe4\xc6\xf0\x08\xee\xd95\x8d'<\
\xf1\x19\xf8\xf1?~\x1b\x9b6n$\x00\xa8B\xc51\
\xb2\xf3B\x02\x1bk-LB$\xab%\x22\xe7\x1cy\
\xef\xe0\x1b\x0d\xec\xdc\x7f\x10o{\xcf\xfb\xf0\xfdk\xff\
\x9e\x87\x8e:\x99\x9c\xcf\x018p\x88\x94se\xe65\
\xa5\x1bA\x1a\xb7*)\xa5)_\xad\xacs\x09 \xba\
\xcc\x03\x10\x06\xff\xb77\xdd\x12?\xfb\x95\xaf\xbb\xef\xff\
\xe3O8\xb6G1~\xf2YTv;\x88L\xc8\x17\
\x0e\xf1\xa7?\xfaE8\xe7QVZ\x12\x1d\xe4m\xaa\
\x101\xd0n\xe1\x8b?\xfeo\xfa\xc9\x97\xaf\xc2\xc0\xe6\
c(\x14\x05\x93\xf3\xe9tb\xa8xd|\x15~\xfd\
\x9b\x1b\xf0o\xff\xfe\xefx\xda\x93\x9f\x8c\xc5\xa5%\xe4\
y\x0e\xf3\x93\x9a\xf0\xa7\xb7\xbf\xf9M\xf8\xee\xf7\x7f\x8c\
\xa2\x0a\x9c\xf5\xe5\xc7\xe1\xccK'Q\xa7\xe4\x84HE\
B\xac]Bt:\xd6\x944\xe3F\x09\xb8\xc3|\x17\
\xd7&\xa4v\xe3\x9c\x81C\x14\xf8n\x9d\xdeJ\xa0s\
\x82\xbe\xdao\x0d\xd3~\x91E\xd5\xe3\xa8qD\x8c\x91\
\xe0R*\xc0\xb6\xce\xc0\x0c\x95\xc9>\x94&\x80U.\
\x99-P\xc3\xa1F\x85\x08Ne\x8e\xf5\xbaI'\x0f\
\xdbt!\x96;N\xbe?\x05\x1eb\xa0\x1c\xa1,{\
\xbcv\xc3f\xba\xe6[\xdf\xa7\xedwm\x8f\x7f\xf6g\
O\xa5O}\xe6\x0b\xe0\xd60MN\xaeAY\x14\xc8\
\xb3\x9c\xc9\x119\x92B\x1fM#\xa4\x1d\x18Rn\xa7\
\x7f\x84\x96o\x8a\xa1\x11\xbb\xe3l\xb3p\x8a{`\xb1\
'\xa7g\xcd\x0a\x03%\x1d\x10B\xa0\x81\xa1!\xec\x9b\
:\x1c\xf7\x1f\x98\xa6f\xb3\x81P\x96<:\xb6\x12g\
\x9cy\x1a\xff\xe6\x0f\xdb\xa9\xddnAV\xadK\x14\x11\
\xf5\x90\xd9X\x22\x00B5\x12g\x8d\x06\xed\xdb\xb3\x07\
\xc7m^\x8d\x0f\xfc\xed\xdf\xe1\xd4\x93O\xe6\xa9\x83S\
\xb0+\x1ah\x0fpk`\x80>\xfc\xe1\x0f\xe3\xc3\x1f\
\xbb\x92\x87Wo\xc6qg?\x12\x1c*,..P\
\x0c\x15\xc8{\xdev\xf2:R\x9b\xcd\x99\xcf\x13\xb5\x22\
\xf2\xc0$a\x80\xb8C\x07kS&\x8ae\xe0\x15k\
\xd7\xe1\x96\x07\xf6\xe2\xe1\x8fz\x12\xbd\xeb\xb27\xf3\xc5\
\xcfz\x16\xadY=\x01I\xc6?\x84\x94\xfb?\xbe\x02\
\xc0\xb7o\xbf\x9b\xbf\xf3\xdd\xef\xd3W\xbe\xf6\x0d\x1c\x9c\
]\xa4\x15\xc7\x9e\xa1\xedq\x00e\x19\x01\x918os\
\x05\xa0\x1b\x22Ue`i\x80\x13\xf0\xe8\xccp\x93\x93\
)\xc8\x81)\x84\x88\xaa\xd7\xe5\xc5N\x87n\xbc\xf9V\
\xba\xf9\xb6?\xc5\x7f\xf9\xd7\x9f\xd3\xcdw\xddG\xa19\
\xc8\xc3[Ot\x19y\x94e\x0f\xae\xd5\xc6\xfc\xbe=\
\xf4\xa5\x8f\xbd\x8fO=\xf9D\x02\xc0Y\xe6\xd3\x81\x02\
@\x03\xc0}{\x0f\xe1m\xafz\x15Zk7\xc1\xe7\
-V\x88\xae\x81\xab\x13\x82\x88+n\x8cL\xb8\x0f}\
\xe4\x93\xfc\xb4'?\x19C\x83\x83\xd4\xff>\xf6u\xd2\
I'\xd0\xa5\x97\xbe2~\xfa\xf3_\xa3\xc9\xd5\xabe\
q\x09E\xe8\x842\xf1\xbeZ\xc2\xccF\xdb)\xf0\xd5\
\x04\xbc\xd6\x81HA\x92\xe3\xf8\x10g\xabzS;R\
\xf1\xe1\xd6\xf7L\x0c\x8a\x19\xa2\xd1:Z\xec!\xa8[\
@\x9e\xc5\x05\x1ay\xeb\xe5X\xfc\xcd\xf2\xb8%\xb67\
\xc7$\x1f\x14\xebo\x90\xe9\xa4|\x0a\xa5\x10\xc0.\x8c\
\x09\x88Z\xfd\xab\xe5SB7&\x8fi\xc6Oq\x01\
IvD\x9a\x9eu\xc084\xc8\xd6\x9b6h\x0c\x0a\
U\x89\xa3\x8f?\x81\xefxp?]\x7f\xf9\xdf\xf2\x9a\
u\xebibp02\x07j\xb6Z\x86\x98\x186\xe0\
\x8dH\xbc\x883\x1c\x90\x1e\xa51r\x06\xceT\xcf\xc5\
\x14$\x93\xaa\xf7\x99,\xb0\xbe,\xf6\x11\x96\x91\xc1y\
\xde\xa0\xdd;\x1e\xa4\xa5\xa5\x8584\xb8\xda-\x17%\
\x06\xda-\x1e\x1d\x1a\xc0rg\x09\xe3\xb4\x8a\x99Y'\
4'X\xa8\xa7\x0e\xc4\x18(\xcbr*\xca\x8a\xa7v\
\xde\x8f\xe7?\xf3\xc9x\xfb\x9b_\x0b\x06\xf1\xbe\x03\xfb\
\xd1\xf0\x19\x8a\xaa\xc4\xba\xb5kq\xf7=\xf7\xd0\x1b^\
\xf7:\xbe\xfe\xa6\xdbi\xf3qgP\xa3\x91A\x16Q\
\x10\x86\x87\x87\x13\x87 \xe7\x06\xc8D\x1b\xf5\xf4\x8e\xa9\
\x86=\xe9<\x139\x05\x22 \xcbP\xc5\x80\x15\xab\xd7\
\xd2\xe1n\x17\xaf{\xdb\x07\xf0\xc1\x8f|\x8a/8\xef\
l\x1cs\xf4V<\xfaQ\x17bbt\x08,\xdbk\
AR\xf9Fw\xde\xb7\x8bn\xfe\xfd\xf5\xfc\x87;\xef\
\xe1[o\xbb\x13\xcb\xcb=n\xadZK+6\xaeC\
\xa8J\xc0{\x90\xf3\x14\x22cpt%\xff\xee\xb6\xbb\
\xe9aO\xbc\xc8\x0a\xcd8\xf3\x9e8\xe8R\x14v\xec\
\xbc\xa3F#\x87\x18\xff\xc8\x9d\xe5\x1e\xcd\x1d\x9aB\xaf\
\xe8\xf0\xf42\x03\xd1\x93\x1b\x1b\xc7\xf0\xb1\xa7\x93s\x8e\
bY\x22\x00\x8c\xacE\x0c`pt%_\x7f\xc3\x1f\
\xf0\x87\x1b\x7f'I1\xa7.P\xc1V\x9ey\xfc\xf2\
\x0f\xb7c\xb9[\xf0\xc0\xaa\xd5\x14CI\xe4<\x1b\xb1\
\xa6.\x11U\x09j\x8f\x0c\xf3\x8d\xb7\xdc\x8eg?\xe7\
\xcf\xb1i\xc3\xbaX\x86H\xde\xa9\xe3\xf4N\xfb8\x08\
\x07\x0e\x1dA#\xf3\xa8\xaa\x00o\x85\x16Z\xf1E\x86\
\xe9M\xb3\x94\x16#i\xe7\xad\x13v\xcc\x09\xb92+\
\x1f*/'\x8b\xeb-\xc7W\xbb)q\xf9\x99AU\
\xfd\x18\xa7EIz\xd7\xb0\xe9?f\xc6eX?Y\
\x12(\x981\x10\x18\x22\x0c\x9eKvJ\x99\xbb\xbe\xd8\
\x9e\xd8\xa5M\xe5\x02\x0b\x95\xbc\xb0nrMM\x8b\x1a\
\x09\x81a#\x0a\xcd\xf8\xa8pZ\xc1\x13#\x951)\
67\xf6\x80\x1c\x11\x98\xb8,KL\xacZ\x85\xc95\
k\x5cY\x96X\x9c[ts\xf3G\xb8\xddn\xa3\xd5\
\x1e@\xb3\xd5\xc6\xe0\xf0\x10k\xcb\x131@!X\xa6\
\xd5\x8c\x8e\xd9\x99\xc4\x0fp2\x0f\xaa\xda\x89]Q\xba\
\xde\x9e4\xa3\xa6@)\x9d\x01\xb1\xcb\x1a\x98\x99\x99\xa5\
\xb5\xeb\xd6\x82\x1c\xd0\xe9t\xe9\xe8\xa3\xb7\x81\xf8\x17\x80\
\x8e\xec\xaaS\xa2.\x99\x1a\x8e\x8cfk\x00S\x07\xf6\
c8g\xfa\xd4\x87\xdf\x8d\xa7>\xe1\xf18p\xe0 \
@Zt\xe5\x1c\xd6\xae]\x87o}\xeb\xef\xf1\xd6\xb7\
\xbe\x1dUc\x98\x8e=\xe3<\xc4\xb2`f\x16\xc2S\
m\x1f\x1c\x93\x13\x5c\xa9&\xcb[\x0b\x86A42/\
a\xa2\x95\xee\x8d<PV\xe0^\x89\xca\x15\x9c\xe7\x1e\
\xed\xb5\x1bi\x89\x19\xff\xf8\xef\xbfft~F\x1f\xbf\
\xf2s\x00\x22\x93\xf7\x12\x22\x065\xee.\x03\xd8\xc3\x0d\
\x8fPs\xc5\x1aZ1\xd9\xe4\xc8\x011\x04P\x96\x03\
\x9a\x8d\x019\xb8f\x86\xd0h\xd2\xdd\xbbg\x80f\x03\
\xec<\xe9\xe4\x1d\xc0\xc9\xe8s\x02\x00\xd7S\x04\xe8\xc0\
>g\xb7b#9\x97a\xbc\xd5f8GU%\x0b\
9\xd99b\xdf`\xaf\x22\x0b0;\xefp\xcd\xcf~\
M\xe8t\x18\x5cI\xb6=DB\x0c\x8c(\x9b\x97\xfc\
\xc0\x10\xb5W\xad\xe6XU \xe7\x19\xb0\x05+\xe2\x93\
\xc9\x1a\x99\x96fAYN?\xfa\xe1\xbf\x88\x82\x91'\
\xe8\x8cKHG\xa0\xc4\xd0\xad\x16VL\xacF\x0c\x15\
\xbc\xcb,\xbcrL,\x80\xd1\xc1\xea`M\x8d\xfa\x82\
\x81\x87\xb4f\x01H\xe1\xbbU\xc3\xa7\x17\xa7\x9f\x9ao\
\x12k\xe220K\xf9@\xfa\x15\xd9\xe9%J\x17\x0c\
@\x10X\xcc\xb6J\xbb\x86\x03*\x0f\xff\xcbC!9\
\xe3h\xf0\xdc\x5c# -\xbaQ\xdf\xc44#\x99,\
\x18\xed\x98\xe0\x825\x06\xc1\xda{Y\x90P@\x0d.\
\xd9\x1ar\xe5\xce\x22#r`\x0a\xc2\xe6\xc3\xc9\xd6\xd9\
\x18*\xee\x15\x05\xd6\xaf\x1a\xc4\xbb\xdf\xf4\xd74;?\
\xcf\xbf\xb9\xfe\xf7X\x5c^\xc6\x03;w\x00\xc8\x10A\
\xe4\xb2\x06\x06\x87\x87\xd9\xfb\x8c\x9a\xcd\x1c\x8et\xf8$\
k\x05\x88\xc0\x04\x22)\xc7\xd0\xe5Iu\x9a\x0f\xca\x06\
\xb0\xbeX\x9e\x8d\x9a^\x12{\x92e9\xbaE\xc5\xbf\
\xbf\xe1\x0ft\xf6Ygbqa\x01U\xa8\xf8\xb4\x93\
O\xa0\xaa\xb3L6\x94\xd9\x91\x18\x5c\x06#\xc4\xc0\xb9\
\xcb\x00\x9f\xd1\x83\xf7\xdd\x85\xc7\x9fwf\xfc\x9b\xf7\x5c\
\x86\xf1\x95+\xdd\xbe}\xfb\xe13\x8f^\xaf\xa2\x89\x89\
U\xbc\xb00\x8f\xbfz\xe9_\xe1\xba\xef\xff\x13\xd6\x1f\
\x7f\x1aF\xc6F\x11\xab\x0ay.\x99_\xaf[\x98\xec\
\x19\xc6\xc4a2\x9c#)\xcd\xa5\x04!\xc5\xc3q\xed\
\x8c\xc4&y\x8aE\x97[\xab\xd6``\xe3Z\x0e\xdd\
H\x01@XZfL\xef\xc3\x8a\xd5\xeb\x09\xe4\x14\x8e\
\x91#\x07&8[=B\xe4\x88\x9d\xce\x0b\x08Q\xa7\
;\xbb\x1c$\xfb\xfb\xc0\xe4\x99e[\xa8>T\x17\x9b\
\x83#\x04\xe7\xa5\x8d\x85\x9c\x90\xaaTs72.S\
g\xea\x91\x07\x9cc&\xa2\x9e\xe4\x01\x18m\xcf`F\
(*\xf6\xdeSc\xf5\x04\xaa\xa5e.\x8f\x1c\x06\x22\
0\xb6\xe9\x18F\xa8\x88B\xc5\x88\x919\x94\x8cP9\
)^\x8a\x1c\xcb\x82cY\x10\xf2\x86bc\x00\x88\x80\
\xf3\xec\xc8#\x14]\xea\xce\x1d\xe4\xd0\xeb\xc0\xf9\x0c\xcd\
\x89I\x92\x99\xff\x04\xf2.M\x1e&\xe7\xe1\x9d,c\
\x8dL\xf0.i\x02l\xc5\xb8\xd6\xf3\xe9\x80\x1b\xad\x8c\
5/CB\xa4\xd8_-\x14Oz\x13\x93\x03z\xa8\
\x89\x00\xabK%\x00\x91\xac\xb1\x1a\x5cK\x82\xa8_\xb4\
\x08\xcc\x10\x00\x89\x182!\xaa\xf2\x11\xd5e\x87\xa4\xd5\
JZ\x98`\xc1\x83i5\xac\xba\xc89Qd\xa8\x8b\
\xd4\xe5\x85\x9c\x84\xca\xe2e\x8e\xe9\xb3\x89\x85\xe8J\xeb\
bH\xa6\xa8\x84XO\x1bR\xb6\x14f\x05\xd2=\x12\
`\xab\xc6\xf3f\x13\xfb\xf6\xed\xc1\xeb\xff\xfa\x0d\xfcW\
/}\x11\xef\xdd\xb7\x9f^\xf8\xbc\x8b\xd1+\x0a\xec\xde\
\xb3\x17ss\xf3\xb8\xfe\xb77\xc4\xc5\xa5%\xba\xf9\xb6\
;iqy\x81\x0f\x1eZ\xa4*:\x1e\x1c\x1c\x88\xbe\
\xd1\xa2\x81\x81\x01\x22r\x9cyG\x0cFUE8\xe8\
f^\xd2\x91L\x84zaQ2\xdd\xfd\xe5M\x02-\
\xc9y\x9e\x9b\x9bI.\xa8\x0a\x15\x0f\x0c\x0c\xa0\xd5\xf0\
\x14B\xc5\x0e)\x17\x02\xe2H\xedv\x13\xb3\xb3\xf3\x1c\
\x96g\xf9\x03o}\x0d\x9e{\xf1E4;7\xc7\x87\
\x0f\xcf\xb0\xf3\x8eB\x08\xbce\xf3&\xfa\xcf\xff\xf9\x05\
.}\xcd\xa5\xd8}p\x1e\xc7\x9d{\xa1\xe4zC\xd4\
\x0d\xb7\x8e\xac\xc8\x0c\x92\xa2\x13\xdch\x02\xa8\xf6\xba\xbe\
X-\x1f18\xd4\x17bf\x99\x07-.\xd0\xf8c\
\x9e\x10\xd7\x5c|\x11w\x0f.\xc25s\x87\xfd\xbb\xb0\
\xfd#\xef\x03\xc7\x8a\xd1\xf7[\xd2v\xa6e\x95`\x80\
<Y\x91\xa4w\xb2\xd3\xc5\xb2C`\x12\xa8\xe3\x88(\
\xc8\xfc\x85\xe8\x1cP:\x11\x22\x90,\xf9\x14f\x86\xb9\
\x1e\xbeJ\xec\x1c@\x9eA\x9e\xe0\x1c\x93\xcc\x07 \x0e\
`\xee\x82<1\x8d\xae\x19\xe7U'n\xc3\xcc\xe1e\
^z\xe0>\xf2\xb1\x07\x84\x80P\xf6@\xa1\x02dZ\
\x12Q\xac\xc0\xba|\xd5\x22o\xebZ\x10\x12\x96\x95\x1c\
\x22\xaa\xba\xcb\xa8\xe6\x0e\x83\x1cQs`\xa0\x86\xe6j\
I\xed\xf2\x90z\xff\x859t*7\x09\x9e\xdb\xf3\x97\
G\xa7\x13\xd6\xac\xb9\x998\xd6\xcb\xeb\x10\x95\xb23%\
R|\xaai\x07\xa2\xbe\x19\x1c\x86\xe6\x80\xfa\xd51#\
g\xedm\x0a\xbb\xb9\xaf\x02\x90\xfbUS\x5c\x84\x04\xcb\
\x94\x9aU\x94\xfc\x86\xfd\xf2C\xc9\x00\xb6\x00XoW\
\x86\x94h\xf1J\x8d\xa2\xd9\xe2\x17\xaea\xa9\xfd\xbe\x18\
@Wc\x19\xddQ\x10\xfb\xac\x96<\xd8H\x8e|U\
\xf6\xc0`d\xdeS\x15J8dl\xb7W\x85\x80\x91\
\xa1A:\xfe\xd8\xe3p\xfb\xedw\xa2(Kx\xef\x91\
7\xf2\xb8v\xdd:\xb7i\xe3&\x9c{\xce\xc3\xe0\xc8\
a~a\x01\xbdn\x0f\xb7\xdfy\x17\x0e\xcf\x1c\xc6\xef\
o\xf8\x03\x1d\x9a9\x82\x1d\xbb\xf7\xa1S\x14\x08\x01\xec\
\x1am\x1a\x1e\x1e\x96UX\xad6!\xca\x12\xd1zo\
B-\x00\x5c\xc3$\x220W!bd\xc5(\xddq\
\xc7\xdd\xe8\xf6:p\xdeQg\xa9\x83\xadG\x1fE[\
\xb6l\xe2\xa9\xf9%\x1a\x1e\x1eF\xe4H\x9e\x1cg\xcd\
\x16v\xed\xdaA'oYK\x1f\xba\xfa\xb3\xbcu\xdb\
V\xec?p\x00\x8d<\xa7\xc0\x81\x86[Ch\xb5\xdb\
t\xf9\xe5\x97\xe3\xa3\x7f{\x15\x86\xd7n\xc6\xd6\x13\xb7\
\x88\xf1\x03\xe0\xb2L\x98Q\xe3k\x88`;q\xa2\xe9\
wHq\xbd\x95\x98\x91e/\x98,\xe3(\x00\x12D\
\xc8\x89\x91\x0d\x0d\xa2\xd8~\xab\x9b\xfa\xda\x12b\xb7\xc7\
\xe43\xb8\xd8A3\xcf\xe0(h\x92/Q\xa1\x04\x8a\
\xd2\xfcB\x04FPkc\x9e\x87\xa0\xdd[\x14+1\
\x16D\x80\xf7\xb9\x5cA\x04\x09\xeb\xa45\xd2\x8e\x10\xa2\
u\xe4\x0bN\x05\xc9(0\x22\xa73\xfa\x1cU\xa5\xcc\
\x1fl\x0e\xb5il\xdd\x04\x06\xd6O\xa2wd\x81\xf6\
\xfe\xf8G(;=\xca3\x02B\x00)\xccG\xea\xb0\
c\xcd\x82E\x11{\xe5\xe0MF\x09\x048B,\x0a\
\x17\xcb.;fj\x0d\x0d%\x153\x16\xdd9\xaaI\
JK(\xa9!\xb5\xb5dP\xdc\xae\xb6B\xf3\xac}\
P\x9e\x15\x5cS\xdf\xcb\xd5\xc0\x90\x86\x1ef\xd6\xf5\xf7\
(\x15\xa1\x98g$2]NH5\xe3\x08-*\xf4\
)\xe8#\x1d\xa0`\xa5\xbd\x22\xc1\xd1br\x98S\x13\
\xcb\x12k\x88\x9f\x22]\xfb\x1c\x08\xe4g\xcbK\x12\xa4\
\xb4\xd4Yw\x19\xd9\x8d\xda\x13\xb6\x1b\xd0f\x17\xc0\xda\
i\xf5\xb1r\xbf\xda\xa7\xa8\x5c.7\xcbr\xf4\xaa\x82\
v\xdc{\x176m=\x96[\xad\x01\x14\xbd.\x22\x97\
\x00\xc9\x8a\xc1\xaa,\xd1+z\xd8\xbc\xe5(\xcc\xcd\xcd\
RU\x05\xeev:\xae\xb3\xbcDKU\xe0\xd9#\xe4\
\x1c\x81\xf3f\x93\xb3<\xc3\xf9\x8f8\x87\x1b\x8d\x06\xff\
\xf9E\xcf\xa0\x08`\xcf\xae}8rd\x86~\xf9\xeb\
\xdf\xf2\xc2\xd2\x12\xdfp\xe3\xcdX\xea,\xd2\xde\xfd\xf3\
\x80o\xa0\xd5n#\xcb\x1b\x18\x1a\x1cR^@\xe0@\
\xb0\xe7'2\x0a\x8e\xa0\xbc\xd9\x8e;v\xef!\x0f\xd9\
a\x1fc\xa0f\xb3\x89\xe1\xc1A\xec\x9b\x99&p\xe4\
,\xcbP\x96\x81\x0e\xee\xb8\x97_\xf1\xa2\x8b\xf1\x9a\x97\
\xbf\x84\xcb*bjj\x8a\xf2,\xe3^\xaf\xc0\xfa\xf5\
\xeby\xc7\x8e\x9d\xf4\x9a\xd7\x5c\x8a_\xff\xfeVl;\
\xe5a\x94e\x19\x98\xa5;P=\x8fq\x0fuT\xa6\
O\x96\x88\xe0b\xe4h\xb4\x13\x88I\xba\xf3 \xc7,\
\x9e\xc4\x846\xaaP\xc3\x11BE(\xb2\x1c1o\x22\
\x06\x10y\x87\xac\xe8ba\xb9\x03\xf2\xb9~\x9a\xfd\x0f\
\xb5\xec\x09\xa0\xedW\x0c\x85\xefr\x05\xedv\x1b\xce;\
0\x1c\xe6\x97\xbb\xa8J9C\x92\x85\x09\x22$D4\
84\x88,\xcb\x04\x0c\x93\x93L\x94\xf7\x88\xec\xa8\xaa\
\x18Y\x96ap|\x00\xc3k\xc708\xb9\x12\xb1\xdb\
\xe3\x03w\xec\xc4\xe2\xf4ad\x8d\x8c\xdc\xa0\x07\xf7\x0a\
\xd10W\xcb\xaei\x88\xf2\xbe\x94&\xf1Ge\xe8\x5c\
\x06\x0e%\xe2\xf22E%,m\x9f\x85\xde\x1b\x91!\
\x00\xb5\xfdV3c\xe7@d\xb8\xcab-+\x1c\xef\
\x0b\xa85\x9c\x14\xab\xa4\x0c\xb9\xd8h\x8eT\x8f\xdeD\
\x84\xb4\xbe\x98\xd35\x0dL\x06#\x99\x07J\x12\xc0\x8c\
\x0c\xc4\x01\xc4\x88\xa98\x9f\x81\xbe\x1aVN\xaa,\x0f\
\x80-)\xc6\x5c\x87\xf6\x0a\xf8\xc9R\x84\x0a\xdd\xb5\x09\
H\xed&\x03V\xd2\xca\xc9B\x90\xad\x1bV\x0b\x97l\
\x80\x0e\x10\xb5\x9b\xb0\xc1\x0f\xf6\x02}n\x04H\x10\xc8\
2\x14\x83\x90e\x0dt\xbb\x1d\xbe\xe7\xb6\x9b\xb1f\xfd\
FZ\xb5n#WU@Y\xf6\x00\x8eh\x0d\x8e\xf0\
\xeb\xdf\xf2N<\xe2\x9c3\xf1\xc8\xf3\xcf\xe3\x0d\xeb\xd7\
\xe3\xc4\x13N@\xa3\xd9\xe0F\xa3\x89\xa2\xear\xaf[\
 \x84@E\xaf\xcb3\xbd.\xc0 \x9f9\x0697\
66\x8a\xd5\xabW\xf1\xe9g\x9c\x0e\x02aa~\x1e\
K\x9d%\xdcq\xc7\xdd8<3\x83\xff\xf9\xd5\xaf\xb1\
\xdc)x\xfb\xbd;\xa9\xe2\xc8E\x19(k\xb408\
4\xcc>\xcb\xa8\xd9h\xc8\x5c\xba\xaa\xc4\xc0\xe0\x00\x16\
\x0f-\xf0\xfd;v\xd1\xc6\xf5ky\xa9\x5c\x22\x80p\
\xe2\x89\xc7\xe3\xa6;\x1f\x88k\xd7o\xc0\xae\x1d\xbbh\
b\xc8\xe1\x8bW^A\x8f<\xff\x11|\xe0\xe0\x14\x1c\
\x1c\x1b\xb2X\xbfa\x1d\xbe\xf7\xbd\xef\xe2\xb2\xcb\xde\xcb\
=?D'=\xec<TU\x09\x22Y4*=^\
\x06/\x15}R\x9d1\x01\x00\xe2\xa8\x93\xeaT\xf2]\
-\x81\xfdr\x0bM\x8f\x00\x90!$\xe4PV\x15\xd6\
\x0d\xb7\xb0y\xf3*\xf4\x96:p\x99\x87\xab\x06x\xe6\
\xa4m$;\x12\xfb\xa5\xd0r\x8a\xc2O\xeb`\x15\xd1\
\x0fg\xb2&\xb3\x0d\xee\xd9\xb9\x1f\x9d\xc0\xe0P\xe1\xe9\
\x17\x9e\x8b\x15#C(C\x1a\x1d%2\xe0<~\xf9\
\x87\xdb0\xb3\x5c\xa0\x997\xa4\xe5\x8e\x08\xa1\x12\xc37\
\xbav\x14#\xebW\x22\x1fi\xc3\x11\xe1\xc8\x8e\x03<\
\xf3\xc0^Df\xca\xdbM\xa6\xb2\x04\xc7\x0a\xd2\xb7\x1e\
\xa5\xe1\xcaB\xdeD\x95\xf5O&`\x8da\x19\xb1\xb3\
\x84PtE\x06]\xaa\x0d\xb7\x00\xaf\x0e\xf8\x00\xc3\xfe\
H\x00]\xbeg?\x03X\x1a\xe6$I\xa0\xc8\xc2H\
\xf1>FM\x03\xf1\x84\xd7\x15I+|3Us\xfd\
\xfa\x05\x83XH\xceU\x89t\x8d+2 Z\xeb\xa0\
\x22\x8d\x94\x05\xa0X\xcf\x8aO\xc6$\x01@'\x0aj\
 A\x00%'\x03GpZ\xf8!f\xd4*\xd9\xcd\
\xc8\xc8O\xea\xeay5|l\x10\xb5\xe60\xa1\x954\
F\x83@\x5c\xbf\xec;\x80\xf3\x8ec\x14\x85p\x1a\x13\
fy\x83\xa3\xf7\xb4{\xf7\x0e\xcc\x1e\x9e\xc2\xfa-\xc7\
`pd\x14\xdd\xce2{\xef\x1c\x9a\x83\xfc\x93\xff\xfc\
5\xae\xfb\xe1?S#s\xbc~\xddjL\xae\x1a\xc7\
9g\x9f\x8d-[6\xf3\xc3\xce>\x13\xc3\xc3+h\
\xcd\xba5\x08U@dF\xd1\xeb\xa1\xdb\xeb\xf1Rg\
\x99\x16\x97\x02\xe1\x08Efr\x8dF\xc6\x8df\x8b\xcf\
\xbf\xe0<\x97gM<\xf7\xe2\x8bP\x94\x05\xf6\xec\xd9\
\x8f\x99\x99\xc3|\xc3M\x7f\xc4\x91\xf9y\xdcx\xd3-\
XX^\xe6C3S\xe8tzh\xb4\xda\x9c5Z\
\xb4c\xc7\x83\xbc\xe3\x81\xfb\xe9\xe8\xad\x9b\xb1\xdc\xe9p\
g\xb9C\x8f\x7f\xf4\x85\xf8\xceu?\xe4\x07\xee\xbc\x85\
\x9e\xf0\xd8\x0b\xf1\x81\xf7\x5c\x86\xa1\xe1a\xde\xb3\x7f\x1f\
5\x1bM\x14\xbd\x1e\xaf\x5c9\x86N\xb7\xc0+_\xfe\
*|\xe7\xfb\xffD\xeb\x8e=\x05kV\xac@\xa8J\
x\x9f\xc3\x09O\x02\xe7d\xa6\x9d\xed,H\xf3\xd7T\
\xa4D\xe9\x9d\xd5gp\xea\x1eS\xd7b\x88L\x85Q\
\x9d\x80zo\xef\xd1YZ\xc2\xeb\xfe\xec\x09x\xd9\x8b\
^\x00i\xb3\xcd\x04\x80\xf6m\x10F:\xca$f\x09\
5\x1a\xaaL\xd8\x03@U\x05<\xe2\x19\x7f\x81\xdb\xf7\
\x1c\xc6\x8aV\x03W}\xf02lX\xb7\xb6\xdf\x92\xa4\
\xafG\xbf\xf8u8p\xd7\x0e\xb4\x1aM\x94E\x85\xcc\
{\x8c\xaf\x1f\xc3\xd0\xba\x95\xa0\xc1\x16\xe0\x08\xbd#\xcb\
\x98\xbdo/\x96f\xe7\xc9g\x0e\x9e\x18\x5cU\x94\x14\
\xbfo\xa8F\x0aqT\xf5\xea`\x182j\xac\xecQ\
\xe8.\x839@g\x13\xaa\xbf\x17\xafl}$6&\
.\x86 \xdf'\xaffK9\x00Jjk>\x9e\x85\
\x17\xed\x1f3D\xa4\x15\xa6\x9akH\x17C\xfd\xd13\
'\xf5q\x1aZ\xd7\xe53\xaav)\x80K6A\xcf\
&\x83\xac`\xd5\x9b\x8fd\xdd\x121\x81\x01}\x17\x8e\
5M\xa0\xf6\x80A\xa9\x86Y\x1e\x82S\xb3%C\x1c\
\x92\xfa*\x09V\x9b \xa9\x13\x8c\xd1\x1e\x84\xd4\xee'\
c\x15\xfb\xe2M\xb2\x9a\x83\x94\x8e|(\x92Q\x8b\xe1\
\xc8\x93w\x19\xfb,(\x9aa\xb4\x06\x87\xd0\xe9\x15\xb8\
\xe7\x8e[\xb1jr\x0d\xd6l\xdaB\x81\x1d\x98Ak\
\xd6\xaeg^\xbb\x8eC\x08XZZ\xc6\xf6\x9d\xd3\xb8\
\xf1\xb6\xef\x10B\x89<sX3\xb9\x1a\xc7n\xdbL\
\x9b6o\xe2\x0b\xce?\x0fk\xd7\xac\xa3\xe3\x8f;\x86\
\x08\x8e[\xed6\xf5\x8a\xc2\x95e\xc1EQ\xa0\xd3\xe9\
\xban\xa7\x0b\x80X\xce\xdf\xd1\xc4\xaaq^59A\
g\x9du\x06\xbc\xf7X^ZBQ\x94\xf4\xa7;\xb6\
ci\xe1\x08\xef\xdd\x7f\x107\xfe\xf16^=\x181\
66\x0a\x06\x90y\xe7\x16\x17\x16\xf8\xcc3N\xc7\x8f\
\xbe{-\xed\xd9\xb3\x9b\x1e\xf3\xb8\xc7ba~\x01\xb3\
\xb33\xc8|\xc6\xbdnA\xeb7lp\xd7\xff\xeew\
\xfc\x9aW]\x8a=\xd3st\xfcY\xe7\xc3ZJ}\
\xd6\x80\xed$Tg\x89\x9a\x82\xb5\x00\xb3\xff\xcb\x5c\xb0\
\xb8\xae\x08\x86g'\x9eD\xb0C\x0d\x8bm*\x12i\
X\x13#\x06\x86\x87p\xc2\xb6\xad\x00\xa0S\x93d)\
\x10\xeb\xe0T\x86\x82Wp\xaa\x8eLc4\xd9\x81\x9d\
u\x00\x09\xe8tDX\x5cZ\xc6R\x11\xa4\x05\xb8\xd1\
B\x84\x0c\xd7\x8c,?\x8f,\x95\x80\xfb\xa6gq\xff\
\xd4\x11x\xdfFD\x86\x95\xeb\xc70\xb4v\x0c~\xb0\
)\xef\x18\x02\xe6v\x1e\xc6\xcc\xcei\xc4X!k8\
pU\x8a\x10\xc5\x8a\x88+\xcd1\xc7\xda\x18ioK\
26\x0c\x90\xf3\xc4\xa1B\x5c^\xa4X\x15\x10y\xcb\
`H:\xcb\x1a\x5cV\x15\xaa2 \x84\x1e\xca\xb2\x04\
\xc7@\xcd<\xc7\xd0\xc8\x0a\x80\xa3)?T\xad\x93\xe2\
C\x1dZ='\xdc\xa4\xdd\xd8\x7f6G\x09#k\x05\
1\xc1\xd67\xa8jIWw\xb2\x07v\xac\xa4\xe3\xfd\
D\x15\xed\xecY\xe1\x1de\x8cz\x07)`\xf7\xcf\xa6\
\x5c\xfaO_L\x91\xa0\x8e\x0c\xbd\xd0T\xbdT\xaaE\
Qg\x89\xe8#\xab\xf9\xd2\x97\xdb\x7f9]\x81\xc66\
v\xbf\x96PS\xe3\xc6\xc9\xfeJ}\x9e\xf8 C\x94\
\xa9\xebK\x09l\xf2\x0e\x14=\xf9\x901{\xb9\x97P\
U\xc8\x1a9!o\xe0\xd0\xa1C8rd\x86\xd7\xac\
\xdf\x88\xd1Uk\xb8*\x0a\xaa\xca\x0a\xcey\x1e\x1a\x1e\
\xa2!\x0ca\xd5\xc4$G\x08Y\xd8\xeb\xf5\xf0\xbb[\
\xef\xe1_\xdep\x1b}\xf9\xeb\xdf\xe1\x91\xe1!\x8c\x8f\
\x0e\xf1\xb1\xc7\x1d\x87\x93\x8f;\x06k7l\xe4\xb3\xce\
8\x0d+\xc7V\xd2\xda\xf5\xeb\xa4\x22\x8c@EQ\xa0\
\xb3\xdcA\xb7\xd3\xa5\xb2*x~n\x0e\x99\xf7p:\
V\xec\xac3O\x8dy\x9e\x13G\xc6_\xbd\xf8\x85\xe8\
\x95\x15w\xba\x1d,/-J\x0e\xd9\x13\xe6\xe6\xe6\xb0\
z\xcdjl\xde\xb2\x19\xd3S\xd3\x9c\xe5\x92\x1fn\xe4\
\x19M\x8cO\xe0\xb3\x9f\xb9\x9a\xdf\xfb\x81\x8fbt\xcd\
f\xdav\xd2\x19\xccUI\xcey\x99\x01\xa0\x8ao\x9c\
\x8b\x09\x9bx\x8b\xe4|\xe4\xcc\xd8P\x1f\xdb\xa1\x93\xd7\
\xc0\x8c\xa5\x8b-\x1d?Q\xe2\x03a\x1e\x9c\x99\xd1n\
50)s\xfa\xc5\xd0\xd4\xcd\xd8`\x00\xc1\x1a\xbe\x88\
@\xc1\xce\xbdF\xa7i\x07\xa1\x03b\x88\xc8\xbc\xc3\xf6\
\x07wa\xff\xec<\x98<\x8e\xda\xb8\x16\x1b\xd6L\x82\
\x9cu\x22\x8a\xf1\xf1\xceavv\x16G\x16\x961\xb1\
q-Vn\x18\x03\xb53h\xb10\x8a\xd9e\xcc<\
p\x10\x9d\xc5%\xb8\x0cp\x88\xe0\xb2\x02q\xd0\x92\xd3\
\x00\x84>\xef\xcf:`01\xdf\x1a\xf3\x10!v\x97\
\x10\xbb]Q#\xe7a!\xaf#\x87\xaa\x0a4?3\
\x85\xb1\xb1\x11\x1e\x1b\x19\xa4\xd5\x93\x93\xd8\xbcq-N\
<\xfeDp\xacp\xe5\x17\xbf\x8e\xe6\xe0\x90\x84\x17\xa6\
\xf8\x86\x7f\xeb(A\xb6\xa8\xc1\xec\xb4 f\xadvV\
, \x00\xdf(\xb7\xa4\x9e\xc9\xfb\x9b\xb2\x92\x98\x8ez\
\xc3V\x0dhj\xefi\x9f\xcb\x99\x9e\x03\xc0V\x85\xac\
\x81;CF\x82\xe9\xc8ef\x99\x7f\x1ca\xcc\xb6\x0e\
\xfe${c\x89\x1e \x8bE\xd8\x91\xd3qE\xd4\xf7\
P\x01\x90T\xd1jl\xc3\xb5U\xe2$\x1b5V\x90\
\x07\x16\xd3\xa8d\x0dF\x19F\xa4\xc9S\x82\x8ct\xf6\
\xdeS\xcc38X\x9f5K\xaa\x10\x8cF\xab\x8d*\
\x06\xecz\xf0\x01\xcc\xcd\x1c\xc2\xba\xcd[\xb9=0\x88\
\xa2\xdb\x13HC@Y\x95  z\x22\xd7j61\
\xd4^\xab\x88\x98\xa8(\x0a^\xeetp\xfd\x1f\xee\xa0\
\x9f\xff\xf7\xf5\xc82\x0f\x8f\x0a\xabVM\xf0\xd1[6\
b\xdd\xda\xf5|\xfe#\xce\xc5\xfau\xebq\xd2)'\
\xa1\xd5h\xd2\xd0\xf0*\x8e\x1c\xa9\xdb\xe9q\x15J,\
w:\x98\x9d+$\xa5\xa4\x10\xd0;\x0f\xe7\x89\xa5\x8c\
Z\x0e\xd1g\x9e\x8b^\x81^\xaf\x87\xbc\x99SQ\x14\
<\xber%ff\xe7\xf0\x82\x17\xbe\x10?\xf9\xb7\xff\
\xa6\xad\xa7=\x8c\xdb\xad\x16b%\x1bt\x9d\xb2\xc0\xa4\
\x8b0\x8cQ\xe6\xba.K\xa7\xa4\x98\xd4X\xa4\x99\x90\
A}D\x89E\xaa\x03\xf8\xe4\xb0,\x16\xd0\xac\xca\xaa\
\xf1\x15X\xb1bL\x0c\xb5\xce\x10\xe9\xe3\x84\xa5\xdd\xf8\
\xff\xf7\xcb\xf5\xfdQ\xfe\x5c\x96%\xca\xc8\x88>\xc3\xe0\
\xc8\x08\x9c3\xb6\xb2\x16d\x00\xe8\xc6\x88\xd5'n\xc0\
\xe0\x9aU\xa8\x8aJ0K/`f\xd7\x0c\xe6\xa7\xe7\
\x00\x0a\xf0\x0d\x07.\x0bPY\x01\x1c\x1e\x12\xef\xeb&\
$1B6{O\x1f\x95\xc0\xfd\x82\xc2\xf2\x02\x10\x03\
3\xf9\xf4X\xcc\xc0\x96U\x85\xc9\xd1A|\xfd3\x1f\
\xc3\xc9'\x9fL+\xc7F166&u\xff\x00~\
\xfa\xd3\x9f\xe1\xa3\x9f\xfe\x22\x06\x86W\xd4<\xb6\xc9u\
z/\xd4\xc8\x0a\xc6\xd1\xa8\xe4K\x1e\x86S\xbd3H\
 \x81xY\x09\xc3\x03\xaclPb\x10\xf0Cx\x83\
\x87|f\xfd\xff\x04A2\x82s\x82\xfe\xa4\xb6\xd3\xd9\
\x98\xcfh\xfe\xc3\x09sOl\x17B\x09\xdc[\xe0\x02\
\x83 \x09\xb3\x93\x1a\x0a\xf1\x8c\xb0 \x92\x10\xa5\x8cF\
\x1a\x02\x84x\x84\x80\x05!\xab\xac\xc1\x076\xb0\xc6\xee\
\x86\x13\xc3\xa8\xa1\xa9I\xb0\xd8\x0dG\x8e\xd812\xef\
\x88cf\x99\x01F\x15\xc0!0s$G\xa0\xbc5\
\xc0\xf3\x0bK\xb4x\xfb\xadX\xbba\x03\xafZ\xbb\x09\
\x91\x09\xbd\xa2#c\xa2\xc8\xb9(k\x8b8\xca=\x99\
\xf7E\xa31B##\xc3p\x1b6!\x86\x8a\xc0@\
\xaf\xd7\xe5\x9b\xb7\xef\xc2\xcdw\xee\xa0\xeb~\xf4\xaf\xdc\
\xccs\x1a]1\x88\xd5\xabV\xe1\x8cSN\xa2\xf5\x9b\
6\xd2\xa3.|$F\x86Gp\xd4\xd1GQU\x05\
 \x02\xdd^\x87\x16\x97\x16\x11BE\xce7\x92\xcdc\
\x19\xceCBh;*\x8a\x92'\xc6\xc7\xe9\xb6\xdbn\
\xe5\x17\xfc\xe5K\xf8H\xc7\xd3\x09\xe7>\x92\xa1\xcf5\
o4 \xd4\xb7)\xbd\x08\xa7\xb0,N\xce\x80A\xac\
\xcf:9\x09UhN\x16@%D\xe1\xbd|\xc7\xdc\
\x87\x09\x0f\x9b\x84\x00\xc4\xe8\x15\x05\x8e\xdf\xba\x09\xab&\
\xc6m\x84U_\xc0\xcf(C\xc4\xfe\x03S\x08!\xa8\
~\xeb\xec\xc2dm44Q\x83\x1e#\xa3\xd9\xc8q\
\xff\xae\xbd\x88Y\x0b!2N\xd8v4\x00A|\xde\
;KJ\x02\x00\x1e82\x83N\xc3a\x80\x81\xdc\x01\
\x0b\x07\x16px\xd7aTU!\xa4|`\xa0*\x81\
J\x89\xbeX\xa5\x16tBP#\x00h\xd5\x95\x18\x04\
\xe7\x80*\x22,/\x10\x17=q\xbd\xe4\xc9p\xb0\x5c\
5\xc1{\x87\xc5\xa5\x1e6o<\x0e\x17?\xe7\xa2\x87\
\xa8Z\xafW \xcb<n\xf9\xd3\x1d\x80\x93\xedR\xd1\
\xea_\xa9~\x9a\xd0\xf7\x12\x04$\xcf\xc1\x19\xf6&\x90\
\x0e\x92%@GK\x89\xeb${n\xfd\xcc\x1c\xc3\x06\
E\x18\xbfg<c?\xa9i\x87h\x97\xc0\x9cA\x9b\
\x15\xad6D\xd9O\xb1$\xaam\x04]\xf2\x990 \
\x1b\xde\x93\xa6\x10m\xdb\xe0:\xe4$C\xf0\xf6\xb15\
1)\x05V\xb5\x97\x01\x91s\x9a\x05L\xe0\x1fu\xb0\
bM\xc3J\x0e\xe8J\x13\xadE\x84\xd5\x0e\x90#P\
$v\xce#\xcb\x18\x95ZS\xef\x81 \x9e\x8e\x5ct\
\x1c\xb9B\xd6\xc89\xc6\x88=;wbfz\x1a\x9b\
\x8e>\x06\x83#+\xd1\xedv \xb5'N\x94\x1f\x04\
\xe7\x1dj\x0aS\xf4#V\x15@`\xe7\x1c\xda\x03\x83\
\x18\x1c\x1e!\x00\xf0t\x14\x95\xa1B\xa7\xd3\xc1\x9e\xc3\
\x1d\xdc\xf9\xe3\x7f\xa7P\xf4\xf0\x91O\x5c\x85\xa1\xe1A\
:~\xdb\x16^\xbfa#.8\xef\x1cl\xdbv\x0c\
N<\xe1\x04n4\x9b47w\x84=y)a5\
\xf3L\xe2\x09\xc7\xc7\xc7\xf1o?\xf9\x19\xbf\xf0\x85\x7f\
\xc9\xebO8\x9b\x8e9j\x92KiS\x95u\xe4\x9a\
c\x16\x93\xda\xa7\x80J&%\x88\xa8OS\x82\xca\x84\
\x098\xd9f\xee\xf3~\xca\x03\x13\x1b\xd1\xc2F'\x00\
 E\x85\x00\x07\xc6\xd0\xf0\x8at\xbe\xa4\x1dmQ!\
\xfa\xbe}\xfbq\xe1\xb3\xff\x12\xddJ\xf8\x03\x91W\xdd\
\xd6\xc3\xd0\x94\x9ev\xe9{\x0f\xc0\x81t\x08I{x\
\x04\xbd\xf99lY'\xe1E\x04\xe3\xa1\xad9\xc0\x91\
\xa5\x05\xf8\xcc\x83\x96{8p\xffA,\x1eY\x94m\
G\x8e\xc1\x95\x14\xf3 T\xa0 \xcaO\x89\xf4\xe3\xe4\
\xfd\x05\x10E\xf3\xa0\xe0\xce\x22BwI>\xc0\xbb\xf4\
Lk\x00K\x0a\x10\x1cbY\xe1\x82\x87\x9f\x83\x10\x02\
B\x8c6\xe6\x1d>\x93\xb5\xeew\xdfs/\xea'\xd8\
\xa7\xdclf\x04)\x94`N\x09q%\xfbIn\xd8\
\xc2j\x86p\x15}WC0\x86,\x9d\xae\xa9\x19A\
\x95>Z\xb8f\x9f+\x1fk\xbde13hg\x1f\
k\x5c\xa18W3\x03\xe6\xf3-\xc4\x80\xadP\x96\x87\
\xf7\x90\xe8F\xde\xae/\xd2S'\xc3 \x96T\x9d$\
\x05H\xfdxML\x10\xb4\x84I\x83\x8d~#`'\
/\xa1F$\xb3\x04p>Yu\xa7\xf5\xad\xec<\x9c\
\xaf\x15\xd6\x91CE\xe0\x18\x03#:\x17C\xc5D\xc4\
y{\x90:E\x85\xbb\xfft+\x8f\xaf\x9a\xa4\xb5\x9b\
\x8fF\xd6lr\xb7\xbb\x5c\xe7k\xf4\xd4\x9d>~ \
J|\xed\x81T;\xa1\xd9\xd72T \x02\xb7\x07\xda\
h\xb7\x07hb\xd5*f0\xca\xb2B\xd9\xeb\xf2\xf6\
]\x87p\xcb\xdd\xbb\xf0\x0f\xff\xf4S\x0c\x0d\x0e\xf0\xc4\
H\x1b\xaf|\xe5\xcb\xe3\x8b\xff\xf2\x05nvnNI\
4\x9d\xb0\xc4@\x9eg<77\xe7\x1e~\xee9|\
\xc1\xa3\x1fC\xbb\x0ew\x88\xb5\xe3\xda9\xc7DD\x8e\
\x1cK\xedL\xbaV\x95$1\xc9N\x0a\xea\xfa\xec\x00\
\xd5\x02\xaf\xe9n\x19\xadB\xc9\xc5i\x8c\xd6w\x9eJ\
G\x99\xc8\x06%~\xab\x12g\x9er\x82<\x82\x18A\
\xce#\x15r\x03\xd8s\xe0 \x0e-t\x91\xb7\x07\x01\
\x8b\x02\x9dG\x0d8\x1c\xc0^\x16\xd4s\x06x'\xe9\
\xec,C\xa3\xd5\x04\x96:h\xb4\x06\xfau^\xfe\xac\
\xef\x7f\xf7\x9e\xfdX\xdc9\x87\x85\xe5Y\x94U\x0f>\
\x87x\xfb\x10@Q\x0c\x80\x8b\x01@\x90\x1a\x06\xa7\x92\
\xc9\x00\xa2>1O\x00rp\xd1A\xb58\x87X\xf6\
\xd4H\xb9\xba\xc5\xc7\x18{\x803\xef\x89\x9cC\x9e7\
\xe1\xbc\xc3\xf0\xf00\xbc\xf7\x89\xa0\x04\x90\x8a\xaf\x96\xba\
=4\x9b-x\xef\x98\x5c\xc3\x1c\xb2\xecb4\xa1\xd6\
7v}a\x18\xd9dY[\xc7\xa3\xf4\x98\x9a\x0d\x03\
pH\x89=\xf1\xb9\xb5QH\xe6\xca\xa2{\xaec\xb2\
\x1a\xfb\x01\x80\x96\x02G\xee[G\xae\x9e_\xcdV_\
\x9eQd \x9a\x81\xd2\x8b\xec\x03\x14\xa4\x85\xccQ1\
l\x8cA\xae\xc5L\x9f]\x9aX\x17b+>\xb7\xfa\
\x07\x22y\x7fe:L\x07\xa5\x90\x80\xed\x8f$\x87\xa7\
\x90\x93\x98\xb5\x04\x97\x03C\x12\x11,\x95\x80\x01`\x0a\
\x04\x22\x19\x96Q\x05\x22\xa7m\x1b\x81\x22E\x8e\xe4\xbd\
c\xca\xdat\xe8\xd0A\x9e\x9b=\xec6l\xd9\x86\xb1\
\xd5\xeb\xa8W\x14\x88e\xa5;0\xc5\xbd\x91\x03k\xbd\
/\x80:/\x03\x8d\xc1\x8c\xe4\xb6C\x091(\x14\x07\
5[-L\x0e\x0e\xc2AREU\xa8ph\xea\x00\
\x7f\xfa\xea\xcf\xb9\xe7?\xefybs\x19\x081 \xcf\
s\xc4\x10\xa9\x0a\x8182\x8f\x0c\x0f\xe1+_\xf8\x0c\
?\xe3\xb9/FY\xca>C)\xec1F\x1e\xf69\
\xa8C\x01&\x90\xb3\xe3\xd3\xbe\x0by\x8e&\x06LI\
\x86\xa8\xf6\x1a0\xbcc9Z\xb0\x02O\x93\xdaX\xd7\
g`lt\x04\xf6\x93\x87\x80L\x00w\xdd\xf7\x00:\
\x9d\x1e\x06V\x8c\xe9\xe2S\x928_*\xe2\xc5\x188\
'M\xddN\x0ai\xbc\xcf\x10\x9dG\xaf\xcb\x18\x1e\x1a\
\xc2#N?I\x14$\xa5\xaej\x81\xbb\xff\xb6\x9d\x98\
\xdd7\x8b\xd1\xb1!xT@!\x1e\xdeYz\x1a\x8c\
\xa2\xe8\xa1\xbb\xb4\x88\xaa\xd7Ux\x22+O\x10\xb51\
\x87\x00,\x1e\x01\x8a\x1e\xb2\x81A\x0c\x0c\x0e\xc0\x11\xa1\
\x0a\xb2\xf4SS\x17L\x04r\xce\xd3\xe2\xd22\x8a^\
\x17y\xde@\x98;\x82\xcd[\xb6\xf4\xeb1X3\x14\
\xf3\x0b\x0b\xf8\xfd\x0d7aqaNkP\x0c\x9bE\
\x0c\x0f\x8f\xc8\xf0T\x0b\x9b\xd4h\xab<\xeb1\xc10\
<Y\x8f\xbc~\xc3j\x89I\xe3\xe8$\x80\x12+\x18\
wn\x93\x7f9\x1dd\x7fU\x8f\x05|\x19t\x85J\
\x12\x5c\xae3#\x0f\x8dW\xb4\xaeQ\xd9\xdfT?J\
\xc6\xc8\xeb;\xe8\xfa\xc0\x18\x03\xa7x\x80\x0d\xfa \x19\
\x96\x1a\xb0\x1a,e\xeb\x01\xd4\x1a\x03J\xa6Hs\xca\
Jb\xa6\xec\x02)f\x16\x9fCV\x16.\xf5\x00\x11\
\xb6\xe9D\xf1\x09\x01\x9e\x88\xa2\xc4\xa3\x0c\x04\x22&\xc8\
`\xe1\x80\xbc5H1\x04\xec\xb8\x7f;\x0e\x1f:\xc0\
\x1b\x8f:\x96\x06\x86FP\xf4\xba\xb0m\xc7\x02J\xa8\
\x8f\xbd\xad#+RHkH\x072\xe8GB+\xb2\
\x82;B\x0cLV|\xb2bt%\xf2\xd8AU\x15\
\x003\xca\x18\xb8\xd5j\xd2\xf4\xc1\xc3\xd4\x1eh\xc5\x91\
\xe1\x11\xd7\xebv\xb0\xb0\xb0\x80\xd1\xb1Q|\xe1\xd3\x1f\
\xc5\x8b^v)\xc6\xd6\x1d\x85F\x96\xeb*\x87$\x17\
\x22dl-\xd5b\xb3\x04\xc8\x11Q\x9a\x18X\xab\x90\
\xdeF]\xeeJD\xd2\x9doi\xe3Z\x9d\x93\xfc@\
\xbc}\x8c\x0c\xdfh`\xc3&S\x00=\xd1\x1a\xaea\
n~))\xb6E\xa9 A\x00\xec\x9c\xc0~3\x08\
Y\x068\x8f\xaab\xe4DX\xb9i%\x86\xc7s\x8c\
\x8eIi-[\xc4\xc8\x80\xf3\x0e\xcb\xdd\x1ev\xee\x9f\
B\xa3A\xe0^\x07\xa8J)\xf6\x8f\x8c\x85\xc5ET\
\x9d%xD\xac]9\x84\xad\xa7\x1c\x8b\xe36\xacB\
\xd6\x1a\xc0\xe6\xcd\x9bi\xdd\xe4\x04\x06Z\x0d\x00\x1e\xb3\
\x87\x0e\xe0\xae\xedw\xe3\xc0\xfe\x03\xb8\xf3\x9e\xfbp\xe7\
\x9d\xdbQD`\xc5\xca\x09#\xa1\xe0\x88\x88\x9cCw\
\xb9\x83sN=\x01\xa7\x9ep\x0c\xaa*\xc09\xc2#\
\x1fq\xae\x18(\xd7Gf\xeau>\xfbiOB\xa7\
\xb3\x8c,\xcbH\x10\x82CUU\xf8\xaf\xdf\xdc\x84#\
K\x1dx\x1b9\x07\x15\x1b\x92\x18\xd0\x86n\xa7\xfc\x18\
L\xca\xf5\x85b\xdc\x1eB\xf5\x99\x1f\xb5\xe3U\x00\x98\
\xce,i2\xa7\x97\x00\x90\xc5 I\x94\xd5ph\x0c\
\x90p\x80i-\x119\xe2\xc8\x09\xa5\xebU\x9bMJ\
\x08\x82\x04w\xb3\xcd'\xe8\x8bX@\xe4a\xd5\x7f\x9a\
n\x94(\x80l\xdc.\xe9-\xa7\x00\x82A\xa04\x0b\
-1\x02\x04\xa9\xe8\xd0\xd9\x8b:6;\x8a8\xc9\xc5\
;\x10\x88\x22k\xf9\x14\x11qtDA\xe2\xbd\xbak\
\x9a\x85\x9cr\xde\xb1\xcf\x86y~a\x89\xee\xba\xe5F\
\xac\xdd\xb0\x09\xab7\x1e\x85\xc8\x84J\xa0a\x1fM\xeb\
\xea\xb0\x10:CP\xad6\xd9\xb0\x1a\xd325\x11D\
\x80\xf3\xca\xca\x11\xa1\xd3Y\xa6\x8dk\xc6\xb9\xd5l\xd2\
\xd2r\x07\xcc\x11+VL\xe2%/}\x05\xefx\xe0\
\x1e\xfc\xe2\x17\xbf\xe0F\xb3I\xbd^\x17\xb3\xb3\xb38\
\xed\xf43\xe8\xab\x9f\xfb\x14\xbf\xec\xd2\xb7br\xe3\xb1\
L5\xeb\x02K\x9e\xaa\x15T8\xa9=20\x8e\xc0\
b;\xb90C\x0d\x09\x13H#(\xb1n\xa3\xa0t\
\x7f\xb5wgh\xe3\x133\xda\xb9\xc3\xf1GoV\x05\
\x80\x99\xe8t\xcb\x7f\xb8\xfd.P\xde\x00\x93\x03{\x95\
\x01\xd7\xa7\xf4>\x03\xf9LJ\x8a#\xc1E\xc2\xca\xc9\
\x15X\xb9q\x0c\xbd\x8c0>4\x80\xf1\xe1\x119\x9b\
>\xcd\x22\x22\xcc\xcf\x1d\xc1\xd4\xde=\xc8)\x07\xca\x1e\
\x5c\x08\x881\xc2U]\x5cp\xe2\x16<\xf6\xbc\xb3q\
\xce\xe9\xa7\xe0\xe4\xe3\x8f\xc5\xba5\xab\x13\xe9\xfe\xff\xf7\
\xb5\xdc\xe9\xe0\xe6?\xde\x8c\xcf\x7f\xf9\x1a|\xe7\x87\xff\
\xcc\x83+\xc6d\x09\x0c\x11\x1cy\x84P\xe1\x03\xef}\
\x07\x1e\xfb\xe8G\xfd\x1f\xbfk\xa3\xcd\x9c\xc2\xf5\x91\x91\
a\xfc\xdd\xa7>\xf1\x7f\xbc\x8ec\xc4\x19\xe7=\x0a3\
\x0bKhd\x8d\x04\xc0 \xc7\xa0a\xb12\xe0\x9c\xf0\
\x9d\xba:\xcd\x13(\xfeV3`\x96\x5c\x9c\x14\xeb\x09\
\xd3\xff\x0a\x06L\xbf\xfbM\xbfT\x02:\x97\x10\xb8A\
I{a\xb4\x93'\x01\x12\xcc`D\x93l\xaa\xfd\x9f\
H\x09\x19\x8f\xa0D\x229\xa7\xf1\xb9\x5c\xac\xd8\x82\xa8\
\x83G\xc4#\xf6gG\xd2\xa0[\xa1\xfc\xd9\xa9d\x1a\
\x18\xd1\xd1\x97B\x98*\x05\xc9,\x1e]MF\x8d\x02\
\xe0@\x9e@\x91\x88\x9dc\x0aD\x84\x90\xbc%)\x92\
qD\x08\xa1B\xe4\xc81\x12!F\xca\xf2\x068\xe6\
\xd8\xbbk\x17f\x0fMc\xfdQ\xdb0:\xb1\x1a\xbd\
\xa2\x87\xb2W\xc2g\xba\xe1\xb5\x8e\x8e`\x92\xaf\xa8\xcc\
\x10]\xbaZ5\xc5i\xa4\xa9\xcf=\xe6\xe7\xe7q\xce\
\xd3\x1eCY\xa3\x81\xaa\xaa\xd0j6h\xff\x81)\xec\
\x9b\x9a\xc6\xfe\xe9E\xf7\xccg>\x07\xff\xfc/?\x12\
n\x00\xa0\xfd\xfb\xf7\xf3y\xe7_@\x1f\xfd\xe0\xbb\xf8\
M\xef\xfe0\xb6\x1ew2\xf7:\xcb \xa7\xf4\xd8C\
\xe2JVO\xa0?\xd0\xfbM\xa0E\x9fT\x1f*#\
Cd\xb5\x97I\xde\xc9\x04TQdD\x15\x03\xc6F\
\xc7048\xd4\xf7\xa1z\x9e\xaameU\xc17Z\
\xf0\x8dF\x82\xaa\x9cI;2\xc8\x03Y\x86\x18\xc5 \
\x0d\xadlcl\xed\x0a\xf6#m\x0a\xccX^\xee`\
tr%\x86[-!\xd8\xd2\xc4a\xf9Z\xe8\x05\x14\
U\x90\xf9D1\xc0\x1307{\x18o\xf8\xcbg\xe3\
\xca\xf7_\xf6P\xa5cF\x15b\x0a\x95\xd0o\xba\x91\
\xa06\xda\xed6\xce?\xff\x118\xff\xfcG\xe0\xe1\x0f\
\xfb\x02\xbd\xe9\xdd\x1f\xc4\xc8\xcaqI\x03\x22\xd2\xe0\xc0\
\x00\xd6\xae^\x9dH?G$\xcb@U:\xa1\x86U\
\xf4\x8b\xa5\x06B\xbf\xa2\x0e\x00\xb9\xe7\xbe\xfb1=3\
\x07\x9fe\xb0b\xb9\xbal\x98\x1e\x22O\x89u\x85\x86\
uv\x10I\xa1\xd4(hY\xb5\x1es\x1f\xc8\xb7(\
\xd0\x083\x95\x0b\xb2\xf3\xb2\x09\x95d\xde\x03)e\x90\
h#\x02d'YD]\x90\x94\xe0m\x0a\x22\xa1q\
\x22\xab{c\xb3 \x96\xe7\xd0;%\x19:\x92d\xd4\
\xf4\x11r\x91\xa2\xe4*\x9c\x11ld#\x9b\xcds&\
\xb7\xcc\xd4\xdf\x0f]\xe7B\x1d\xc8\x13\x91w\x9a\xc1q\
p\xce\x91s\x1e\xce{x'q\xa6\xf7\x19y\xef\xc9\
\xf9\x0c\xde{dY\xee\xbc\xf7\x04\xdb\x05\xe0\x80\xac=\
\x80N\x19p\xef\x1d\xb7b\xc7]\xb7\xc2\x81\xa9=0\
\xa8!\x90-\xae0\x04%\x92%5\xf5\xdc\xd7;\xaf\
|(\xd9\x944]\xa5\xce G\x11k\xd6\xafC\xaf\
\xd7#\x80\xd1h6\xf9\xf0\xd4A\xec?p\x90\x8e=\
\xfd\x1cl\xdf\xb9\x9f^|\xc9\xcb\xb0bt\x0cU\x88\
h7\x9b\xd8\xb7wO|\xe63\xfe\x8c_\xfb\xb2\x17\
\xe0\xfe\xed\xb7\xa3\xd1l\x02Q\xea\xa2k\xb2\x95a.\
\x9f\x94\x92\x85q9f!\xd3s\xb5\xe7F5P\x93\
~\xf4\xda\xe9k\xbd\x06\xfa\xce\xbb\xe8\x15X\xbf~-\
V\xad\x9aH\xc8GQ\x07\xbcs\x98\x99[\xc0\xf5\xb7\
nG\xb5\xdc\xc1\xc1\xc3Gpxv\x0e\x87\xe7\xe61\
3;\x8f\x99\xb9\x05\xcc\xcc/`\xe6\xd0\x11,\x95\x05\
\xf2u\x83\xc86\x0c\x83\x87\x9b\xd4+\xab\xa4\x90\xdbF\
'jy3\x91U\xe5\xbd\xf5\xb6?\xe1\xc8\x91y\xe4\
\xc4\x92\xea\x0b\x15\xb8\xe8b\xeb\xa6\x0d`5 \xddn\
\x17\xdd^\x91\x0c\x88K\x8bT5\x83\xc2\x02\xdd\xbd\xf7\
\xba*\x8dQU\x15\xaa\x10\xf0\xdaK_\x85?{\xe2\
c\xb007\xc7y\x9eS\x8c\xc0\xd0@\x1b\x83\x83C\
\xf2\xacU\xa1\xed\x11\xe9?)M\x19Bx\x88.\x85\
(\x7f\xdf\xb7\xf7\x00\x16\x97:\xf0\xde%4C\x0e2\
\xbc&\xbdY\xad\x12f\xab\x12B\x17c\xa0S\xa1\xa2\
\xe91\xcc\x82\xd7\xc8ZaA\xac\xddA\xe4h\xc1\x84\
im\xcc\x18N\x07)\x9a]T>\x08\xe0z;m\
\xf2\x98\x0a/\xf4\xc6\x22\xd5\x0doz;\xfaLL\xfc\
\x00B=j\x0c\x0cr\x1a/\x90\xf5,\x9b\xfe\x98}\
\xd0\x92AG\x1a\xfb\x9b\xb92\xbb\x008\x07\x0aJ\xaa\
H\xa0\x1b\xc9\xa0\x97#B\x0cj\xf0\xc8\xd7w\xe3\x01\
rD1\x10tj\x0eK\x19s\x00\xc9_\xf4\xec\x88\
\x99\x83\x0b p\x0c\x92{\xf6\x834=}\x88gg\
\x0ea\xdd\xc6\xad\x98X\xb7\x09!F.\x8a\x9eL\x12\
\xb4\x94\x83\x1c\x0b\xfa\xe6l \xe1\xe2\xf4\xaf\xf0\x191\
\xca\x88\xf1s\x1fvv\x5c^\x5cr\xe4\x08y\x96\xe3\
\xce\xbb\xb7\xc35Z(\x8a.o;\xe1$\xfc\xfa\x86\
[\xf0\x96\xb7\xbc\x8d>\xfb\xb9\xaby\xf7\xee]\x94\xe7\
9\xf6\xed\xdd\xcbo~\xe3\xeb1wd\x96\xbe\xf5\x0f\
?\xe5\xa3\x8e9\x1e\xbd^O\xa6\xe3\xc0\xe8Q=T\
\xdd\xe3\x90\x1c=\xab\xefO\xf1\xa3\xee\x1cTy\xebC\
5\x1a\x91\x89\x14\xea\xb3\x01\xb4$\x9cc\xc4`\xbb-\
\xe9\xb0\xbe*7\x93bG\x8cW\xbf\xe0Y(#\xb4\
8I=\xb8\x13#\xcdU@s\xb0\x8d\xd6\xca6\xc8\
{,u\x0b|\xefw\x7f\x80od\xf0E\xc4\xc1?\
\xed\xc1\xc8\x89\xa7\xca\xfd0\x90\xf5=Q\x00\xe8./\
\x00UOf\xf1G\xd9\x0dF1`\xa8\xdd\x02\x11a\
`\xa0\x8d\xff\xfd\x95H[\xfb\xf2\x0f\x8d\xdb\x1d\x01\xe4\
=\xaa\x10\x109\xe29\xcf~&\xfe\xe9\xa7\xff\x05\xe7\
3\xf4\x8a%\x9cs\xeaq\xbci\xd3\x06\x02d\x16\x82\
>\xd2d\x98\xea\x99\x8d\x90\xd9\x0b}_\xf6\xf7^o\
\x19\xbd^\x17Cn\xcc\xa6\x05\xb3N\xd7V\xa6\xa6\xa6\
\xce\xd4AJH\xac)V= \x12\x15\xd2:\x9b:\
\x12\x14(\xc7\x09n\xc3\xb4W\xf4X\xe7(\x18\xe1G\
\xc2\x01\xb8>\x14\x0e\xcdEs\xf2b5`J\x22`\
Y\x00\xdbVj\x88\xc4I*I+OT\x04u\x22\
\x81P\xe72\xf5\x9c,H\x86\xb1w\xaa\xf6 f3\
Y\xca\x96CF\x96\x1aR27d\x95\xe3\x0c'E\
;\xb2\x9b\x94 \xd3\xa0\x9cl3\xd4\x1c\x189\x0f\xc4\
\x0a1F\xf6>\x03Q$P\xc5p\xd2^\x1aC\xc5\
\x91%\xadF\xaeB\x08\x04\x049\x8a\x18\x0380\xb2\
f\x0b\x91#\xefz\xe0^:<\xbd\x0f\x1b\xb6\x1e\x8b\
\x81\x91\x09.\x8b\x1e\xc5(\x8d!u8f$\x05\x92\
BI\x8d\x16)Zct{=>z\xcb&\xac\x1a\
\x9fp\xdd\xb2G1D\x1e\x18\x18\xa0[n\xb9\x15\x0c\
B\xe6=\x95\xdd\x1e\x8e9\xf9\x14|\xeb{\xff\xc8+\
\xc7F\xf1\x81\xcb\xdf\xcf{w\xef\xa5\xbc\x91c\xef\xfe\
\xfd\xf8\xd0\x15\x97\xf3\xc2\xe22\xfe\xe5\xbfo\xc4\xc6M\
\x9b\xd1\xebu\xe1|\x96\x90\x1c\x09D\xe4\xe4FH\xc9\
\x149|\x1be\xc5\x1a\xde%\x84\x8f\xda\xa8\xa7\xe4\x92\
\xf2\xd0Z\x04\x04Te\x85\x93\x8f\xdf\x06@2\x17\x99\
\xcf\x902\x11\x00FGF\xf0\x9e\xd7\xfe\xf5\xff\xa1\x84\
\xff\xaf\xaf\x99\xe5%\xfc\xe3\xef\xff\x80\xc3;f\xb1|\
\xa4\x87\xee\x91E\xb4\x07k%6\xea\xc5\xben\xbag\
\xb7\xc8V\xa8@!\xa2\x0a\x01\x83\xed\x06\xce;\xebT\
\x84\xc8\xb8\xef\xde{p\xf3\xcd\xb7`\xdf\xfe\x03\xb8\xfd\
\xae{0u\xf0\x80\x5c\xbf\xe6\xeb\x9b\x8d\x06\x1e\xfb\xa8\
G\xe2\x92K^\x84\xa1\xa1!E\xbc\xf2\x01\xd2\xbf\xef\
p\xcaI'`dx\x90B\x08\xdc\xc83\x9a\x99\x9d\
\xa3\xcf\x7f\xe1\x0b\x08\x81Q\x16\x05.\xbc\xf0\x918\xeb\
\xac3\x93\x01\xb4,=\x91\xc3O~\xfa\xef\xb8\xff\xde\
{\xd1j\xb5 %tLy\x9e\xe1\xbf~\xf9[4\
[\x83}\xa8F\x0fB\xab\xae\xbc\x94\xc9\x91\x96mR\
\xda\xef\xcb\x1a\xcfixA)\xb3\xe3\x91\xd6\xa7\x1a2\
\x90\xc3\xd7\xa9\x96z\xfa}$j\x1a\x03\x08\xa2\x0c\x89\
iL\x9cU\x8dg\xc4v\x98\xe1\xac\xc9\x01\x03\x02d\
Y\xbc>\xc3\xa3\x1dIja\xd8\x01\x96`\xd6HE\
\xf0d\xba\xfb\xc4\xfd;\x80\x83>\x0f\x97 \xb4\xb0\x22\
}I\x0a\x99X\xa4]WP&\x9f\xa1\xb3.D\xc5\
\x1c\xc8\x05b\xa6\xc0\xba\xc6Gw\xb5\x11\xc5\x18@\x8e\
\xe0\x91)e\x227H\x9aL\x94\x9b\x0d\x0c\x0a\x14+\
\xf3\x1aQ\xe6\xbd\x03\xe4[\x03X\xea\x14\xb8\xfb\xd6?\
\xd2\xca\x89UX\xbf\xf5X4\xdbC(\xba]9:\
\xe7I\xac\xb2\x06iu\x0e@\x8c/\xcb\xb6\x9c\xe5\xa5\
%LnY\x1dW\x8c\x8e\xd0\xd2\x81\x03\xc8\xb2\x8c\x96\
\x96\x97x\xfb\xbd\xf7cxd\x14\x04\x82\xcbr\xc42\
\xd0\x09g\x9c\x8b+\xaf\xfa\x027Zm\xbc\xeb\x9d\x97\
\xf1\xee\xdd{\xa8\xd9l`\xef\xde=\xf1CW\xbc\x9f\
\xf6\xbc\xec\xd5\xb8g\xd7!\xac\x9c\x18GY\xf4 p\
GSz.\xda`)\xe3\x95\xd3Y\x18\xf0J1%\
\x88dW3sJ\xbc\x19VP\x93\x10\x15e1\x02\
\x86\x87\xfb\xe2\x7fB\xcaP\x8b\xdb \x84(\x93\xa3\xfa\
c\xdd~?\xce\x00B\x88\xc83\x8f\xebo\xdd\x8e\xed\
\xbf\xbb\x0f\x8df\x1b\xf0@\xa3\x01\x9c}\xec\x169;\
\xfb\x146h\x0c\x1c\xd8\xb3[QI\x00qD\x08\x15\
\x06\x87\x86q\xe5\x97\xbe\x8e\x9b~\xfb;\xdcw\xcf=\
\x98_\xee*|\xc8\xe0\xf3L=\xa0|\xae\x03\xf0\xc3\
\x1f\xfe\x0b~\xfe?\xbf\xc2\xf7\xbe\xf5u\xe4yV\xdb\
\x17u^\xedv\x0b\x8d<C\x88\x91\x9a\xcd&\xee\xdb\
}\x00\xaf{\xe7\x15\xc8\xb3\x0c\xdd\x99Y\x5c\xf3\xd5\xcf\
&\x03\xe0\xbd7\x0c\x8c\xe5N\x17\x97\xbd\xf7\x03\xb8\xfd\
\x8e{\xd1\x1a\x1cx\x88qi6\x9b\x18\x1c\x1aB\x0c\
\x95>Vs\xf6}y8\xfdv\xb4?\xf6sm\x0f\
\x89\x84\x98\xac\x87N\xbe\x1bm[\xb0\xectP..\
\xc6(\x99\x1b\x8d\xd5b\x94\xb9<\xcc\x1c38I\x1c\
\xb2V\x18\xa4\xb2\x1f\x8b\xe9\xec\x92\x8c\x82\x14Sd\xb9\
b\xf4\x05\x8e\xd0\xb2*%\x96S\xd6\xd1R\x1bu\x05\
\x1a\xfa\xc4Nn\x96\xeb.\x07\xe8\xe6[\x95\xbd\xc4x\
\xaa\x05R``\xe1\x14\x1dW\x00\x00\xa4]IDA\
T1\x0b\x83R\x89)\xd7\xef\xa1\xc9O\xd7\xc7\x89\x00\
R<\x03\x0a\x92\xd6\x13U\x97\x00\x02\x8e#U\x5c1\
\x91L\xce\xa1\x0a\x08\x99\xcc\x02$\x179\x04@\xc6\xc4\
\x05i\xbai\x0e`ff\x06Gf\x7f\x87\xf5\x9b\x8f\
\xc2\xe4\x86\xa38\x86\x88*\x94\x1a4;X\xf8m\xcf\
M\xee_\x1co,{t\xea\xa9'SQ\x94\x11\x91\
\x9d\xcb=\x1d\x99=\xc2\xf7\xde\xf7 \x06\xc7\xd7S\xe4\
\xc8\xde;\x0a`\xae\xaa\x92N<\xe7\x02|\xecc\x9f\
\xc2\xe8\xd8J\xbc\xfa\x95\x7f\xcd{\xf6\xecA\xde\xc8i\
iq\x09_\xfa\xec\x95\xf8\xf3\xbfx\x09f\x8f\x1c\xc1\
\xc8\xc8\x88,\xb4 \xaf.C\x98\x1a\xcdf\xc3p\xba\
\xa9\xbf=\xa5@\xd2\xb2G\xd1\xf5\xe59-\x8ecs\
\x0c:\xd2\x89\xe0\xc9\xe1\xb8m\xdbL(\xfb\xe0\x82H\
c\xec\xebZ\x91@1\x91Z\x09S&If`j\
\xea0\xba\xcb\xcb\x18\x18h\xc9\xb8\xf6X`b\xb8\x9d\
\xa4\xde\xb2\xdf\xd6\x17pxnQjxB\x00#\x22\
\xf3\x19:\x8b\x8b\xf8\xd2\x17\xbe\x02\xdf\x90.\xbc\xf1\x91\
q \x06t{=\x14EO\x8d\x90\x83\xcf<\x1a\x8d\
\x1c~\xe5J\xfc\xcf\xaf\x7f\x87\x83\x07\xa7\xb0q\xe3\xc6\
:\x94\xd1\xaf^Q\xa0\x8a\x11>\x97U\xe6\xcdf\x03\
\x83k\xd6\xc1y\x87\xf9f\x13G\x1f}\x94^_\xd2\
@\x80\x80P\x96pD\x98\xd8\xb0\x1e\xed<\x87u~\
\x88k\x89\x08Ue\xc0\x5c\xaa!#\xc3i8\xa2\xfd\
5&6\xe9\x99\xd5\xa5\x5c\xda\x1c\x94\x0eR\xfavm\
\x85\x03\xc9\xa9\xd7UtF1\xd66\x84e\xb7\xba\xa4\
\x1a3\x80\x1c\xc9b&i\x06\xb2\xd2\x17k\x90`\xd8\
\xc8 {\x179j\xb5V\xc4\xe6\x1b\x0c$*\xdf\xcc\
\xe6\xf9\xe5\xd7\x9c\xd9\xbb\x14P&\xd5\x140\xe2\xea\x9f\
\x91\xd1\x18\x1a%DyJ\xc2-2sJ\x0a\x93\xe5\
\x1d\xa0;\x0b\xd5h)\xba\x90G\xa5C'\xb4(G\
V-\x13il\x0c\x9fI\xec\xc8\x0c\xce\x90Q\xe4\xc8\
\xba\x97\x13\x5c\x05\xf2\x19#\x84@UY\xca'\xb3t\
\xed\x80\x00\xd7h\x82\x19\xd8\xfd\xc0}\x98\x99\x9e\xc2\xe6\
m'\xd2\xf0\xe8J,w\x96\x11\xb9\x02\xb9L\xf7n\
\xdbs`5D\x1eE\xaf\xcb\xc7\x1d\xb3\x0d!TT\
\xc5\x80\xb1\xa1A\xfc\xfa\x97\xbf\xa6\xb9\xc5\x0e\xaf\x5c\xdf\
BU\x14r\x13\xce\x895\x0f\x01\xdbN?\x8b\xde\xf9\
\xee\xbf\xc1\xba5\xab\xf9\xe9O\x7f*\xf6\xed\xdf\x070\
\xc3\xf96\xbe\xfe\x95\xcf\xe2\xf9\x7f\xf9W\x98_ \x0c\
\x0f\x0f\xa3*+\xe8H'\x083\x01\xd1\xa0\x14\x0e\xd4\
\xff\x8dlc\xde\xa2\x1a*\xa7!\xbd\x95W\xa8\xe4\x80\
\x00\x0e\x88\xe4\xd0\xcc3l\xd9\xb0\x06&\x10\xe9LU\
\x0c\xfd\xff\xca\x8b\xff\xbf\xbe\xacY\xe8\xc1\xbd\xfb\x01\x0e\
\xe0\xb2\x87\xaa\xd3\xc1\x8av\x0b#c+\xd3E\x12t\
\xf0\xa5#\x1c\x9a=\x82\xfb\x1e\xdc\x89f\xaeaW\x8c\
\x08\x8b3@\xd1\xc5\xf8\xc4*t\x8a\x02s\xd3\xd3@\
\x0ch\xb5\x9bX\xb5r\x0c\x93\x9bW\xc3k\x1c\xbe\xb8\
\xb8\x84#\xf3K8r\xe40\x06Zy\xffX.\x95\
Ka\xef\xef\xda~\x1f\x96:\x05\xc6\x06F8\x04\xc9\
\xe4\x84P\xa2\xac\x18C\x03mL\xca\x9a\xb2\xc4\xe2\xdb\
\xa3\xdd\x7fp\x1a\x87g\xe7A\x90\xe5\x22V&\x98\x9e\
N\xd2j\xbd7\x93}\xf9x\x12K\xcc\xa0\x87p\xdc\
\x16(\x9b\x8b\xe7~\x17\xaa\x09\x1cIEZ\xd0\x89t\
YD\x96\xe3\x91\xd7\xd7\x05\x03\x99XE\x80\xa4\xa9V\
\x1d\xb7\x88A\xdap/a\xbc\xa1\x01J\x0fJS\xe9\
\x96<J\xbf\xacIr\x19\x08K0.\xdf\x1c\x02\x98\
\xd9\x91x\xdf\x14\x9d\xd6\xc6\xc5x\xf3hz\xacD\xa4\
\xa2\x0fJ\xb7B\x00)\xac\x86\xad\xb36\x8ds:x\
\xc1\xde\xd6\xf2\x83)Wh\xf3\xad\xb4\x13I~\xe2\x80\
\x18dv-98\x0a(\x8a.\xaa\xa2\x14\xf8\xef\xb5\
\xd4\x95\x84\xd1\x95\x8c(\x83ZCX\xea\x14t\xd7\xad\
7b\xdd\xc6\xcdX\xbb\xe9h\xc0y\xf4\xba]\xab\x0a\
e\xe5\xe3\xc1\x1c\xd1\xedui\xc3\xba58\xe1\xf8\xe3\
\xe3\xec\xec\x1c\x11\x1cy\xe7q\xcbm\x7fB\xd6\x1c \
0\xcbp\x13\x80\x1c\x1c\x9cw\x08\xb1B\x9e5x\xeb\
\x09\xa7\xd3k^\xfbFZ\xb3f\x15\xce8\xe3\x0c\x9e\
\x9e\x9e\x06w\x961\xbab\x14\x7f\x7f\xedWp\xf1_\
\x5c\x82\xe5,\xe3v\xab)\xa3\xcd\x05\xde\x89\xc3\xd1\xb9\
\xf4\x9c\x9c\xbb=\x1b#\x09S(j\x16\x9f\x14\xf3!\
\xaa\xf1\x88\x9a\xd6m\xb5[\x18\x1e\x19\x05\xd0W\xa5\xa7\
\x87L\x00~y\xdb\x1d8\xb48\x87<\xcb\x11\xd47\
\xe4y\x86\xd0-\xb0<\xb3\x04\xcdZ!\xc6\x88F\xe6\
\xf1\xdf\xbf\xbd\x1191(\x94({=l]\xb7\x0a\
\x1b'\xc7e3\x0f\xb9\x04\xa5\x00\xa0\xec\xf5P\x85\x00\
\xe7=\xb8\xb3\x88jq\x0e\x8e\x80\xe03\x1c>8\x85\
\xf5\xebV\xe3\xe2'?\x1b\x8f{\xcc\x858\xf1\xc4\x13\
\xb1i\xd3F\xac\x1c]aD6\x8a\xa2\xc0\xcc\xdc<\
\xf6\xee\xdd\x07\x8e\x11\x93\xab&SDj\x18\x18\x00\x0e\
\x1c\xd8\x8bP\x05v\x8e(\x04\xf39\x84\xaa\x0aX;\
9\x86\xf5k'\xf5\xfe\xf5\xf69\x02p\xd8\xb9s\x07\
f\xe7\xe60:>)\xde>\xf9\x7f\xd5\x81\x18k}\
I\xa4k]\xc4\x05f#\xdaX\x8a\x82\x14.\xd4[\
\x7f\xccZ\xa8\xc6Y\x14\xcf\xc9X\x90\x1d\xa2hE2\
n\x02\xfd-M\xc0\x9c\x01\x10[\x92\x08\x06\xc0\xae\x89\
\xcc\xa7\xa3\x16c\x86\xc6\x80,\xd0\xc0\xf2\x9fdPQ\
\x888+\xfe\x02\xa7\x14=\xd7\xf7a\xbfZ\xdb#5\
kQf\x92\x90\x8c@eN\xeb\xa4`{\x08\xe5\xbe\
\xea\xf4\x87\x85 \x0f\xdd\xb1^\xcb\xa3\xb4t\x138F\
\x81\xc5\xf2\x9eV\xa6\x93\xd2$\xe2\xf8\xa4f(\xf3L\
UQ\xa2S\xf4\x10\xab\x0aN\xa6\xca2G&v\x8c\
\x18XxXO\x14u:\xa9\xcb3\x80s\xec\xdd\xbd\
\x0b\x87\xa6\xf6c\xe3Q\xc7\xf2\xf8\xda\x0d\xe8\xf5\xbaT\
\x96%\xc9\xeeAQ\xb3\x18\x02\xf5\xba\xcb\xbcn\xc3Z\
\xeev{8x\xe0 \x1a\xcd\x06n\xfa\xe3-h\x0d\
\x0c\xd5\xa1\x0c\xe9\xcah\x109\xef\x11\xcb\x80\xf6@\x9b\
Wn\xd8\x8a\xe7=\xffE\xf8\x97\x7f\xfeG\x1c\xbdu\
+\xe6\xe6\xe60??\x8f\xf1\xf1q|\xed\x8bW\xe3\
\x85/\x7f=\xe5\xf9\x1a\xf8\x84\x13Y\x8d8t\x80&\
\xd7hNQ\xa6l\xd1S\xd4\xa4\x07\x94\x9e\xa4\xf9\x1e\
-\x01.\x8a\x02\x1bW\x8f\xe3\xd8\xa3\xb7\xc8\x8f\xad\xd4\
[%g\xb9\x0ax\xeb\xb7\xbe\x8b\x07\x0e\x1dF\xbb\xd5\
\x06e\x0eY\x88X\xdc{\x183\xbb\xa7\x11z\x85P\
\xcf\x89\x90\x8ch5\xda\x18hd\xe0^\x0f\xb1\xecb\
p`\x00\xa4-\xe5\xc9!\xe9\xf9\xde\xb7s\x0ff\x0e\
\x1dF\x16\x0bTE\x17.o\xa0\xd7+\x91\xc7\x0e\xde\
\xff\xae7\xe3\x15/{)\xd6\xae]\x83\xfe/fU\
P\x06\xda\x03\x83\xd808hS\x86\xea\xd78\xa4\xaa\
U\x00\x98\x9b_\x04e\x19\x11R\x1bA2\x22\xcdF\
\x13Y\xa3\x99\x14K>C~\xb3\xd7\x915c\x09\xab\
\xd7<Z\xba\x07u\xfd2\xc4'jo/\xd5\xd6'\
\xfd\x9e\x06X\xb5\x83U\xd3\xacQ\x80\x95\x03\x93\x90<\
\x80\xa2[y\xa3>\xf2!\x19gyG\xd5\xbf\xe8\x04\
G\xd7\xd6\xd5\xeeFbjU8\xd5ng\x0f@^\
% A\xa8yy\x9bT\x9dk\xd1\xa5\x80F1&\
\x8a#\xb40\x15H?\xb0\xd0\x91\x8d\xee1\xebD\xf6\
\x1dQ\x86\x04F\x1dY\xd1\x03\xb1\xf3\xdeJ\xff\xc4\x95\
9\x93V}\xa6\xea\xd4dD\x96c\x22g)\x05\xa1\
=d\xd0$\xc3\x13{\xe7\x91\xf9\x8c\xcb\xaa\xc2rg\
\x19`Y\xb6\x99y\x8f\xccyx\x97\xb1\xf3N\xbb\xbd\
2\x92\x01\x1e^'\xb2\x02\x84\x08\xdfh\xa3`\xc7\xf7\
\xdd\xfd'\xba\xfb\xd6\xdf#\x94\x05\xb7\xdam\xc4Pq\
\x88\x81\x99\x89\x9a\x8d\x06/\x97\x81\xfe\xe2/^\xecn\
\xbe\xe9\x8fX\xb5z\x15n\xbd\xf5V\xdcy\xf7\xfd\xb4\
b\xc5\x08\xc5\x10m~|2\xe6D\x0e\xe43\x0a!\
\xd0\x8a\x15ch\x8d\xad\xc3\xb3.z\x1e\xa6\x0e\x1e\xc2\
\xe0\xf0\x10\x18\xc0\x91\xd9Yl\xddv4\xae\xfc\xc8\x07\
0\xbdw\x07\x94\x00e\xd6|Mz\xcc\x09|\x82d\
\xf1\x80`\x1e\xb1\xa1r'\xdaY\x0e\x0b\xfd\x98Mx\
\xc5\x10\xb4\x9a\x0d\xe4y^K\x0d\xea\xe8\xa2W\xf4\x00\
\xef1\xb9f\x03\xc6\xc7\xc6\xd0\x9e\xeba\xf9\xae\xbd\xe8\
\xed\x9f\xc3P\xbb\x8d\xb1\xb1\x15<62\x82\xb1\x15#\
\x18\x1b\x19\xc6\xca\xe1\x15he\x0e(zp\x1c\x10\x97\
\x16q\xe2\xd1[\x00\x92\x22\xadTc\xa0\x9fvp\xdf\
^,\xef\xdb\x01\xc7A\x96m\x96%\x862\xe0\x1f\xbf\
w-\xfe\xe6=\xef\xc4\xda\xb5k\xa4\x01\xab(Q\x14\
\x05\xaa\xaa\x02\x91\xe5\xfc]\x8a\xabc\x8c\xa9U\xd9\x94\
$\xa2.\xeb\xbd\xf5\xb6;\xd0\xc8\xf3\xa4\xb4N\x82#\
.\x8a\x02\xc7\x1d\xb3\x15\xedVK\x7f\x9f\xd23\x00\x80\
\x1bo\xbe\x05 b\xef,\xb7\x95.\xbd\xcf=\xd5j\
\xa9\x9d\x9b,\xcf\xddp\xad|K\xd3\x83\x9c&3I\
/}?\xc3\x06\xe3\xeb\xd2\x97\xa4Z\xa9\x0f,\xf7_\
\x80\x91\xba`\x1dmJ\xc6\xae\xeaH$\xb6\xda\xfb\xfe\
\x0b1\xb2\x06\xc4\xe0\xa8u\x01\x90:\x01\xb136\xac\
Ik\xf8-'o\xbeZ\x04I\xa163\x87(\x95\
\x82BF\x12\xa5\xca\xfd\xf4h\xc8\xc8\x15\x8b\x8f\x18i\
~\x80\xc4m\x0c\x02\x87\x14E\xc0\x1e#9\x925E\
jD\x9d\xf6M\xc8}\x91\xc5|\xc2\x1d\x80\x1d\xa4\xf8\
'\x84\x8a\x96\x96\x17Q\x96\x85(6i\x8e#\x82t\
\xc7\x84\xf4h{\xc9\x83#F\x8e\x14\x11\x22`\xf1\x97\
 $\x10\xb5\x86pdn\x1e\xf3\x7f\xfc\x1d\xd6o\xd8\
\xcc\xeb\x8e:\x86\xaa\x10\xd1\xedt\x10\x88\xb1b|\x12\
w\xed<\x88\x17\xfe\xd5\xa5t\xfcqG\xd3\xdc\xc2\x22\
\xb7GV\xc2;\xc7d\xf9T\xa0\xe6\xeb\xc1D\xe4\x91\
e\x84\x10#\xadZ\xb3\x16\xfbv\xf7\xf8\xf9/\xf8K\
\xfc\xec\xa7\xff\x8a\xcc{D\x22\x1c:t\x08\x17>\xf2\
\x11\xf8\xd0{\xde\x8c7\xbd\xeb\x0a\xdev\xd2\xe9\x08E\
OT\xd9L\x00\xd7\x95\xcb\xb0urjg\xec\xc4\xa3\
\x1dE\x84\xa5v\x13\xf9\xd2\xeb\xf5\xb0m\xebVdY\
&P\xdc\x19\xbb.\xef?37\x8f\xeer\x17\xc5\xec\
!\x1c\xbao':\xf3\xcb\xa0V\x0b\x94ypY\x22\
D\x90\xc5\xd9d\xe5\xa6\xcaT\x83\x00\x84\x02\xabF\x84\
\x00L\xdcW\x1f\x8b\xb5k\xef^ k\x80\xc8q\xe0\
HUg\x09\xdf\xff\xf1w\xf1\xe8G=\x0a\xdd\xa2@\
\xae\x85=\x91#r\xe5\x18\xa6\xa6\xa6ph\xfa`z\
\x8fF\xb3\x89M\x9b6\xa3\xd9l\xa2\xff\x8bjQ\xc2\
r\xa7kF\x14\xb5\xfe9\x0a!`\xcd\xea\xbaH)\
\xb9T}\xe9\xfc\xdc\x02\xa4\x12\xe2\xff\xd4\xfa\x9a\xcc\x13\
G'\x13vt\xd5=\x1b\xdc\xd5\x9f1#\x82\xc9\x91\
\xa3\xb4\x13\x83%\x8e\x8b\xb0\x19&\x89c\x12\x0dS;\
R\x17\xa2\x11\x01\xb2KAt8}\x1f\x00\xfb\x0c$\
\x8c\xa1t\xf3\xebE\x12\x0c\xb6\xf7E( \x9b\x16F\
\xf5\xad%@\x22\xe33\xec1\xc9\xefk\xda\x81\x93\xfd\
\xe1\xf4\xee2\xf2Y\xdf\x9e\xc9\x96\xa2Y\xc4Ilx\
H\x8d\x95\x09)\xdb\x94\xf9>\xce\xc4b\x1f;<q\
d\xce\xa5&\x22\x82%\xbaIo\x84\xa4\xa3]I\x0f\
\xe7\x09\xbdN\x87\x96\x97\x17\xc1\xcc\xc83/{\xd5\x9d\
\xa4\x07\xe1\x9d\x0et\x90\xaeB\x1b~\x01G\xc4\x81\xe0\
}\x04S\xe4\x18\x1d\x08L\x1c\x81\x18\x02|\xde\x003\
h\xf7\x8e\x07y\xf6\xf0Al9\xeeD\x1e\x18\x19\xa3\
\xa2\xdb\xa3\xaa,1\xb1j\x82W\xad^\x8d\x99\xb99\
j\xb4G\xd0\xf0^\xb6\x019\xb01\xa1\x89I%\xd9\
w\x01\x96a\x14UY\xd0\x86M[\xb0\xe3\x81\xfb\xf0\
\xe2K.\xe1\xeb\xbe\xfbm\xcc\x1d\x99\xa7F\x96c\xff\
\xfe}\xb8\xf89\x17\xa1(J\xbc\xfb\x8aO\xd2\x96c\
O\x92^\x06\xa6\xbesPh\xc4\xe9\xfc\x94$\x04\x90\
\xb6\x02\x8b\xec\xd8X*\xe6(\xc3-B\x85\xf5k$\
\xfe\xe5\x18S\x10,\x7fv\xd8\xf3\xc0\x03\xb8\xff'?\
G\xd6\x18\x02{\x0f\xdfn\x02\x1c\xc0UH\xf1\x16\xac\
\xa5\xd8$HC\xa9XUp\xce\xe1\xd8c\x8f\x05\x80\
\xbej;X\xc6\x18w\xdcq\x07\xc0\x0c\x9f\xe74\xbb\
\x7f?^\xf5\xd2\x17\xe0\xd1\x8fz\x14\xca\xb2D#\xcb\
\x05\xdb\x86\x80,\xcbp\xc7\x9dw\xe0\xf2\xcb?\x8c\xdf\
\xff\xe16\xcc//Z$\x8a,k`\xcd\xd80>\
\xf1\xd1+\xf0\xc4'=\x09!\x048'}*\xce9\
\x1c92\x87]\xfb\x0f\xa0\xd1l$\xc3\x962U\xa1\
\xc2\xd6-G\xd9\x9d$\xf0\xec\xd5X\xec\xd8\xbd\x17Y\
#\x93\x16i\xd3{{\xf8\xfd`[\x9d7[\xba\xcb\
\x09\x99\xad\xee\x18\x89\xc0\xd7\xdc\x1e\x83\xe1\x92\xf9\x16D\
.\x8bU4\x8eS}c{Vd\x12k8\x1cf\
\x11,X\xe6~\xf3&\x10\xde\x8a\x12t\xdc~]\xdf\
\xac\x9c\xa4\xc9\x8eQ\xee\xb0\xf2\x5c\x19\x10$\xb6C\xfa\
I`P\x1dd\xa6\x9c%\xc5_[!\x1dYP[\
\x0eR+Bb\x06\x84L\xb4\x1ad\x85\xff\xa6\xc8\x04\
)\xe6!\xe1\x1c\xb4\xae\x95\x05\xae1\x1cY^_\xfc\
\xb3\x22j\xd6\x90\x86H&\xe0aq~\x0e\x9d\xce\x22\
{\xe78\xcb2\x069v\xce\xc3+\xdcw\xde\xb3\xf7\
\x1e\xceg\xec3\x87\xcc{\xf8\xcc\xb3\xf7\x19\xfb\xcc\xb3\
w>Jy\xb1\x97-\xc3\x12j\x98tp\xd6\x1e\xc4\
b\xb7\xe4\xdb\xffx\x03v\xdd}\x07\xbcw\xdc\x1a\x18\
\xe4\xb2(\xa9\xecu188\xc0\xceI\xed\x83\x840\
\xb5\x8b\xb0\xfbsdD\x9et\xeax\x9fq\xaf\xd7\xc3\
Q[\x8f\xc5\x0d\xb7\xddK/\xb9\xe4%41>\xc6\
\x91#|\x96c\xd7\xee=\xfc\xa2\x17\xbd\x80\xde\xfd\xd6\
K\xb1\xeb\xc1{\xb9\xd1h\xc9v%f$\xf8\xa8\xd2\
\xa0f7\xd9\xd9:T0KQ[\x0e\x8b,7m\
\xdcP\xcb\xc2\xff\x82\xc0\x87\x8b\x88\xe5\xf9%\xf8V.\
\xfdSE\x0f\x08:\x99\xa7*\xe5\xdf\xa8\x15|A\xff\
e\xeb\xe1\x0fp\xb1\xc2\xe6u\x0f\x8d\xe1\x93\xb6\x00(\
z%@\x84\x18#\xda\xad\x06^\xf1\xd7/\x95\x14\x9e\
\xceS`\xcd\xcb\xef\xde\xb5\x0bO\x7f\xf6\xf3q\xddO\
~\x81\xb9\x8a\xe0\xdbc\xf0\x83\xa3\xf0\xed\x15\xa0\xd60\
n\xbbw'f\x8e\xcc'E\xe6\xbe\xe6\x99\x85\x85y\
\x1c\x99\x99a\xd9\xa6d4\x9b\xc8y\xb3\xe1q\x9c\x0e\
BM\xbeWC\x8c*T\x98>8\x8d,\xd3u\xe0\
}O\x86\x92;\xd3\xa7Md\xee\x9b4<\xd6\xceC\
J@DHk\xf9]\xfdf\xe2p\xfb?_\x92n\
\xae~J\xfa\x1f2\xfbm(\x8fjn\x02\x00;b\
d\xf6!\xc9\x03Xx\xd1\xf7h\xccU((\x16\x06\
\x1c@\x9a,\xa9\xc1\xa4\x8a\x89\xd4\xba;\xee\xf3\xcfN\
a\x81\xac\x9f\x90\xb7e\xd6BDA\xea\x8e\xfa\xc5\x12\
fb\x14-\xaa\x08Je\x80\x83\x83#\x9f\x02O\x19\
\xa0e@A\x1eY\x8dS\xec)1\xb4\x1c\x9a\x9c\xcf\
\xb8*zX\x98\x9b\x95\xc5\x8cY&b\x1f\xa3\xe2\x02\
=\x17H/\x81w\x8e\x9cs\xe4\xc8\x9bQ \xe7=\
\xb2,#\x97e\xe4\x9c\x97\xd9|\x99\x97\xd7g\xcef\
\xbd\x11s\x84\xf7\x9e|s\x88\xa6\x0e\x1c\xc0\x1d7\xfe\
\x9af\x0f\xee\xa1\xa1\xe1\x114\x1amb@z\x15\x5c\
FN75\x91LXS:\xa5/\x04\x13\xe4\x01r\
D\xdeg\xe8\x15]\x1c{\xfc\xc9\xf8\xaf_\xdf\x8cK\
^\xf22Z\xb9r\x1c\xa1\xaa\x907r<\xf0\xc0\x0e\
\xbc\xe4\x92\x17\xf3\x8b/\xfe3\xec\xde\xbd\x13\xed\x81\x01\
\x98\xeb\xa0\xda,CR\xa5\xf5\xd9\xf6W\x9c\x81Qs\
A\x0a\x12<\x01\xdb\xb6lJO6q\x05*\x95\xb7\
n\xbf[*yJ\x99\xc6C\x0a\xf1\x9d\xcd\xe0\xd7\x7f\
)\x04X!\x0f\xc5\x08\x17#b\xac\xb0bh\x10\xe3\
+\xc7T\x12L$e\xd6\xff\xf2r\x17\xb7\xde\xb1\x1d\
\xcd\xc1\x01\xeev{\xd8\xb0a\x03\x8e\xde\xbaU\xf7\x14\
\xc8kc\x106\xfd\x1f\xfe\xf1G\xd8q`\x1a\x1b7\
oD\xe6\x08\xcc\x01\x8e#2'\x08tlx\x10g\
\x9dq\x1a\x00qb\xb5\xf9\x03\x0eN\x1fF\x11\x22y\
\xe7\x12\x0e&\x0012y\x9f\xa150\x90\xae/\x09\
'\xa0\x057\x92\xa1H*\x08\xc09\xcf2\x15)\xf6\
}\x17}\x8c>\x80\xb4g\x97\xd5y*\xf2\xb2g,\
*#\x17\xa9\x87\x97\xb0/\xf7\xbf\xa5\xd9\x01\xeb\xc9\x91\
\xc3\xd1\x88A\x9f\xa99o\xd4Yu\xfd\x84\x98f\xf4\
P\xd2:\xb0\x0a\xa4\xf1\x0d)\x0b)\x98\xd8|Cm\
\x90$vN\xcc(\xc0\x1a\xe9\xc8OI\xf6\x1f\x8aS\
\x16T`-\xbf\xb0\xbc\x80\x9a\xde\x1aj\x90\xa4Jb\
\x94O\x8f\x16GR}\x00\xf6\xf7\xf4L\xcdzh \
b\x00byi\x01\x8bK\xf32N\xcf9\xd2\xcd\x18\
:\x8b\x8fl\xe7$\xbc#&\xf2\xe2\xd5\x9d\xa4\xe4\x88\
d\x03\xac\x18\x85\x8c\xbd\xf3\xa6\xf8\x90\xe6\xa2\x0c\xfa;\
\xe4]\x22v\x18\x1c\xd97Z()\xc3\x03\xdb\xef\xc2\
\xbd\xb7\xdd\x88\x18\x0a\x0c\x0e\x0e\xc3\xb8\x11K\x03\x09\xf6\
\x92\x87,\xd0K\xc3\xa2\x94\x8f\x05\x1c9r.C\xaf\
\xd3\xc1\xf1\xa7\x9d\x81\x7f\xf9\x8f\xdf\xe0\x0do|\x0b\xd6\
\xacY\xc3E\xaf@\x9e7\xb0w\xef^\xbc\xf3\xb27\
\xe3Qg\x9f\x14\xf7\xee\xd9\x8d\xd6\xc0\x80\xac.\x83I\
Om\xedI]\x00\xf7YN\x03\x86\xdcg\x842\xef\
\xd0\x1a\x18\xec\x13\x9a\xbe\x07\x0e\xa0\xb7\xbc\xa4\xda\x12@\
1\x82\xa2\xae\xdd\xe2\xf0\x10\x03 ^?\xd6\x06\xc1y\
\x14\xdd.&\x072\x9e\x1c_\xa9\x8e\xa5/#\x05 \
V\x05:K\xf3\xf0yNeU\xe2\xa8\xcd\x1b14\
4\xa4\x8d1I\x07\x00\x00e\x15\x80N\x07K\xddB\
\xce\x9f\x08Ed\xcc/u\xb0\xff\xbe{p\xc1\xc3\xcf\
\xc2\xa6\xcd\x9b\xc0\xccu?\xbf\xca\xeb=\xf7\xde\x8f\x99\
\xb9\x05!\x8dU\xbf\x88\x08!\x04\x0c\x0d\xb4\xb1a\xfd\
:\x955J\xa1\x89\xcc-\xcc\xd0n\x0f`nn\x1e\
\x112j\xa1\x8cL\x0b\x8bK\xb4\xb4\xb4,#\xf4\xec\
\xd1\x0b8\x85\xf1\xf9\x8e,\x09\xc3\xe6jM\x99\xc8\x14\
\x18\x9cX{9\xb7~\xe1\xaf\x11\x07?\xa4\xde\x06)\
\xdd^\xff\xa2\xc2<\x17!}\xed\xf2\x0bd8G\x05\
\x04\xfa\xcb2\xc9\xd3r\x90\xb0\x18\xc5\x1e\xb6l\x92\x11\
x\x0f\xdb\xfa\xabP\xc39\xe3Q\x12?\x01\xd2t\x14\
\xa5\xd21\xbdF6\xd2\x9b\x13\x19jxE\xc1\xbc\x1d\
\x88\xf1\x83\xe4\x9c\xd6N\x1b\xe5Az\xf7f\x0c\xd4\xa1\
\xab\x07\x89\x91y~n\x8e\x8b^\x17\x99\xcf\x8d\xf8`\
r\xd0{\x94%#\xc6\x1a\x93s\xe4\xbd\x83t\x15z\
\xb6N2\xef=;\xef\xe1\xc8!\xf3\x192\x9f\xc1\xfb\
\xbc/<p\xf0\xce3y\xcf\xe6\x9d\xea\xc2\x1c\xe2\xac\
=\xc4G\x16\x16q\xfbM\xd7c\xef\x83\xdb9\xcfs\
\xe4yS'\xe70Xw4\xd4\x86M\x14\xb5^!\
IL\x8e\xd89\x82\xcf=z\x9de\x9c|\xdaY\xf8\
\xee\x0f\xfe\x89?\xfe\xf1\xbf\xc5\xfa\xf5\xeb\xd1\xedv\xd8\
{O\x07\x0fN\xe33W~\x82\xce>q3\xf6\xec\
\xda)[t\xa2\x1ed\x126y\x10\x8e%\xb5\xd3O\
\x15A\x05\x90\x88\xd0\xe9u\xb1q\xdd$N=\xf9x\
\x00\xfa\x8c\xf4\xf2\x1c9\x04f<\xd0\x8b\xc8e\xc0+\
\x98\xa3\x11\xa6\xe0\x10@I\xe9\xf5\xfb6)\x08\x00w\
\xe6Q\xcdN\xc1#R\xdel\xfd/\x89\x95\xaf\xd9\xb9\
\x05,.u\xd1\xc8rpd\x8c\x8f\xad\xd0\xea@\x83\
\xca\x80\xf3\x19\x023^\xfe\xb2\x97\xe2/_\xf0\x1c\x0c\
\xa2\x83P,\xc3\x97]\x8c5\x22\xce:~3>\xf9\
\x91\xf7\xe2\xdb\xdf\xf8:\x1a\x8d>\x12\xb0/k\xb6m\
\xdb\xd18f\xc3j\xca)\x90U\xa6\x022\xb8t\xb0\
\xdd\xc6\x8a\x15#\xf5\xf5)^\x8c,\xeb\xca/\x7f\xdf\
;q\xde\xa9\xc7\xa1E\x019\x07\x8c6\x1d\x9f}\xf2\
18\xf3\xc4\xa3\xd1\xeb\xf5\x0c\x89\xeb\x86'y\x1b\x07\
\xc7\xbaf\x97\xc8\x89\x8e(\x0b\xced\xb5x\xe6HT\
\xe7\xd5i$\x1d\xb7v\x09BB\xd3\x86\xe9\xfbB\x00\
\xb5\x1a\xfa\xb9\xba\x19\xc8^\x91\xca>\xd3\xf3P\x96Q\
\x05\x82\xa3\xe5A\xed\xf28\x1aV\x84\xe4\x8e\xc9\xd9x\
\xd0\x14z\x84\xa0#\x95\x12|\x00;2\x22OK\xf2\
]}\xd2f\x90HG\x95\xa6\x02\x09\x10H\xabo\x04\
\x8d8q\xf1D\xf0L\xb6~\x0cv\xc1\xc6|\xb2\xee\
\xd8[^^Fgy\x89\x88$\x86\x86\xc6\x5c \x08\
u\x1f\xad\x07\x81\x95WH \x99\x01[\xadiF&\
\x12\xc3\xb1\xf3Rc\xed\x12\xd5h\xe1\x88\xd3E\xa1D\
Q\xf6\xfe\xd98\x03U\xf0@>\xcb\x19h\xd0\x9e\x9d\
;\xf9\xf0\xc1)l:\xfa8\x1a\x9dX\x83N\xb7\x8b\
X\x05\xf8\xdcS\x8c\xd1\xba>\xd2\xdd\x19R\x15\x03K\
\x00;8\x97\xa1\xacJ\x1cw\xeaY\xf4\x89+\xaf\xc6\
\x9a\xd5\x93\xf1\x92\x97\x5cB;v\xed\xe4F\xde\xa0\xc3\
\xb3\xb3\xfc\x85\xcf]\x85\x17\xbd\xe4\xe5|\xef\x81Y\x9a\
\x9cX\xc9E\xb7\xb0\xf30#\xac\xb3Y\x90\xf2\xe1d\
i&\xc5x1F\xe4>K\x8a\xd3\x1f\x90:GX\
\xee\xf6\xb0w\xcf\x1ei\xaf\x0dA\x99\xf1\x87\xb8&y\
\x9a\x06n}\x06T=\x84\xa59x\xc8\xfc\xc4\x13\x8f\
;\x0e\xadf\x03U\x15\xd2\xd4\x1cAr\x1e\xdb\xef\xb9\
\x1b\xd3G\x8e`lb\x0d\xf2\xa2\xc0\xce\xdd{Q\x85\
\x0a\xde\xf9\xf41\x8e\x00\x8e\x8c\xd1\xd1Q|\xf3\xeb\xd7\
`\xfa\xe0\x01\x1c\x9c>\x8cV\xab\x85\x15#C\x98X\
5\x09\xb3}!\x84\xd4\xd9\x07\xc8\x98vf\xc6\xd9g\
\x9e\x86\xdf\xff\xea?\xf1\xb9/|\x11\x1f\xfc\xe4\xe7h\
|r\xb5\x0c\x83\x85\xfcNU\xf5\xa5\x0f\xd3\xef\x8a\xbc\
=\xe2\xbc\x87\xe3\x7f~\xfe/\xd8\xb7\xff\x00\x96\x97\x96\
\xb1bd\x88&W\xaf\xc1\xa7\xae\xfc4~s\xd3\xad\
\x18\x18\x5c\x8dP\x05{\xbe\x09\xf4!\xf9l\xa2h\xca\
\x87\xa4\xe2\xb51\x16\x91\xa5\xc8\xc9\x91\xc3\x0e\x89\x15\x90\
\x18\xc1^\x075\x94\x8e:\x85\x13\x9a\xc0\x8e5\x83/\
\xcf\xd0\xf8Yg3/S\xfcATsH\x22\xed\xf2\
\x1f\x22\x9d\xd7K\x86\x1c8F\x10\xc1F\x5c\xd7\xdd\xce\
b~H\xa1%A\xb7\xf8\xb0\x92\x8eJ\x84\xc9\x97c\
\xd4\xb9pJ$\x96\xd5\xf1\xa4\xa45\xb3\xb5Q\xdaG\
\xa8\xad\x88 r2\xcbma\x01\xdd\xcer\xea\x09G\
\x1d\x80\x88r\xb3\xce\x0f @\xb7\xfb\xa4\xb7bN{\
\x1bR-\x02H\xb6\x00A\x17V\xdan\xc2\x14\x0e\xf8\
\x84\x14t\x06\x81'\xe7\xe5\xc6\xf4\xbf0\x95\xc8Z\x03\
\xd4\xad\x98\xee\xbe\xfd\x16<x\xe7-\xf0\xc4h\x0f\x0e\
H\xff\x84j\x98\xc1BJ;\xec\xfa\x89\xdf\xc47\x80\
9\xe0\xe8\x93\xcf\xc2[/{\xaf\xfb\x87\x7f\xf8!6\
\xac\xdb\x80\xa2W T\x81\xe6\xe7\x17\xf0\xd9\xab\xff\x0e\
\xe3\x03\x8e\x97\x96\x96\xe1\xbd\xb3\xd4(S\x0a.\xd9\xb0\
\x9a\x08f\x02\xa5b\x84\xaa\xb2\xc0\x86\xf5\xeb\xd1h4\
d\x02\xcfC0%\xb0\x5cV\xe8\xb1\x83\x83\x0c\xe3D\
d]\xc0\xa1\x92e\xdbw\xf4\xf9\xc6\xc5#\x08\x0b3\
\xfa\x90s \x04\xac\x5c)\xde50\xa3\xce\x15\xc8W\
gy\xc9\x8a\xc2x``\x00w\xdes?\xee\xb9\xe7\
^\x10\xc9\x9c\xfe$\x03D\xa8TQWM\xae\xc1I\
'\x9d\x84\xa3\x8f>\x1a\x13\xabV#F\xa0\xab\x9e8\
\xcb<b\x0c\xe9w\x0c;VU\xc0\xf0\xc8\x88l%\
\xb2\x5c63\x1ay\x86\xd9\x85E\xec\xde\xb3G\xe41\
r\x9fU\x16y\x09!\xc0\xfb\x0c\x1b7l\xc0q\xc7\
\x1d\x8b5k%\x5c\xf8\xc5\xf5\xbfG\xdel\x0ba\xa9\
z\xcc`s\x0c\xf5\x93d\xe5\xc0k\xc5%\xfb|\x82\
h\xb8\x0ezMJ\xab\xf6\x19\xc6)\xb0\xc6m\xac\xea\
S\x8f\xa4\xe9\x8b\xd7\x98\xe1$Ghh\xb3\x0f\x923\
\xcc\x05\xd8\x9b\x1b3\x96 \x8c\xea!\x11\x01\x9e4\x03\
 A\xca\xffW\xd9\xbf\xc7k\x9a_u\x81\xe8w\xad\
\xdf\xf3\xbc\xef\xbb/u\xef\xaa\xae\xbe\xa4;\xe9t.\
t\x80 \x9d\x00r\xeb\x88\xa0\xc2\x88\x80N\xbc02\
#*\xa38G\x8fr\x1c\x07Fgb\xf4\xa3\xce8\
g\x14\xf4\xa8G\x8f\x08\x88:G\xe3\x11\x10D\xc0$\
\xa4\xb9&@\x93\x04\x92NBn\xdd\x9d\xbeVUW\
\xd5\xae}{/\xcfo}\xcf\x1fk\xad\xdf\xf3\xecJ\
\xc5sfC\xa7\xde\xfd\xee\xe7\xfa\xfb\xad\xcbw\xdd\x13\
\xa68\x0dI>T^0\xd7\xca\xf3\x90\x9a\xe7\x1f\xde\
j\x1b\x04\x05\x8aL\x22\xf0\xbfy\x11\x90\xc4\xe4J\x11\
\x84i!\xe2P=`\x93j\xf3g\xa9v\x186k\
\xee\xef\xdd\xe40\xac|\x9e\xbd\xa8GQ\xdb\x83R\xc4\
\xbb\x86:\x0eR\x87\xd6E\x22\x1dX\x8b\xd7\x0b\xf8\xd4\
YF\xbf~\x14\x09_@\xf14^\xf7\x09\x14\x88:\
\xe4\x17Qt]\x87\xd2\xf5,\xa5P%\xa3\x06\x1dT\
J$ I\x04t\x8c\xa2\x8an\xb1\xcb+\xd7\xae\xf1\
CO\xfc2^~\xf1\x19,\xb6\xb6\xa1\xc5\x09\xd4\x89\
%`\x97oh\xe2\x94@wM\xb0AA<\xf8\xfa\
/\xe4\x9f\xfa\xce?\x87\xc7\xdf\xf3\x1e\xdcs\xf9\x12\xd7\
\x9b\x15V\xeb\x15\x14\x82\x7f\xf4\xbd\xff+\x86\x83\x97e\
\xa8\x83;\xc7\x1c\xbf\x03\x00\x95\xda\xac\xd24\x01Sg\
\xa8\x086\x9b\x01\x0f\xdc\x7f\x19\x84\xdb\xd8\xd5\xcc\x13j\
\x8c\xa8F|\xf4\xd9\x97\xf0\xc2\xde\x11f%\xbb5\xbb\
\x93\x8f\xf4>\xfca\xc7\x81\xcb\x03\xd4[/\x03\x9bU\
t4J\x92'\x1e|\xe0\x95n\x0a\xe5\xb5\xab\xa1\x0e\
\x15\xb5V\xfc\xda\xaf\x7f\xd0\x0d\xa1\x22\xd2\x17\xc5j \
\xbe\xfb\xaf\xbc\xddC\x80}\x8f\xa1\x1a\xea\xe0\x8e8\x84\
)Zk\xc5f\x18|\xe0\xc8\xb0\x81\xaa`1\x9f\xe3\
\xe9\xa7\x9e\xc1\xbf\xf97\xef\x80j\x09a1L\x92\x83\
\xbc\xa9\xc7\xfb\x7f\xf3It\xb3\xb93;\xc0R\x0a\xf6\
\x0f\x97\xf8\xd9\xc7\x7f\x1e\xaa\x8aj^\x898X\xf5\x8e\
j\x11\xb2\x1b\xe2~\xeb\xf5\xda\x05\xa5\x0an\xdc\xb8\xe1\
\xcd@\xb3\x82/\x83\xbc)kE\xe0\xf1+\xe7\xc0I\
)[\xd0\xa6\xd7m\x84\xad;\x09\xe2\xc9\xc4HC\xbb\
\x96\xcb\x0a\x89BoA\xd8\xea\xcd\xf2\x83\xf8\xdd\x1cU\
\xc7\xd1m\xcb\x03;\xc8\xe4\xca\x93,>\x19)#\xa0\
/2|'\xa1\xe35\xdcV\x12V\x87B\x91^\xd0\
(\x0eJos\xbe\x90d2\x92\xcb\xc1|\xd0\xcc'\
LT\xa4\xd1U6D`\xce\xa9\xf0c\xcc\xbb\x02\xaa\
\xa8\x1c\x1f\x1f\xe0p\xff\x96\x13\xafv\xcd\x09QT[\
\xe1\x903\xb2\xb3\x97\x87\xdbT\x80\x1c@\x91\x82*2\
\x06\xf3\xff\xa2\xb5y\xfa\x0a \x82\xec8\x14\xdd\x87\xd8\
u\xd1uFTD#ZP\x8a\x94\xd2y\x14\xa1S\
\xa8\xfb\x1b\x04\x11\xda\xa3U\xe9fs1\xed\xf0\xa9\x8f\
}\x0c\x1f{\xff{\xa5\xae\x8f\xb1\x1d\x0e7\x8c\xde9\
\xc9^\xae\x11\x5cA6\xdc\xd0hQ5\x9f\xcf\xf1\x8a\
\xd7~\x81|\xfbw\xfc\x19\xfc\xfa\x07~\x13\x17.\x5c\
 k\xc5\xc1\xe1\xbe\x5c\xbe|\x19\xff\xf0\xef\xfe-\xee\
\xbd\xf4\x0c6\xb5\xfa\xdb{\xdf\x06\x9f\xc2\xd4\x90gj\
\x0aw\xfeD\xa1\x1a^\xf3\xf0\xc3(\xaa\x98\xcfzt\
]\x87\xae\x14\xccJAQ\x81\x0d\x1bl\xd6\x9bTf\
\xbe\x97\x997!\x02nV\xb0\x83\x1b\xb0\xe5\x81w\x03\
n\xe1Rw\xb6kQ|\xd9\x9b|\x9e\xe2b>C\
\xdfu\xe8\xba\x82\xf9|\x86R\x0a\xae\x5c\xb9\x02h\x81\
\x02\xa8Vy\xee\xdci\xfc\xa7\x9f\xff\x15\xbc\xf5[\xff\
\x18>\xf4\xe1'\xd1w\x05]\xef>\x99\xae\x8bPn\
)\xe8\xbb\x0e}\xdf\xa3\xefz\x5c\xbbv\x0d\xff\xaf\xef\
\xffA|\xfd\xef\xff#\xf8s\xff\xc3\xff\x8c\x8f~\xe4\
\xa3\xe8\xe2\x98\xd2\x15tql)\x05\xb7n\xbc\x8c\xbe\
k\xe1l\xa9u\xc0\xe9s\xe7\xf0\xbd\xff\xf0\xfb\xf1\xce\
w\xbe\x1b\xb3~\x5c\x83R\xdcI\x5cT\xdb5f\xb3\
\x19T\x15\x9f\xfc\xe4'qs\xef\x00}\xd7\xa5Y=\
B\xd0\xa6 CEKx\x80\xbd`Obq\xc6\x82\
\xd9l\x069\xeaR\x9c\xd0\xac@\x00\xba\x10\x02.M\
\xa6\xa9\x00\xe9x\x84\xccO]\xf8y\x9d\x9d\xfa\xca\xd2\
uv\xb4w]\xdf\xf8\xc5_lg\xef\xbaGW\xab\
\x15f\xb3\x1e\xd7_\xbe\x8ejC\xdaF\x14m0)\
\x5c\xd4l\xa2\xa3\xd9\xce!\xda2\xb5)\xa9\xb7\x99\x96\
\xd3\x98\x16#/YB\x0c\xb6\xb0\x22Z\x8e\x91\x99'\
\xc7qL\x8d\x07\xb3!\xf0\xc4N\xf2\xf8\xaf\x0f\x92<\
\xb8\xb5\x0f\xb3\x01ZJ\x83J\x02H\x8e_nq]\
fK\x92DX!\x80\xe2i\xd3@k\x17!\xe0\x99\
\xf3\x19\xa0p\x0f\x8d\xd0G\xfa \x1a\x94\x82D5\x12\
4\x1f\xb1F\x02\xac\xa8\x95\x11\xc90X5F-\x81\
\xc4,\x00\x06\x12\x07\xb4\xc06+H\xdd\xe0\x9eW\xbc\
\x12\xf7\xbc\xf2a\xd6j\xb2Y\xaf\x19\xfe\x12\xf7\xb2$\
\xe0\xb1H\xda\x0biX\xabA\x8b\xe2\xe6\x8d\xebX\xed\
]\xc1O\xfd\xe4\x8f\xf1\xfc\x99\xd3\xd8\xbb\xb5\x8fj&\
\x97/_\xc6\x07?\xf0\x01~\xfbw\xfey\x5c\xba\xff\
\xd5\x1e\xac4\x82\xe63\x176\xcbc|\xe2#\x1f\x14\
\xf4[\xecA9\x7f\xe92j)\x18\xd6\x1b|\xc5\x9b\
\xde\x88\xfb\xee\xb9\x84\xa3\xf5\x06Z\xd7\x98\xdd\xf3\x0a\x94\
\xb3\x17Q@|\xe2\xfa\x01~\xf3\xa9gp\xf4\xde\x9f\
\xf7\x94-\x15w\xf0\xd0\xc0\xe5!8l\x02\xfeKS\
^\x098D\x05\x9b\xf5\x1a_\xfa\xc6G\xf0\xea\x87^\
\x19)\xbcc\xd6f\xe9:<\xfe\x0b\xef\xc5\xd5\x9b\x87\
m\xfc\x16\x00t}\x87\xbd\x9b\xb7\xb0=\xef\xf0\xb5\x8f\
}9\xbe\xfa\xcb\xbf\x14\x0f\xbd\xfa\xd5x\xcd\xc3\x0fa\
{\xe1\xbe\x84\xa7?\xf3<\x9ez\xea\xd3\xf8\xd5\xf7\xff\
\x06~\xea\x9d\xef\xc1\xa7\x9f}\x11\xa7\xcf\x9c\x05@l\
u\x82\xdf\xf7\xf5_\x8b\xaf\xfc\xb27c1\x9fa\xb9\
Z\xe3C\x1f\xf9-|\xfa\xd3O\xe3W\xde\xff\x9b\xd8\
_\xae\x1c]\xa5kY\x04\xeb\xcd\x00[/\xf1{\xbe\
\xe6\xab\xf1u\xbf\xe3+q\xdf}\xf7\xe3\xd5\x0f\xbd\x12\
\x8b\xf9\x0c\x9b\xcd\x80g\x9e}\x0eW^z\x09\x9fx\
\xeai\xfc\xf2\xfb\x9e\xc0o|\xf8\xa3\xd8_\xae=}\
\xda\x0c]\xd7gMM3\xb7@\xd0`h}\x15\xd8\
P4r\x92c(.\x12\x80\xd1\x04\x99[\xa5\xc1\xf7\
\x00\xa0\x22uy\x8c\xc5\x99\xbb\xb08\x7f\x19u\xb5D\
\xb7\xb5\x8d\xbd\xe7?\x89+\xcf~\x06\xdd\xd6.\x0d\x94\
z\xeb\xa5\x1b2?u\xe1\xe7d\xb6\xfbU\xa5t\xf5\
\xe8\xd6\x0d\xf9\xa2/~\x93\x9c\xb9\xebn\xd9\xacW\xe8\
\xfb\x1e\xd7_\xbe\x86Z\x0d]\xd7e\x8d7'\xdc\x22\
\x95\xd5\x13\xc7\xcc\x80\xe2\xae\xb0\xe4\xa1\x11T\xb4\x9e\xc1\
\x02\x15\xf3\x9az_P\x9a\x97\xfe\x07\x16\x0e\xb0/\x11\
s\x8cz\x11Nl\xef\x10*\xce).EI3o\
\xfcS\xb0\xd9\xac\xe4`\x7f\x1f\xe2\x10J\xbc\x1dF\xf6\
_\x83;\x10-Sa\xd3+\xef1\x10u\xb9E\x0b\
\x7fD\x83\xab-\x06\xe6\xf5\xfc\x18\xbf\xce\xb6\x08\x81^\
\xa2\x11\x88\x8c\x05C4\x93\xea\x1eo\x02\x94\xc1{\xc5\
y\xb0\xd5*\xad\x1a\x09\x93\x84\x8f\x96\xfe\xf7\x10\xa6F\
\x8a\x1d\x1fak{\x0b\x0f>\xfcZ\xec\x9e\xbb\xc4\xcd\
j\x85\xc1*TJ\xd8\x10\xa1\xb5\xcd\x85\x96\x85 \xb5\
:\xa0\xeb{\x5cy\xfe9\xect\x1b\xfe\x87\x9f\xf8\x11\
\xa8\x14\x1c\x1f\x1f\xa1\x9a\xc9=\xf7\xdc\x8b\xf7\xbc\xe7=\
\xfc\xae\xef\xf9k\xb8\xfb\x15\x0f\xc1\xea\x064o\xc2Z\
\x97\xc7\xf8\xf8G>\x00\xe9\xb7\xd1\xa1\xe2\xfc=\xf7\x83\
\xf0&\x98\xcb\xd5\x06\xb7\x0e\x0e0\x18\x81\xe3C,\xde\
\xfc\xe5X<\xf8z\xd8r\x8d\xd9|\x86\x1d]\xe2\xc6\
\xcf\xbd\x13\xd0\xce\xf7y\xbd\x84\xad\x8f\x01\x0a\xda\x84\xa0\
X3\xa4\x14\x0d'\xaf\xaa\xe0\xe8\xe8\x18\xeb\xcd\xe0\xd5\
\x09*)\xbcA\x08N\xed\xeeb\xd6w\xe9\xebm\x8c\
\xd2u\x05\xd5\x0c\x07\xfb\x07\xb0a\x83\xae+8\xb5\xb3\
\x8d\xdd\xad\x05\xd6\x9b5n\xee\x1fa=l\x00)\xd8\
\xde\xde\xc5\xd6\xd6\x02\xac\x15&\xc40\x18\x0e\xf6\xf7\xa1\
\xb0\x86B+\x81\xd2\xf7\xdc\xdd\xd9A\xd1L\xeb\x1d\xfd\
1\x99\xe8\xb6w\xeb\x16\xb9YK\xd7u\xd8^\xcc\xb1\
\xb5\x98a\xb5\xde\xe0\xe0x\x89\xcd\xb0\x01\xa9\xd0\xae\xe3\
\xf6\xf6\xb6t-\xfb\x15\xe8K\xef\xe4\xe4\x8a3\x0d\x82\
$'6\x0d>\xae\x16\xd0<n\xbej\x06\x83U\x0b\
g8\x92\x9cA\x01\xeaz\x89\xc5\xe9\x0b\xb2u\xfe2\
\x86\xf5\x12\xfdb\x177\x9f\xff$\xae>\xf7\x0c\xcbb\
\x17\x04e\xd8\xbfr\xbdK\x03B|NG[k\x8e\
\xe2\x04D\x05Z\x05@{\x87\xb1W\x1c\x04\x22J\x89\
8\x86\xa5\xde\xa7\xa7\xaf\xd2So\xa3b\xcfC%\xac\
t\xa7\x81\xaa;\xba\x22\xd8\xd0\x84_\xf3;HH\xbb\
\xd0\x13\x22\x92\x90\xc1\xd7\xc9\xcd\x92\xd2\x15\x1c\x1e\xec\xcb\
\xf1\xf2\xc8\xf3\xe9\xa3\x1c\xb1\xd9\xc8>\xfa\x90\xe6\xe5\x86\
Q\xb0\x88\x1cO\xefYKM\xbeO\x0b(\xe1&E\
\x11\xadV!\x96\xfbB\x89\x9cY\x11\x11Z(:7\
U\xc8\x12\x9dx(>V\x9eam\x15(\xc9\x18\xba\
\xaa\x02\xc1 \xe6ehB\xf5\x84\x18k\xa8\xc6ay\
Yl\xe3x\x18\xf0\xd1\xdfx?/]\xbeG\xee}\
\xd5k\xb1\xd8\xda\xe6\xf2\xf8\x189\x058\x07\xb5\xfa\xb3\
I\xf4\xb7\xeb0l6\xbc|\xdf+\xe4\xd9g\x9e\x92\
o\xf9\xe6?\xc0\x1f\xfb\xb1\x1f\xc1l6\xc7z\xbd\xc1\
s\xcf=\xcf\xdf\xf1\x96\xb7\xe0o\xfcO\xc7\xf8+\x7f\
\xf3{q\xe9\x9e\xfbeS7\xe3\x0a\xf0\x84+\x00i\
o\xed\xeenc6\xeb\xb0\xac\x06l\xcd\xb0sz\x17\
\xb3\xed-XW\x9c\x846\x00\xa4x\xa8\xef\xf8\xc0\xbb\
)\x95\xe2\x1a\xad\xb9\x99\xc2Tl\xbc\x9f\x05U\xc0\xe9\
S\xbb\xd9\xc1\x09\x10D\xdfA\x223\xe2\xe9>\x93\x90\
\x1el\x0aH\x01\x9c;s\x06\x12\xce\xcdZ\x89\x1b\xc7\
\x8e\x22\xb6O\x9d\xc1n\x14\x02\xb1\x1ak\x1dZ\x12Y\
W\x14\xe7\xcf\x9f\x8f\xe7\x19\xb3~H\x8aU\xf3\xea\xd1\
\xa6z\xfd\x1c/S\xae8{\xfa4$\x18\xbb\x0e\x15\
\x87\x1b\x83h\x8f\x9d\xd3s\x8a\x16\x09\x87-\xcclD\
w!\xcc\x12>\x86\xf2\xcb\x8e\x9b\xee\x91\x91L\xbf\x8e\
\xff%S\x0fNh\xc3Mm\x8e\xcb\x97\x97e\xd8\xd4\
\xbegPd\xec|4\x13\x9aW 4\xb6{\x14$\
\xd2wZ\x0a\x22\x1a\xcat\x1f\xbfq\x8c\xf3\xa7\xfd\xce\
x\x8fF~Yk\x0f\xb7[\x98h>t\xe5HP\
\x8c\xa4\x14\xb8=\x88F\x0f\x22E\x9alJ\xeb \x85\
\xa0\xdf\xc95eQ%I\xdc\xda\xbb\x89\xe3\xe3#\x16\
-Yq\xe4f\xc4D\x86\x86\x89B\x95D)\xcc\x99\
\xa8\x99&\xd5Fo\xa5W7\xed2\xabF\x85d\x11\
Rc\x12u\xe7\xa3\x07,\x22J/\x80\x88\x16\xd7^\
\xe2\xfe\x07\xd1N4\xcc}\x15\x95\x12Q\x02-=\xc4\
#\x04\xd1\xadV3\xff }\x12~\x9fRP\xb6N\
\xc9\x95+\xd7\xf0\xe1'~\x99\xd7_xF\xb6\xb7\xb7\
\xd9\xf73\xb6\xd2\x9dfO[3YT\x8b\xac\xd7k\
\xdc\xf7\xe0\xab\xf0\x99\xabG\xf2\xd6?\xf8Ge\xf7\x94\
O\xdc\xed:\xc53\x9f\xf9\x0c\xbe\xe9\x9b\xbfI\xfe\xcc\
\x1f\xffV\xbc\xf4\xfc\xb3T\x15\xd0\xcc\xf3\xcf]\x96\xb4\
\xc8\xd1\x98\xf0b\x18\x86\x8a:\x0c\x18\x86\x0d\xeaj\x8d\
a0\x0c\xeb\xc1\xc3z\xa2\xe0\xb0\x02\x8f\x0f\x9c&K\
?JVwZ@%\xb2\xef<\x11+\xf3$ 1\
|t\xa8\x155\x1ck\xc3PA\xab\xf0\x19\xafDk\
=\x9bd6\xc2eT\xab\x18\x86\x0d\xac\x1aT\x89Y\
\xe769\xcd\x9f\xb7n*\xcc\x22\x8dU\xc7\xa4\x9cZ\
\x07X\x1d\x22\xc4\xb7\xc10\x0c\xd1\xd9\xb7\xc9\xa9\xa9$\
l\xccdfR7\x03\xeaP)@\xab6d5\xa9\
\x9b\xb5\xafQ\x1d\xc4\xb2\xe5W\xf8\xaa\x92U\xdc\x8es\
\x82\x8a\xd7\x89\x5c,\x88e\xf4\x05\xc9\xb8\x0c\xa9\xecW\
\xc9$\xb7\xa9\xaf\xc5\xc64.\xba{\xcf3\xdfL\x8a\
\x0f\xd7\x0a0\xde\x821\x80X3f#$\x96\x06}\
\x9a<\xfe\xa4\x1aB\xc1#_\xa3\xf6\xf7\xc7K\xec\x10\
R\x85\x10d\xb9\xd7(sF\x14\xdfZ\xd1\x8e\x90\xa3\
\xf9A\xc8\x08G\xb7`\xb4/O\x8a\x1b\x01\x5c\xf7\x96\
R\xb0Z\xaf\xe5\xd6\xdeM\x19\xea\x06}\xd7M\xca\x94\
\xc2\x94\x90\x898\xd5\xf0O\x04\xcf\xabd\xd4R\x80H\
\x02R\x1fT\x9a~5\xe4\x94^\xf7\x0d\x8e^\x0d\x11\
A\xd1\x12\xf6\x9b\xd0\xf3\xffG\x8d\xe5\x94/A\x10\xee\
\xdc\xd2\xa2\x9e\x14\x14\x8e\xa9\x08\x19r\xe6N$\x96\xa2\
\x8c\xa8Ak_\xed\xb4\xae\xce8$\xbb\xf9\x9c\xa6\xbd\
|\xfa\xe3\x1f\xe3\xc7\xde\xff\xcb\xd8\x1c\x1f\xc9bk\xc7\
\xc5\xaf\x0dH\x95\x9d]\xa1$\xc2\x9e\x9b\xd51^\xf9\
\x9a\xd7\xe1\xb7\x9e~\x01\xff\xed\x9f\xfa\xd3r\xf1\xe2E\
z,\x9bx\xee\xb9\xe7\xf8\xfb\xbe\xf1\xf7\xa2S\xf7K\
L\xeb\xb70\xed\xc6)\xa9\xbb%)\xce\x0f1@\xbb\
\x82\xb25C\xbd\xfa\x0cn\xfd\xd2\xbb\x81\xf5\xb1k\xc6\
\xb0`\xd3?\xedB-\x9c\xc4\xa2P)\xe9\x10C\x98\
t\x1ee\xc9Rn\xf1\xfc\x828_\xc6\x11\xe4~\x9d\
,Q\x97\xf1\x18\xa4\xa36\xa9e\xcc}i\xcc\x1b\x02\
m$\xca\xf4\xf5\xe4\xe7\x0c\xba\xdc\xe6h\x83\xb45\xf0\
uh\x00)|\xe0-$\x98\xcf\x95\xcf\x93\x8c\xea\xfc\
\x93\x8f\xc0q\xa5s\xdf(^\x9d\xd7\x0a\xb3\xd94\xa8\
D\xa4<(\xbb\x99\xcd\xbe\xc2\xe9r\x97\x91\xd1\xe2\x81\
\xc3\xe7\x126m\x18\xef\xf1\xa7\x9c\x15\x07H\xf4\x17\x8e\
\x88aF\xeeS\x10\x9c\xd0\xa9h\x17K\xe9$#\xf3\
f\xfe\xda\x89\x07\x91\xf1TB\xc1lY\x1a\x9c\xd5\x16\
\xea$\xc0\x19\xeb\xd9S\x1a\x11\x09\x09\x8d\x87\x07\xb7x\
t\xb8\xef\xa9\xbb\xa2\x1e\x00\x90\xd6}$6\xc9\xf3\xdc\
\x13F$\xac\x89\xa1\xe8\xb9I\xd6\x04\x98\x02\x22\xb9`\
\xd9\x89\xc6\xaf\xab\xa2\x8cb\x9f\x18\xd6!^6\xec\xc7\
Jj\xed t)\xde\x0e;B\x87.DK\xe9\x82\
\xb1]\x18\x94\xa2\xa2\xd1_ \x0a\x8a\xa0]\x17\xbd\xea\
\xfd\xd8\xa2\x8a\x00*\xf1\xbf\xc2nk\x17\xfbG+|\
\xf8\xfd\xef\xc53\x1f\xff0\xfa\xd2c6\xdf\xf20Q\
\xb3\x97\x82\x7f\x01\x88\x14\xaeVK<\xfc\xfa7\xe0=\
\xbf\xf0\x04\xbe\xfb{\xfe2\x1e~\xf8\xd58{\xe6,\
\x1e|\xe5\xab\xf0\xef~\xe4\xdf\xe1\xc6\x8d\x9b(]\x09\
w\xfc\xc8\xf0\xaa\x19\xafl\x12|\xfc\x87\xa4\x96\x02n\
\xf6q\xf8k\xef\xc1\xad_x'\x86\xfd=H\x99\x05\
]$\x19\x08\x94A\x84a\xa2\xa9\x8e\x1dx\xb3\x89\xed\
\xb8\x86\xea\xdf7\xc2\x8d5\x980WP\x16G-3\
\x0a\x01\xffU\x91\xd1\x87f\xdc\xb6\xbfMh\xb31\xe7\
\xd84\x94\xedm%\xb4r~\x94\x86\xfeF\x89\x18D\
+\xe9\x96\x1e\x81'\xc1VJ\x15$\xdf\x9e3\xdf\x1b\
)p\x1c:&\x137Y\xeb.\xfft\x86J{w\
\xa6(j\x97h\xce\xd5\x18\x0b\x1b\xd2\x8f\xae\xbc\x90V\
S\xbe\x0cD:\x8c\xe0[\x99Bl\xa2\x15C?\x0b\
-#\x9c\x88\x865~e\x09|\x98\xaf\xac!V\x99\
P=\xbd\x80\xf1w?A\xcd]U!D\xc3\x996\
\xd9\x1b\xb7zB\x9c\xb6x\x02\x04E\x95GG\x878\
>>\x8a\xca;q\xcf\xa9SL\xbc0\xb2\xbe\xa0\x05\
!R<\x93az7~\x22Ij\xcc\x1b\xc4\xb4w\
i\xc0?\xa6h#\xd0\xd2\x01sZ\x91\xefC\xc4j\
B\xd5\xf8g%\xe1C@T\xd4\xcb\xc5#\xe5\xc9\x0b\
\xa7<=B\xe8\x99g\x9e\xba\xa9\x02V\x14\xaf\xa5B\
\xb5*\x05nW\xd7\x9c\xd2D\xc2\xe75\x18J\xdf\x13\
2\xe3K/</{/_\xc1\x03\x0f\x7f\x1e\xce]\
\xbaW\x8e\x8e\x8eP\x87MHy6\xa2\x98\xcd\xe6\xd8\
l6x\xf8\x917\xe2\xdf\xfc\xd8O\xcbb1\xe77\
\xfd\xbeo\xc4\xff\xed\xbf\xff\x1ey\xe7\xbb\x1f\xc7\x03\xaf\
y\x037\xebU\xcc9\x90\xe4\x0bJ\xe9\xa4\x01\xd1V\
\xa6\xe1\x88CK\x91\xe5S\x1f\xc7\xd1G\xde\x0f[-\
\xa1\x8b-\xa4n\x1bun\xd4\x17\x17I\xed(\xa9%\
cw1R\xa6L\x18m\xc2\xe8\xee\xa2\x1a\xf3\x12\x93\
\xedGn\x18\x992\xf6\x9bI\xd0#\xed%\xb5\xca\x08\
\xe7}\x0b)\xc9R\x0d\xe5I;\x93#\x0e\x18i\xdd\
\xc9\xc4\x9fEZO\xf5INE\x8bS\xc7\xb2a\x94\
\x03-7>%B\xce\xebn\x8f\x8at\x09\xa6\xef\x01\
\xd3L\xb7Vj/\x92\xcf\xd7\xec\x94\xd0\xf0@\xe4\xb7\
w\x82RA-~\x87\xfcO\x01\x8a\x0c\x1dTj\x8b\
\xf9\xc7\xb3B cvR\xaa|\x151\x13\x03\xb2\xbb\
][\xdc\xe0\xd7\x14\x80\xce\xb9\x8d#\xa4\xc9\xaa\x86\x9f\
\x00\x11\xd1\x8c\xf9\x0b1Y\x89q\x03N,\xb8\x8a\xb2\
Z\xc5\xfe\xe1>6\xeb\x95t%G+I\xe20g\
\xec\x88\x14f\xa4\xb1u-m\x045\xdec\xa4\xc1\xd2\
\x82\x8bPi\xd5d.\xcaB\xfedJZH'_\
_\xaf\xce\xf6\x7f\x98:\x80P\x11\xabU\xa0\xc2\xa2J\
\xa3\xbbR\xe1n}\xa8D]=\x00\x9a1\xba\x1a\x8b\
\xa8\xbb\x9bh\x86\xea\xa5\xa2\xa0\x98T\x08\x8a\x07;\xa2\
MZ\x08M_l\xe9\x16\xdbX\xd7\x01\xbf\xf5\xa1\x0f\
\xe0\xfc\x85gp\xefC\xaf\xc7\xd6\xf6.\x97\xc7\x87Q\
\x1a\xa6\xa9(\x00\xed0\x0c+<\xf4\xda7\xf0_\xff\
\xd8;\xf1\x03\xff\xe2\x1d\x98\xef\x9c\xc6\x03\xaf\xfd\x02f\
k\x88T\xa8Io\x1a\xa3\xc7\x1a\x12L\xe6#\x81R\
0\xec\xdf\x80\x94\x0e2\xdf\xca\xf6\xe9\x8d\xb1\x92(Z\
\xe6c\xc2b\x99\xde\xa1\xd1\xc5\x94%}\x0f\xc887\
\x94\xc9\x14\x89$[JSH\xa9`\x91q\x1e\x97\x01\
\x86\xa4\x8b\x13\xe77s\xb9\x11\x1f\xb2Zo\x140I\
\xc7\x09\xf6CH\xe4zd\x02\x0c\x135H[\x9f\xbc\
\xf6D\xda!+\x80[P\x09\xe9o\x0b\xcd\x9d\xce\xb6\
\xf4\xe4\x86\x0cH\xd5\x91M-\xc5\x0f\xf5s\xa6\x80`\
\xc2\xb2A\xa4H\x074\xa7\xf6\x8b\xbfU\xce\x05\xc8\x84\
m\x91\x10\x13\xe6eKM\xb8\x12\xee\xe5\xa6D\x1a#\
#\xfa\xe4[\xc9\x84\x03\x0d\x17\x09\x22c\xd3\x1f\x1b\xd3\
(\x05\x04\x19\xfcO\xc1\xdb4\xc1\x18mc\xeaS\x8a\
\xaa\xac\x97\xc7rxt@\x90\xd2\x97Bs\x91D\x19\
\x1f!\xe5G\xfc#! \xc3)\xd9\xa4\xb0\x00FO\
\xe3\x05\xa2\xcb/b\x5c\xa9\xbf\xae\xba\xd19\xe6\xc3\x03\
\xd1\xbc(\xa6\x12\xaa\xe6#6dIA\x84\xbb=\xb5\
\xd6\x13r\x92$8\x12h\x14\x1f\x98\x91Z\x90\x12^\
\x08B-\x00\x96*\xa4z\xf7\xdd\xaa>\xbd\x88\x10\x98\
\x09X\xdd\xda\xf3L\xd0\x1c\x8a\xe2\xa1\xa0nk\x17\xd7\
o\xees\xef\x89\xf7\xe1\xf2\x03\x0f\xca\xdd\xf7\xbf\x8a\x9b\
\xa1\x8a\xa3\x01\x7fR-\x80\xb0\xa3q\xc0+^\xf9*\
\x88\xbc\xda\x1dg\x9b\xb5\xafY&/\xb9\x19\x8a\x06\xe1\
\xb3\xe1|\x10\x96\xd1\xab1\xd5\xd43\xf9Hx\xb5_\
$H\xc4\xea\xc6\xb2\x84\x06K;\x0cm\xdfZ\xcb\xb7\
\x91Y\x9a\xb2\x18\xbd\xc5L:?!6\xfc\xbb`\xf4\
\x89\xd2h:+\xe97\x19\xb7\xa1\x80\xf4\x07\xc7\xd5\x93\
y\xd3\x95\xce\x10\x04\x0d\x85\x93\xa3/\xe4\xa4\x82\xf2M\
\xf6\xa1\xdc2RR\x92\x12 \x02\x1b\x8cQ4\x03\x12\
,\x8b\x85H4\x1f\x11QX\x0e\x15e\xe6\x9a3\xd3\
gC)\xc5\xe3d\xbds*3\xa2\x0d\xc7\x13@(\
\xde\x06\xab\xf5\x94\x902J\x1c\xdfW4A\xe4kZ\
\xba\x5c\xd04\x9d\xc5\xed\x1d/4\xa0!\x1b\xca\x0a\xe3\
\xd5\x9aj\x96@A\xe3jO w\x18\x02\xa3\xba\x1d\
mH\x17\x1d\x81k\xda\xe9m\xa7\x83r\x8cd\xd1\x82\
Z\x079:\xda\xc7f\xbd\x8a*=\x1d7tR\xad\
\x13\xf4\x22\xa2\x19\xd0h\x84%\xcco\xf2\xa1Z\x00(\
\xb7\xc4\xbbo\xfbo\x94Dt\x0e\xcbB\xc0\x8b\x88\xd7\
0\xba\xc1\xe5S\x00\x01D\x83\x13\xb7\xe2\x9c\xdc3N\
\xdcx!\x93\xa7R\xc4\x22\xfc\x91RHD#\x10\x10\
\x8890>\xafQE\x94~\x84\xf7\xde\x93\x98+\x88\
\x89\xf6\xa7GeF\xed4\xdf\xda\x12\x10\xb8z\xf5\x0a\
\x8e\x97\xc7r\xf6\xae\xbbQJA\xad\x16\xa1\xab\xdc\x03\
\xe2\xd8\xc5qB=_\x95p\xb2\xd5:`\xb1s\x1a\
(\x9d\x94\xae\x849\xe1\x9b\x94}\x17t\xc2P\x8d\xdf\
\xb28@\x22\x08\x12m\xd9%>\xfb\xdf4\x98\xcf\x8f\
\x9d\x0a\x88\xe4w\x857\xa7i\xb5\x06)CG\xa7\x82\
\x93@2\xa9\x8e\x8c\x9f\xcc\x91\x8b\xad\x9a\x7f\x94\xa4\x95\
\x13\xa2$\x05t\x9e\xecT\xd5\xb5\xf7m>\x11\xe4\x1e\
\x0aR\xa9E$\x98\xa5\xb8\xcf\x22}U\xe1T$\x05\
\xb0\xa1J)\x1e'2\x9bxR\xe8\xdaH$\xa3\x85\
L\xb0!\x89\xa1\x09H\xf4\xcc\xe1\x84rB cR\
\x8a?\x9aRD&\xc6\x0aD\x8b\x98z\x89:\x83\x15\
\x13\x18\x01\xa8\x1d \xd5\xed\x81\xb6lHp\xe2\xa2,\
>\xa4\x91!i\x9a\xe7Jc\xec\x0e\x1cK\xe3\xaf\x92\
]<$\xfb\x01\xa6\xa2\x073$\x02\xc1X\xe9\xc7\xa4\
i@\xbc_\xfc\xf2\xf8\x18\xfb\x07\xb7\xdc\x07^\x8a\xd0\
#\xe8M\x93x\xf9e\xd3*n&N\xf4D\xda\x16\
\x22\xad\xb5\x9d\xc3\xc1F\x80\xb1\xbf#Y0\x06O4\
\x0b\xcb\xfb\x1a2\xf5Q\xbc\x9c5\xfaa\xd8\x87\xaa\x02\
TfFV\x8a%\xa4\xb7W\xb2A\xa2@\xe2\x11|\
\x1dT(0\x11\x13\xb0x\xd5\xa0Pa\x10*}\xcc\
\x112i\x0a\x00\x98\xe3R]O8Y\xa7\x93\x94\x0d\
\xe9\xcc\xb6\x17\xd8\x0c\x15W^|\x1e[[;\xd8>\
u\x1a\x22\x8a\xcd\xb0\x19\x9f\x1dH\xb6Cd\x22\x22\xb7\
\xc6\x8c\x98mm\xc19\xcb\xc6\x06\xbe\x18\xfb0\xf8h\
\xb5\xc0\x83\x0d0\x06RH9\x90N\xae\x89f\x1fY\
\x0f\x0d\x19E#\x84Hf\x1a\xb9s\xac\x93\xc9\xe0\x8c\
L\xa4A\xbe/\xdb\x08i8Oy{\x87f\xc5Z\
\x02{\x09\xcb\x00\xed\xaa\xb1n\xcd{\x9f?\xd2\x0c\x7f\
71\xdbs\xc4;\xa2a\x03\xb8\xf7\xa68{\x8c3\
\x06\x08\x89\xe2\xca\x996\xa4\x92\xe3\x08[[\xb9\xa0|\
\x89P\xda\x88F\xc6\xb6,\xe3\xca\x07eM\x06~\xe6\
s \xca\xe4}\xdaE\x0a:\x0fc\x89*\xe8}\xe6\
\xf2\x84\xe43\xfa\xa4\x04O\xf0#\x9aZ\x95&i%\
D9\x14\xd4\x16\xa1\x8c\xcbX4\xceS7\xe4\xa3u\
\x97pL\xafq\xf1\x18\x80KbQ\x80\xf1\x01\xa4\x19\
\xdb\xde{^\x8b\xdf\xe5\xd6\xde\x0d\xacW+\x0f\xb5\x89\
\xa0M\xe3M\x18D@\xb4\xb8\x84o0\xa0u\xb3c\
\xe897\x0e\x04\xad\x9303kjd\x03\x912\xf6\
 d\x96\x1a\xb7\x85um\x14\x88\xa9m\xbf\x88z>\
\x8a\x00\x14\xf5s2<\xdd2%\xb2\xbf[\x80\x88l\
y\xa4\x06A\xf4|'\x01)>g\xd5|\x1a\x10\x09\
\x8a\x9a\xd0\x183\x99\x93\x90y\x9b(\xca\x09<#\x99\
$if\x01\x0at\x86\xe5\xf2\x18\x9b\xf5\x12\xdb\xbb\xa7\
1\xdf\xdaFd&\x22\x10L0\x94\xe7\x1b\x9c\xd0\xca\
\x9e\xddyB\xe9\xa6\x97\xbe14\x9ca\x93\xb9\x9bF\
n\xc7\xcbhM&=5\x8d\x15\xc7\xb5\xef\xdb\xe5\xc2\
HH\xfb\x1f#\x02\x8f\x95u\xd8\xab\xed\x19\xf2:A\
\x18\x8d]\xfc^\x9ar\xb9\xfd\x8c\x9e\x80v\x85\xf6o\
\x92\xc7D\xc9\xb5\xb0t\x12\xda\xc8zF\xd5\x22\xa5t\
\xce@\xd6\xdaW5\xf0,\x9e\xb4\x07\x11\xf5\x94\xefD\
\x1c\xd9^\xa31r\xfc\x93\xc0\xb6\xc1\xd4,\x08\x9f\x1e\
\x14 #\x12p\x9c\xefs\x1a\x95\x084:\xdfh(\
\x10\xefj\x8b0\x09B\xb0\x8bv\xb0\x18\x0e\x1aJ\xd1\
\xb5_\x88\xa1\xf0\xa2:$\x19=&\x11\x0fp\xaef\
N0\x8b4\xc7\x04\x02!_SR\x8f\xab\xd7\x1a%\
\xc2b\x986\xe0\x09\x15]\xd7q\x18\x06\xec\xef\xdd\x10\
\xb3\xca\xd2\xf5\x09w\xa7\xe80\xd6\x82\xe3\xa6\xe6\x01l\
H\xb4)\x9b\x8cg\x8dy\x0b\xd1\xd8\xa49\x1e\xe3\xb9\
T\x11\x85\xd4>$\xeb\x04\xa6Ds\xf4\xc7F\x86\xd3\
\x0e\xf0\xa6wN\xcey\x06\x99\xb0_\x1b\xbat\xd7I\
\x10uLg\x94pmO\xc8P\xd28\x15\x14\x98\xe6\
t\xe6Fo\x8d1\x9a\x19\xe42\x0cR\xa4\xcd\xe0\x03\
\x19\xc3'\x1c\x19\x94H\xe3\xde\xbfu\x13\xab\xe5\x11N\
\x9d9\x0bt\x1d\x86:\xf8;O\xd2s\x1d\xd2\xd8m\
\x14\xd9\x18aT;M\x08\x8d\xde\xfe\x04RS\xed?\
~N\xb9=\x1e/\x13e9\xfe\xe4\x09#\xf9\xf9\xb9\
\x93iW\x93]\x0e\x17x\x9c\x96(\xc9\xe3)\x0c\xbe\
\x85p2W\x22\x9f;\x95\x99\x8e\xb5\x09$\x98\xa5\xc1\
\x1c\x01\xf5\xa8-\x88\xc9\xaa\xb7\xfb\x15\xef}GVk\
[\xa5\xa1G\x03@\xa7;*U\xc1\xc4\x14K\x99\xed\
\xec\xec\xc0\xe56\xd4#A\xdd\x1332?\xa2\xadk\
JEi<\xc5\xd2\xc1\xb4\xf8\xe8;i\x05n\xe24\
\xeb\xad\xac;\x84\x1f!\xd1s^\xb0\xf1\xc0\xb8\xe9\xf9\
Ir\xd3\x92r}1SCkr\x01!\x88\xc6\x06\
\x12\x22\x0da\x80O\x00\x9538\xbb\xd2ayt$\
\x07\x07\xb7\xe81\xf2\x02\xc0\x1a\xbd\xa7\x18\xf6w\xce\xe5\
GsJ\xa7\xb9\xdfds\xfc\x1ed\x14\xcf\xdex\xb5\
}\x17\x1a+\x0a\x83\x95\x00\xd1yGci\x84\xd6\xe8\
 \x07\x16#\xa1\x9e_\xde\xd1\x8f_=\xf950\xb3\
\xe8\xe4\xcd\x1b\xab\x0b\xa2\xc9\x0b\xa8!a]214\
\xacXm\xd6d{\xd1py\x85\xc5\xd58\xd0\xd1\xf7\
\xc1\xa1w\xda!\xc1\xbe\x03\xe7s7I\x10\xcd\xda\xe1\
\xc3F\xd7\x9b\x01\xd7\xaf^\xc5\xd6\xce\x0e\xb6\xb6O\x81\
\x0apy\x04Yo\xbcn\x7f1\x03\x17[\xd1\xb5\xb7\
\xb1u\xec\xa0`\x9c\xd49\xd1\x82\x12L\xd1\xe0}d\
/\xb6\xbf'\xbaH\x82\x91\x91\x99%a[S\x13\xed\
\xa7E\xd3\xc6}h\xda?\x91\x7fsZa\xcaK\xb1\
\xb1\x0c\x0aHT\x91\xd28iG\xc4\x19~\xff\xc0\xef\
[\x0a\xb8\xb3\x8b`\x0e4g\xc1\xa4\xad\xdc\xf8$y\
-\x11q%0>\x82H\x0e\xedL\x82m\xfe\x97\x86\
4\xc7\x19\x80\x93\x0b\xaaDW\xe0\xe4\xa5 \xd8\xf6\xf2\
A\xd4\xce\x0e\xd9Q=n\xc2\xf6o<7E\xc4\x22\
\xd1\xca\xabEs!\xda\xe2[\x17\xcb\x04\x19\xcdI\x91\
\xa0E3\x09=\x99Q\x15?D\x14:\x15G\xf1\xe3\
\xc95M\xb1&\xe9&\x02pyf\x8d\x8ba\xd1\x87\
\x0f\x0a\xc1\xfe\xfe\x1eW\xc7\xc7(e\xb4yS&\xd1\
; 37m\xbc\x22R>\x22\x1c\x8d:\x91\x9b\xf9\
W\xefp\x15\xaf\xad\xed\xb3O\x09l:\xa3\xad\xf2\xe8\
|m\xbd\x07\x92\x15Z'\xa2\xdci\x85HB\x81\x14\
C\x02(\xc9\x1aR?(\xda\xbb\x81\x91\xa9\xf2\xb3\x97\
B@\x091\x18J\xd1\xa63D&\xcd#S\x86\xe6\
]]p\xa0=\xe3\xf11\xf8\xfa\xd7Afs\xa0\x14\
\xd4k7\xd0=\xf7\x0c\xea|\xee\xd0\x83.<=\xdf\
\xc0\x9d\xa8G\x87\x87X\xadV\xd8], \xf7\xbc\x02\
\xc3\xdd\x97\x81\xad\x05\xe4\xb9\xe7\xd0}\xe6)\xb0\x9f\x8d\
\xfb\xc6(\x05Fno,}\xd3\x88\xcd\x917j\xd9\
$\xb6d\xa2)\xdd5\xe9/\x0d\xbeFi\xd7$l\
\x9b\xc7\x05\xa3\x8d\x19\xb0#\xc5\x87^\x09\xb6\x18\xa3\x06\
\x9e\x7f2>C\xf87\x12\x85L\x0dz\x11\xc5\xf0e\
\x8fA\xe6s\xd8\xfe\x1e\xba'?\x08\xe9\xe7\xa0\x97\xa5\
\xb6\x94\xd4\xd0\xdd\x13\xdas\xc0YT=\x11*\x91Q\
\xa4\x9d\xba\xf2l\x22\x80\x8e \xc31,\x81o$6\
\xd1\xfb\xd6\xc8\x08\x15\xfc]-\x85Js\xbc\xa55\xed\
\x85+\xd2\x92\x04\xc5\xe5P)!\x88\xbc\x01)\xa4\x04\
\xe3\xbb\x0f@\xdc\x1c E\x01\xc7\xb9\xda\x91(\xed\xe1\
\xf3\xb5&\x0e\xbb\x14=-\xd0\x0d6T\x0e\xb0MT\
%\xd1\x9a!\xc4\xf1\x18w\x0b9W^\x02\x8b\x11\xd1\
]u\x18\x06\xee\xdd\xbc\xe9%\xc7]\x89[\xe4\x0e\x8d\
\xac\xe6rT\x1b\xdc\x8b\xb0I\x12al(\xe1\xd28\
\x96\xadD\xd1\x11\x02\xe5E\xc9\xec\xd8\x01\xd6\xc30\x08\
-\x11n\xfb\xd0\x1fc\x19*\x12n%\xfd\x92\xee\xe2\
f\x02\x90\xa9\x17\x99\x80A\x8a\xc6\xd8\xf2\x14alV\
/\xc6\xab\xf9\xc4\x97\x0a\x1f[\xe6k\xe9B\xa9r\xec\
\xc2\x1e\x16C\xd2R\xf3\xc7\xb2\xf4\xd0\xeb/c\xf3;\
\xde\x82\x83\xbf\xfdC(\xcf\x1f@N\xed\x00\x1f\x7f/\
\xba?\xf3G\xa0\xa2\xb0f\xc9\xb8\xaf \xd7L\xba\x0e\
U\x04\xfb\xcf}\x06\xf5;\xfe\x22\xea\xef\xfa\xa3\xb0m\
\xc1\xa9\xef\xfbK\xe8\x7f\xebI`\xb1\x98h\xec\xa6|\
b=\x92\xc1\x92F\xda\x91#\xcf\xfbB\xb9\x19\x90\x8e\
Qd_\x80&\x22\xe2\xf2#\xd36\xeb\xbd\xbd\xbc\xc4\
\x0as\x0a:0\xaev \xc3\xa6\x8bb\xad\xa7\xfb\x91\
l\x1b\xcf\xeeZG\x81\xc3}l\x1e\xf9m\xb8\xf5?\
\xfdc\x18\x04\xdbO\xfe\x22f\x7f\xf1\x8f\xc3\xe6[@\
\x9d\xb4\xbe\x90\x11\x0d2\x171\x1fEKD|FO\
\x17\x91\xbc\xd2\x1c\x95\xe9\xba\xe2xns\xb2\x81\x9eG\
\x92|\x9c\xe6\xbf$\x02`,t$\x95\xd12\xfe\x0b\
H\xd2o\xd8\x0e\x1e\x0aT\x08\xa9\x80(\xa4\xeb\xc0\xa1\
\x00\xa5G\xc0\xd1)\x01\xd6q`\x1d\xd8z\xf4q\x0c\
\xd3B\x12\x93\x05T\x17\xd1(\x98IGW\xd0V\xa0\
7\x05\x18\xe6@\xea\x8c\x89\xeb\xc4\xdf\x904v\xc5\xcb\
R\x0f\xf7o\x01\x00J\xe9\x9a\x95#\xf1\xba\xe9T\xd3\
\x89g3\x90_\x90D\x93Q\xf9t\xa8\xb4F\xac\xac\
!\xec\xe0\xc3\x8eT\x04\x1aN\xc9\x044I\x1a\x92n\
n\x86BBH\xff\xd1\xa8\xe0(\xa0\x05Iw\xe9\x00\
\x1fQ\x95\xff\x93\xee\xbf\xac\xb4\xf2\xe5\x08\x83\x06\xd2\xd2\
\xed\x1b\x14\x0d\x8fbT\xbbM\xb8$\xd4\xbd0a\x08\
\xd2~U\x12\xd2\x01G\xdf\xfeg!\x9fZ\x03\xc7\x1b\
\xd8\xcd\x03\xc8\xf9\x87\xc1\xfb\xee\x85\xbct\x0d\xd2\xf78\
1\xb6\xa6\xf8\xa8kT\x83\x949d\xb1@\xdd>\x03\
{i\x05\xf4kt\x9f~\x1e\xd8\xda\x82I\x07ts\
\xd7}VG\xed\xd9\xcd\xa0\xfd\x0c\xdc\x0c\x90!\xca=\
J\xe7\xd1\x80\xd4\xc6\xaa\x80v\xde\xed7s&\xe9\xe7\
B4\x1c\x90\x04\xb4DH\x84\x80\xc4\xf1\xe9G\x0a\xa2\
\xf7\x92b\x01jE\x14\x1d\xf86Y\xf5\x0dW\xf1s\
\x01?_\x01\x11o\xfe\x22\xad'a.\x9dB\xba\x02\
X\x15J\xa1J\x11\xdb\x9d\x837\x8e\xc1\xaa\xc0\xc7>\
\xe8\xf7i\xfe&&\xc4qFm\x9b<\xfe\xa8*\xab\
\x0fLm\xf6\xb83\xb6D\xd7.\xe7\x11K\xcc!\x9e\
\xe8\x05d\x0fK\x04\xab4\x94\x9af6\x91\x223C\
3\xe1\xa9\x17\x81d\xb38\x97\xc5\x9e\xee\x9eh\x8b\x19\
\xf4\x16\x15\xd3\xe2\x95\x98\x9au\x19\x12\x88\x02\x02p\xe8\
&Dk\x88\x1a\xbc\xc9\xfd\xdb\x12\xf8\xb4\xce\x1c,\x91\
?i\x00\x07.\xc82}W\x89\x89\xc2Zc7\x1a\
Q\xbaBPpk\xef\x16\x97\xab#\x14Qq\xa7\x9a\
q\xf4\x0570\x17i\xed\xa3\x00n\x0e8\xe0D\x09\
/\x00j\xf4\xf2&j\x08\x11\x7f o\xabe\x93\xd0\
\x80 z\xf5\x83\xd9\x88#\x10\x01\xbc;k,\xe5\xe8\
\x19\x0f\xe8\x95\xef\x87\x14\x1d\xee<e\xe2a\x09OK\
b\x0a&\x8e\x09\x82\xce\x08CP\x86\xaf[\x11\x15\x8b\
f'\x02\xc3P\x8d\xa9l\xc1\x944\x8e\x17\x5c4\x1b\
\xd0u\xd0\xabW\xb1\xfa\x96\xdf\x07\xde\xfd\xc5\xd0\xe7o\
\x81\xb3\x0a\x1d\x0c\xb6}\x1e|\xe8\xf3P>\xf33a\
\xcfoB\xfa\x1b\xf4\xfa\xcb^!\xb6\xd8B\xb9\xb9\x07\
\xa8\x01w\xbf\xc2\xfd\x04\xe5\x00\xab\xab\x9f\xc2\xec\xe0\x08\
\xfd\xd11\xf4\xfa5`k\x1b\xd8\xde\x81\xf3k\x81\xde\
\xb8\x8e\xe3\xe5\x11l\xbd\x81\x9e>\x0d\xe9{\xc8\xad\x9b\
\xe8\xea\x00+\x05:[\xb8\x03r\xb3\x81lo\x83\xdb\
[n\x86h\x81\xdc\xbc\x01\xd4\xc1\xdb\xa6omA\x0e\
\xf6a\xf3\x85\xaf\xcfz\x05\x9e:\x0dv\x9d\xef\x83z\
lZ\xf7n@k\x85u\xbd\xa3\xae\xf5\x06\x9c\xcd\xc0\
\xedm\xa1\x14'\xf7\x9b\xd7\x054p{\x07R\x0dr\
|\x04\x9b\xcf\xc1S\xa7|:\x14\xcd\xbb\x08-\x97\x90\
\xe3#`\xb1\x00\xb5\x88^}\x11v\xef\xaba:\xf3\
qo\xcbk\xc8\xb6;L\x05\x1bf\x5cSa\x0d\x93\
\x12Z\xbap\xf6a*\xc8\x91\x0aJD[7]\x04\
\x8b\x8fx \xbe\xa1\xe7~8\xb5\x22\xa2I9\xc6\x0b\
\xd2\xa2s\x8d\xe6$\x15\x8b\xc092\x5c\x11\xe1\xf5G\
h\xed\x22>\xf5C\x8a0\x1d\x9dZ\xfc!E\x19\xe8\
W:\x9d\xd4\x1e\x84\x05\xdf\xa0\x0f'.\xb4t\xd3\xe4\
\xb20\xbc:\xa3\xf9 \xcd!7\x9a\x0b\xd2\xcc6\x11\
\x81\x16\xe1\xf1\xe1\x01\x96\xc7K\xf7\xfa\x97N\xcc8q\
\xd17\xfb\x9a\x806\x8d\x1b\xf0\xb9=Zt\x1eN\xac\
\x9e6F\xe4\xff\x07\x1cI\x13\x11\x88\x90\x98f_7\
W\x12\x1a\xbd\x01G\x09\x0c\x95\x92\x1dq\xe2\x1a\xde\x0b\
\xa1yj\xa6ndz\xf6]\x82\xfb\x06KCFG\
\x0b\x09\x11i\xe6\xd0H@A$\x09p\x5c\x1fx)\
\x86\xd5\xa1I\xbb\xe9OJ\x0d\xb7d\x042T\xd8\xe9\
\x1d\x1c\xff\x81?\x07\xbb%\xd0\xe19\xcc\xff\xdf\xff\x08\
\xeb\xef\xf8\xdf\xc150\xbc\xf1\xcb\xd1\xff\xecO\x87f\
Vp\xa8\xe0\xea\x18\xc3\x7f\xf5_c\xf3\xa5_\x03\x9b\
\xdd\x83\xfe\xea\x93\xd0\xf7\xbe\x1b\xba{\xd1\xa9\xf3`\x09\
~\xe2\x19\xdc\xfa\xbd\xbf\x07|\xeck\xb0YU\xe8;\
\x7f\x1c\xfd\xbb~\x1ez\xfe<\x86\xeb\xd7\xb1\xff\xc7\xbe\
\x0d\xbc\xff~\xc8b\x86\xfe\x9f\xff+\xe8\x87~\x13\xf5\
\xab\xdf\x82\xa37|1\xea\xbd\xaf\x82\xf6w\x01\xe5\x18\
\xf2\xf2\xd3\x98\xff\xf8\xbfC\xf7\x89\x8f\x83\xa7\xcf\x00\x87\
\xfbX~\xe7\x7f\x8bz\xf9^\x94\xab/a\xeb\x1d?\
\x82\xd5w\xfcil\xeey\x04\xec\xb7\xa1\xcf\xbd\x1f;\
?\xfc\x03\xd0\xe3\xa5;0WK`\x18\xb0\xfe\x9d_\
\x87\xd5\x9b\xbe\x14<\xfd\x00\x04=\xea\xf2y\xec\xbc\xeb\
g\xd0\xff\xda\xfb\x5c\x9b\xaf\x97r\xfc\xcd\xbf\x1f\xeb/\
z3\xea\xee\xc3\xd0\xcd\x11\xca\xcdOb\xeb]?\x8d\
\xf2\xfe_\x03N\x9d\x02K\x07\xbdy\x13\x9b\x87\x1e\xc2\
\xf1\x1f\xfe\xaf0\x9c{\x0dz\x0c\x98\xbd\xf7'\xb0y\
\xed\x1b]\xeb\x17\xa0\x7f\xe6:\xd0EVc\xda\x98\x93\
\xf5\xc7\xe4+\x22R\xa4\xc7BS\xd4\x1a4\x98qZ\
\xb4$\x98\x14\x01a\x16\x8dB\x04\xee\xa4\x8aBSz\
\xcais\xff\x84J\x94\x16\xdfIL\xe9\xf7\x15\x08j\
<\x97j\xb8\x06\xd2\xe9Z<\xfb\xaf\xa8\x87\xbeK\x9f\
\x02\xc0\x95\x96\x07\x98JGb\xd3(.\xdci@s\
\xe0Fz#\xb3\xb2\x06\x22>^\xdb5TzG\xfd\
\xbe\x11\xfd\xf7N<\xe6F\x052>Nb\xef\xa6\xc7\
\xf6\xb3,\xd6;\x07g&\x9d&\xc8rL^\xc6\x95\
\xd6V\x83\x1fP\xa9\x81\x1d\xa4g\x92\x09\xd1Z\x1a\xab\
\x8d\xde\x15\x88\xc0\xcc\x22\xd7\xc4\xd0\x8aJ\xe4$\x93\x85\
\x15\x87\x91\x8f\xc3f=\xe1\x99BC=\xb1\x99\x0d\xe4\
\x8b\x80\x16N \xa6Bo\xde\x8c\x90\x85\xe9E\x84\x81\
T7y|\xe5\xa5VC5k\x8f\x93\x18\x01aj\
\xc4\x85!]\x07\xbd\xf2\x12\x8e\xbf\xf5\x8fa8\xf7\x1a\
\x00@\xff\x93?\x8a\xfeW\xde\x83\xf5\x9f\xaf\xe0M`\
x\xed\x1b\x80\xad\x80\xf0*(\x9bc\x1c\xff\xb5\xef\xc3\
\xfa+\xbe\x09\xbc\xb1\x01\xcf\xf6X\xce\xbe\x10\xb3\xcf\xff\
F\xf0\xf8\x18\x98u\xd0\xeb/\xa0\xec\xbd\x8c\xf5\xc5\x07\
\xb0\xfe\xcao\x85\x1d\x01\xbd\xf5\xc0\xbb\xde\x8d\xd5\x95\x97\
\xb0~\xc3\x1b\xb0\xfa\xf6\xbf\x82r\x03\xb0\xd5\xc71\xff\
\xc8\xf7\x80o\xf8B\x1c\xfd\xbd\x1f\x02k\xc0\x9a5 \
W=\x9fg\xf3U\xdf\x82\xd3\x7f\xe1\x0f\xa3<\xf7\x19\
\xd8\xce.\x8e\xbe\xf6\xdb\xc1\xf9]\xe8\xae\xbd\x80\xcd\xeb\
\xfe\x0bl\xbe\xf4u\xe03@wx\x88\xd5\x9b\xbe\x04\
<\x7f\x1f\xce\xfe\xcf\xdf\x85\xdau@Wp\xf8\xd7\xff\
\x1e\x96\x0f\x7f9\xb0\xeaPO\x07\xb8Z\x00ev\x06\
\xf3\xc7\xdf\x09\xdcu\x0e{\x7f\xf5\xfb\xb0z\xed\xd7b\
\x98\x01\x9c\x01\xba\x04\xca\xad/\xc3\xeak\xfe\x08N\xfd\
\xfd\xbf\x84\xc5\x7f\xfc\x8f\x10\x08\x96_\xf8\xf9\xd8\xff\x1b\
\xff\x14vt\x0a`\xc1p\x17\xb0~\xdd\x97C^|\
\x19\xbc\xb5\x84\x5cT\xc8\xcdO\x81:w\xbaL\xb7_\
:oR\x99\x85\xf9,\xf0rm\xa7H\xf3M-\x99\
\xb2\x11\x06{\x80w2\x9c\xc0\xbe\xed\x8d&\x1a\x9b\x13\
-7.<p\x82|\x02!\xc0\x82\xd6\x1e:\x94\xc5\
4\xe2\xd1\xaa\x1eCq\xb5>\x8b\xa24)\xc2n\x06\
\xd3\x0e\x94h\xb2\x12\xc7A\xa5)\x94i\x82\x99kw\
\x0f\x85\x84\xde\x09(\x8b\xf8\x0a\xfex\xd9\xecc\x14\x93\
q\x0dZ\xab\x0b(}\xcfa\xd8\xf0\xfa\xb5+\x5c\xaf\
\xd6\xe8\xba\xce\xc5$F\x89*\x13(!\x81{d\x02\
|\xda\x9f\xd2vq!\xe6k\xe5\xc9\x0d\xe9\xb4k^\
S\x89\xc6\x1b\x81\x950z\xea3\xdf\x9b\xe3\xc3G\xa4\
 \xd1\x9c\x04\xd4\x98:\xec\xc2\x0d\x9b\x85P\xbe3\xaa\
\x0c\x9fA\xd6\x9f\xbb\xbcL\xd9=\xf6\x09\xa0\xdb\x0e\x13\
{F\x14>\x95<\x16\x99\xde\x94\x02A?\xb7;\x15\
R\xe2A\xd5Cv\xe7\xcf`\xf9_\xfeq\xe0\xe5c\
hw\x0d\x8b\x9f\xf8\xd7(\x87\xfb\xd0\xfd\x17!\x83\x81\
w?\x08\xbb|\x19BBo\xeea\xf9\x07\xff(6\
_\xfdM(\x1f\xb9\x0a)k\xcc\xdf\xf5O1\xfb\x89\
\xff'l[!V\x80\x22\xe8V\xb7\xa0}\x8f\xee\xe3\
OB_>\x80>s\x13v\xe9U\xe0\xd9\xf3\xc0\xc1\
\x1e6\xdf\xf6\x1d\x90\xa7\xd6`]b\xf1\x8f\xff6\xf4\
\xfa-\xd8\xc5\x8b\x98\xff\xe2\x7f\xc2\xee\xf7\xfcY\x9c\xfe\
c_\x87\xdd\xbf\xfcm\xd0\x9b\xbf\x05y\xe1**\xcf\
a\xf5\x96\xdf\x05\xdd\xbb\x09^\xbe\x1bX\x01\xf2\xe9\x97\
 \xc36\xec\x81\xbb\xb1\xf8?\xfe\x11\xba\x17\xdf\x0f\x0c\
\x15\xe5\xe3\xb7\xb0y\xcd\x17\xa0\x9e\xd9\x81\xee\xdf\xc2\xe1\
w\xffu\xac^\xf5\x18\xe4\xd9}(_\xc4\xfc=?\
\x88\xed\x7f\xfb\xbfb\xf1\xe9_\xc3\xfcC\xbf\x0c\xb9y\
\x03\xd7\xff\xe2\xf7\xe0\xf8\xa1\xaf\x05n\x1ea\xfe\xf3\xef\
\xc0]\xff\x97\xaf\xc7\xce\x8f\xff\x03\x80\xfb\xe0S\xc78\
\xfc/\xff$X\x046W\xdc\xfa\xee\xbf\x05\xbd\xb2\x85\
r|\x8c\xfe\xda\xafb\xfb\x07\xde\x86\xf2\x99_\x05\xb7\
v!\xd5\x00\xa9\x90\xe3\x15X\xdad\xd4\x11\xd77\xd9\
\x1fV\x9e\xd1K\xb4\xdd\x04\x1dm\xef\xa4\xc0\xcc\xf4\x0c\
G\x8f\x88\x0f\xdf\xf1\xd2\xfb)}(\xc5\x87\x83\x88d\
4\x0b\x22\x12Mk\xfd\xf7\x88Dy\xe7\x14H\xf4\xca\
\xcfD\x9f\xf0\xecCT\xcd\xff\x1e9\xff*\xaey\xa5\
\x03\x11\x11\x81R\xe0\xadk\x02\x15\x88\xa2\x03P\xd0\xc0\
5C\xbbz\x04\x84Dv\x0f\xf00\xa05W\x06\x18\
\xd0g\xf4q\x8d\xed\xf1\x1c\x15+JQ\x1e\xed\xdf\xc2\
\xc1\xc1\xad\xackw\xf0\x1bn\xbd\x08*\x89H\x1a\xbc\
\xa3\xado\x04Jjc4a\x19\xea\xd7\x82\xc3\x8b\xd1\
\xcc\x87\x03\xb1\x05\xff\xb2\xd9\x88\xdb\xd9!8$\x5c\x94\
\x91\xac$\xd0(\xec!0\xca\xdc\xd1\xcb\xe2\xfb\x95\x1d\
\x88\xbd)\xa9\x08\x22\xbe[\x5c\x06\xba\xf0\x0d\x7f\x8a?\
\xbe\x22\xd21\x134\xb4\x15s\x18\xa0Pd6X\xbe\
\xaf;u\x0cu\xd2\x9f>\x8d\x8aLaN\xe9\x8c\xae\
C\xb9\xfa\x12\x0e\xbf\xf3\xbf\xc3f\xfe\x00\xb4\x10\xf3\x1f\
\xf9{(\x9f\xfa-p\xb6\x05<\xf7\x11\xf0\xfe{1\
l]\xc0\xf0\xca\xd7a\xfe\xec\xe3\xb0S\x0bl~\xd7\
[aO\xed\xc3\x1e\xb8\x80\xd9O\xfco\xd8\xfd_\xfe\
:D\x88\x83\xb7\x03\x9b\xaf\xfa\x93\x90\x0a\xc8\xb3/\xb8\
\xe3\xefS\x9f\x84m\x0ea\xdd\x02\xba\xfb\x10\xb4\xdf\x02\
_\xff0\xf8Eo\x01^\xac\x90\x1b\xbf\x85\xf9\xbb\xdf\
\x0d>\xf8\x00\xfaw\xfd\x14\xe6\xef\xfcq\xd8\xc5\xb3\xa8\
\x97^\x8f\xfeW~\x1d\xc3\x9b\xde\x8d\xcdo\xffv\xc8\
z\x80m\xed\x02u\x00\xb7w\x81n\x1b\xe8\x96\xb0\x0b\
k\x9c\xf9\xcb\xff\x0d\x16?\xf7\xcbX\xfe\x9e\xdf\x81\xbd\
\xbf\xfa\xc3\xc0s\x02l6\x90\x83[\xd8\xbc\xe9Kq\
\xfcE\xbf\x1b\xfa\xf1\xeb\xd0\xcbG8\xfd\xb7\xbe\x13\xdd\
{?\x00)\x05\xf6/\xfe\x05\xa0\x05\xc3\x17\xbf\x11\x9b\
\xd7=\x06\xb9r\x00\xcc^\xc0\xa9\xb7\xfd\x19t\x87k\
\xc8\xc7>\x84\xe5W}3\xa4\x9eF\xdd\xb9\x08\xdb\x9d\
c\xfd\xfa/\x04w\x1e\x82\xed\x1fC\x86\xa7\xb0\xfb\x7f\
\xfdC\xe8_\xba\x8e\xcd\xbb~\x1a\xb7\xfe\xc1\xcf\x00G\
st7\x9eAy\xfe\x0a0\x9f\x9d(|\x8a\x88\xcf\
4\xfe\xe9\x9a\xb3tM\xdf\x88\x16!\xa3\x99\xa7fr\
e\xa0Z'\x01?9@\xae:C5 \xe0=+\
\x93\x19\x002ZRIj\xe3`,\xb7\x1b\x03\xe6\x8b\
x\xb9y\xf2\x88*\xb2\x8c[\x85\xd0\x22\x94\x02\x14\xf5\
R\xe0r\x9b\xf6w&\x93\x8e\x99O\xe9\x98Fd\x04\
=\xce\x98cX\x1f\x16\x16\x02-\x98(\xcco\xb7Y\
\x98h\x95]\xe9\xc4j\xc5\x8d\xeb\xd7\xb1^\xad\xd0u\
\xc5\x93\xde\x93\x0b|Dg\xd6\xf2!C\xe2Y!\xac\
\x01\xa2\x90\x11\xa1\x16z\x15\xa1\xf9\x18gG\xd79`\
\x88\xbe\xbc2I\x0dqW\x02[\x01\xca\x18\xd8h\xc9\
w\xb1I\xf1\x8d\xf8K\xe4\xe1\xc8\xd8}n3\x9bp\
\x88\xb7N\xdfPDb\xe2\xe5\x110=Z[\xa9\x8a\
\xb0:\xf2H`\x97\xf6<\x9a6\xf0\xb6W\xa9\x1d&\
\x10\xb1i#' \x05\x96K\x0c\xaf\xbc\x1fG\xdf\xf8\
'\xd0]=\x04\x16\xc4\xf0\x9a\xdf\x85[\xdf\xffU\x90\
\xa2\x903\xf7\x82GG\xe0\xd6y\x0c\xbf\xedM\xd8\xfa\
\xa9\x7f\x8f\xcdk\xde\x84z\xeeA\xf0\x8aA\xf4\x16f\
\xff\xfe\xdfb\xf3\xaa\xd7A\xf7oB>\xf1a\xf0w\
v\xc0f\x83\xf2\xdcG!\x8b\x05\xca\xf5k\xd0\x8f~\
\x00\xc3\xab\x1f\x03\x163`g\x86\xd5\xb7|+\xca\xde\
\x0e\xd6\x97\x04;\xdf\xfb\x8f\xa1\xab\x15\xd8\xcd\xb0\xf9\x8e\
?\x8b\xe5\xef\xfc\x83\x90\xcb\xaf\x02w\xfd\x1d\xf5\xd3\x87\
\x90\x1b\xb7\xc0\xbb/\xa2{\xe6\x05\xa8U\xd4\x07_\x0d\
\xa2\x03\xcf\x9c\xc2\xec}\xff\x16\xdd\x07\x9f\xc4\xf0\xca\xd7\
\x00\xab5t\xb9\xc1\xb0\xd8\xc6\xec\xa5\x97P\xae\xdf\xc4\
\xf1\x17\xbc\x19r\x0b\xe0\xe5S\xd8\xfe\x99\x1fB\xff+\
\xbf\x89\xe1\x81W\x01u\xa0\x94\x22\xfa\xe2\x0bX\xbe\xe5\
\xeb@9\x03\xd4\x1bP\x9c\xc5\xfe\x0f\xfd2\xc4\xbc\x86\
\x01v\x162\x13\xc8\xf6\xb6\xb7\x17{\xc3\x97\x02\x07\x02\
^\xd8\xc5\xfc\xdf\xfe8p\xfd\x10\xeb\x87^\x0b\xd9?\
\x86\x1e\x1dBf\x17Q\xd67\xa0\xcb#p\xe7\x5c\x8b\
F$\x14L'O\xd0\x01\x04\x12%\xd2\xe1\x9e\xb5\x18\
K#p\xcb.\xeczx\xc5\x98\xa2\x056\x04Y\x07\
\x17\xd9\x5cn\xad\x86rq\xa5\x95\x06u\xe4\xe5$=\
4T\x18^I\x88g\x9fe:\xacdXK\xe8\xdd\
\x13\x15\xa6\xae\xe9\xd3\x0f\x908:\xb8\x0d\x80\xa1\x13\xa0\
\xa6u\xea\x0f:\x1a\xc1\xccWl\xd8\x06\xd9\x8f(\x8d\
\x15o\xe3=Z,\xe8\xbb\x0e\xab\xd5\x8a{7\xae\x03\
\x80t]\x17\x92\xd4S\xa1\x22k\x0a\xc9u\xc6\xccn\
\xa7x\xdbQ\xe7(Z\xf5\x22\x1c\xb7\xff\xd3/K\xd1\
\x00,\x0cS\x01p8\x94U#!\xa7\xd3&r-\
.\x89\xb2\xa9\xeaN9\xaf\xc3)\x11\xb2\x8c4\xb5&\
n\x9aXmp\x5c\x92uI\x88D\x03\xee\xf8[\xca\
\x81\x06bD[~D\x5c\x04\x13\xfah\xad\xfc#\x22\
`\x16\xad\xc3\x91`\xb3i\x10i\x02G`\xa0\xf6\xd0\
\xfd+8\xfc\xce?\x0b\xb3\x8bP\xbb\x0e\xd9:\x87\xe1\
\x0b~[\x8b\x12b\x03\xe0\xe5\xeb\xc0\xd1\x1a\x9b\xd7\xbd\
\xd9\x9d\x98\x97\xee\x81u;\x90r\x08\xd9?@\xb9\xbe\
\x07;u\x16r\xe3e\xd4G\xde\x04\xae\x01\xaa\xa1\x5c\
}\x19\x98/ \x9b\x15\xf4\xd9\xdf\x02^\xf75\x90\xd5\
\x1a\xeb\xaf\xff6\xf0\x8d_\x0f3E\xff\xd4\xafa\xfe\
\xae\x9f\x01\xb5\xc3\xf2\xdb\xbf\x03\xeb?\xf4]\x90\xe7\x8e\
\x81\xeb/\xa0\xff\x89\x9f\x82\x9ab\xf5\xdb\x7f\x0f\x04s\
\x00k\xe8\xde\xd3\x80\x16\xf0\xecY\xa0\x12R\x14\xfd\xc7\
>\x06,\xb6\x80\xa3}l\xee\x7f\x0c\x95\xdb@_\x80\
[\xcf\x80f\xa8\x17^\x0d\x0e\x06\xd9.\x90\xe7_\x80\
\xcc\xb7\xbcPd\xb3\x119<\xf0\xb5;\xf7 P\x15\
\xe8:\xc8\xe1\x01d\xc7`\xa7v\xa1\x1b\x03\x8f\x9e\x87\
\x90(O]G9Xbs\xdf\xe7\x01\xcb%\xb8\xbd\
\x05\xb9\xb9\x0f\x99\xcf\x81\xbd=\xd8\xeb^\x03;}\x17\
x\x83\xd0\xe7^\x82l*LS\xaf\xb5\x98m\xfb\x99\
z\xff=\x13T\xe8Y\x1bc.L\xc25\x0fb\x88\
\xb4^\xfe\xa9\xcdP\x92\xc5\xa11P;\xea\x1e\x9dV\
l$\xf9\x04\xd7\xad\x5cR5r\xa6\xc2@m\x11\x22\
O\xf0\x11UP\x8a{\xf9U<\xd8P\xc2\xf6\xf7\xa1\
5\xa3\xf6w\xf3B\xba\x10\x1f\x90\xd1\x98O\xaa\x8d\xdc\
\x8c\x8ccp\x0c\x8b\xb2\xd9\x09a\xf4:\xe3t\xa5\xf0\
\xe0\xe0@\xf6\xf7n\xa2\xeb:D\xd8,\xc1\xae\x00`\
:\xe3\xa4\xddL\xf2%[\xaa\xb2\xd1\x08\xd1\xd6\xe0#\
n&\xaamB\xae\x0b\x89\x8690\xaeI\x13\x0c\x02\
\x13\x13\x95B\x80TU\xa9dX1\xb1\xf8!\x88r\
\x04Z\xa53\xe7DE\xa3\x05\x80\x9a\xcb\xb0Y\x88\xa3\
\xa8I|\x9eP@\xa2\xee\x87\x04\xa0\x14\xb1P\x1e\x9a\
\x09_\x1e\x0a\x0a'\xe9z\x13\xbd\xfc\xf2\x7f9\xae\x0f\
\xf3\x8eZP\x0e\x0f`\x0f?\x8c\xcd\xd7\xfcA\xe0\xd9\
}\xd8\xb9\x1e\x8b\xf7\xfdK\xc8j\x03\xce\x14X\xae!\
}\x8f\xf5\x9b\xbe\x11v\xbc\x86\xdc}/x\xd7\xdd(\
\xc7\x87P\x18\xb8\x19\xc0\xd3\x17P\xbf\xf8Ql=\xfe\
n\x1c~\xf9\x97a\xfd\x15_\x0f\xbd\xb6\x0f\x9c\x07\xe4\
\xc5OC\xfa\x1e\xa4\xa1\xff\xf8o`\xfd\xf5\x02yy\
\x89\xcd\xef\xfav\xc8r@\xddZc\xf7\xfb\xbe\x17\xb2\
\xa9\xe0\xc5\x8b\xd8|\xe5\xb7@>y\x009\xb3\xc2\xce\
\x9f\xfa\x06\xf4\x1f\xf9\x0dp\xb1\xc0\xfaG\x7f\x1d\xd4\xfb\
\x1d\xe8-\xab\xc7\xee\xef~\x15\xcc\x14\xb2m\xb0\xe3\x97\
\x00)@]\x83\xaf\xb8\x04V\x02\x05\x90\xbd\xa5\x8b\xd9\
\x83\xab@\x11\xe0h\x83\xe3\xaf\xfd\x06l\xff\xcc\x8f\xa2\
\x7f\xf9y\xb1\x9dS\xd8|\xd1\x17a\xf6\xde\xf7B\x8f\
\xae\x834h?\x87\xdc\xfc\x04\xb6\xbf\xfd\x1b\xd0mV\
\x81\x0c\x0d\xfa\xfa/\xf6<\x80a\xf0\x10b\xa7\x8e4\
\xbe\xe2wB\x7f\xe4\x9f\x81\x9b5\x8e\xbf\xedOBn\
\x11\xd8\xe9Q^\xfc\x14\xb0\xa9\xcdl\x93\xd4xm\x1f\
R\xff\x03]\xe9}Wr\xac\x9a\x16Im\xe1L\x91\
fad^fhH$z\xce\xbb\xe6b\xaa\x1d\xa7\
,\x07\x0e\xa5\x99\xa1\x9e~\xa9\x13\x87\x90\x04\x16\x97\x11\
L7\xd5\xa3\xeaI@\x22\xce\xfcR|\x8d\xb5\xd0T\
E\xban\x12\x05(\x8d\x82\xbb\xa4\xaf\xcc{jX\x16\
\xc9\xb5\x04hb1\xb56\xb4\x13[V\x01\x19\xf1t\
\xca\xf5kW\xb8^\xaf\xd0\xf5\xbdO\x9a\x89\xd8\x1c\xc2\
\xa7\xa0\xa3qk\x92\xaeu\x19\xa1y{\xd1x'\x86\
\x11\xd4n\x9b\xbdH\xc4s\x9e\x5c\x83\x86\x19\x91{\x96\
\xd0\x09\xa0\x06`)\x22\xb4p\xd4\xa6\xa7 ~\xf5\x0d\
\x0e1\x12\xeeAM\xcd\xdb\xfcu\x11yi>\x81l\
\xa7\xca\x08\xdc\x16\x15\xd6\x9a\x1eYa\x8e\xaan~\x5c\
iR6}D\x12\xcab\x88\x11XM\x8eN\xf9>\
\xd3[\x09\xdf\xb4\xbd\xeb8\xf8\xae\xefA\xdd\x9b\x81\xa7\
\x0av~\xee\x07q\xeao}7x\xee.H\x1d`\
\x95\x80\x0c\xb8\xfeO\xde\x0c\xe0\x01\x10\xbb\xc0\xab_\x8f\
\xf2\xd1\xdf\x047\xb7\x80\xd9\x02\xb8\xb2\xc4\xe1_\xf8\x07\
X\xfe\xde\x0fa\xf8\xc2/\x81\x1c\x15\xc8\xb0\x0f\xac7\
\xe8\x0e\x97\xfe\xf6\xf3\x05\xfb\xcf|Ztu\x03B\x05\
\x0e\x8fQw\xcf\xa2|\xe6W0\x7f\xef/\xc1vO\
\x81\xdb\xbb\xa8[\x17\xd0\x1d\xac@\x16\x0c\xdf\xf0\x87\x81\
\xcf\x7f\x13\x8e\xbe\xf1O\x02[\xaf\x85\x1c\xdd\x84\xee\x1d\
\xa1{\xf1Epw\x0b\xf5\x9e\xbb!\xc7k`\x0e\xf4\
7\x0e\xc1R\xa0,\xe0\xee+!\xb76\xe0i\xa0\xff\
\xf8o\x01\xfd\x1c\xddg>\x0c\x9c\xebQ\x9e|\x19\x9b\
\xcbo\xc2\xf5\xff\xed\x87Q\xae>\x8b\xe1\x15_\x00l\
\x1fc\xf6K\xbf\x1f\xdd\x87\xdf\x07\xdd\x1e /-Q\
_\xf9\x06\x1c\xfc\xe3\x1f\xc5\xfc\xf1\x9f\x86\xee\x9c\xc7\xfa\
\xc1\xd7\x80_\xf2E8\xf5\xb6?\x87\xfe\xb9g\xd0\xbf\
\xf8\x11l^\xf7\xe5\xd0\x97^\xc4\xe65_\x85\x9b\xdf\
\xf7\xef!}\x8f\xfa\xd0o\x83~\xeaE\xe0U\x17\xa1\
\xd7n\x02\xdd\x985\xc4d\x81\xc6~\xa9!5\x9a\xa6\
\x08Q\xc6V\xd6\x16&$ \xdeO\x22\x98\x98@\xe3\
xOC\xb34D\x13\x9d\x8e\xbep\x04\x1eH\x8c\xaf\
-\xb5*\x90e>\x91\x10\x99\x89\x97\xf4\x1f\xce=/\
n\xf2\x16n\xd4\x0e,E\xb4\x14o\xfd\x11\xb0\xc4Q\
\xae\x17\xfax\xaf\x91\xa02q\xe5\x93\xd2\xce\xed\x91f\
\xf0\x86\xab.9-\x98\xbf\xeb;\xac\xd7k\x5cy\xf1\
9\xac\x87\xb5\xf4}\xdf\xd4\xd6\x89\xa4\x09\xe74\xd7\xfe\
\x9e\x8c\x00iaF\x07\x19\xf1\xe2\xee\xe9L\x17\x00G\
\x9d\xeb\xe6M\x0c0 \xa2\xc2I0\x95\x02~ c\
\xc3dDf\xf1\xf4\xd1\x0a\x00\xd1M(\xd7\x97\xde\xf8\
\x12p\xc4\xd0d\xa1\xbf\x83\xcbuz\x12dm\xb7p\
\x04\x22\x0e\xdfC\xce\x91-\x05(f\x04\xc6\x935\xf7\
jJ7\x0f\xacf\x1f~\xa6$B\xee*BD\x00\
(\x05\xba\x7f\x0b\x9b\xaf\xf8J\x1c\x7f\xc3\xb7\x82:\x83\
\x9c=\xc6\xd6\x8f\xfds\xe0\xf2+`g\xcf\xc3\xce^\
\x00\xee\xbe\x07\x98/\xa0\xab\x97\xc1{Oc\xb8p\x06\
\xab7\xbf\x19\xdds/b\xfb]\xff\x0ax\xf0\x94'\
\xf5\xd4]\xac\xbf\xfa\xabQ\x9e\xfd0\xca\xd5'Q_\
}\x1e\x22K\xe0\xe6\x1e\xa4\x9b\x01\xf3\x99\x94\xe7\x9fE\
\xb7\xbe\x89z\xdf\x05\xd4s\xe7\x80{{l\xff\xe0\xf7\
B\xb4\x03\x16\x0bt/>\x8b\xee\xd3\xef\xc3\xe6\x81\x0b\
\x90\xf5\x0cG\xff\xf5\xf7\xe0\xe6\xdf\xf9~\xd8\xa5\x07\xc0\
\xa3\xeb\xc0\x03\x17 }\x85\xee]\x05N\x9dC\xbd\xfb\
!\xe0\xe2\x0e\xb4'\xcag>\x03t\x8e46\xafy\
\x08vn\x17\xbc4\x87\x1e\xbd\x04;s\x1e\xf3\xc7\x7f\
\x0e\xf3_\xff\x8f\xa8\xaf\xb9\x0c\xa93\xac\xee\xf9R\x1c\
}\xc9\x1f\xc0\xea\xe1\xd7\x82/=\x0f\xeb\x0a\xbaO~\
\x0a\xdb?\xf6\x0f\x80W\x9f\x0573\xf0\x95_\x89\xc3\
?\xf5\xd7q\xf0\xdf\xfc\x05\xac\xbf\xe2\xf7b\xb3}\x06\
\xd8\xbb\x05\xec\x9e\xc6\xf6\x7f|\x07\x8a^\xc1\xe6\xe2e\
\xe8qE}\xe4K\xc0\xfb^\x89\xd9o\xbe\x0f\xf5\x81\
\x8b\xe0\xa5\x02\x5c\x7f\x09\xecz$^\x0d:E\x00\xf4\
f\x19w\xa5\xcb\xce\xd1\x12\xce+\xa7\xd2\xf4<\xc1\xfd\
J\xe1\xad\x0f\x86\xd5v>b\xf6\x1f\x09h\xd1`\x0c\
\x89\x88B\xdb\xf6Pr~\x1dIo\xbfx\xde\x81\x84\
\xd4\x90,\xf0Az\xfe\x15\x0e\xf9\x95\x0e\x08\x0a\xa0\x1d\
\xa8\xbd\xa3\xb0(\x07\x0e\xf8\x0f\x01\xd0y\xf6\xb9\x8c\xc9\
N\x0e`\xd8\xf8\x8e\xa9\x89S\x04J\xa3\xe5\xbe\xeb\xb0\
\xbf\xbf'{>\xf4\x90EKF\xbbR\xcbF\xc3\x08\
M\xd8\xee6/\xc6\x0c\xcd\x8c;HH\x02\x0bi\x9b\
\xf5\xfb\xcey^^)\xf0\x0cPG\x5c\x11\xba\x9b\xc8\
km\xd3\x14\xb5\x09\xce\xf0\xb2!\x9by6\xa9\x8et\
\xf0\x18c\xae\xbd\x0fc\x84e\xa6F\x93y\x13\xd6e\
\x16\xd3\xa4\xb9\xe7\x89\x83\xbe\xb1h\xbe\x09%r\x8c\x19\
\xbdi`JwD\x8cC\xbb\x82\xf5z\x1d~\x22\x99\
>X\x93\xf8\xa3f\x09\xa9\xd0)N\xff\xc0_\x05\x8d\
\xe8\x9ez\x1a\xdd\x95\x97\xc1\xddS\xd0a\x03\xd0\xdcn\
\x96\x19N\xff\xab\x7f\x84\xe1\xf5\xff\x09\x83\x09\xba'\x7f\
\x0b\xb8\xe7^\xec~\xff?D\xff\xd1\xdf\xc4\xeak\xbf\
\x05\xd8\x9d\xa3\xff\xa9_D\xff\x13\xff\x0e\xc3\xe7\xbd\x0e\
\x9b7\xbe\x01\xddS\xcfz5at\xacP\x02\xdb?\
\xf8\xd7\xd0\xbf\xea\x95\xc0\x00\xe8\xd5\x97\xb0x\xffo\xc0\
N\x9d\x86\x0e\x03\xd0o\xe1\xf4\xdf\xfe\x1fq\xfc-\x1f\
B\xfd\xe27\xa3\xff\x95\xeb\xd0\x0f\xfc\x12\x16\xef\xfaI\
\x0c_\xf2e\xa8\xf7\xdd\x8bn\xef\x06\xa4\x1a\xb8\x98a\
\xf1\xa3\x7f\x1f\xf3\xd9\x0c\xba\x7f\x13zx\x13\xd2\xcd\xc0\
\xd9\x0c\xdb?\xf2O\xb0\xb8t\x09V\x0d\xdd\xc7?\x09\
D5\xde\x99\xbf\xfe?`\xf5\xd8Ob\xfd\xc6\xafD\
}\xe0^\xe03W\xb0x\xea\xfd\xe8\x9f\xf85`{\
\x17\x9c\xcdq\xfa\x07\xfe)\x16\xbf\xf1\x04\x96o\xfa\x1a\
\xd8k\x1eF\xed\x14\xfa\xc9g\xb0x\xfa7P>\xf2\
Qt\xd7\xaf\xc3\xce\x9dA\xf7\xf4\xb38\xfb\xdf\xffQ\
\x1c\x7f\xe3\x1f\x81\xbd\xeeat?\xff),~\xf4_\
\x033A\xff\xa6/\x01\x87\x01\xb3\x8f~\x18\xb2\xd8\x81\
\xb4\x9e\x86M\xe57%\x02\x01JWR\x03\xbb\xe2M\
\x14\x9e\x1a*p%\xd3c\xdc\xfc?A\x87\x96\xf9>\
\xee\xeaf\xe4\x10\x80^\x09\x1aJ\x0bc^,\x05\x22\
\xd1\x86WG\x9c\x10W\xd5\xe2\xa6\xb0h\x11h!\xb5\
\x83\x88\xc0\xb4\x13\x94B\x96\x1e,\x9d\xa0\xeb<\xad:\
:\x11S\xabc\x8c\xd9\xee\xc5ww\x8bS\xbf\xa3t\
\xa5\x1e\xee\xdf\xd2\xcf\xff\xfc\xcf\xc7\xe9\x0bwc\xbd^\
a6\x9f\xc9\xcdk\xd70\xd4\x8a\xd2\x85=o\x9e\xad\
TJ\xc1\xcd\xeb\xd7\xe4\xe8\xf0\x00}7\x0b\xdf\xa0\x98\
\xa6\xeb\x1c\x89\xdf\x83\xd9T\x90\x9d\xe6\x04j\xaa\xe2Y\
\x80@\x96\xd6z\x06d\xd6\xcd#\xe3\xeb\xcd\xeb\xc1,\
\xdd\x99\xc4\xdc\xdd\x8b\xc6\x96m\x14\xca5\xa579\xae\
a\xca6\x93L\x8b\xcd\xf1d\x0e\xcbI\xf5\x09yL\
\xa67D\x11\x11C\xb8\xb7\x8a\x0e\x17a\xd1\xcf\xac%\
iE\xfe\x87\xbfzLy;\xe1\xc7\xf0:\x05\x87\x89\
 \x96\xcb%\xc0hC))l\xa7\xe6@\xe00\x84\
 =ZB\x96K@\xc5\xb5\xd5\xce\x0e\xda\xc4\xc8\xc4\
PZ\xa0\x87\x87\x9eZ+\x02\xcc\xe7\x9e\x0e\x0c@n\
\xed\x01\xac@'\xc0\xb2\xc2N\x9f\xf5\xd0\xdbj\x09t\
\x1dlgg|\x1d\x11\xe0\xf0\x08\xb2\x19\x00\x18\xd0\x15\
\xd8\xa9\xd3\x91Z\x1b(\xc6\x0c\xba\xbf\x07l\xcd \xc3\
\x00T\x01O\x9d\x05\x8e\x0f!u\xf0\xfb\x9f>\xe3\xd7\
\xbc\xb5\x0fA\x05\xa1\xb0S\xa7\xc7X\xf8\xe1\x11$\xf2\
\x1flg'`\xb8k7\xd9\xbb\xe9\xe7\xcc\xe7\xe0r\
\x05\xa9\xf0w^\xcc=TW\xe2]WG\xe0\xbc\xf7\
\x8a\xb7\xe5\x1aB\x85-\xb6\xbc\xba\xd1\x0cU\x15r\xbc\
\x82\x1e\xef\x83\xdb=\xf4p\x0d\xdb\xde\xf5\xb8\xf8\xe1\xa1\
\xd3\xc5\xa9\x1dP;\xd7H\x19\xfd\x99\xc8\xe3\x94\x04\xb3\
\xf9vt\x81\x0ds4s\xc2\x1a\xb5e\x92n&\xac\
7`\x0d\x88F\xab\xbd\xf0a1\xfd\x05\x08\x8c\x8d\xf4\
3\xc3c\x8fI\xca\xe2\xaa$!\xb5\xf7\x98\x07!b\
l\xd0\xd6C}ZHU\xb1\xe3C\x96W|\x1e\xe4\
\x81G\xa4\x1e\xedC\xce^\xc4\xea7\xde\x83[\xef\xff\
y\xe8\xe9\xbb\x08\xab\xc2\x17?~\xa3\xd3\x16bf2\
n\x18\xf8a\x18\x83\xc1\x95E\x8c\x06-\xc5@\xca\xb5\
\x97^\xc00\xac\xd1u}\xd3]\x0d\x10\x854\xf4\xb8\
h:\xed\x90\xbe/\x001C,\x18'3\xfe=8\
\xa8\xa3=\x94\x8b\x11\x17\xd0\x14\xb0\xe9\xa7\xcf\xf5\x9dd\
\x0d\xb1e\xed1_&\xf93D\xa7\xb3\x95\xe5\xa2G\
>\xb5\xaafBWKL\x0ed\x04\x172p/v\
\xf4\xcc#\xcd\xc7\x02\xd9\xf8\xd2\xd3P1\xa8\x9e\xea\xeb\
\x86\x0d\x9b\xc4\x82\xf7\x1f\x1c6\x83\x18\xab\x13z\x0b!\
\xc6rH{\x9d@\x02\xb1\x0e\xdb[\xe0\xee\xee\xf8\xc7\
\xa1\xa2\xdd]rA\x0cuw\x17\xa2\xa7\xc3\x9dc@\
\xf5b\x1e;w\xde\x9f\xc7\x08\x9cVp\x18\x80Y\x0f\
\xee\xee8\xf5ZmTO\x03p\xeaTTl\xc7\x82\
\xd4\x8a\xec:\x03\xd0\x85\xc6]\x97\x5c($L\xb5\x0a\
\x9e9\xdd\x9eY9\x00\x14\xd8\xf9s\x81\x81\x04\xacC\
\x03h8}\xaa\x99\x9dY\xf0\xe3\xd2\xde\xc0s\xe7}\
\x09\x8c\xe0\xf6)\x10BT\x8b\xde\x0d\xe2\xcc\xbd\xb3\x03\
\x9c:\x05\xa9N\x03\xb6\x1d\xbb\x1d\x02\x91\xa2\x10s\x14\
R\xb7/AH\xd4\x1d\x05cM\xb0XD4\xab\x86\
\xe3H&\x1c\xdbX\xdf\xf9N\x95Z4\x83\xd8H\xe0\
\xd7\xa0\xe5t\xbfr\x8f\xe8\xca\xaf\xc1\x89\xcc\x0eL=\
 \xf0h`4Xd\xcb\xfaM\x93\x22\x94h&\xa2\
\x90\xc8>l\xae\xfa\xc5\xb5d)t'_\x01\xa5\x10\
Z\x1c*w3\xb0\xf4\x10\xedA\x1f\xb7\xc6v\x8e\x96\
\xdaa\xf4P\x99x\xcf\xab\xe6\xbf\x8e7p\x165\xa2\
/=\xd6\xeb\x15\xae\xbf|\x05\x00P\xba\xcekx\xf2\
yO\xf8\xb1\xd0B\x889\xb7>\xb4\x1c\x13\x16E\x1c\
0\x16b\x5c\xf1\xa6\xca]\xa0\x22\x9bs\xc4@\x22_\
\xb1p\x06D\xd2\x1f\x12\x82\x04\xeb3\x9d\xf6\x92!\xbe\
\xb6\x01n\xe0xz\xb1?\xa0\xaa\xc4\xb4A\xc9\xf7\xcd\
#\xdbn\xa8\xaa\xcb\xee\x18K\xa7\xaaRktsM\
x\xdf,y\xa6\x7f\xd3\xbd\xb2d^\x8c\xaa*V+\
6\x9bu\xe0\x19\x84\xa0\x1b\xfd\xccN\x822\x9e\x8a\xf0\
\x87\x18 \x0cg,\x93\xf7\x83F\xc2fs\x81\x17L\
\xdf\x84\x88\xaf\xa3\xc4\xdc{\x00\xde\xf0C\x00\xb0z0\
\xab\xedx\xa4\x85H\x08\xfe\xd6\x0e\xbd\x11J\x13\xa8\x9e\
\xbe8\x84O\x03@\x1d\x00\x08\xb4\xd6)\x19\x04\xf4\xad\
mie\x12MF$?\x05\xdba\xec\xc4DJ\xad\
\xe9\x87\x0d\x06O\xd1\xde\x12U\x02\x91TdNW>\
o\xaef\x13\x8cF(\xaa\xbf\xfdP\xe9s\xa1\xc6)\
\x8c\xfe\xce\x0d_#\xcd\xb2\x04WB\xa0\xebg\x12\xe6\
]3\x13\x11\xa6m\x1e\xcc\xd8\xffPd\x1a\x87E\xaa\
K\xa4\xf0\xe6\xab$\xa7\x89\x84\xf9\xc9H\xe0\x19W\xa4\
I[\x81dk5w\x9c\x89P\x85J\x15\xaa\x80Z\
DJ\xc7\xf0\xfc\x03Z\x04\xa5\x13v=\xd9\xf5\xc2\xbe\
\x87\x14o\x0b&R@%P\x22\x0a\x10\x0aH\x88\xc8\
\xf3\x0fV%\xc1\xe8\x1d'\xb3y\xcf[7o\xf2\xd6\
\xcd\x97EK\x07\xd5\x0eY\xd6\x98&\xb3\x0b\x01\x87\xf3\
Y\xc0\x83x\xaf,tp>\xcb\x0c\x220R\xe94\
\x19\xc9I^F\xcd\x16\xa4\x14\x9a\x19\x0c\xa8\x9e\xdb\xd4\
v\x0cc\xbf \x04jQU\x9a\x99\x0b\x0bQoA\
\x16e\xab~aC\xf4\xf6\xd3T\xbchF\xc7\xa8X\
\x89\xa9\xaf\xd1)\xa2f\x1dC\x10\x88\x86~\xb7\xfc\xac\
\xb1\xa6\x91\x16\xeaF\x9d\x97i\x0e\xb5J\xb5\x86\x86\x1a\
c4\xeb!\xed\x08&\xf8in\xe2\x146H\xa7\x0d\
')\x0c#\xe1\xfb\xaa\xb5F\xa82\xca\x81iC\x0f\
\xdf\xe9I;\xb0\xc9\x1d\x9a\xd7c\xc2pp\xb6DF\
\x83F\xb3\x0a\x13!\x94B)\xae$\x81\x98l\x8c3\
g\xaef\xdb9\xe0\xb3\xde\xaf\x11\x09\x81\xc8\xae\xf1\xfb\
\xb5\xa14\x18\x85\x16'=\x1d\x12\x0c\x066w\xa1\xe8\
W\x1d\x1b\xc3\x22up\xd0\x1c\xc65\x16\x8f\xf6\xa4\xdd\
\xee\x8d{\x8c\xd0\x22\xaa=\xcc\x98\x16\x9ag\x8aE\x0e\
}\xbb\xaddF\x0c \xcc|\xfeD\x0c\x11\xdb\x8f\xf0\
x\xbc(\x19\xfe\xa3\x04\x92\x22\x22\x16\xfd\xa8\xa3\xda&\
\xcf\xf7\x1b S\xd2\x03B\xe0d\xe3\x0f\x1f\xb7T\xc0\
\xae\xa7\xf4\x9dp6\x83\xcd\x170/\xa5\x16\x165X\
\x11\xd0\xbf\xc9\x1e\xa3\xb1\xc3\xf08<\x09\xc0+\xe3J\
Q\xbc|\xe5\x8a\x1c\xec\xefI7\x9b9\x17\xb5\xbeq\
\x19\xe5\x0c\x07F\x9a\xe3-\xe2\xe6\x01w\xc9~\x98\xc9\
\x80n*i&\xe2\x04\xc9;\xd1+\x04f\x94L\xd7\
M\xe5:zE@\x18\xd8\x1a\xf5q\xa4sf\x9b%\
enVjvMG`d\x0f\xaaH\x0b\xd9MH\
?[\x967\xe2\xf6}\x1e\x81D\xe8y\xe6\x98 \xc2\
-\x0fX\xe4;\x0ab<\xb80[\x0d\xba\x02@\xb4\
\xb1*\xd8\xde\xdarNg\xc0\x19g\xc8\x0c,\xc4\x9d\
\x9a%\x16,\xe2\x91L\x1fo\x9eT\xd8\x8e\xcc\xe3|\
!&\x8c\x02\xa4\x10a<.\x228\xabd\xebW\x9f\
\xeb\x16\xa2\xc8\x0b\xd1\xc3\x04\x88\x94\x93\xdc\xa41\xc7\xa1\
\xf1\x82d_=\xa479#?\xa9_\x83\xc9c/\
D\x22Ik\x14PM\xf76\xa93:o\xe2\xb2\x93\
\xaf4\x0besFS\xe3\x1f \xd03'm\xdd\xc6\
t-4\xf0\xe2\xfc\x9a\xcf6\x0aVI\xe1\x14\xfc\x15\
\x5c\xdcPjc\xc6\x09jK\xa1ii\x1eH\xbe\xab\
\xbfRkZ\x1c\xa2%5\xf9(.#\xdd\x1ep\xba\
\xa6x\xd7\x0f\x84\x00uB\x86G\x05\xd0f\x000\xa2\
\x03T%K\x09\x04\xe01\x7fj\xe7\x83Y\xfb9\xd8\
\xcd\xdcG J \x08\x91`g\x00\x8a\x1ba\x06H\
\x09\x95\xd1\x94\x90Y\xe5\xd5+/\x81\xd5\xa4\x9f\xcd\x02\
\x14\x13c{\xde\xd1\xe1\x96@`\xdc\x88&Y\xc8\x96\
\xe1\xc4&\xbd\x10\xa5jI\xf4\x02\x22\xe3\x85\x11\x9bh\
\xbd\x90$\xdc{\xed\xf2\xce\xfc\xeeMAB\x07\xa6\x0d\
@\x82P\x14\x8c0B\x92\x8c\x12\x820\xef\x83\xa6\xd4\
\x92\x18\x93B\xc6\x80@\xe3}\x09K\xde3\xbaB\x87\
\xfa9\x11\xda`\x98i2\xae\x8bKC\x86\x1a\x9b\xf7\
]\x8b\xaf\x8e\x1e\x97\xac\x07Cc\xd6\xf6,Q\xce\x1c\
\x9a\xcc\x8b\xc1Nx\x9b\xd9$SH\x98\xe8!\xc2\x89\
\xd4\x0b\x01\xe7\x99\xe8\x0dQ\x01\x9a\x91\x9b\xbc\x9c@\x10\
\xb3>\x22\xe0\x1a\xa2(\x97\x08 \xdch%F\x9f\x80\
\x1f\xd8fW$%$\x8dgv\xac\x1b\xbad\x10\x9b\
\xefA\x08\x15\x1b\xbbIGYw\xc6p\x90\x83:\xfc\
*N\xbd\x82\x18\x91\x05&W2e\x98\xbfqC\x0e\
t\xc5\xe6\xc0\x22\x1a\xaf\x893\x83o\x11\x12\xe99_\
x\xaf\x89\xb0\xc1Bh\xba\xdaN4\xe54H\xd0\xa8\
\x91\xd2g\xf0\xc1+\xa35%\xa9\xb8rg\xd3\xf0\x90\
hV\xcb(\xf5\xe5x\x848\xd9'\x8cL\xc0\xe6|\
F\xa0\xd0Gi\xaa\xa4\xb3\x9b\x12\x1bVziL^\
zA\xe9`eF\x96\x8dH7\x83\x94\x02\x91\x02\xd1\
\xe2\x834\xb5\xb0\xcbr\x05M>\x22(dd\xd6\x02\
\x87\xfb\xb7\xc4\x86\xca~6s\x07\xf9\xa4\xa9^\xe3\x94\
\x00\xd0\xd2\x90@z\xe2\xd2\x81\xa1\x22\x16$>\xe2E\
i\x94>\xb2\xf7\x09\xdf\x0b'\xf8\xd7\xe8IENC\
\xa3PH\xdd\x9c\xb4\xd1\xe8\x0d.\xd3\x22'\x9f\xc5\xe1\
\x974h\xcbl8\xc8\x14\xde\xb1\xad\x8e\xcf\x5c\xf3\xc7\
\xecA\xcbVV\xa3\xdau\xee\x93\x94\x86) \xe2U\
F\x95\xec\xeeM\xcb\xe7\x05\x08TX|\xcee\x02b\
*Wp\xa6%\xa7{?i\x02\x83U\xcf{\xc8=\
p\xc2\xcf\x85\x88&Q\x89~\x9d\x09\xcc\xd3\xe2\xa2\xb4\
=\x1f\xd3dZ\xeb2b\xeb\xb61\xc8\xf4\xd3\x0c\xa1\
\xa8*+},\x99B\x13\x01d\xd4\xc3\x89\xd7\xe5\x81\
\x9b\xcb\x0c\xc1\xe6\xcf\x16\xb8#\x80\x0e\xd2L\x8a\xcb\xbb\
\xbc\x96\x96!\x17\xc7\xe6\xf3\x92\x89| \xacF\x0a\xa8\
Z\xe0\x89]\xc1\xc8\x01\xca\x8c\x931m\x10X\xb0\x9f\
\xf9\xe4$\xe6\xe5\xa2\xa4\x8d\x22\xf4\x1a\xfev\x05/C\
5\x86\x8cM\x03v\xf4DH\x85\x97\xbbG0IR\
&\xfb\xff+\xc6_\x13\xaa\xa7\xa6\xf1\xbc\x15\xb3\xf0+\
\xa9@\x0c`T\xbe4[Y\x22\xcd%:\xf26J\
r\xed/\x10\x11K\x98STh\x1e\xffgW\x84\xaa\
\xa4v\xc2\xd2\x09\xcb\x12\xe8g\xc0|\x06\xda\x06\x9c\xf5\
\x1e\xdd\x10\x80*\x14\x16!\xd9\xa9\x115\xa4_p\x08\
\xe1H\x94Bs\x87SH8\x19\xbdlN\xee\x9a\xbd\
\xc7S\xcb\x112\x0e\xfaH\xd9\x07\xf1\x90\x9bHx\xd0\
e\xf4\xe0\x9f\xe4\xf8\xd4\x80\xa9M\x90\x06[\xc2xI\
'\xd7(\x81\xc2Z\x93\x9ca\x94q\x13_+\x0d\x87\
_\x8az0\xca\x9ccA\x13\xbdHpw\xa0\x87\xb0\
\x01\x09\xc2\xaae\xff\x16\xcf\xca\x0cHh.)[\xb3\
\x0f\x8f\x94\xc4\xc6\x00`4\x89+a\x03\x8f64Z\
\xc0\x85\xb4\xa4v\x7f\x0e\xd5D\xa19\xcd\x86J\x1f\xef\
\x9d\xe6\x86\x04(Jd\xac\x914\x95:\xaf8\x1a\xa6\
3\xbef\x18\xd3uLP\xa2\xaaFOH\x17\xd8)\
\xbc\x08\xb0(\x10\xc3\x8d\xa2|\xcb\xd7\xa1\xbd\x83\xa0\x81\
;\x86\xb3U\x82\xfbr\xe3Cj\xc4u\xdc\x0c\xcc\x19\
\x0e\xbe\xee\xf9\xb4Mj\xb3\xd9\xbb\x06\x17a*\x84\x0b\
}\xf8\x18-/\xadV)\x9e\x01\x9a\xef\x9f\x13\x9d\x1a\
I1}EQ\xc3*\x14)\xa39\x10\x0b\x11L/\
\x9a\xd3\x881\x8a\xbf\xec\x19\x99\x029\xde\xc8\xcd5\x84\
\xd5'!{4T(\xdd\xc7\x90IC\x1c=8I\
^ \x02\x22%\xdc\xd0\xec`\xe5\x7f\xf7\xf7D0j\
\xb4\xf0\xd21\xc3\x8f\x22\xa0(%\x9a}\x00\x1a\x1b^\
\x00\x14\x9f5\xa7\xc5X:R\x8a\xb1\x9b\x91\xfd\xdc\x05\
A\xefQ\x00j\x9a\x19N\x91\x1d\x1a?\x85\xe5\xc6\x04\
\xc4\xee\xc1Hw@\xa0\xe6\x86g$\xecgI\xc6\x11\
@\xbd!\x82\xa4\xd0L\xdb\x1f\xe3\x5c%\x87]d\x96\
\xe3\x86\x1au\x02\x10\x81\x98\xd1\xeb\x19\x12?d\xb6e\
x\x08\x13n\x86\x8ca\xda\x0c*\xe2\xa1\xfc\xfcC\x98\
\xffI\x12qZ\xc2\xc8\x84\xf3.\xe0\x2238\x97\xa0\
\xa8\xc7k\xfd\xfe\x0d\xd2\xc3\xa2\x1c\xba\x89\x0a\xe4\xce\xc5\
\xdd|\xfb\x13\xcc\x89\x8b\xbeD\x18AL\xa9\xe6\xda\x95\
F}\x17r\x89-\x0e#c\x0b\xf0F\xa3\xf9\x86\x10\
\x1a-\xdd!\xbe\xfe\xc1T\x01\xe9\xd1tc\xca\xb8d\
d\xc9\x01<\x82\x084H\xd1\x023s\xd3h\x82b\
\xa2ew\x0e6B\xb3\xc4Ds\x17\x9c~\x1d\xdb\x82\
\xcd7\x22\x0eE\x02\x05J[\x07\x7f&\x06\x9f'3\
8\xa8uR\x09\xf1\x9ch\x08\x82l\x17\x83D\x06\xcd\
`\xf1\x94s\x84\x18W\x97I\xe9\x1f\xc8[;\xdf\xb5\
U\x14\x91\x04Rh+\xed\xdb\xe8 4\xda\x98k\x13\
\x81\xb1\x9c\x91\xbd\x16\x84\x14k\xe1P\x96\x8a\x06\x84\xd3\
O\x11\xae\x7f$i \xb4\x98D:p+\xed\x8d\x9e\
~nz\x14AN\xf1\x91\x04\xc9qs\xa7t/\xec\
\x91\x10\x12\xf0\xcaD\x96\x0e,3\xa0s\xe8/\x91\xfc\
\xc3n\x06v\xbdgxv\x1d\xdcE\xdd\x01\xb2\x01T\
\xa8\x0a\x94\xb6\xb3\x92\x0f;zN\x83\xb2\x82Y=\xfb\
=\xe5w\x12UJ}\x0f\xe7\xb7U\x82j\xb8\x14H\
\x07\x09A\x9c\xa2\xe9\xfa\x11\x89\x8c\xbf\x94\x97\xe3 O\
\xc4\x14\x5c4\x90\x1f\xd7\x16\xef\xdeKdIfL$\
\x92|\x0a\x7f\xd2`\xee|Bi\x1dQ\x85\xa9\x82\xad\
u\xdf\x09\x14,\x10)\x221\xf54/\x97`%W\
\xc3\xbf7\x0b\x89al\x0e&x\xe3\x07KQ\x1a\x97\
tj\x0e\x8fG31c\xa5\x18\x15\xe4\xe9\x0eLj\
k\xf7\x9640\x88\xb4\x0el\x92\xaf\xc8\xa6\xfb\xd0\x9c\
Q\x90\xf4\xf2\x9d\xd8\x0f_K\x8b\xb0\xbd\x04B\x17\x11\
\xa8+\xdbxZIx\xee\xab\xd9\xe4\x9c\x86\x81\x9bY\
\x95\x81`\xc6\xde1\x09$\xcd\x5c*Q2b3a\
\xfeQ\x9e\xfb\x06\xa5\xd5\xc1\xf6\x8c\xa3\xa1\xe5L\xed\xc7\
\xa7^\x09\xae\x16\xc9f\x18\x92\xe3\xb8\x18/\x9e\x82\x1c\
@j\x8ctP9H\x05\xd9\xc2\xba.z\x10i\xb5\
\x8d\x10F\xb4\xd2 j\x88L\x1d\xe90U\x8c&\xaa\
\x91<,\xf6>\xb46\xc7v]\x06\x083^\xef\xc6\
; 1\xfe/\xd3yEAo\xe9-n\x22(\x10\
M=|\xe4w\xb6\xf6\x16O\xfd-\x05,Eb\x04\
\x98P;X\xe9\x85\xfd\x5c\xb8\x98\xd3\xfa\xb9'F\xf5\
}\x9cS\xc2y\xa8\xd4\xd4\xe8\xb9\x83H(\xc3\xa49\
\x84\x8b\xc2\xff\xdc:\xeeat\xde\xa4@\x04DbT\
\x95\x00\x14\xb3\xea]nc\xcfc\xb5Gvb\x10\xb9\
J\xf0\xac6\x98)\xbe\x97\x02\xc9\x1c\x88\x89\xb0\x11\x09\
\xcf\xbc)\x12\x93E'b\xf7\xbeR\xc8\xeat%'\
\x866\x8e.j6\x18\x01\x92\xca(K\xa6\xb1e(\
\xba#1\x8b\x06BX\x07\xad\xa6\x876H\xb6\xbd\xb3\
\x80\xd9\xfe\xa9QN\xc8Rf\xdf\xb7\x0cW\x05\x22o\
\xacC\x19\x1f.Y\xdf\xe9J\xe2\x7fZR\xc0\x88\xa9\
\x12\x03\x05\xe1N\xee\x19\xb22\x9b\x8c\xf8_\xb5\x94\xa6\
\x08\x1d\x1b\xb5\xf6WL\xb0\x90\xea\x19\x0d\xb280`\
x\xdc#\x8b\x8a\x89\x02T\xbd\xda*u\x88\x96\x12\xe8\
\xca<0*\xd2\x88$yl\xb2F\xee\xc7rD\x03\
7\xac$\xe9\xcf}\x0a\xb9\xef\xaaS\x10B\xb3\x84R\
\x13\xef\x5c\xca\xc1\x5c\x13\xc6\xf8\xba\x115\xfa\xcb\xa5|\
F\xfaN\xfc0\x8a\x901\x93\x81)^\xa3\xfbO,\
\xb7_A\xd12\xfd\xc2\xda\x8b{z\x22[\xcc\xe2c\
\xc2\x06#\xdd\xf6NC[$\xc1kB}\x09\x8dN\
\xf7O\xaa\xa01z\xcc\xf7\xf3\xe4\x1d8z\x88F\x1f\
\xa20\xe9@\xe9\xe2~\xc55\xa2\x16Z\xe9\x88\xd9B\
0\x9b\xc3f\x0bX\xe9\xe0MB\xa3R\x10\xca\xce\x00\
\x16\xa7F\x83\xa0`\xf2\xc3\xf6_\xec\x9f3\xc9\x98\xbc\
\x9e\xcb\x11P\xd2\xcd\x94H\xf5\xcb\xa8\xbc\x0a\xd8\xa6\xf5\
\xba\xea\x0d\x99\x12n\x5cK\x89\xca\x09\xe1\xa7l\x0d\x18\
\xc0t\x16\x22\xb2\x86\x91Y{\xf0q>\x0eI\xe3\x91\
\x22\xcf0\x9e\x82\x1cy\xc3Y\xb5ys\x99O\x1f\x0a\
\xc6\xb7\xd6T\xcb\x89J\xc3\xd4<\xae\xe1=lVB\
\xa8$\xc2\x09\x00\x19\x0c\x03\xcf?\x10\xf1g\x11\x7f|\
\xb6\xb5I1\xd4\xce\x9bH#0\x07\x968T\xa5\xd0\
\x10\xb5\xe3L\xf5\x14H]ED`\x99L3U\x9d\
\x89\xd8$\x8a\xce\xb3a\xa3\x93[\xee\x81h\x8e\x05\xb3\
\x0cV\xa0U\xb3\xc5\xf3\x8f&Z\xae\x96\xafe\xec&\
\x01\x05\xb5t\x923!\xd3\xe2\x8a\x96Y\xb1\xab\xb1e\
#\x93N~\xfc\x1c\xcd\x91\xd9\x08\x89\xd0PWn\x82\
\xb7Z\xcd\xef\xdd7#l\x93\x9aC\x91I\x89\x82\x9b\
j\x19\xb5a\x06X#\xd1(^6\x89\xb8\xd5\xdcR\
\x84\x92u\xa1m=)\xbe\x9f\xa9\xec\xd8\xcc\x09\x8f\xe9\
\x0b\x10\x7f\x0c\xd7v\xb8\x9c\xc2a\x1e\x08\xd59>\xcd\
\xbb\x96\x8a\xe4\xd2D\xdaL\x18\x11\xbffBR\x11\x00\
f\x02\xef<4\x8d\xf5'2(\x1dP:\xb2\xeb\x84\
]\x0fv=QzH)\xc2\xae\xa3u\xbd\x9b\x03\xa5\
\x03\xb4\xb0!\x8d\x94+9\xf2\x1aa\xf6\x8e\xfa\xb9\xf1\
\x0d\x1a\x8fLQg\xac\xc3\xa8wb\xbf\xc6\xcea@\
\x8e\xb4F\x9a\xbf~%\x1d]\xcc\xee\xb5F\xea\x1c'\
\x16R,\x99:\xa4\xa8\x88\x08\xaa1J\x8d'\xcf\x19\
B\xdc\xcd\x0b\x91\x9c\xdf\x97(i\x22\xc9\x10j1\x94\
R\xdb#$\xc0\xf3\xc7\xb0d\xa0\x13@\x9e\xe3\x8b\xa3\
}H\xe5\x9f\x11BO\x91pX\xda\x0cA\xf7\x80Z\
\x8dVJL\xf3C\xdc\xd4\x04\xb2>\xfc\x04w\xa4_\
\xcd\x97?\xc5Z\xdc\xa3\x99kcq1\x93\xa2\x9d \
\x11\xee\xce\xf6\xb4\xe1\xb9J\x839\xa1|\xbc\xbf\xbf\x83\
\xc3\xd9\xd1\x84\xc2$R\xcf\xb6\xa5\x19\xb8b\x08;G\
\x07\xcd;\x11\xf7\x8f%\x12o(\x0f4\x9eK\x092\
\x866\xfdotTn\x16\xbe\x8dX+_\x7f\xcd\xa8\
\xfcdMD\x8c\xad\xeb|\xf2O4\xf5\xcc\x0a\xcf`\
Z\x0d<\xe3P.<\x85\xb1:-\x12$\xa3\x87Z\
\x9b\xb8C\xdal\xb9\xc6\x19\xb0O;<Z\x7f\xd1\xe0\
\x99a\x8e\xec\x929Z\xff\xbd@r\x81\x1cU@\x14\
\x11-\xd2r(D\xa2\xe1\x8d\xc7L\xbdI\xa5\xba\xb7\
BJD@\xf3\xbf@\x079\xf0\xa3\x14\xc9\xf8\xbf\x9b\
\x05\x9d\xb0\x9b\x81}\xefB!3\x01E\xbc\xe0K\x0b\
Hv!\xea,\xf7\x8d^Z\x93\xaa1\xbb\x1a3,\
\xff\xc4\x86\x92\xcc\xd4\x04\xba\xab\xb2\x10\xe5\x92J\x06I\
p\x12.h\xdf}\xe6\xcc\xbf\xf0\xc6\xc1\xc7 \x91\x04\
\x8d\x08\xe7\x96X\x1c\x17\xaa2\xb4\x03\x93\xae\xc2\x12i\
\xcf'\x89\x0c\x00\x0a\xd3\x901J\x864\x01\x08\xad\xba\
i\x91\xb8\x8d\x890 LHi\x84@Q\x1d\x92\xe6\
\x0d\x1c\xf87fb#hk\xaf\x16\x11(\xef\x0b\xd2\
4;\xcd\x85\xa0F\xde\x8c;\xdd\xdcVe*\x84\x9c\
\xbd\xd5\xd8,t.\x1b\x12\xa0\x88'i\xd1(\xa0\x05\
F\xe5hB0\xf4G\x9c\x174\x1fu\x13\x92\xcbF\
\xe7\xafq{R|\x22a\x915oX\xe0\xa8D9\
\xfe\xe7lr\xc14\x13\x12[\xa7Z\x04\xe8\xf3\x16|\
(L5k\xb8!\x98 `s\x0c\x05\x09\xe1\xe2A\
\x05u\xcf\xbe\x19\x04\x9a\x19\x0apF\x8ff\x8a\xe1u\
\x89\xae\xd3\xb1\x0f\xa1\xbb\xbci\xa3\xf96Z\xdaTY\
X\x9f\xa4\xdb$6\xdd\x8b\x16\x8bA\xa4h\xb3\xa8\xd0\
\x0a\xa6\x93\x94/M\xb1\x05:\xb0x\x8a&\xe0$ \
\x9f/\xb89*H\xb9\xd2$/\xd2\xd1\x98b(4\
~\xa0(\x22\xb2\xfb\x12\xceK\xab\xf7o>\x82\x890\
\x88\xf1\xdf\xa6^\x10\x14\xd1\x00\xd6\xbe\x03g=t6\
\xf7a\xb0\xa5\x0f\xbeq\x01$\xb4\xc8MC\x93s.\
\xcd\x1a\xbd0#\xee\xe3\x7f\xa1\xc7\x03\x85\x02pOu\
\xe2;/\xd7K\xae\xc1\xb8x\xc4H\xac\x88w\x8dg\
\x89\xf0&\x9a\xf6\x89\xe7\x19\xc7\x7f\xa5\xbc\xcf\xba\xe9T\
\x05m\xdd2\x1b\x1bN@\xc5\x1f\xcfw\x85\xda\xa6H\
\xd37h\xa2%\xe3U}\x0d$t2\xdc\x11\x18]\
\x821\x86\xe02\xd8m\x19\xec\x06\xad\x95t\xa7\xf9\x13\
/\xae\xe1\x5cJh\xe2\x0e\xa8\xb6\xd4@\x83\xfdn\xd2\
I:\xad\xe3\xe5\x8c\x89J\xfcto\xa3\xae\xe9\xb6\xd3\
\xd0\x0c\x9ay\xe8\x8c\x90\x9f\x85\xc6\x92Q\xb11s\xf6\
\x88\x94[!\xe4'\xeb&)\xd7<\x89(\xe9>\x9e\
W[SI`4\xdb\x82%Z8\xb8}#\x81 \
\xdcG\xd6\xaa\xa2\xe2\x1f\x1a\xb5\xb4;O\xdc\x87:\xd1\
-\x8a\xd4\x1dM\x15\x03\xa2\xd3\xde\xf6\xf0r\xd8\xb8\xb3\
\xa43\xd8\xa5\x88\xef\x1b\x1b\xac\xca\xec\xf4\xe0wi\x02\
3\x055\xc3\xaa\x11 B\xdc\x08\x82\xce\xc6{\xb9\x1e\
\x89E$\xa0\xbb\x8a\x88\xc7\xe3\xc2\xf3\x9f\x0b\xe8\xf5\xf7\
\x92\x84\x87\xd1\x86\xf7k\x17:\x84W@\x8ax\xa3\x91\
\xcc\xe4\xf3^~\x1e\x06\x14\x8b\xfc\xfe\xd6\xe4\xc3\x8f\xe9\
a\xa5\x03K\x0f\x94\x9e\xe8z\xb0\x9b\x01eN\xf63\
@;Z\xe9a}\xef\x91\x80\x22\x84F\xbd\x00\x0a \
b\x1d\xfd\xc9\x9d\xc9\xd4\xadL\xdf\xbcT\xe2\x09\xdf\x91\
\x98\xacq\xb5+\x1a\xb7{\xd3\x1e\x8b\xf4[\x8c\xea\x19\
T\x9f@\xde\x06l\xb7D\x92\xb6\xb5\x02\xf8\x9c\xf5\xd8\
\x95(=f&\xb4\x85\xac\x06`\xd5\xa4\x94n\xc4q\
\xb9\x97\xce\xa0\x02P\xbc\xed\x98\xa2\xb9\x05\x98\xc9\x9dH\
\x04\xe9\x02\x881x\x09\x93\xbdwoT\x1e\x9b\xb1l\
\x19\x191\xedy\xb7\x97=7\x87\x91\x9c\x93A?\x84\
)\xc0\xf4U8O0\xfdY\xe11\xca\x18\xab\xba\x9a\
\x0ey\x0eN\xe3c\xe9\xf7S\x11XHW\xc9d\x1a\
\xe7`c\xab@\x854i\x07\xb7\xf7\x22\xd1\xc7&#\
\xbfc{\xd2\x9eah^O\xf4\x09\x93\x19\x91(\x95\
\xce\x023\xaf\x5c/\xc1\xec\x93\x8a\xb8&\xab\xf2\x9ac\
\x8ehF^0F\xc1\x00F\x94NR\xe5\xc0\x1f\xbe\
\xc54r\xfdB\x8dD\x98\xc0\x8fk\xd3\xa6[\x04\x22\
\xbc.~h\x13=\xce\x8c\xed\xfa\xcd'\xd5\xe0\x84\xf7\
\xdef\xf3\x1da\x22\xf4,\xd0H\xb8\xaaB\xba\x8a'\
\x8f99j\xcc\x83\x13h\xeb\x0c\xe4\xa4\xa5Ie\xa1\
a\xda;7t\xe1\x87\xf9\xe2\xa6_\x81\xf0=\x92\xcc\
\x0d\x98\xb4\xbbw\xf4\xa0\x8c\x86 \x10-\x8c|\x7f\xc2\
\x13\x7f<\xc4\xe7\x82@\xd8\xf7\xc2\xd2\x83}\x07\xcc:\
\xda\xaa\x17\xcc\x0aPTB\xe0\x04\xa3w\xf0\xc0 B\
\xfb\x22\xe5mpop9\xe2\xed\x1ae\x05\xaeW\x11\
\xa9\xb1D\x16\xbe\xad\x12\x92\x1b\x89e%\x82\xec@z\
\xd2\x04Y\x94/MK\x01\x06\xb1\xe0<U\x13\x89\x80\
\x82\xd3P\xd6\xc8\xd3c\xa4\x8e\xed]\x17:\x05\x06Q\
\xa4\x89\xe5\xf6\xfa\xa8\x84Z\x98P\x9a\xa31\xbc\x17D\
rw\xe2\xf7d;\x91\x11\xd5\xa6.K\xee\x96$\x10\
\xa4V1#\x8b\xc8\x94RS\xda\x04\xd0\x8b\xb7oP\
\xdd\xda\xc6C\xe0cc#\xa1 \xed^\x07L10\
\x94m\xf4Q\x9a\xf1\x12\x02\x17\x08\x92\xa4!+\xab\xd3\
\xef\xd2\xde7\x885\xa1\xbb\xf8m\xc2F\x19A\x9a4\
\xdc>\xc6c\xc3\xbb\x91y\x06m\xfb\xf3\xb7x\xc7\xe8\
w\x0a\xc0\x22\xf3Q\x01\x81*\x99\x02\x02\xa3\xe4Ll\
\xc2\xe6Kw\xa9\xecn\x8d\xd16\x9a\x92a\xb0\xa2\xb4\
\xb0E0\xb9_7ALZ\xabm>\x8f\xf7y@\
\xd8%\xc6\xd0V\xb9\xef\x86\xf41\x85\xbd\xc0\xb6\xf9h\
\xe0\xabe\xfc\x05g\xc3Z\x92\x8a\xa9\xd4\xec\x0a\xec=\
\xfbS\xb9\xf9$\xe0f\x00ST\xc6a\xf0!\x08Z\
\x1f?\x00\x90\xc2\x84}\xa2\x0a\x0b\xffv@\xfe\x06\x97\
=\x0cXh\xc9\xfc\xa5\x07K\x9f\x9e\x7f\xb3\xd2\xa9\x94\
\x9e(*\xd2\xab\xe8\xacG](\xd8{5 J\x17\
\x92SM\x91\xc5@\xa3\xecM\xa1\x8c\xb4\x96\x82\x9b\x13\
\xdd\xb5\xcd\xc8\xdd\x9bd]\xb4L\xa0\x94\xfa\x8d\xc1\x83\
\xdb\x22\xd3K\x1bm:\x19D\xee5\xd2\xd4\x88\x0c3\
J\x02D2\xba\x81\x85\x82l\x1e`\xc9\xcb\x85\x80\x90\
\xe4~D\xb33\x99PQ\xda\xb3`r{\xecj\xd0\
\xba\xab\xbe\x22i\xac\xfb\xbaH\x88\x0a0\xba\x1c1:\
\xfb\x22\xecd\x17\x86\xa3\x1f\x82l\xa2\x03\xe9\x8ace\
C\x16p\xea\xf0\xfb\x8f\x94\x0axyNS}q\xfd\
D7\xe1\x8fp\x0a\xcbU\xcd\x0dkJ'\x16[2\
\x9f\xc4w#\xf5\x5c\x1e\x9bd\xe8\x8b\xeb\x0fS\xfc\xb9\
\x841\xef\xd0K\xd4\x9dY\xda\x83;\xdb5<\x95\x8c\
\x9d\xca\xd3\x97Z%\xab;\xa3\x02\xd3o\xca\xc4>)\
oC\xcb\xe6\xf0\xc3Q\xa2\xa0eVf\x96l\xbe_\
\x86\xce\x02O\x94\x14\x1f\x99\xd1\xe8\xb4\xa8\xd4T\x0f\xb1\
'\x0e\x1dTJ(\xe9\x94*y}_\xbc\x90\x88\x91\
\x17\x10\x0a\xddS\x98}q\xc3\xc3\xcf\xf1\x5c\x09\x11\xa6\
\xe1\xc7@\x9c\xab\x1cC\xe4\x91D\x9baA\xc7\xcc\x09\
\xef\x83\xc7\x8b\x84\xf6\x97\xf4\xd4\xbbY\xdc\xb9\xf3\xc8C\
\x80\xa4\x16\xa2\x14A)\xe2}\xfe\xc2\x04\xd0\x8e\x11\x01\
\x10\x94\x8e\x8e\x06\x0aQJ8\xfd\x10\xfe\x83Bx\xe7\
`@\xc4\xba|\xf2\xe9\xaah\xb2]pt\x03\xfd\x8d\
mD\xd5[\x14\xbb\x04\x0d\x9bJ\xfd\xfd5<3\x13\
\x82C`*\xc9\x10\x9d\x84\xd3\x0b\xa9\xac$`\xae\xa4\
u\x9d\xb6u\xa21P\xbc\xe5\xba\xa6V:A3\x91\
F#\x99\xff\x0f\x9aH\x19\xc7\x89#\xdb\x97K\x8a\x10\
!\x04\xd4\x80\xd4\x0e\x1c<\xc9\xdeF\x84\xe3D\x1c-\
\xbe\x9b\xe2\x9f\xd2\x9a\xeb\xed\xac\x8b\x9eb\x1fD\xc8\x8a\
\xaa\x1a\x15\xc1Hs\x82\xa9\xe1K\xc3\x17\x12\x1dT\x5c\
\x00\xd25U\xdc$\xe0\x09C\xc9\xb5\xe4\xfe\x0852\
Y4Ts|A\xc6hn\xf7\xa9\xa1%`\xf9\xfb\
\xd1\xb3\x19\x02*\xa5<\x98\xf0\xbb\x89 \x9aQ\x05\x0b\
\xba\x98\xb7\xc4T\xe2\xe9\x97\xc1\xb2#\xa2q-\x0ep\
l\xc3\x9e\xd7u\xb9\xecYv)\xc3F]\x90\x8eH\
4\xb9\x87\x09m\xc0C~\x84\x94\xccM\x0b\xd3) \
\x01\x84\xaed\x03q\xc1\x9f5\x8aX\x10\x9e\x1dj\x10\
\x92\xbb\xc1R7\xc4mG\x85\xd5\xbeK\xcc\xc4\xdc\xe3\
D\x94\xcc\xe7O\x1bc\x12uH\xb9\xec\x95;\xbe*\
*a\x97d\xa6PqS\xd1q=\x01\x8b\xd6\xd7\x92\
\xbe\x02\xf1\x8aW\xf1$\x8b\xe2-\xbf\xa9\x05\xe8\xbc\xdd\
7K\x07\xe9\xba\xe8|<\x03J/\x88\x1e\x00\x9e\x02\
\x5c\xc0N#sX\xd0\x22\x05\x8e\x01\xb5\x03\xad8\xe1\
0\x09\xc0\x12\xd6zk\xe1\x11\x22\xe6\xeb'5\xc2\xf9\
\x0aYo\x16QpO\x16\xb0)=\xb8\x5c\x0d\xe6p\
\xc6S\xc4\xfc@\x09\xe7\x8d\xdb\xb0\xa9\x91%\x1c\xb4H\
c$\xa7\x81Z\x85H\xe4\x95\xd3D\xa1\xadf\xbaQ\
\xd1h\x12\xc3q\xb1\xdbZ\xc2\x0c!\xa6\xd2r\x0fC\
\x88m\x07\x7fq6\xcc1m\x98F\xc91q*0\
1\xedi\xf4^\xa3\x0c72\x5c\x8c\xe5[\x83\xf4y\
\xc5\x92\xeb\x17o\x15\x0dN\xd2\xfbFP`\xeaz(\
eK\x22\x90)@C\xdc?\x1b\xa1\xf8Z\x02\xee\x81\
e\x8a\xf1f\xa6X\xa2\xd5f\xe2\xb8b\xf3\xe5\xcfJ\
\x87\x16\xb3\x08Nw\x13\x80\xe9\x22p\xc9\xd1\xf0\x9d\xa6\
\xd9\xcb&\xb0F\xb6a*^\x17\xadi\x9b\xbb\xb3@\
\xdb^\xfb11\xd9>\xf9N\xd2\xd6rW\xa5o[\
\xa8\x96x/\x01\xc4r\x0a,N\xc0\x94,\x94q\x17\
R\x03f\xde\xc2+\x975[\xa1`*\xd8dl\xf3\
\x95O!)\x09\xb4\xa9y\x7f\xf4\xbc\xb1F^B\xac\
xd\xc6\xa5\xed\x8bD\x0dH\xeerA!\xe1\xbdI\
yC\x89VWD\x09\xd9\xa2\x92\x19\x7f\xde\xad\xa6\xc1\
\x7fw\x02j!\xa5\xc0\xbc\xe9\x07L\x0b\xa8^\x0c\x84\
R\x88\xae\x07f[\xe0|\xc12S\xe9z\xc5\xd0\x01\
>\x1f@Ba\x17\xa0\xd6^!jL5\x8cD\xff\
#\xf4\x1fwu\x04\x98\x10\x89t\xc1\xe9\xf2\xe5\x1b\xfb\
*\x8a\x90\x9a};\x82X<\x14\xd6r\x01\xe8i\xc0\
l\xe2_\x22V \x12\xae/\xe7\xb4\xb6n\xbe\x86\x02\
\xf3\x09\x8b\xc8f\x16%\xb3\xba\xe3\x11CVc\xd2\xad\
h$ \x00\x01v\xd8\x82I@\x14\xc7\xb8\xce\x91\x10\
\xd6\xa1.\x1bY#]\xe7p%,m\xa9|\x18j\
sh!GE\xc4~\xbb\xa0\xf0\xd3\xa3\x18\x03\x14\x9f\
V\xccH\x7fK\xde\xce\xc1\x05\x92\x9c$i\x12\x0b\x04\
\x99\xbeL\xcd\x82\x9ddp!@\x0b\xd7\x14\xc8f\xd9\
\xc5sy\x9bv\x7fi0<\xf9\xd2^-\x98\xafa\
<\x90\x99?\x87\x80\x13A\xb41P\xd2\x9f]D<\
\x5c\x1b\xc7%\xef&\x99\x84m\x00\x01kc^\xef:\
\xc3\xf8\x83\xa4\x22ET\x9a\xc6\xe6\xd1\xbb\xb48\x7f\xc7\
\xb5\x18\xc2oR\x93!\xed\x85\xe3A=\xa9\x16\x8a\x11\
*f\xcd\x04\x12`\xb5\xf5u\xf4\xe5(!\xb1G\xf3\
\x87\xb5\x8dC\x98,i\xe4\x89K&\xb4[G\x98'\
\xf33R\xeb\xa7Y!\xc2\xac\xee\xf3\xda}q/\xbf\
\x16\x8f\xfbc\x1a\xd6\x8bA\x1e\xa2\x99\xed\xc7\x16\x01\xc8\
d\x9e\xe2\x15\x7f\x9e\xdcS`\xda\x83\xa5w\xcf\x7f\xe9\
\xe3\xb89\xd1\xf7\x90N\xe8\x0e\xc2Q&y8Q \
R\xd8!;{\x84\xc1\x1dF\xed\xc4\xe5\x15\x90GR\
\xc5!\xbd\xdf\xb1^I\xd0p\x07\x80\x8e\xe5\x8a\xde-\
;,\xebXR/\xebu\xd0a\xe9\x88\x91P\xb9I\
 -\xfd#\x7f\xc2\xe5\x0eET\x881z\xaa\xa76\
!\x02\x80!3\x0c\xe8\x03\x1c\xada\xdb\xd0\xb2\x81\xe5\
&\xd6\x09\x13\xea\xbb\xa7&\xf11SJ8\xad)\x9b\
=\xcd\xf1\x10_R\xdf\xdf\xf4\x10\xc1*3\xb4\xdc@\
-Q\x91F\x92\x8c\xcf\x12\xf2&R\xac\x89\x96;\x1f\
\xce<\xf7y\xc9x--\x8a\xecr\xe4\xe6\xb3G-\
\x228\x83\xecu\xd8\xb0Z\xe2\xfb\x80cL\xa4$!\
\xab'\xe0\x9f\x8d\x13\x01\xd0`&n\x16\xc5\xedca\
S\xa9\xa5\x8f\x9cS\x10\x8f\xc6]\xe9\xd2O]*\xcc\
\xae\xae\xce\xb4BfB\xb5\x8e\x1ab*\x92\x823\x91\
\x16\x16\x1c\xc9\xf8\x93\xb7\xec\x84\x88\xa73\x94g\xc4n\
\xdd\x0e\xd5\x13\x12\xce\x1dK\xa1\xb8b\xc9\x22\x132\xd1\
\x00E\xbc?\x9c\xa3\x9c\x1c\xea\x11^\xd6\x08\x15\x86\x06\
q_\xa9h\x13\x122e\xe4\x89\xf0H\x93\xcfM\x85\
p\xecy<_\xdc\x1au\xf3\x06`\xc4\xf0=\xcd\x17\
\xa2Q4\xe7\xda\x1f\xd2y\x92\x8fj8\xfe\x8a\xf7\xfb\
\xeb:X\xdf{\xab\xf50\x05\xac\x07t\xd6\x8b\x16p\
\xe8\x14\xd2\x852C8\x02\xe1\xa0Z\xb3\x04,\xb0\x1a\
\xa4\xb5\x88\xd1Q\xe73\xddy\xcdx\x0c\xe1\x99\x22 \
\x05Hl\x023\x9d\xca\x9b\xa6\x82\xa3\x07\x19\x92\x1c\x98\
\xa7\xa6\xd3,8*\xebb\xc2\x91\x96r\xdd\x7f\x09\xf4\
5\x82\xeb`\x1e\xa3W\xd9\x18\x02\xc0\xa2\xf8\xf8q&\
\xe1\x84\xd8\xcf\xf0}\x93kH\x8c\x0a\xa4\xe4o!\x03\
\x10>k\x8e\xc6\x18\xeb<\x9a\x10\x88\x98^\x22\xc2\x0c\
6\x8c\xbc\x97\xaa,1QfX\x04\x87b\xf4\xea\xa6\
.\x14d~\x92\x94 \xccfEecD#\xdb<\
\xc3P\xd9*\xe2\xf6}d\xd6\x8d\xa1\xa5\xf6\xda\xc1\xf3\
i\xce4\x9e\xf0\x07j\x86{\xe3\x05\x92\x91\xac\x12B\
\xdf\xd2\x1c!\xf2\xfb\xec\x19!a\x22Q$\x86\xbe\x8e\
\xd9\x89M?\xbb\x1b3\xb66hH&\x04\xe6\x8b\x12\
\xf0k\x14\x1ea\x0a\xa6\x98\x12D\xba\xb1\x041x\x8e\
}\x13\xc5q22\xc0\xcap\xa2:4\xd7\xf4\xbd@\
\x08\x15JQx\x0bRA\x16\x031\x1du\x9a\x02S\
\xe0#\x9e\xbd\xe5Vex\xfeD\xe8\x81ui^\x10\
7S5Jn\xa3hG\x8b\xc7\xbdS\xa3\x8b\x84V\
WXHC\x16\xa5\xa9\x8a\x95\x02\x14a&\xf6P\x0b\
M\x8b\xb0\x14af\xef\xa9\x80RH\x89\xf2\xdf\xa2\x88\
v\xdf\x02QaV\x00\x96^\xbaE\x87~\x0e\xe9#\
a0\xf9\xaf\x09\x14@:\x03\x96l\xeb\x16\x9a\xc09\
9B\xb7~|l\x91b\xb4\x86\x82\xaa\xd8\xb4\x9c\xdb\
\xa5^\xa1\x97Z\xc6Y5%C\xd6\xee8\x9dH^\
X\x5c\xe0\x10&f\xd6\xdc\xd9S\xf2\x99L\x01\x1d)\
\x1f^\xf3\xee\x06\xc7\x09M/\x96\xf84\xde+\xf2\xe5\
\x83{=\xfc\xe4\xf0\x99\x8d\xf9\xbc\xffAH\xeax\xb7\
\xa6\xf8sy\xc2\x04\xd1<\x87Yj\x0a\xd0\x5c\x08\xe5\
\x09\x09(<\x17\x96i\xd7 \xb5\xac\xcb\x0e\xa5d\x17\
2z\x8c\x8c0T$\x0ce;%e\xae\xa4#\xb5\
\xa6C\x91\x8d\xe9D$\xfa\xef\xa5\xef\xc0\x1a\xc3&S\
5\xc4\x93\x8e\x0a4\xf0\x8e\x22\x0a\xab\xdeJ$'9\
\xa5\x82lQ\x8c\xb4R4s\xe2\xfdw\x067\xb8y\
b#kO\x956=6 \x93\x5c[\xa2\x89Ii\
\xbc\x1f\x7f\xb0\x067]\x10I\xbcL\xaa\x91\xfc\xdf\xa6\
q\x93\x12r\xe4.2\xcc\x97\xab\xa7MF7\xd2s\
zB\xe2{IRoA\x84\x9cwAO\xceI\xa4\
*M\xf5\xf9\xab\x97\xb0\xed)YX\x84\xa4\xe5\x08~\
e\xc4@<)\xc8\x85)!n\x12\x88\xa3\x1e\xef\xea\
\xdby\x06\x9b\xf7\x08 JV\x08v@\xa7\xe2\xd1\x81\
H\x0c\xea\x0a\xc2\xf1\x97\x8e@P+uk\x06\xe9|\
(\x90\xcd\x00,\xbd\x0bP\xd2\xb1j\x7f\xa4\xb5\xdaq\
hr\x8ax\xae}\xd8\xb6\xde9F56\xc1\xa1\x8c\
\x1b\xf0\xd2T\x93@B\x89\xc1\xcd\xae\x90\x0d\xb1\x1fI\
An\x0c\xba\x06q\x01\xea\xf0*\xb6/\xe44\x14\x92\
\x016\xb3\x13\x8d$'\xcf\x90\x08\x04\xde\xec\xd3\xa5w\
\xf3pI\xe2N\xdf\x9c\xe6]jO\xd6\x04P\xd3\x1c\
\x1e\x90jGX\xec6Z\xa8\x17\xe2u(\xc1lN\
<\x89\x87\xd2\x114z\xf9\xd2K\x14\x8c\xd5\x84U\xda\
\xb3\x00\xc7\xa6?\xc1\xb8\x99\x03\x81x\xc5f`\x04T\
KB\x8an4\xe1\xf4\xf3m\xb3DK\xb1.\x0d\xa3\
4\xc9\x112\x22\x9e3\xe2o\xcd\xf7\x92\xa7x\xcf\x03\
\x7f\xc8\x22\xb9@L8\x91i}\x89\xeb\xd2\xf2%\x9a\
\xa6@\x03h\xc1L\x81\x1f8A\x8cH\x7f3\xf3\xe6\
\xcd\xd0\x98\x00CI;#1\x81?V\xf3\x114\xd4\
\x14\xde\xf2\x10\xa0\x0d\xbc\x05\xfd\xd1\x1991WI\xcd\
\x17\x12F\x12x:\x1bk\x18\x81M\xf4\x86\xa6dT\
:\x96hC\x97\x007\x90\x0f\xb4\xd1G>6\x81\x02\
\x19\xa7\xf1 \x1a\x9b\x08$j\xf9K\x84\xe4<./\
^\xc5'\x84\x16\x11\xed\x84-+\xd0Cy\x94.l\
y\xf7\xfc\xa3\xeb\x04\xfd\x0c\xec\xe6\xd1\xf3o.\xec\xe7\
`?\x13F\xe6_\xb7\xb3\xf0\xc1\xc03\x81\xf6\x00_\
\xbe\x0ats\x0f\x0f\xd2\xa0\x9d\x5c\xe98lV\x8dw\
D0l\xd6\x84\xf8\x08\x87\x8e@)}f\x86\xf9\x02\
\xb7\xf2\x80\xd1n\x0e\xb2e\xae\x9e\x84\xed\xca\xa4\xc0\x89\
\x0dj0\xefb\xc3\x1c\xb7\x8d\x14\xe8\x91ug\xa1p\
Z\xf7\x95\x14\x12a\x7f0\xba\xcd\x84\x98F\x06\xca\x82\
 R6\x8c\x0f\x1cF@\x02\xf4\xa0;7\x1a\x05Q\
\xfa\xe6\xed\xe8\x95\xe2\x0d\x93\xa55qd\xc0P\xcb\xc0\
\x11\x92a\xc3\x11\x18\x11/6\x077B\x8d5\xa6G\
J\xc1\xe4\x226\xf0\xe3\xb0\xd7\x1a\xa35\xd2\x84\x8fS\
jR$\xac\x01o\xd3*\xde*,}!\x00D\xa5\
 \x8d\x8e\xe6\xeen\xb7\xf5\xd7D\xaeF\x82\x8f\xc0\x1b\
\xcc=\x0a\xf5'`\xcc\xff\xf0||\x90\xd2\xda\x83\xfa\
c7X\xe8\x8ffQ\xef\x8e\xa4\xfe&h#\x93\x8d\
\x91\xd1\x80P\xe3\xde\x11\xcb\xb2\xc3\xf3H\x81\x13$\x9a\
\xea\x99\xcd\x8f\x93\x024\x05\x97\xa4[.Y:0\x19\
\xc3i\x18K!\x01\x0e\x12\x01a\x04tq\x94\x975\
{\xa1\xc18U*Y\xdc$\x9f\xabU\xfc\x01M@\
5\xb3\xc21L\x94\xab\xd2\xab\xe0$\x05\x0eS\x15\x0a\
\x1c\xfa\xbbpiB\x88\xaap\xcc%4\x85\xb7\x04\xf3\
\x90\xe0\xc8\x1c\xa2@Q\xa1vd\xe9`\xaa\x92&\x00\
\xcb\xc4wP\x14\x98\xcde~n\x17= \xc3LP\
\x0a\x80\x83=`\xbe#P5\xd4\x0a.\x8f?\xa3\xf3\
Y\xf7B\xe4\xf1\x89\x00X.\x97\xbe\xadQ\xe15_\
,|\xe8\xa4\xab?%2\xc9-\x9dfH\xdaN5\
?\xd1E\xbe\xc4A\xd0I\xa0b\xd1_.\x05\x0b\x82\
\x02b\xdaj\xdb\xe44\xad$P\xa37\x9a @\x8a\
U\x13#iF!3\x1eN\xd7``j\xe8(\xc4\
\xb1f\x22X\xc0\xe3\x08\x8f3\xc0N\xec\xb0\xb9]\x1b\
/\xe9f\x03\x9b\x01\x1c\xbe\xc6\xe8\x11\x08\x18\x0d\xb5\xd6\
\xb8\x82\xab\xf5\x10,\xb0\xca\x94\x15\x90|q\x00d\xe5\
(\xaa\x90\xdd\x869\x82\xf0\xf8\x9c\xa6\xaf\xa5\x1b*\xc0\
vV\xde\xf9\xb9I\xe6\xc8\xb6@fud\xa7P\xbb\
\xe6\xb6I\xa2\x02\xe6\xeeD\xaar\xa6\xbfD\x1d\x95W\
`g\xd7\xf2\xa0p\x8e\x896\x16\x86:C;\xba>\
\x08wK\xe6\xf8z\xea\xb1\x08\xa2\xd1\xbc@\xa6\x02?\
\xa3\x19cV \xc9\x13\xf9@\xac\xe9J\x16\xd1\x89#\
2\xd7\xb7I\xd1\x90\xed\xf9\x89\x81\x0ej\x8a\x0fI\x0e\
k\xde\x85\x13R\x04\x12M\x5c\x9a\xccq\x88\x1e\x5c\xee\
\x0e1\x110\x80\x16}\xb3\xc3_\xd1\x1c\x80\xae\x9br\
\x98g2/\x82\x14\xc5\x1b~\x98\xc3\xfb\x0c\xf1\xc1'\
\xdd\x04\xb4W\x05\x8b\x8a\x896\x1f\x81\xff\xdby\xdd\x7f\
\xd1\xf4\xf8\xd3C~\x9e\x00d\xa5\x87u\x1d\xd8\xf7d\
\xe9\xc0\xae\xa3\xa1C9\xb5\xcd\xf9\xd99Q\x01\xed\x15\
\xb8\xb5D}y\x0f\xd8\x9e\x03T`}\x049:\xb8\
\xae\x9d\xf2\x17m\xd8\xb8\xebC\x0b\x96\xc7\xc7\x1a\xadx\
8l*f\x8b-\xd7\x80\x92\xb0q\x94d\x9c(\xf9\
Fq\x12T;\xfe\xb4\x06\x0f\xa1\xdfBM\x05\xa4\xe4\
\xd8\x10+\xae\xd0\xa0\xb9_\xca&\xa7\x86\xa0H\x8a\x92\
p9\x121\xf7\x9b\x9fE\xe4N9\x91\xcbI:\xca\
\xb0`tO\xe4\xf7\xd1\xc1\x093\x11\x9c\x0eN\x85\xfc\
\x84\xfc\x9a\xfb9\xc8S\x22s\x08-\x0a\x10\xcdp\xe2\
ZY]\xc9(T\xf3a\xa2\x96\x95p\xf1_\xe8V\
f\x9bk\xaf\x8alYL\xed\xee\xd3\xd0\x97?\xa3\xb3\
\xa9\x99\x81\xd984\xceo\x5c\xe9\x8c\x8b\x10)\xe1,\
M\xa4\x95\xf2%\x84I\xa8k\x89\xec\xa64/H:\
:SG\x06\x10\x01\xcch\x19\xa7%\xc4*\xc3\x0b\xe0\
w\xb5\xac\xc7o\xf3\xb0&2\xae\xb9\x9dS\xc0j&\
\xfa\x03\x88\x99wm+\x9b\xe4HP\x86\x90>\xa1U\
B#\x85\xeeq\xde\xd2&*R\xa6\xa4\xa9\xe0\x97\xd3\
\x86\xb8\x1aAC\xd8*V\xdc\x86\x8fc4\xa7\xc1\xa0\
\x851<[\x90\x9e\x98#\x02U(J\x0b\x03\x22L\
\x06d\xe7\x9d\x1c\xee\x19a=\x1f\xd2\x11\x90\xde\xe7\xfa\
y6l\xe9D\xb4\x13h\xe7\x8c\xee\xc5>D\x99\x13\
\xa5\x07{/\xfaA\xdf\x0b\xfa9\xd8\xcf\xc1\x99\xff\x8b\
~\x0eY,\x84\x06,\xee=\x83n\xe6S\xabm\x0e\
\xf0\xda\x8b\xb0k\xb7\x80\xd9\x9c(\x1dpt\x13\xdd\xa9\
S\x1f\xd2\x83\x83\xc3+V\xbd\xa1\x84v\x05\xcb\xe3#\
\xba\x19@\x18\x07\xcc\xe7\x0b\xf4\xb3^l\x18bo\xcd\
5u\xf8]\x91\xc45b\x01DRE\x12\x5c\xe0\xe0\
\xd8\xceh\x1c'!\x91\xd1\x8c-4\xcf.Bk\xb5\
\x96\x83\xae\xdb\xd9\xf6\xaay\xb8 `\xcd\x98|\xc6x\
D\xd2\x16\x93\xcc\xf7\x0e-c&fU\x04\x22\x95\xce\
\x842E(\xfe\xd0\xc2\x08\x06\x22r\xeb\x91\x9d\xa1\xc9\
\xe8{\x07\x84\xf8\x0b\x8a\x83X\xa0\x13\xe7\xe1\x16\x83\x17\
\x9a_\xcf`\x92\x1a<\x14#X\x99\xeej\x09\x85\x9c\
\x12\xab\xe94\x8e=`\x1b8\xce\x1ax6\xe64d\
\x05\x9a\x05x\x10\xf1*\x82Q\xb5\x05-K\xdb6\x10\
\x1e\xcbO\xcc\xecz\xd1\xa2\x03\x80 \x11\xb2\x03d\x11\
\xd1\x82\xd6\xf0)\xde[\xc41q^\x9aFA3\xab\
\x03e\x08\x12\x83g\xcc\xb9\xada(\x10\xb1\x90\xd6\xc9\
\xf0\x1ce\x01\xc7c]\xbb#\x22$L8\x0e\x09m\
\xe0\xfe\x8aQ\x80\xb7\xa1'$E,\x08\xcc=Q\xa9\
\xc5!\x88\xc6X\x948\x06h\xf7\xf1%\xa4D\xe5\x89\
P\x04\x16\x1a\xdc4\x1bw\x16zg\x1eqD\x11\x0e\
\xbb\xc8\xd4\x13d9o\xc9\x9c\xfe(\xdf\x15\xf5\xee<\
\xc5[y\x99\x14\xb0\x14\xb2(\xach\x0c\xf7\x8c$\x9f\
\xa2\x82\xec\xe8SzZ\xe9\xc9.\x8b\x80\xdc'\xc0\xae\
\x03\x8a\x92U\xb0\xf3\xd0%\x11\xf8\xf8C\xdd\x01\x86\x0f\
\x7f\xca3\x00\xbbB\x08\x05\xfb\xd7\xb1\xba\xf2\xdc\xfb\xf4\
\xae\xbb\xce~\x9c6<_A-\xa5p\xbd^\xe1x\
y,*Ej\xad\xa0\x08\xb6O\x9dF\x1d6#0\
u\xd5\x8c\x84T\xb9WY\xd3\xefZ\xddBrG]\
\xbf\x13\xad\xc7\x97\x84^\xe9\x93\xda^\x11B%6?\
\x1d\x91\xd2\x88\xc1w*\xe0\xbeG\x1e\xf2\xfa\xa1\xfd$\
phX\xfe\xc6\x06\x899\x86\xa5\xda\xc3\xb2\xb8[[\
H\x83M\x9a\x8c\x10\x00\xc2\x14\xb1`.\xd2\x1a\xf4v\
\x01\x98\x04J\x98U!\xcd\xfd\xc2q\xdfd\xca\xec9\
\x18\xae\x93L\xf2\xc9z\x9d\xf1\xc7\x18\x1dy|]\xad\
V\xcf\x91pe\x1d\xda7\x18(\x87s\xc6\xe4\x0e\x9a\
1\xcc\x9cXCG7>t\x03`\xb4\x04\xa3\xd1\xbd\
\xfb\xf1\xb7\xe8\xb3\xd8\xb4\xb54\xa0E\x18+Y-\x9a\
\xbe\xc2\x01V5\xd4\xe8<\x14\xf6ZX\x89\xb1F\x88\
H\xa54\xc1\x9f\x80;2C\xad\x090\x8ej\xd89\
\xdc\xe1Yc\xfa\xf6\x8c#\xdd\xf8\x12\x85\xb2g\x98y\
\xd9\x9e\x8e\x0d\xf3\x85\xa1\x16\xd2!Q\x9e\x8dX.\xf2\
\xf3\x11^V\xf7\xc9\xb8*J\xa1\x94a.\xf1\xdb\x87\
\xfd\x0d\xb8,\xb7\x84\xa6\x92\xde\xae\x12~q\xc9\x10\x9f\
C|U\x98\xf7\xf0\xa35f\x8f\xd0j)0\xaf\x05\
\x88\xc8\x81\x92\x8e\x06d4\x09\xdc\x11\x18\x89?`\xe9\
\xbc\xf4wL\x06\xca\xba\x7fo\x08\xda\xcd<\x0f\xc0\x80\
\xee\xec6v\xef\xdb\xa5\xad\xe3\xf9\x15X}\xf0#\xc0\
\xa9m_\xfd\xf5R\xe4\xf0\xe0\xe5\xee\xae\xcb\x9f\xd6k\
\xd7\xae\xbd\x80\xba\xfe(k\x85h1@p\xeb\xe6M\
\x94\xae\x03\x8d\xd8\x0ck\xec\x9c9\xcfD\x5c\x18u?\
A\xb6p\x18FGz$HHj\x97\xdc\xf7p}\
x\xfa8\xd2\xe9\xeb\x0c\x16$\x03i\xff\x9b\x0c\x99\x8a\
@\x9a\xa5K3\xb7\xe9-\x88\xdd/\xe3\xce{\x82\xde\
\xbd\xd7\x00\xb3Hi\x00`\xb56\x1ca\xae\xf9\x1c\x8f\
\x84\x0d\x9e\xda;\x8cD\xb6\xcc0\xa0\xf9\x05\x1a\x8d\x06\
a2;\x0bAX\xcd\xb2\xebV(!\xa4\x80\xf4O\
\x8c\xe7\xf3\xbc0&\x81[\xb4^\xf7\x05\xb0\xf4\xc2!\
\xdf\xc5mx\xa6e\x12b\xcc\xb9\xc2\xc6%GpF\
c\xaf\xf6F\x82\xe6[i\xcc\x9b\x02\x8e\xd6\x84N\x0d\
nv\x15\x9d\xb5\xb8\xee\x1d\x8a\x96\xfd\x09\xe2 \x894\
\xc2\x19\x18K&\xa3\xd3\x96\xcdM\xe0\x02=M\x98F\
*\x1c\xfd5\xc1\xddH\xac\x96wv\xc1D\x84{\x19\
a\x9c\x8c\x06Z\xae\xeaHz\xcd\xf9\xe1\x096h\xd2\
(\xf0ZKX\x803\xbe\xa3\xa6\xd1\xc8p\x06\x95\x10\
\x1a'M\x83`$GJ%\x8fs\x7f@\x8c\xe6F\
\x22\x02\xcf\x19\x88\xbc~\x15\x8f0D#\xd0\xe2}\xfc\
$\xdax\xa1\x14\xb0K\xc8\xdf\x11\xa5\x13/\xe4\xe9\xc8\
\x0c\xe9y\xc7_\xb2\x9f\x83]\x0f\xebf\xc2~&\xe8\
\xe7\xb0~\x0e\x9b\xcd\xc9\xd2\x13\xf39\x86\x8d\xc8\x85\xcf\
\xbb\x80~\xee\xf50\xe8\x15\x9b[\xc7X\x7f\xf4S\xc0\
\xee\xae\xcb\xcd\xe5\x91\xc8\xe1\xd5\x0f\xaf\xaf<\xf3\x94\x92\
\x105{\xa7mV \xc0\xae\xef\xb1\x7f\xe3\x1akt\
\xc6\xe4P1\x9foa\xb1\xb5\x8da\xd8\xb0\xd9\x9f\x1e\
\xeaaNfa\xdbX\xa7y:\xf3\x05\xbeec\xa4\
\x06d-\xf7\xcb\xc5o3\x17\x10\xe8!\xe1cb8\
\x8c\xd7\x96\x8c\xac\x85bwS\xcdg\xe1\xe5\xc3\xb9\x95\
0\xd56H\x80\x181\xaa\x91Wjt\xecI&L\
]ea&D\xedM\xa8\x85\xda\x1e\xc9\x1c\x19Ld\
\x9c\xcf\x0cd\x02y\x8er\x91L\x17\x17\xf3s\xd0\x86\
\xbavLmg1@\xde\x05\x84\x00\xc0\x18\xc5nZ\
URx\x02\xcdo\x12fA\x13g\xc1Mi\xf6\x9e\
\x84\xd6\xa95\xcd&Oo\xd6L!\x8bc\xc3\xc3\x02\
\xb3\xea\x8bf\xf17k\xa8\x88t\xa7lH\x1d\xff>\
\xdd&F\xf7\xf6#\x13n\xa3S\x90\xf7\xc4\x8e{x\
\xa8\x0df\x116\x0e\x18^\xc9\xc6\xd4\xbeU\x12aH\
\xb4l\x22W\xfc.p\xb3\xe3A\x90aR\x1b-\x93\
\x87\x18M\x9f,\x18\xda\x13*\xc2\xca\x94H0\x8fk\
F\x1e4Sx\xb8Q/\x10\x15\xcbs\xe1\x19\x1cQ\
\xd2\x0b7\x96\xbc\xe3.K'\xa6\x0e\xe7\x91\xf9\xfb\xda\
\xba\xfcD\x8f\xfe\x0eD\xfc\x1bN@\xd7\xf4\x05V\x8a\
\x9b\x0e\xea\xd0\x9e\x19\xfe+=\x90q\xff\xd2\x01]\xef\
\xf0\x7f6C\xd5^\xbaY\xcf\xf3\xaf\xbf\x88\xd5\xdag\
\x0e\xd5\xd3\xc0\xe6W?\x04\xee-!}O\x91br\
\xfdy\xe8\xe6\xf0'\x89\xa8+\xeb:\xfb\x99\xba>6\
\x1a\xbb\xd2\xf5<::\x92\x83\xbd\x9b\x22\xa5#\x09\xd4\
:\xc8\x99\xf3\x171\x0c\x1b\x01\xd0\xec\xa4@w\xd9\x06\
;\xb2!\xd8hr$\xbbT`p\xa7\xdb\xa8J\xc1\
f`'\xf4s\x0c0:\xe6\x1c!\xa4\x8d\x1dR\x05\
\x92\x1a\x92\x90jU\x90a\xb2\xd0&\xc1\xa1\xcd\x07\x07\
\x8c!\x0c:\xbck\x9e\xe1t@D\xb9^\x80Rg\
B\x81\x84\x06KF\x97l{\xdd\xaa&\x99/\x9e\xa4\
\xda\x04\x8a\xcbK\x8b\xb1\xdb\xfe9\x80+)68\x12\
\xc9<\x08\xd0a4\xcd\xdcM\xe7\x12\xc1\x898\xbc\xe2\
42\x85\xc4(t\xadi\xe6t\x97\xfb\x1e\x18\xc0\x8a\
\xf4\xeeK\xfb~\x94\x89\xb9\x1f#\xf4\x09\xc7\x07#\xaa\
\x12\xf0>\xf4\xad#\x92\x9a\x83Q#\x8eBDFr\
J\x7fD\xe4\xc1\x855T\x9b\x19\x98\xf0\x84\xe9<\x04\
|\xea\x90\x08S\xe88\xc8\x0aq\x1dv\xb9K\x17G\
\x7f\x12\x06Q\xe2\xc6\x11cf`J\x9a\xc0\xf5[j\
\x14\xe3DbM\x8c\xdaf\xe0}\x83\xb4\x8aV\x86g\
\x1eP\xb14\x07B\xdb\x9b\xbf\x0b\x09\x0d\x8f\xbe\xfb\x02\
\x5c\xf8\x888\xd4\xcfH\x80 \xea\xf6a\xa2\x12\xed\xba\
\xe8\x8c_`\xee3\x10+\xee8\xb4\x10\x08&]d\
\xf8u\x0c\x7f\x00\xd3\xe3\xcf\xd2\xd3}\x0a\x1d\xad\x14\xb0\
\xeb\xa3\xd1g\x07\x99\xcfesD^\xfa\xc2\xcb\xc0V\
\xc1f\x00\xd7\x10\xae\x148\xfc\x0f?\x07\x9c\xda\x06Y\
!u\xd3\xcb\x95OW)\xfc\x090@\xcd\x9b\xdf\xfc\
\xe6\x0f\xdaf\xfdA\xd6*\x02\x81\x96\x1e7\xaf]\xa5\
\xa8H%9l6\x5c\xec\x9e\xc6\xf6\xcei\x0c\x9bM\
\x1a\xb0L\x16\x0f\xa9\xcd\x94\x9f\xd9\xeb\x8d\xe9&\xc2H\
o\xadK\x93\x8cx05T\x1ao\xa1\x02'\x81[\
\x17.\xe9\x80#\x1b\x83 \x06\x992}\x08\xe9\xbb\x8e\
b\x95\x89\xe9o\xb4\xe6M\xaf\x08\xe3\x95\xa1\xb1}\x04\
W<\xc5\xa8\x91\xe3^#\x1c\xcf\xb8;`N\xb8\xc6\
\x0aq\x8d)\xadq\x09\x09\xab\x09W]\x08\x99\x19\xb3\
G\x1d\xcdu[4;\xf1\xa7\xb6t\x9d\xb1\xc9/\x17\
\x18\x0cS\x86\xcd.J]\x1aR3\xf8\xda\xb5\xb2\xd5\
\x01\xe9\xb3p\xcd=\x0a6g\xc2\xda\x189\xf0~h\
\xf8\x94\xc1\xa4\xd1dL\xa6\x8d\xeb\xb8S\x16\xae5\x1c\
\xc5$H\xa4\xc4\xfa\xb9\xc3\xb4iv\x82bV\xc5B\
\x80&\x1b3\x19\xd7\x12\x0dx\xd84\xd4DH\x15\x99\
\xe8\x90\x86\x5c$\x0d\x8fQ\xce\x8f\x88\x07\xae\x8c\x02\xfb\
G\xa0W\xd3o\x1c\x1d\x963\xd3!\xcf\x0f\x86\x8d\xff\
8\x96\xf4*\x81\xd1n\x8f\xb8|\x16\xf2\xb8\xc4\xd0H\
,\x1a=\xfc\xde\xdb-<\xff\xd1|\x93\xe9\xf9\x0f\x07\
^\xb3\xddQ\x9c\xd9\xc3~\x97`p\xb0\x9b\xd1{\xfb\
\xcf\x10\x8d=\xe1#\xbegb\xb39\x1d\xfe/<\x01\
\xa8\xef\x81\xf9\x1c6\x80;\xe7\x16\xb8\xeb\x8d\x17\xb1>\
\x02\xc0\x8azFe\xfd\xbe'Q?\xf2)\xe0\xec)\
\xa0\xc2\xb8\xff\xb2\xc8\xc1K\xef\xdf\xfc\xc0\x0f|\x14^\
U\x80\xf2\xf8\xe3\x8f\x0f\x82\xcd\xbf\x1b6\xc70\xa0v\
}\xcf\xbd\x9b\xd7\xb1::r\xf8i\x86a\xb3\xc1\x85\
\xbb\xef\xcb\x08\x00\x1a\xe5L,\xa8@\xa2\x91'0r\
uh|i\x1a\xb0\x89s\x8e'\x8c\xb9x\xe2\x0e3\
\xa4\xc6s\xcfs\xdc\xc7\xccF\x172R\xce\xa4ft\
a\x14v}\x1e\x8f\xbc?\x0d>\xde9M\x92\x94L\
\xe1\x9bv$\x81\x89\xed\x9dy\x01\xa1qm\x84\x9d\xe3\
i\xee\x84\xb4!}\x0c\xc1|\xb0vo\x00\x02\x1aB\
\x8bs<\xce\x19\x80\x11\x9a\x83\x99_\xdf\x0c4\x93\xcc\
\x84\x94d\x1c\x0f\xed9\xe3\xd1\xa5C\xfc\x1fl\xf0\xfb\
\x8d\xac\xe6\xceML\xde\x83\x93\xff\xa2\xa7\xbe\xa0\xb51\
s|\x1c\x08*\xb4#S\xed\x8e\xe6K\x0c\x16!\x81\
ft\xd5\x8c\xe9\xa3\xa1\x0d\xbf\xaf\xbf~\x13\x8a.\xcc\
\x18\x0e=i\x80\xb1\xf90\x98^\xfd\x80\xf3QtC\
\xc7i\x197\xce\x9c\xc9\xc4X\xcc\x5c\xfb`\xea\xccR\
uwK\xe2;u\x0fyb\x16\xb7\xd7\x1d\xa3d\xe8\
4\xa2\x06N\xbe\x82\x0c\xfby\xda\xae\xba\xc3O\xbaI\
O\xfe\xf4\xe8w\x9ei\xa3E<\xac\xd7\xd1T\xc5c\
\xfe\xa59\xf3X\x8aC\x97\xd2\xb9\xf6n\x1d}\x0aM\
\x8b;\x02;\x8f\x1a\x98kwa7\x13\xd3\x19\xd9\xcd\
\x5c8\x94\xcem\xfe>z\xfd\xf5s\xa0\xefPW\x22\
\xf7\x7f\xf5\xfd\x18\xe8\xbe\xa1\x0dEj\x0f\x1c\xfd\xf0\x8f\
\x12\xa7v\x81Z]\x9e\xbd\xf0\x09\xc8\xfa\xf8_\xe1\x0f\
\xfd\xa1\x8a(\x0b2\x00\xe8\x14?\xbcY\x1d\xee\x19\xc7\
*\xa0\xab/>\x07-Ej\xad2l\xd6\xe8fs\
\x9c\xbbx\x0f6\xab\xe3\xd4\xfa\xcd\x96NM\x81\xacb\
\x8b\xb4\x81\x90\x04!\xdc#\x18u\x9bv\x09W\xb7k\
\x15\x86\x91\xc6\xf4\xe4gD\x01\xcc R\xa0T\x8f\x08\
\x90\x19\x82s\xbd\x18L\x95\xce\xa1HvI\xe8\x90D\
-\x017C\xb32\xe6\x13\xa0!\x09\x84\xe0\xc9\xe7L\
\x0f{2\x81k{\xf7\x8e\xbbI\x99\xf9\x08)>\x9a\
\x94\x93\xc0\x01\x1eF2\x0b!\x96\x06\xa93\x864^\
k\x02\x0b\x9e0e!0\x00\xc0\xd7\x85V\xc1\xb1+\
\xf0D\x03\xfa\xe2\xb8\x96\x1fM\x83q\xd1B\x1e[\xb4\
J\x8aB\xe34\xb3\xdc\x1a\xa1\x98Us\xf3\x04\x11\x8b\
\xe1\xb8_\x89\x90\xac\xc2\x13\xb1\xdc\xfcbM\xbb\xc1M\
\x86\x9a\x02\xa6\xd5*\xb8\xb78\x82\x84a\xc1\xb5+\xfa\
\x99\xe1\x8ao!\xd5x\xbbX\xe9\xf8\xddI(\xa2\xa7\
)\xc8\x19\xc5\xc9Hc\xc7\x19:r\x80D\xc5\x22\x5c\
\x19\xdc\x1f\xfa$L\x8c\xb4\xc9!b\xa24)\x91\xb8\
\xa34QXQ\x98\x14\x9a(\x09\x15\x83\xb2\xc1{\xed\
\xe2\x1c?\x96\xf0\xc1\x1c\xd9\xbf\x8f\xaa4-\xe2&B\
$\x02\xa9\xd7\xf0[\x16\xf8\xf8\xfd}\x98\x88\xdf?\x90\
Ag\xe6c\xbf\x85E\xc5\xc2\xeeg)\xb0\xce\xa3\x02\
2\x9ba\xb57\xe0\xde/\xb9\x88\xc5\xe5-Y\x1d\x02\
\xc3`X\x9fR\x1c\xbd\xeb\x03X}\xe4)\xc1\xb9S\
@\xad\xc4\xd1\xad\x22\xcf\x7f\xec\xe5\xc5\xd9{~8\xb5\
D\x17\x02\xa0,\x97\xab\xa7K\x8f\x1f\xaa\xeb\xd5\x9f\xd3\
\xf9b3\x9b-\xba[7\xae\xe3\xf4\xf9\xbb\xb0\xbd{\
\x8a6\x98\xacW+\x9e\xbep7\x8e\x8f\x0e\xb0::\
\x90~6G\x1d\xd5A\xdat\x18}\xe0\xe9\xea\x0f~\
H\x22M\xbar\xae\xf6zN\xb09\x94[\xa6\x0b\xe9\
\xd2W06\xb5DZ\x10Aw\x9e\x9aLK\x0e\x03\
\xa4f\xb7\x0e\xc7\xab\xf0x7\xf2\x91\xc4<8\x0f\xe7\
G\xbfo\xcb\x18\x89\xb4\xdf\xa6\x07\x19/&\x13(j\
\x84\xa8\xa2\xb2B|\xb2`\xc4\x15\xa2\x8d\x86\x80m\x00\
\xb0\xb3\x18h\x80J\x052\xeb\xbd\x99\x18\xeeC\xca4\
\xa6\xd4\xf6\xa9\xf7\x01\x8ae\xce\x9b\x8ck\x14,/b\
\x0d\xebx\xfb\x1bu\xb8\xab-O\xc1\xa1\xbe\xaa\xba\x83\
1\xac2\xc2\x5cXy\xc7\x8df\xa2!\xb4\xb3\xc6\x16\
d\xdb\x87\x08\xcfH\x16OYp\x9e\xa4b\x86\x89P\
\xe3\x0a\x8c\x82\x8d\xf4C\xf8\xbafJo\x82\xf68;\
F&\xa5i\x03\xb6\xb4qgw\x89,\x0f??}\
\x1c\xe9\xc6H\xa7t\xf4\xe6w\x8bR\x22\x95i\xf4\x87\
 \xb3#T\x99\xdd\x1a\x08\xf1\x18\xbe\x9b\xaa\xe1!v\
\xad\x1e[\xef\x9f\xa5\xf8\xb1\x82h]\x17)\xb7*\xe1\
,\x92\x88\xfb{\x1bo\xf5\xc1\x1d0U\xf8 O\xef\
\xabD)\x92~\x00h'(\xcd!((\x1d\x05\x06\
\x93\xdec\xfb}4\xf8\xecz\x7fW7\x07\x04\xa5\x10\
}/\xec\xe7\xd4\xc5\x1c\xcb[\x15\x97>\xef.\x5c\xfa\
m\x17xx\xdd\x87\xf0\x0e\x22\xdc\xacV8\xfe\x87?\
,r\xe1,\xb8Z\x03Z\xaa<\xf7\xb1\xae[\xde\xfa\
'\x07\xb7^\xbc\x06\x9f\x0b:de\x04\x01j_\xf0\
\xbf\x0f\xc7\xb7\xf6H\x1fN\xd3\xcf\xe6x\xf1\x99\xa7\xe0\
\xf9\x004\x9aq\xbd^\xe1\xae\xfb^\x85\xae\x9fq\xb3\
^CF\x8alZ\xd6\x97<\x15\x14\x1b8\x88\x18z\
\xfc\x9e%\xbfq\xf7\x06\x22\xac9\x8c\x92A\xd8\xe0\xaa\
D\xfak\x22\x0f\xcf\xb2\x0c7\x82\xc3c\xa6\xdb\xdd\x82\
\xf1l\xd4\x92l\xf8[H\xa2\xbam\xe1d#hH\
\xa0\x09,\x91 _\xa2\xc5\xba3\xe7\x80\x16\xde\x1e\x0b\
\xe5\x19&\x0e\xe1\x09>\x91?\xe0^gK\x14\x1c\x0a\
\xd8P\xd3\x0c\x80I\xbbVj\xf5P\x99\xedA\xe0\xd1\
\x08C\xbc\x7fP4B\xb8\xd44\x0f\x98\xe5\xcbY \
\x94\x09L\xcd\xf9(\x89\xa8\x22eB\xc43\x0ecS\
\x5cD\xe6\xfa\x8c:\xd8\x03'\x91\x14\xd5\xf6,C\xb3\
\xe1\x9b\x89\x0cG\xa6C(x(du\x88_\xf71\
 PX\xec{sg\x04\x06\xc9@\x8d\x88\x04(\xc8\
r\x9c\xc6\xeeH0\x89\xac\xabO\x17D\xf6\xe6\x93\x80\
\xf9\xe1\x98\xf3\x84\x9d\x0c\xd31\x19\xd6/\xe3\x857\x0c\
f\x87h\x8cI\x0e\xbb\x1eB\x96\x12\x8d8Z\xef}\
\xf1\xeby\xb2\x8ft\x9dDB\x0e\xact\xb4p\xdc\xd5\
\xde\xa1{\xfe-\xb4\xb7\xa0\xeb\xdd\xb1\xd7uQ\xc9W\
`e\x06\xf4\x9d\xb0\xeb\xc4J\x07\x9f\xe8\xd3\xc7\x80\x8f\
90\x9b\x81\xb39j7\x87,\xe6\xb2\xba9\xf0\xfc\
\xab\xcf\xe1\x81\xb7\xdc\x83\xd5>@Ul\xaa\xc1\xeeR\
9\xfc;\xffB\xea\xadC\xc8b\xe6\xda\xff\xe0F\xc1\
\xf3\x1f\xbd\xb9\xba\xfb\xf5\x7f?x\xd4\x03\xbe!\x00\x0c\
\x80.\x97\xcbg0\xac\xfe\xeezyPH\x98v\x1d\
\xcc*\x9e\x7f\xea\x93\xa2\xee\xc9\x15ZE\x1d\x06^z\
\xc5\xc3P\x15\x0c\x9bUj\x94\xa6\xf8\x13V&\xe0\x02\
\x22y\xc7\xe9V&b[B\xf1\x05\x833\x94\x16\xa5\
\xd1#\x99Y\xbc\xb4\xe8\xf0\x06\xd7\xf8  \x09\xb9\xcd\
L\x19v\x06\xf3\xfcpv\xb5i/\x9e\xe0\x9aws\
\xd5\xee2HS\xe1C\xb29\xbaS\x94\xb8\x89A:\
dn\xc1j/j\x1a\x95u\xc2\xf9H\x99o\xa6\x85\
s\x8c\x00\x01:B>%e\x07u# \x7f\xb0\x9d\
y(\xd2\x98\xdc\x16\xdd=\xad\x86u\x92\xbe\x0d\xd0,\
%\xa2\xe4S'\xd36G`\x86\xf5#[\xba\x09\xe0\
\x10-H\x98c!|\xc7K4\xbe\x048\x82\xa4Q\
[\x87j\x1f\xef\x1a\xdf\xb7|\x00\x19\xb7#Kw\x04\
\x09tBP\xa4\x91>\xee[\xc3.\xb1\x8d~\x0f\x19\
\x8d\xb01k4dV\x5c7\xea\x15\x1c\x01\xf86\xa8\
\xc03\xf1J\xd4\xf0K$\xe5\xf8\xf7\xe6\x8d\x01\xdc\xab\
\x1fm\xb52Dg\xa5\xc0Ta%a{\xc7*\xd9\
\x9b\xbfs\xf8\xafE\xc2<\x80i\x11j\xc9\x9c\xfc(\
\xd0\xe9\x84\x12m\xbbJ!\x8b\xb7\xec\xceP\x1f\xb5\xc0\
\xdco \xa6>\xd3/|\x0c\xe2}\x02:X\x99\x89\
\xf5=\xac\x9b\xc1\xfa\x190\x9bquc\xc5s\xaf>\
+\xf7\x7f\xdd\xfd88\x22\xd6\x84\xac\xd7\x03V\x97\x0a\
o\xfe\xcbwc\xf3\x9e_\x05\xee\xbdL.\x8f\x08\xc1\
F>\xfdA)\xc77\xdf\x8eg\x9ex!\xe8\xfd\x84\
\x00\x00\xe0-kN\x9d\xba\xf7{\x87\xa3[\x1f\xb7Z\
\x0bI\xeb\xe7s\x1c\x1f\xde\xc2\x95\xe7>#\xa5\x9f\x89\
\xd5\x0a\xab\x83\x18\x80\xcb\xafz=\xba\xf9\x02\xc3z\x85\
\xe8\x86\x92\x98\x8b\xe1\xa9m\x19\xad\xc1\xdc!\xf3\x9b\x86\
O\xee\x08\x02\xe2h? \xc3S\xe6\x02\x04\x94\xc8\x0f\
\x0bG^\xc6\xcd=\xc5#|\xc9\xe2h~t\xc6\xb9\
_\xc1\xc2\x03\x9e\x99e\x8c\xb45\xb0\xa6\xd0\xb1\xb01\
3\xb0`\x11\xc9`\x08*\x06d6C\xb8\xc3\x99\x1a\
/\x8b\x94H\x22B{H\x1e\xe4h{\xa7\xed\x1e\xda\
7\x11\x82\x85\xdc\xf2\xe3|\x04\xb9\x8ch\x9f\x99\xc1\x97\
\xc10k\x19\x85\x91\xac\xd4\x84 \xcc \x9c \x1e\x89\
g\xa9\xa3\xd7\xdf\xb3\x1881\xeb\x1d=\x8c;\xe2\xc8\
`\xfc\xd5R\x7f#\x91\x10\x80t\x22\xc6\x8e\xa6\x8f\xa2\
\xedb\x9e\x90nBiB\x85\x81\xb8\xf2lf\xc8X\
\xc4Sj[\x88\x1f\xd9\x9f\x8a\xcd\xb1'\x92I>\xcc\
:z\xf7\x19#\x0bs\x22\x93N \x22&\x81\x10\x5c\
\xf8\xbbY\x80\x02\xc9\xf0\x9d7\xde\xa0\x15\x89\x9c\xd92\
\xc6\xe7\xc3\xf9\xe7\x9a>~\x97\xd2\x12sL;\xb2\xf4\
d\xe7\x0co]\x0fv\x1dY:a\xe9\xc5J\x1fa\
\xba~\x9c\xd9W\xe6\xe2\x1e~\xd7\xfe\xe8fd\xe9a\
\xea\x11\x00t=j7\x83\xf5\x0b\xb0\x9f\x93\xdd\x02\x9c\
\xcf\xc9~N\xce\xe6\xc4\xd6\x1c,\x1d6{k\xbd\xe7\
\xd1\xcb\xf2\xe0\xef~\x00\xcb\x03`3\x086\xab\xca\xcd\
\x85\x0e{?\xf7\xa4\x1c~\xdf?\xa7\xdc\x7f\x998:\
\x14H1\x5c}n&\xcf\x7f\xf8\xd7\xbf\xe2/}\xd7\
\xff\x03\xde\x1c\xace\x86%\xc3\xe6O\x07`\x98mo\
\x7f\x83Y\xff\x1f\xe6\xa7\xee\x1a\x14V(\x82\xf5\xf1\x11\
\xee\xba|\x1f\xce_\xbe\x87\xc3f\xa3*\x85Z\x8ah\
)\xb8q\xe59\x1c\xde|\x99\xfd|\x01Qm\x865\
R\xd7\x87\x96\xf4\xed\x12\x8e\x0d\x1a\x00\x84\x0f\xc0\xedb\
\xcf8K\x0d\xe3A\xdd4\xad\xdb\x9f<\xe8\xaa\x0a\x08\
\xa24\xadA]\xaf\xfa\x09\x07e\x0bW\x06\x0e\x0da\
\xe4F\xbe\xb4\xe8{\x0b%d3\xf0@\x00\x93\xac<\
\xc4\x88\x0b\x01\xdb J\x8fTD\xc6O\xe2\x00\x00\x0a\
\xd2\xb2\xa7\xa6\x01M\xc3\xe5=%Ea\xca\xc6\xc8\xac\
s\xcb35\x97\xe5M\xf3=\xc2-\xd1~\xe2\x92\x1a\
\x11\x13#Z\xdf\x00d\x18\x0d\xc8\x07\x895\x12\xd2\xcb\
\xd7\xe1m,D2\xa1\xc5}\xe2\x8c \x1f\x14d\xcb\
\x9bm\xef\xce\xc9\xd0\x8fX\xdc4\xc8\x88\xbcVD\xd8\
#\x0c\x97K\x90\xd0(]\x0e\xe2\x0aCC\xd3\xc3\xed\
\xed\x84\x90\xde\xdd(<\x00\x097\xc2n\x17\x91\x8c!\
GCk\xf7\xe5E\xf6\x1f%\xc2v\x96\x02#\xd64\
\x9aT\x0a\x15 U\x949$\x03\xa5\xb5\xde\xb26t\
3m\xd9\x82@\x05\x9a\xed\xba-\xe0?T(\xd5\x88\
\xbeHt\xe9\x91\x18\xd3\xed&\x86\x9b\x0d\xe9\xf3\x10)\
\xbd\x98\x14\xab%k\xfe\xddg\x10EA\x8e\x99\xfa\x1e\
\xecf\xb4\xd2\x09\xfa\xb9\xb0\x9b\x01}1\xf6\xbd\x0c\xc7\
@Y\x14\xde\xf7U\x0f\xc8\xd9W\x9d\xc1\xe1\x81\xa1\xaa\
\xca\xb0\xac\x18\xce\x16\x1e|\xea\x05\xd9\xfb\xce\xb7AN\
\x9f\x02\xe6s`uD\xd6\xa1\xca\x07\xdf\xa9\xf3\xf5\x95\
\xaf\x5c\xde\xb8\xf1\xcb!\x00\xea\xe7\x12\x00M\x08\x942\
\xff\xbb2?\xf3\xe7\xfb\xddSk\xa5\xcd\x14\xe0jy\
\x84K\xf7\xbe\x02g.^F\xdd\x0cPu)\xdb\xf7\
3\x1c\xed\xdf\xc4\xde\xd5\x17\xc8:\xa0\xf4\xf3\xe0\x1d'\
\x80L\xb7\xd2$d\x0f\xf49\xe4\x1b\x1f!\xe8,\xba\
\xfbH\x84n\x9a\x06\x91\xfc[X\x83\xf9\x19@Z\xf1\
\x0c\xfe\x0a8\xdf\x5c\x90\xe9\x10\x04\x9a`h\x94\x96\xa6\
j\xb49\x8f\xa41d\xa3\xcbt\xcbI\x9e\x95\x99u\
\x12\xcb\xa8!\xb82\xbf\xd0\xbdU\x99\xbd72m\xf3\
\x8c\xa4Tb\x5c&f\x99\x06\xa4\xce\xd4\xe2\xe0!i\
N\xad\x86\xb1\x91\xf2\x07\xad/ S\xbaI\xb3i\x9a\
\xb4\xd3f \x84\x18H\x06\xfb\xac\xado\xc8\xab\x09\x9b\
\xc6x\x9a\x19O\x10\x14d\x81R`\x14d/\x80\x1c\
\xe5\x86\xc8pt\x95\xefb&\xfb\xc3\xc2\xa7>Ij\
\xe5\x5c\x1az\xff\x07I\xf7!\xd2I\x17a>\xf75\
\x86\x19\x17\x09X\xc1\xe8.=4\xcb\x95Io\xce\xa1\
\xe2\xbd\xf7E\xd29'\x99\xd8\x03d\x88OL\x05\x22\
\x9d\xef9b\x80g\xd1\xa8\x1f\x8e$\xa6dfq\x94\
b\xe9\xc4\xd3\xf0\xde\xaa#\x08+\xbd\xbbOK\x07\xa8\
2\xf2\xf43\xbe\x01\xe9z\xd4\x18\xcf-%\xfd\x07^\
\x01\xe8\xa8\x03@?7t\xbd\xd4\xce\xe3\xfb\xecg\xa8\
K\x00&8\xff\xdas\xb8\xfc\xdb\xef\x01\xfb\x9e\xab}\
`(\x90u\xadR\xcf\x16,?\xf3\x12\xf6\xff\xbb\xbf\
\xe1I\x8e[s`\xb3\x22\xb4\xdf\xc8\x93\xbf0\x9f=\
\xff\x91\xbf\xbc\xdc\x1c\xfdM\xd0z\x00\x9b\xb6\xe3o{\
\x9bvw\x10\x00\x15@y\xd5\xab^\xf1\xdd\x9f\xfc\xd4\
3\x8f\xb2\xe8W\xcd\xb7\xb67\xa4\xf5\xb3\xadm\xbe\xf4\
\xdc3\xd8l\xd6r\xd7\xbd\x0f\xd0\x86\x0dh\xc0\xa6\x1e\
c\xb1}\x0a\x8bW\xeeb\xff\xda\x15\x1c\xde\xba\x0e\x81\
PK\xe7\x0d\x0b\x9cs|\xadT\x02Vf\x867O\
\x88\xa1p\x15\x87\x1e\xb7\xb4\xd5]\x89G\xfaG\x02\xd5\
\xa0W\x09\x03\xc3\xc9\xdc\xf2\x0c4\xe5\x83\xf1\x82\xae\x5c\
C \x8f\x02A\xbdG\xb6\x03\xec\xb0(\xc3\xe9\x95\xe1\
\x82f\x99D\xa1\x12\xc3\xf0\xb0\x8c\x10\x18\xc2\xf5\x0c\x7f\
\xd7\x90\x09\x89\x87C)\xe6g\x7f<\x87\xe3\x1a\xd9n\
\x09\x0dd\x92\xc6\xce\xf1M\x9d/(aYK\xce\x11\
pa\x1a\xd6\xb0\xff\x7f\xf39\x8e\x5c\x1a\x08\xc5\x18\xfc\
C\xba\x13\x0ccvw\xb8E\x12\xd0\x84T\x91\xb8e\
\xd8\xe9\x13\xb7\xa8\xa7\xbe6\x9c\xe7E7*\xe1\x01$\
 \x12\x93\xe13\xcc\xd2\x80U\xbcg\xb6\x1eG\x84\xce\
\x92\xe9c\xbb\x9d\xf9C\x80\x1bZg]\xc4\xf71+\
\x00a\xbf'\xff\x8b\xa8 \x94\x93\xa04!\x008\xec\
\x07-:\xf8\x14@\x95&el\xd2\xe9\xb9\xfd\xb13\
\xf4r]i\xa1:\xa6\xc7\x1e\xd1\xbc\xd3\xbb\x1d\xbb\x80\
\xb0\x92=\xf7{\xb0H6\xef\x8c\x96&\x10)\xbd@\
\x0a\xa9*Q\xfc\x03S\x8d\x8a\xbe\x19Y\x04\xde\xcb\x7f\
Fc\x11[\x11\xba\xa98u\xefi\x5c|\xf4^\xec\
>\xb0\x83\xe5\x1e\xb09v\x87\xebf0\xac\xee\xef\xb0\
\xfc\x85'q\xf4?~\x1f\xb85\x87l\xcd\x85\xcbc\
\xca|{\x83O\x7fp\xceg\x9f\xfc\xb1\x95\x1d\xffM\
\xd0\x0a\xde\xf6\xb6\x8a\xb7\xbf}\xdc\xee\xfc\x9f;\xfc(\
\x00;\x7f\xfe\xfc\xfd7n\x1e\xfcR\xb7{\xe1\x15\xf3\
\xc5\xf6\x00Z\x81\x80\xab\xa3\x03=u\xe6\x1c\xee\xba\xff\
\x95P\xe9`u\x03\x81\xb0\xf4\x85]?\x93\xcdz\x85\
\xe3\x83[8>\xb8%uX\x87\xef\xc7\x9bVJQ\
\x06\xae\x0bfK\xd7U@\xcc\x18\xf0\x98\xe4\x18\xc4\xee\
d$\x92\x8c\x9e\xe78\x1d\x09\x8c\xde\x82\xd8\xa5Mz\
\xb8F<\xdc\xd4\xb0oljw\x95\xe6\xfenz/\
\xa1\xf2\x84\xb6\xd1\xe0I\x80\x14 \xccs\x19\x9f+\x1e\
JFU\x9dJ5\x82x\xaeu\x9a\xcb3N\x0d\x04\
\x1c_\x8c%\xe8\xcc\x17kQ\x95\x90Z\x19\xc6K\x9b\
X\xd02s\xf2\xfeqoG-!\x80\x05Q\xdd'\
\x11\x09l\x1c\xd9\x1e\xbd\x99\x0a\xe3\x02\xa3\xa5\xd2I\x03\
#\x88B/\x08\xd5\x19\x5c\x12.\x08\xa8B9\x01/\
b/5\x01N\xd8\xf3^\x82+\xde_\xcf\xb7\xd85\
n\xc8{\x11\x12\xdaJr\xc1\xdb\x10\x80\xc3{2\x0b\
x4\x9bCQ\x12\xb6;%\x974\x09\x08u\x07`\
\xa1\x91\x12^\xfc\xa2d\x9a\x00\xee\x17px\x9fa\x15\
\xf7\x0b\xd0\xd4Gy\x9b\xe7\xe4S\xc2\xe1\x17\xc3*\xd5\
4\xdaswQ\x18$\x85\xec\x8aB\xbbL\x99\xf4\x9c\
~\xaf\x12\x14\xf1\xee\xbet\xe7c'\x1e\x0c2\x9a\xa9\
\xc8\xac\xa0?{\x1a;\xaf\xbc g?\xef.,.\
\xedp\xd8@\xea\x9a\xa8&\xb69\xae\xb2\xe9\x0aV\x97\
\x80\x83\x7f\xf3.Y\xff\xdf\xff\x19\xe4\xe2\x05bk\x0e\
\x1c\xed\x0b\xbb\xf9F\xae>\xd5\xe3\xc9\x9f\xfd\xd9\x07\xbe\
\xf4\x8b\xbf\xe1\xe9\x83\xc7+\x1ez\xab\xe1\x1d\xef\x08-\
\x91?o\x93\xc9F}\xd6O\x07`\xe8\xfb\x9d/\xac\
6\xfcL\xd9\xbdpw7[\xacU\xd8\x03\xc0f\xb5\
\x82\x8a\xc8]\xf7\xde\x8fSg/D\x86\x98\x99\x88H\
)\x9dH\xe9\x08\x12\x9b\xf51\x96G\x07\x18\x96\xc7\xa8\
\xc3\xda\xed\xefP \xd6bJN\x18\x13b\xe4\x944\
\xdd\xf1$y\x14\xc7\x13\x9a\x05\xe1\xfa8\xf0\xf9h\xff\
\xb6\xffmRf\xd4m\xa9\xeb\xc2\x7f\x9eW\x9eh\xde\
\x86\xb5\xd34\x01\x1aB\x0e\xcb8\x81\xc4h\x1b\x082\
>\x1e\x8a2 \x82\x84\x10LD\x10B$\x1e\xa7=\
a\x98\xb9#p\xb1\xb6_\xf9!\xd8M\xc6\xef2\xf2\
\xd9\x94\xf1(\x0c\xb27C\x93eq\xff\xec\xc45\xbe\
W[\xd8\x89jHi\xd6pyk\xa97\x91\x06'\
<\xf0\xed\xcd\xe2\x06\x12\xce\xb74\xa5FGN0\xb9\
Hz\x15R\xa01\xe3\xf8\x86\xd8\x98\xe8\xf9\xe8f\xbf\
'\xe9\x04\x0d\xc4\x02\xa8LL\x9d\xd0\xe0\x81\x8b2\x95\
WK\xc8(u\xcf\xb1\x88 <\xfc\x82\x92\x038b\
Nk\x87\xb4>(\x9d;\xa8<\xa6\x8f\x1a\x11\x80\x10\
\x00.U\xd5\xc3|\xb5\x9bkz\xf1=D\x18e\xbb\
\xe2\xfe%\x94\x02\x93N\x86\x8c\xf5\xe7\x9c\xbey\x8fn\
{\x8e\xf9\xe5\xd3\xd8\xba\xe7\x1c\xb6\xef;\x83\xd9\xe53\
@\xafX\x1fC\xd6kw\x99\xd2\x88J\xe1p^\xb1\
\xbey\x0bG\xdf\xf7\x032\xfc\xec\x13\x22\x97\xef\x02l\
Cl\x96D\xb75\xe0\xf9O\xcc\xca\xc7~\xe9?\x9d\
\xfb\xed\xf7\xfd\xfeG\xde\xf2\xd6\xe5\xd5w<\xa9O\xbe\
\xf5\x91\x01O>\xe9\x0b\xf7\xc8#\xbel\xefyO\xb3\
\xcc\xa6?\x13\xcd\xe0\x0e\x83\xdd\xdd\x0b\xaf?Z\x1e\xfd\
\x7fdq\xe6\x91\xd9\xf6\xf6\xba\x98\xf5\x10\x81\xd9 \xeb\
\xe51vN\x9f\xc3\x85{\xeeC?[\xb0e\x9c\x01\
\x10-\xd0R\xe0C)\x01Z\x15\xab\x1b\xd6Z\xe9\xd5\
_\x09\x06\xd3\xff\x9f\x05\xb5\xbc\xed\x91D\x1aU\xd3\x1a\
jM37!?s\xd8o\xc0\x89\xa4GI\x9d\xed\
w\x92P\x93\x18\xeb\xc7\x90\xa4\x13&\xbcM\xbe\x15d\
z\xe3\xe8W\x8cu\xe2\x94o\xe1\xd2`\xaa\x88$\xdc\
\x98yX\x83\x14\xa9p\x1d\xc9G\x97\xde&\xd0\x14\xf9\
\x8a\x12\xc5KN\x99\xe3\xbd%\x1foth\xc8\xb8L\
#\x9cwH5\x19s\x13\xb7\xcc*\x1eI\x9d\x0c\x83\
\xc6-ST\xfa\xbb\x1a\xc3\xc6OI\xa71s\x03\xcc\
\x98glo\xa4\xcb:C\xfa\x04\x18\x90~|\xd6\xcc\
\x83\xd1I'\xe3\xf1\xdeKP\x04\x919\x17\xf9C\xde\
4\xd6\xca\xccQ\x93v\x02\xab\xa4(U;5O\xb4\
\x09\x1b\xdb;\xeb\x88\x96h\x14BJ\x14\xdbP\xdc!\
\x87\xd2K-\x05\x22\x85\xec\xba\xf0[\x08\xa0\x9d\xd4\xc9\
5\xac\x14\xb2+\x90\xd2A\xbc\xb5\x9a\x8f\xdc.\x226\
\x16\xe8\x80\xbd\xb7\xdf\xf6\xd9\xa0\x06)\x85(\x0aS\x11\
\x96\x02)E\xe0I\x83\x90\xae\x0b\xaf\xb2\x88\xf6\xc5\x87\
ZuE\xb4\xef\xbc\xfc\xbf(\xbaS\x0b\x99\xed\xce8\
\x9b)\xcc\x80\xba\x06\xac\x02\x9b\xc1\x84\x11\xb0\xaa(\x1c\
v\x00t\xe0\xf2]\xef\x96\xf5?\xfe?hG+\xf0\
\xee\xbb\x15\x87\x07\x80\x0d&\xf3\xf9\x1a\xcf|l\x81\x8f\
\xbf\xefg\xef\xbb\xfb\x0d\xff\xc5\xb3\xaf\xfe\xdd\x9b{\x0e\
~bv\xee\xa1\x87\x86\xadO\x9dkL\xf5\xc4\xee\xc7\
\x88K\x97\xf8\xd8\x95+\x8d\x9e\x83A\xde\xa6x\xeb\x93\
\x82G\xdeA\xbc\xbd\x09\x83\x02`\xb8t\xe9Uw_\
\xbd\xf6\xc2\x0f\xeb|\xe7\xebf;\xa7j\xf8I\x14 \
\x86\xf5\x1a4\xe3\x99\x0b\x17q\xfa\xfcE\x99\xf53R\
\x04\xd5\xa2\xc02\xacT\x11\x11Q\xb5\xa4Fz\x8c=\
<W\x99C\x9f\x9c\xd5d\x91\xab\xce\xc6\xd6\xd64^\
\xeb\xc2\xe9\x15\x9fN\xbe\xe2%\xae\x13\xf4\x9d\xe3\x88F\
\x9f\xc3D\xca\xb0\x09+I\xd8\x9d\x99\x80\xa3\xe6\x1e\x91\
F\x0a\x1c\xa4\xbc\x0a?a\xb0U\x06\xee\x1a\xc0>\xa9\
\xef}\x05\x100;\xc0vj\xc5\xb4\x09\xdc\xa6\x0f\xcf\
\xf5h\x02\xc8\xe8\xe1\x0e\xa1\xe6\x17\xd6\x22\x19B\xcc\xf9\
La`\xc35p\x91q\xb9\x13\xd4LD\x898\xcc\
\x0f\x10O\x04\x1e\xd2\xf0\xb1\x929\x90YB:\x05\xfa\
\xc8\x80\x8d\x883)$;\xf5 \x99<!\x9chi\
+\xef\x097\x00\xa5s?\x9dkhJ)\x01\xfb\xfd\
z\xae\x9dg\x02)\xdeZ\xcb\x8c\x94\xe2\xd1\x01gF\
\x87\xed\x1evk\xdev\x00\xd2\x8alT\xb2\xf8\x86\xd4\
\x8eTU\x96\x9e\xaa K\xa7\xd0\x8e\xa6\x02\xd3^\xd0\
\x15\xb2\xeba\xa5\x17\xebfPT\x93\xa1J\xe4\xdc\xb3\
v\xbd\xfb\xb3\xba\x0e\x9e\xe4\xd3\x09J\x141\x96\x22(\
^\x0d\x08-\xdeR\xb9\x17S\x85\xa0\x83\x08c\x98p\
\x81j\x07\xca\xcc\x97H\x15\x90:\xaa\xb62\xd4\x8c0\
\x87\xda)2\xcc\x05<\x03\xd6\xc3\xa5l~\xfe\xe71\
\xfc\xd8;Y?\xf9\x1c\xe4\xc2\x19a\xdf\x91\xc7\xc7\x02\
V\x13\x82\xf2\xdc\x87\x8b}\xfa\x03\xff\xe1\xee\xcf\xff\xea\
?\xd4\xbf\xee\xf3m\xf3\xb1\x0fi\xbf}\xd66G7\
\xb5\xdf>k\x8b\xb3\xfb\x06\x00\xb3S\xa7x\xf1\xca\x15\
;8x]\xaa\x99\xb7\xc9[\xf1vy\xc7c\x8f\xc9\
\xa3\x07\x07r||,O\x02\xc0\xc5\x8b\x06\x00\xf7\x7f\
\xf2\x93\xfd\x9f\xf8\x13\x7fb\xf5/\xdf\xf7\xbe\xfe\x93?\
\xfd\x9f\xde.\xfd\xce_\xeav\xceH\xe9\xfa\x01\xac\xde\
\xf1\x80d]\xaf\xa0\xaa\xb2\xd8\xd9\xc1\xee\x99\x0bX\xec\
l\xa3\xc4D\x821A''\x91\xf9\xef\x06\x84\x03\xce\
\x9b\x87\x08\xd2\xd9\xe4)\xf6\x8d\xe7B\x8dE\xcdz\x1e\
\x97R\x8d4j\x98\xf0\xc9\xe3\x01\xf4\xc1\xd6\xd0\xd2/\
\x10\xcb+\x90Lz\x01\xc5\xd3:%\x13R@L4\
q\xb0\xf4\x09\xab (\xba1M\xaa\xcc\x93\x00\xa6\xf9\
\x0e\x1d\x03k\xa2\xe9v\x85\xf0|\xb7\x8b\xa5kR\x90\
\x83*<lg\xe1\xe7\x0c\xd8\x9dk\x80\x9c\x93\xcc\xd1\
,\xf0\x17\xd5\xa9\xac\xca\xd0\x1dR*\x8dhB\xa4\xc1\
\xfed\xdev\xb9<6\x85\x11\xc2\xcd\xa2\x82p\x00N\
\x8ew3\xc0\xe5\xa0\x84M\x1f0]b\xd2\xad\x80c\
#Mm\x8c\xeek\xe2v|\xda\xf7\x94B\xce\x16\xe2\
~\x81\xe2U\x97\x91\xdd\x17=\xf3)\xa5\xc0\xb4\x8b\xb4\
Z\xaf\xb5w\xd7\x8e\xd2$\x1biD\x1c\xbf(\xa3P\
\xc7\x15L\xf1\x98~-\xbdd\x91\x8d\xcf\xdcSa?\
\x8b77\x22\x9an\x9aO\xdd\x8d\x1c\x00\x85t\xde\xca\
K\xac\xfa\xb4\xde\xae\x90\x9dz\xd4\xa5\xb8)\x03\x08\xd0\
9\x12R\xc0\x11Rq`\xc2\xd8\xeb\x92R\xab\x83#\
\x9a\x0e\xb0\x1e\x82\xd3@=\x04\xed\xe9O\xc2~\xf1\x97\
\xb1y\xfc\xbd\xe4\xd3\x9f\x119\x7f\x17\xe4\xf4\x0e\xb9<\
\xf6,W\xe9+n]\xeb\xe5\xe9\x0f\x12{\xcf\xfd\xb5\
W\xff\xe9\xff\xe5o-\x7f\xf5\x17t\xff\xf8\xca|v\
\xf6\xd2\x00\x00z\xe3&\x17\xe7\xd6\x15\x00\xeaj%\x8b\
\xb3g\xc7<\x80G\x1f}\xb4?>>\x96\xf5z-\
\x9b\xcdFj\xbdG6\xe7?\xadz\xf5~\x96\xf2\x12\
7\x9b\xf3j\x17^\x90\xf5\xe1v\xa7\xb7\x0ao\xde|\
jOu\xf1\xbb+\xec\xef\x94\xc5\xa9G\xcal\x01\xd5\
2\x00\xe6u\x94$l\xd8\xc0\xcc\xd0uE\xe6[;\
\x98\xcd\xb78[l\xa1\x9b\xcdPJ\x17\x84\xde\xdc_\
\xc9e\xde\xea:\xf1\xbc\x9b\xfd\xcc(\xf1\xc8\xec\xa3\x82\
\xb4\xe6\x9b\x0ec>\x9d\x7f\x12\xc7{\xbc\x0b\x8dA\x9a\
\xa91\xe5S6\x96`\xb3\xca\xd12\x11\x03\xb5\x8f\x87\
N\x19\x5cGp\xedO.c \x12\x89\x9a#O6\
\xb4g\xe6^IJ\x07\x19=r!\xfb\x82\xb1\x84\xe1\
R\xc7\xc8\xa16\xda\xc4\x8d\x97U\xd2X\x09no\xcf\
\xdd|\x80\xf9\x94\x042\xe6\xce\xd0\xfb@\x10m<%\
\xa2\x98\x01\x906nA\xa4\xe4\xca\x07\xca\xf0\xb6V\x22\
9\x96\xdd(\x99\x92\xab\x885w\x81\x90\xef\xd1&\xf5\
\xa9\x22+\xea\xc2[\x0fB\x5cH\xe7X\xb9H\xc1\xc5\
|\xcb\x07`\x88\x0amCBX\xb4\x13vc\xdan\
\xd4\xc4\x8b\x94Bo\xd6\xe1\x02\xdf\xe7\xe5u\xbe\x84]\
/U;H\xd7\x19\xb5\x17\x14xT@{\xa9\xf3Y\
\xa4\xf9\x16T\xed\xc4 D\xdf\x85\xe6qAa}\x8f\
\x9a\x1e\xfe\xae\xa0\x96\x02t\x02)\xea\x83cJ\xf4\x01\
\xec\x1d\x05A[\x9a\x9d?&\x83v\x22\xbb\x98\x9d\xd3\
g\x09)l\x06\xe8f\x0d[\x1d\xc1\xf6_\x22\x9fz\
\x16\xfc\xd4\xc7\xa4~\xf0C\xc0\xd3\xcf\xa3\x0e=p\xfe\
,\xb15\x83nV\x22\xc3`\x04\x8c\xabe\xcf+O\
C^\xf8\xf8\x87U6\xdfe\xeb\xe3\x9f9\xfd\x86/\
?\xbb\xdd\xa1+\xfd\xca\xca\xf1\xdcp\xf6,\x0e^d\
\xed\xe6\xc7\xa6\xfd\x9c\xc3\xee\x96\xea\x8d\x9b\xec\xb7\xf7m\
s\xea\x94\xca\x83\x0f>\xb8X\xaf\xefR\xbb\xb8\x91a\
\xb5\xd23\x9b\x8d\xd6Z\xe5&\x00\xd6\xaa4\x13\xab\xb5\
\xcc7}O\xd6R\xeb\xd0\xef\x5c>\xb7\xf7\xf2\x0b\xd7\
\xcfm\x0e\xf6\xfe8\xb4\xfcq\x9d\xed\x5c*\xf3\x05\xb4\
/U3\xbc&\x10V\xa2\xda \xa8\x11\x07\x15A)\
\x0e\xe3$\xe1{(\xc1\x84\xe7.\xf2#\x0e\x1e&\x80\
\xbb\x8cC\xcb4cT`\x12\xfb\x0d\x8f\x1eb\xf4!\
;Q!3CBtL\xd8&?\x85o\x89a?\
gL\x0d\x1e$\x93\xf0\xbb\x8f\xa7\xb3Y\x04\x12\x91\xb8\
\x10\x17\x09;\x1a\x06G\xa2i\x19\x93a\xc6+\x85q\
\x83\xccz\x88\xe1\x82q\xa2\x86\xeeG\x86-\x12\xd2\xb7\
\x07\x8f\xf5\x08\xb7\xa85|\xdf|\x07\x18o\x17\xe2!\
\x82\xa8),\x12\x07\x8c\xd7\x0c\xf9\x8dLl\x08\xa4\x11\
\x81\xc6|\x05\x7f\x0f\xdf\xb6\xf6N\x0d\x00\xb1=l\x13\
\x9c~\x84j\x0b\xe0DV\x9f\x0b\x19D\x14WTr\
\x86@8\x0e\xc1t\x9f\xf9;\x1a\xb5\xf8\x85\xc5\xed\xff\
\x90.\xf0\x99\xf7\xa3_HZ\xaa\xafR\xa4\x13\xa6\x05\
!\xdeG\x9f\xac&RT\x04\x91\xd1\xd7!\xfd\xb3&\
\x9ak\xda\x1e\x8b\xea\xbd\x00%\xba\x85\x13\xc5\x13\xder\
FJ)\x02\xa1\x98\x08\xa13\x11V\x7f\x8fh\x98\xc7\
\x22\xa4v.\xc6\xbd\xf8\x08\xa8\x83h%Y\x07p\xbd\
\x16YU`\xff\x90v\xf3\xba\x1b\xc4\xdd.\xb0{J\
d{\x0e\xf6Jl6@\x1d(d\xc5\xfa\xb8\xe7\xcb\
\xcf\x01W\x9e\xba\x8e\xa3\xbd\xbf\xbf\xf3\x05\x8f\xfe\x83S\
_\xf2m\x87\xcb_\xf8\xe7w\x15\xd3\x0d\xb7\xaa/\xf9\
\xaa\xb72\xab\xf5h=\xd4s\xfd\xdc\xf6\xe7[\xb6{\
|PD\x0bK\xd7SKGy\xf0\xc17\x9e%o\
\xc8f\xb1(u\xb3)4\x93Zk\xb1a\xe8H*\
\xcd\x0a\xcd\x0a\xc9bVz\x9a\xf5\xa4\xcd\x00\xa0\x9b-\
\xae\x0f\xab\xfd\xbbW\x87\xeb?\x0a\xed\xbeI\xe7[\x17\
\xb5K\xc7M1\x15\x1d\x11b\xf0m\xc6\xbe16\xba\
`2Uc3F\xfaP\xa3\xba\x11\xb16\x83\xc9\xa9\
\xc7\xda\x97\x8e\x05\xb4y\xffN\xd2\xf7\xe8\xf7\x0f80\
\xb9[\xaa\xb9\xd1\xb70\x9ey\x9b\xec@\x83\x12\x01\xd8\
\x03\xbdO\xe1B\x98\x14\xc9\xa4M\x18\xa4E\x22H\x14\
\x13\x9c\x9dR\xa2=\xb5x\x93\xdc\x084D\xd0\xa4Y\
\xdd\xc8L\x84@\x99\x02\xab6\xc1\xf52a|\xbfq\
h|6\x11\xea7\xe1\xe4\x98\xb4A\x10\xd1\x94|\xe8\
p1\xa6\x14\xccl\x8bq\x91\x22\xfb!\x84\xc2\xed\xbb\
\x15CW\x5c \xb0\xbd\xf9(\xca%\x84\xbe\x8b/\xd7\
\x92\xcd\xaf\x9ai\xc5\x92/128FSJb\xe1\
\xc3r\x16\x8cB)\xec\x89L)\xcd\xef\x03\x02\xfaC\
{\xa3\x0e7;\xa2)J\x0a\x93\x84\x9a$@-!\
\xe2\xd4{\x00\x8a@D\xe9Y\xa5\xb1i\xd2E\xd8\x11\
D\xb6\x06\xf7\xb0\xa5\xe5\x90UC\x16\x11\xf9{H\xdf\
\x01Z\x1c\x19\x15\x85\xf4= \xea\xf5\x01\x9b\x01\xa8\x1b\
o\x0e\xcbAq\xb8/\xb2\x7f\x0d\xdc\xbbrM\x97\x07\
?\xda_\xba\xf8\xcf.}\xc57\x7ft\xef7\x7f\xe1\
\x5c]\x1d\xcf\xe6s\xe1z(6\x8f\xfd\xd5\xce\xaal\
\x8a\xad\xbbZ\xcbbk\x90\xe3B\xed\xd6\xa6\xfd\xdc\xb4\
\xf8\x880\xb9\xff5\xf7\xdfg\x87\xa6\xc3\xd0\xf5\xd69\
\xd3\x9bY\xb7Z\xd6\x19\xc9BZ\x07\xb2#Y@\xce\
H\xce\x01\xf6\x039\x03\xb9\x0d\xb3\x8d\x88\x1c\xd2p\x9f\
\xd1\xde\x0c)o\x86\x96\x87D\xbb\x99\xf63h\xe9\x9d\
\xe0\xd4\xa7\xf0\x8a\x94\xc4\xdc\xce*\xc6\xb4\xeeGe\x07\
\x9f\xcf\xe5DF\xa0\x15\xa7\x02\xf0\x5c\xa7tA1\xcf\
j\x16x\x98\xfd\x16\x5c\x19^\xb6\xbc\xa5'\xd93\xe5\
G\xba\x1b\x93s\x99\xd6A\xfa.\xb3\xe0'\xc4R\xf4\
\x8fNI '\xa7\xe1 \x984\xafJ\x014\x88\xb8\
i\xc8\x91K\x84Y\x90/n\xc8\x87\xb1#\xf9\x90\xe9\
xH\x99'#\xa7b\x9c\x92\xeb\x94\xde\xd4{f\xef\
\xc65r`\xa8\xe3\x94\x13B5X\xae9\x1e\x02\x8f\
DeR\xa4\xef\x8d\x01\x97Qb4\xf6\xc8Mk\x0e\
T \xc7\xa2\xb7\xf5\x0d.J\x1f@~\xd1\xc4\x8b4\
@\xd6\xd0\x82\x85\xf6\x9cJ\xd9H\xf66\x85\xa8\xa7\xef\
\x86\xf4\x8b\x01\x1c~7i\x12\xd7#\x8f\xa51\xb4\xf7\
\xbe\x89\xb0dt\x81\x12\x89\x84\x1c\x15\xc7\xe7I\x94\xe9\
L\xc99\x95\xdaE\x22\x91\xbf\xabx\xc6\x1fPr\x83\
@\x94h\xf1-\x19\x0d!A\x89\xae\xb9\xcd\xc9\x0a\xcf\
Q()t\x91\x9eo\xaf\xe1\x10Fq\x89\x10\xa2\xb0\
Ap|\x009\xb8\x09\xde\xbaR\xb1\xbc\xf5d!\x7f\
Q\xb7w\x7f\xa9\x5c\xb8\xfc\x8c\x1c\xde:S\x87A\xa5\
\xd3#\x88\xd4^\xb1\x11\x96\x0d\xa4\x1a\xd0C\x0b\x07\xa8\
V-\x1c\x94\xb3\x8dv\xb3\xa1\xc7z=HYk\xd7\
\xdb\xb6U\x91{\xeey\xe8\x81\xda\x0f\x9d\xd5Z\xea\xa0\
3\xb3\xda\xd3V\xddf\xcd\x8edG\xda\x0cdG\xb0\
\x07\xb9\x08\xc6\x9fk\xe5\x96\xa1\xce\x0cP\x18vU\xa1\
P,Y\xb9\x05\xd8\xfd4y\x00\xa2\xf7B\xca%\x91\
\xb2\x03\x95\xb9\xa8\x16\x8f\xd1\xb2\x91\x09c+\xdd\x9c\xe7\
\x09U;\xfe\xdbl^7\x98$\xd9!\xad~Rr\
\x9c1\x81I\xadC#\xec\x13J\x9ccX\xae\xa1k\
\xc4^4U\xc2\xb6i\xcc\x7fSB\xc5\xf3O\x90F\
:n'\xa8c\xa2\xa0\x92q\xe2\xebx\xff\x84*\x14\
\x81\x92Q\x89\xd0\xb4i\x82\x12\xde\xf6\x06\x0df\xb4\x8b\
\xba\x05\x92\xb3\xb7\xf3QFE\x9c\xeb=='\xd8\x7f\
\x02=\x9a\x10\x8c%#\x84\x8atj\xb40H\xfe3\
\x82\xfb\xb6K.fm\x02\x18b?)\x90\x22MC\
\x0b\xe36'\x84\xe2\xd4\x11\x99\xcf\x97\xdf\xbb\x9f\xc1\xd5\
)\xe1\x8c\x9d\x12,\x9fcz~>d\xa6\x92+N\
\xee\x87\x85\x83&Dj\xfaT\xbc\xbe\xc4\xef\x17]\x9d\
\xdc\x1c\x09\xc6\xce\xe7\xca\x99\x7fN4H\x93%\x9b\x80\
\x80\xe2\x8d;\xa5L\xf6?\x87\x7ff\x06\xa14\x19\xd6\
\x12\xb9l\x03\xac\x97\xc0\xf2\x10 \x0d\x9b\xd5!6\xc7\
\xcf\x88\xc8\xa71\xeb>\xd0m\xed|\x8a\xb4\xd3V\xb9\
\x0b\xd6\x8d\x02\xc7F\x1c\x838\xee\xb4\xac\xba\xbe,\x85\
XA\xb5\xfa\xebwk)\xdc\xa8u\x1b\xedu5\xcc\
\x16\xeb]\x19V\xdd|>l\xa8\x1b\x00\xe8\xea\x82\xab\
\xf9\xc0a\xbf\xf6}\xd7m\xa0\xc6j\xd6uC\xb5\x22\
d\xa1\xc9@\xda\x1c\xe4\x06\xd8\xd4\x0e:T\xb3\xc1D\
\x0c\x14*\xd0\x19\xb8o\x86\x05\x0c\x0b\x08z\x98^\x07\
\xec\x86\xb0~\x98\xdcl\x13\xba@\xe56\x81m\x00\x0b\
\xf8T\xc4.\xaa\x00\xab\xc7w\xa0lye \x04\xeb\
\xf8\xeceY\x93\xd9T\x13t^\x91\xeeZ\xa2\x83'\
/\x85Xi\xe98\x9cP\x94\xc0\xabJ'&@\xaa\
\xb1)\xab\x06\x07\xa19\x1fmD\xcf\x8d\xe3\x83\xb2$\
\xee\xc7\xa0$&{\xc43d9Z\x9e\xdc H\xf2\
\x0d\xc2dPFy\x11\x9a\xe1\x94\x5c0\xb91&\x9e\
O\x7fT\xf1\x14\xe9\x06G2-0\x82(\xae\x97\x83\
\x81\x83\x13\x1c\x9b\xe4\x83\xa2\xa5\x0bR\xe2\x99\x0d\xa0\xc6\
}H\xff\xbbN\xde\x17\x1c\xa5l\x93rl\xeb\xcd8\
G\xf2\x982\x8a1\xc7}h\xf1P\xfa>\xe6\xfb\xba\
\x9f\x1c\x8d\xbb\x1cy\xd0?Cs3\xf3|d6\x08\
2\xfe\xd3\xa4R\xba\xdd\x12\xc3\xd9x\x08+\x10\xe5\x84\
\xd3\x98\xabsw\xac[\x85\x88\x0e`\xba\xf4\x94\x10\x94\
\xc9r\xe5\xbe\xaeC\x9b\x15_\x8c\x96DZ\x5cPQ\
\x01VE\x01\x15\xdez\xb8\x8doBE\xa7\x06J\x85\
m6\xa8\x9b*\x22\xfbP\xb9\x06\xed\xaf\xcbl\xfe\x02\
\xb6\xe77@\xe9\x01\x08\x8f\x8e\xef\xa9b\x8b\x02=2\
\xc1\x12\xc2\xa1PkU\x18 \xd1\xb0\xae3\x11\x0eP\
\xa9\x05e\xa9\x8a\xb5\xce\xb8\x19\xd8\xaf;\xad\x9b\x81\xba\
\x81\xf6\xc3|\xc0P\xb7V\xda-j]o\x86\xa1\xcc\
\xd9\x0f\xb5\x945\xdd\xb0\xe9\xfa\x99\x14\x12j\x15=m\
\xd6\x93\xab\x8eVf$\x8b\x96\xa2\xdcpN\xeaV\x05\
z\x15v\x00z_\x94\xda\x81\xba0h!j\x81\x96\
\xceIE\xe8\x0c\xaa\xe6\xa2\x8e%\xa4s$v\x99\x82\
\xb1\xc0\xce\xeaC\xb0\x8f\x80(\xa93\xd0\x98\xa8i\x5c\
\x86c\xa1\xa5\xa2\x05\x03e\xe9xc\xb4P\x1d\x16\xe7\
+\x80!\x8e\xd1\xc9\xf9\xc1$\x16\xcc\xab\x8d@\x01\x14\
@j\x10}\xde\x03'E\xbd\xe4um<\xa7\xc1\x8f\
\x0c\x8e\xe7\xbd\x86\xc9\xb5\x92\xc7er\xbc\x9c|~\xe4\
kK\x5c+\xbc\x8b\x8a\xf1s2i\xfb\xe1\x84`\xe3\
\xb8\xecd\x99v\x03\x82\xf1\x9b\x0c\x0cA\xa4\x0a\x9fC\
\x1a\xe7fZ\xa2h\xacI\xac\xa3f@A=\xe2m\
\x16\xe7\x0e002\x87&\xeb .\x80R<\x22\xda\
 \xab\x06Vn\x12~\x22d>K\xa0\xfa1\x05\x1a\
G1\xdeil'\xe8\xaex\x7f\xc6\x82:Y#\x17\
\xd0\xaa\x1am\x94\xfc\xba\xde\xca>\xee9S*F:\
\xcbs\x0c\x12\xaf\xcbx\xe3\xf4\x00\x01\xc8v\x0a*\xd0\
\xd6\xe9J\xa0b&\xa8J\x15v\xa0\x0bF\xb5\xa8U\
\x1a\x00\xa9\x90\xae\xa2\x9cjtS\xban\xa8\xd5\x00\xb3\
\xae\x80\xa5\x9a\x0d\x22\xb2\xe9;\x1d`\xb2QH\x85\xe8\
 \x85\x9bb\xbaF\xa7\xb5\x93\xb2\x19:\xaeg\xb5\x0c\
\x83\xf6\x1b\xf4\xd8\x98\xaa)t\xbde\xc3Fko]\
\xbf\xb4\xc3\x83~\xb0\xf9\x81\x9d\xb2E\xe9.^\xdc\xac\
\x0e\x0eN\x97k\x00\x86e-;\xb6[(&&{\
j\xa4\x9a\x88R{\xadUz.L\xb9\xa4\x92,\xec\
\xac\x00,\xa1\xb5C{\xb3\xc3\x06\x053t\xe2A\x8e\
\x82\x01\x0aA\xa9\xee\xc9\xd7R\x80Z5\x98S'\x8b\
\xab\x82R\x0bP\xac)\x84\x02\xa2\x82p\xe1\xe2\x04P\
\xa0\xa8\xf17\x00\xa8EPj0e\x10Y+v<\
\xf1C\x94\xd8\xcc\x1a\xe7\x16X\x1cK\x94 \x91\xf1G\
\x5cqM6\x7fd\x96\x91\xc1B'\xa06\x02\x17\x14\
\xd4\xb8V\x9d\x1cq\xfb=\xa6(\xa1\x00\xd0\xb8\xdfD\
\xd0\x01\xfe}\xb5\xf8[\x10\x7f5D\x95\xd5m\xc7\x13\
\xa8\x12\xb7\xbcM\xe8\xb4\xcf\xe98-\x13A!(\xf1\
}\xc5\xe4\x5c\xfa\xb7\xa5\xf8u\xab\xc8d\xcd\xc6{\x17\
*|\x07\xfc9J\xca\xa7j~n\x13X\x9f\xfd#\
\x00\xaa\xa6\xe8\x0f%\xd1\x18\xffN\xeb\x91\xef\xe1\xdfq\
Lt\x02\xaazd\xbd\x12,l\xb2\xda\xff\xcav\x8d\
\xd2\xde\x0f#fG\xd4I\xe7\xbd\x148y_G\x8f\
\xeaq\x87\xf1\x1a\x10\xa0\x1b\xe9\xa4\xbdG\xd7\x90_\xac\
-\xc3\xd3\xed\xb4\x9f\x89\x5c\xa5#\x04\x86*\x86\x81\x0a\
\xd1*\xbdT\x9aAU\x07h7t\x00(Z{-\
C\xdc\x91\x22\xa5\xcaP\xebZKE\xd7\x0f[:T\
\xd1m\xf6\xbd\x0dZV6[\x8a\x1d\x95y\xd5~i\
v\xd8\xd9\xa6?\xb0\xd9\xce\xfd\xd5\xfak\xdc=\xdfs\
\xe7\xea`8xp#\x8f<\xf2\xc8,s\x00\x96\xcb\
3e8\xbbr\xf1v\xb5J=\xb5Q\xdc\x04lg\
S\xac\xd6\x02F\x07\xdbZ;\x92\x9a\xbf#\xe1\xf2q\
\x13\x0ae\xdcp\x16\x00\xb2\x89c\xfa\xc9Fn\x22?\
\x22~\x0b\x22\xe9\x19\x15\x8b\xd3\x8dW\x0cm\xc7\x80\x0e\
\xc4\x10\x8b\xeb\xf5\x8c\x16\xc7L\x89}\xfc\xe9\xa6\x9b\x05\
\xc1\xd0~\xb7\xc95G\x13`h\x9f'\x8cu\xe2\xf7\
\xa9V\xc8\x1f\x9d|\x1f0\xba\x9d3=&\x7f\x88\x93\
(\xe1v\x22\x9f\x9e{\xa7k\x09>\xfbg\xfal\xad\
\x17\x01\xa6\xeb\x08\x98\x03\x8fn\x14 ][\x13\xdev\
\xae\xdev\xbe?G\x17\xbf\x0fq\xbf.\x8f\xeb\x00\x0c\
\xf9/\x81\xa9H\xed\xca\xf8\xf9\x04c\xdf\xfe\xec\xd3=\
\xbc\xfd_\x84V-\x93\xef\xa7\xeb>\xbdv\xdew\xf2\
'!\xb0!z!\xd8\x8d\xa1\x83\xe1\xb6\xc3\xe2`\xa0\
\x93\xb1zV89\xe8$*\xb8\xfd\xa7o\xe7\xbb!\
\x22\x839]\x03\x10\xb1\x89i\x84~&\x04zB\x06\
\xc3F\x0c3!6 fBQ\xadMPlJ\xc5\
B\x08\xefs@)\xc5d\xbd\xa9\xa2\xc5\xa4\x9bUQ\
%\xf4\x88\xdau&\x87\xbdi\xe9\xa8\xfd\x81u\xf3\xb9\
\xf5\xdb\xdb\xb6\xb8v\xd6f\xb3g\xf8\xe4\xd6\x16\x1f\xdb\
\xdd\xe5\xa5K\x97\xf8\x8e+W\xa4\xdb\xda\xda\xe2\xc5\x8b\
\x17\xed\xea\xd5\xab\x0a\xec\x01K\xd4\xf5z\xad\x98\x03\xb6\
4\xb1\xd9\x05\x19\x8e\x974\xab\x15\xa0\xd8\xce\xa0,\xa5\
\xd2Li\xa6r\x5c\xfc\xfbE-T+\x00\x84\xb4\xdc\
 !\xad\x88\x88\xcd\x01\x84`\xc0\x1a\xc0\x0c\x90\x99\xac\
t\x0d\xf8o\xa8Ad\x15\x81\x0cF\xa6#\xa5-\xaa\
H\x8dSZ\x0e\x81oE\x18\x8e\xfd\x04\xd2n\x90\x92\
\x9d uR\x09\x9d\x97N\x01\x90N`b=e \
\x16\xf4\x006\xd3t\x82P+\xb38n\x0d\xa0\xa7\xc4\
\xb5\xa7p:5\xed\x08\x05G\xe2\x0eF\x147\x01z\
\x16l\xa2\xf6\xa5\x8f\xeb\xfa\xf5\x12jO\xd6\xa3]+\
\xdf7\x8e\x95\xea\xf7:A\x9c\xa3\xf7\xcb\x8f\x0b\xf3\xa7\
\x17\xf4Pl\xe2\x18\x81\xa1\x9f\x08\x5c\x7f\x16\x8dc\xd0\
\xd6u#\x03\xc0\x10\xc62\xb4\xfd\x11\x16l\x00\xf45\
<e\x95n\x16a\x03\x11\xc3\x9a\x8a\xbe\x04M\xa4\xf7\
k\x1d\xef5\x13`M\xa7\x81)B\xf9,aW\x9d\
y p:\x92\xf1zy\x8c\x18F\xa1\x13k\xc1\xc9\
=\x09\xa0\x00\x03|\x98\x03\xfb\x02\xac\xe1F\xe6\xcc\xf7\
M6\xc4\xaa\x8f\xfd]\x03k\x08f\xbd\xf8\xfa\xae\x01\
\xccF\x0f\x9ew\xd0\x1e\xdc\xb7\xd0\xab\xbf\x07\x00\x9b\x09\
fA\x1b\xa0\x82={l\x0c\xb3^\x01\xd8Fu\xc0\
\x1a\x98\xcdrW\x07\x803\x88\xd5\x01\x22\xe64\xb0\xa0\
pm\xe0\x16\xa0k\x93\xb9\x1a\xa0\x94#\xa1\xe8\xca\x80\
\x1d\xc8\xd9\xd3\xb5\xac\x86A\xd1\xb9\xef\x15\xc6\x02\x18v\
\xce\xa2\xdb:\xb0\xf2\xd29\xe2\x1c\xb0\xb8v\xd6>q\
\xdfq}\x0c\x17\x01\x00\x8f?\xfe\xb8\xe1\xado\x95\xc7\
|\x81\xde\xa6\xc0\xdb\x05\x00\x1e{\xec19\x88T\xe0\
\x5c\xf9\xc3\xc3C\xad\xb5\xcaj\xb5j\x12\xbc\xd6\xaa\xb5\
V\x05\xce\x08\xb0G\x00bf\xea\xa9\xbe;\x0a$2\
8\x14rKT\x97\x95\xa4N\xd1\xc2q\x12\xe6\x18{\
\x8fm\x8c\x85\xbd\x1d\x01,\xe3\xef\x8b`\x84%\x80\xc5\
D\x08,A\x80\x8ay\x1c\xb7JF\x11b\x01L\x8e\
\x9b\xfeL\xb5\xe4\x1d\xb4M\xfe\xade(\xe3\x0e\xc7M\
\x080\x9f\xbb\xf9\x09,\xbe\x9b\x5c\x8f\x93\xfb\xc9\x94X\
\xf3\x9ar\x07\xa2\xbe\xc3\xcfD\x08\xf8\xb5x\x87\xbfO\
\xde!m\xcf\xf6w\x9d\xfc\xdd0\x07\xb0\x020:0\
\xf3}\x04s0\xfef\xb7\xbd\xa3\x9f?o\xd7\x9a\xee\
\x9b@\xc4},\xa3sw\x14\x90\x22\x86\x11\x01~.\
T\x15\xcf\xb7\x10\xc8j\x148\xedz\xf3\xd8\x97%\x81\
\xb9;\x1dee\xe0|z/L\xae{'D5~\
/\xb1>I+\xd3\xe7\xbb]\xd1\x00\x82\x05\x80U\x9c\
3\x9f\x0bV+b>\xbf\x1d\x99\x09de\xc0\x02 \
u\xa1Z\x97\xa2\x06\x08\xb7N\x1c%\x14u\x8b\xbb\xfd\
\x1e\xe3\xc7E\x94\xa2J\xf1\x8eD\xb1>71;\xda\
\x19\xban\xcbJ\xe9O\xac\xd9bq\xcd>1\x9b\xf1\
\x11\x00[[[|\xe2\xa1\x87\xeeP\x0a\x0cL\xcb\x81\
O\x12\xcbc\x8f\x09\x1e\x7f<\x0e~L\x1e}\xf4@\
\xf6\xf6\xf6\xf4\x13\x9b\x8d<\xdc\xf7<<<,f&\
\xaa\xca\x1c\xc0if\x12\xff\xa9\x99\x9d\xb0\xf7\xf6\xe2\xdf\
3\x00\xf6\xf2o'\x19\xff\xb3\xe1\xef\x01\x80]\x08\x0e\
@\xecPq\x08`\x07\xc0\xa1\x10;\x14\x1c\x06\x83\xef\
\xc4\xb9\x87S-\x1d\xc7\x02\x82\xc3d\x0e\x8a\x9f\x7fb\
\xd5o_\x94)A\xdc\xce\x8cy\xfc\xe7\xf8\xb9#\xd3\
\xde&$\xa6L\x9bPp_\x80\x9d;\xd9\xc7\xb7\x13\
\xefm\xcf\xfd\xb9\x04\xc0T\xc0\xe4u\xee(\xc0\x04\xdb\
\x14\x1c}\xd6{M>O\x85\xc4\x04-\x8d\xf7\x1b\x05\
E\xbb\x16<\xd6\x03\x00G\x13\x81\xb3\xd3\x18\xd7\xef\xe1\
\x0c\xe6\xe7\xecL\x98K\xe4$\x02Hft\x8112\
\xe6\xed\x8a#\x9f+QB\x9e{'\xdaR\xad\xfe,\
\xbb\x04\x0e$\x1f\xd0\xdf\xe9\x00\xc0\xce\xf4|@\x8ex\
\xe2\x18\x06\x0dK@\xf2\xfc\xfdNB8iv\x17\xc0\
\xbe)\xb4\x1b\xa0\xc5\xb0k\x82\x03%h\xb2\xbbK\xd1\
R\xac\x1c\xce\xaaY\x15\xd5B\x9c\x9b<\xee^o\xaa\
\x85v\xbeJws\xee\xebs7\xb0\xd8;W\xfb\xfe\
9~\x02\x00\xce\x9c\xb1G\xb2\x86gk\x8bx\xe8!\
\xc3\x95+\x82\xb7\xbc\xc5\xf0\xf6\xb7\xdfIi\x11\x80t\
\xe3/o-\x80K\x89\xc7\x00y\xbc\xd97\x8f\xcb\x13\
\xbb\x8f)\x9e\x80\xe1Q\xe0\x13\xc7\xc7\xf20P\x97\xcb\
\xa5\xd6Ze\xb1X\xd4\xa7\xfb\x9e\xf7\x84P\x00`\x9b\
\xcd\xa6d\xa6Y\xa6\xe7_\x10\xe1\xcb\x19\xb2Qex\
\x5cOJ\xe0\xe9\x03\x9e\x89\xcfg  \x0dg$3\
T\x89C\x00\xa7\xc7\x841 ~\x9fJ\xe9[w`\
\xd6\xc3\xc6\x08\x93{\xaa\x01v'M\x84\x91q\xd4\xdc\
[\x0c\x19\x8fo&\x01O2\x98\x05\xe4\xbf\xdd\x04\x98\
\xfe-\x7fJ\x05\xce\x01\xa8\x13\x87\xdc\xed\xd7\xcd\xcf\xe3\
C\xe1\x84`j\x01\xe5\xc9\xfd\xf2\x9c\xe9\xfd\xa6\xc7\xd1\
\x9f\xffh\xfa\xec'\xeeg'\xef\x91\xd7\xd1:~_\
\xaa\x7fW\x15\xa0:\xf3SpZ\xe8ko\x1a\xc7\xfb\
\x1e\x9aicz/1t\x86>\x15{\x98\x7f\x9bf\
(\x8e\x0c\x9f\xdf'\xf3\x9fDESaP\xca\x14)\
\x9cd\xe4\xbcg\xa3\x93c\xf1\xc1\x08B\xd8\x91?\x9f\
\x14\x02\xcb\xf1\xdef\x8a\x9c\x02,\xab\xf8=\xcc\x1f\xee\
\x0a\xf40\x9e\xe5L\xdcv\x8f\xe0\xa9Q\xa0/\xe1\x1e\
\x9ee1\xf4\xf1\x1ceV\xb1\xbaA\x943\x0a\x00\xfd\
\x12\xb0\xd3UT{\xeb\xba\x85\x0f[\xd9\x03\xba\xce\x99\
\xdd\xee\x1e\xa4\xbb\xb1e\xb8\x05w\x15\x97\x97\x88\xeb\xf7\
\x03\x05\xf8\xc4\x993\x86\xdd]\xe2\xe0@\x9e\xdc\xda\x22\
\x1ez\xc2p\xe51\xbf\xcf\xa5K\x8c\x1e\x00\xb7\xd1\xfc\
\xc8g\xb7#\x80\xdb\x7f\xf2\xc0\x08\x93\xbd\x95\xc0;\x04\
\x8f>*8>\x96G\x00<\xf9\xe4\x16\x81c\xc1#\
\x00n\xdd*\xf7\x03\xa8\xb5\xca\x0b\x91j\x88Z\x05\xd3\
\xcffr\xd1L\xae\x8eB\x00\x98~\xce\x9f\xab\xca\x08\
\xd1\xb0\xcd/\xb8\x18\xc7\xbd<9\xee\x02\x80\x97[\x08\
<\x8e\xb7\xcf\xf1>\xca\x93\x9f_\x8a\xe3.N\xce\xcd\
\xef/\xc8x\xfc\xd5X\xc0\xbb\x05xir\xbd\x8b2\
\x9e\x97\xf7\x07\x80\x97\xf3>-\xd0\x15\x0f;y>\xe5\
x]\xa8?\xc3U\x8e\xd7\xec\xcc\xdf\xfb\xe5`\xc6\x8b\
\x00\xae\xe2\xe4\xb5\xa6?/O5\xf4d_/\xdc\xf6\
\xfeW\xe3\xdcf\x17\xa7\x90\xcbw\x9d\xac\xc7\xed?/\
\x9b?\x1f\x00\x5cM\xdf\x84\x00\x17\xd4\xcf\xaf\xeaQ\x1c\
\x8b\xeb\xf7u\x5c\x97:\x0d\xd3r<\x1eh\xe7\xb4\xbd\
\x9c\xae\xe7\xed\xdf\x07-\xe4k\xbd\x0c\xe0\x9cy\x08\xaf\
\x14\xc3\xf5b\xb8`\xd2h*\x19\xf9N\xf46\x150\
\x00N(\x90;}\x9e^cz]\x00\xb0\xb8g~\
\xce\x1f\xd2\x9fkzL\xd7\x8d\x02l\xfaL\x80G\x5c\
J!\xf0J\xa0\x7f\x8e\x98\xcd\x88\xc3CE\xdf\xfbg\
\x00\x0f\xaf\xd7\xf2\x89\xd9\x8c\xb8x\xd1\x02\xa9\xfb\xb9o\
}\xabL\xa0\xfet\xff>\x87\x19yg\xc6\xffl\xc8\
t\xd2D\x08\x82=!MF\xc2{\xf4Q\xc1\x13\xc7\
\x02l\x11\x8f\x1c\x0b\x9e\x9c^\xe6I\x00\x0f\x0b\x1e\xdc\
\x08\x9e\xee\xe9\x9e\xff\xb4_6\x02<\x0d\xe0A\xdc\xf6\
\x1d\x81\xfb\x93P\xe8\xc7\xdc/-Dw\x7f\x15<[\
8\x1e\xf7\xec\xe4y\xee\x17\xff\xfdA\xf8y'~>\
\x1b!\xa4}\xea\xe7N\xaf\xf5\xb9\xd6\xe8\xce0t\xfc\
\x99\xfa\x18>\xd7\xfd\xa7L;\x85hw:\xfes\x1d\
\xf7\xb9 \x1e\xf0\xd9\xf7\x9f\x08\x9d;\xdec\xfa^w\
:\xef\xf6}\x07\x1a=\xdc\x0f_\xb3\xdc\x9f\xa7'\xc7\
?\x08w\xf4V\x01f\x16N\xdf\xf8\x890c\xfb\x0c\
\x8c\xb4\x90\xdf?\x1bD\xfc`\xfc>=\xbf\x0a\xee\x01\
\xf0B\xe1$t\xeb\xdf\xdf\x0f8}\x00\xb8g\xadx\
a\x16\x1e\xf9\xa5\xb6\xbf\xdd_\x05\xb5\x0a^\x98\x19\xee\
\x8f\xeb\xa6\xe2\xdal\x14}ox\xb6\x10\x0f\xe6e\xe3\
x\x00\x98\xcd\xac}.\x85'\x14\x1e\x00\xac\xd7\x8a\xd9\
\xcc\xda\xe7\x9d\x9d\x9a\x8c\x8c'\x01<\x02`\xbd\x96\xf6\
\x1d\xe0\x10>\xb4:vwO\xd2\xdf\xe3\x97\x08\x5c\x11\
<\x06\xe0\xf1\xb7\x18p\x02\xde\xdf\xbe_w\xe2\xe5\x13\
?\x9fK\xf3\xff\xffs\xac\x00o\x15\xe0\x1dS\x9bm\
\x22\x04\x9e\x08\x02y4\x08\xed\x09\x02\x8f\xa8\xbf\xf5\x09\
\xcdH\xe0\x91\xb8\xf6\x93\xf1\xb0\x8fH|\x9e\x0a\x1b\x02\
\x0f\x0b\xf0\x89\xc9\xfdn\xff\xfd\x8e\xce\xbc\xe9s\xdf\x09\
\x0e\x19\xee\xf8n'\x98\xf7N\xce\xc2\xcf\xc5\x88\xd3\xe3\
\xa6\x9bp\xa7\xf3\x87\x93\xef\xf7Y\xef\xf1\x9f\x83o\x93\
D\xa0;>\xd7\xed\x04q\xfb\xf9\x9f\xeb\xfb\xe9\xfb\xea\
\x1d\xbe\xe7\xe4s\xfeL\x1d\x8a\xd3u\xb8\xc3\x1e\x02\xc0\
\xc3\x00>\x11\xc7<\x18B\x1e\x88\xcf\xb7G\x01\x08<\
\xa8\xf1\xfd\xf4\xddo;?\x05\xc3\xd3\x93\xe0\xff\xc3\xf1\
\xef&\xfeM\xc5\x12\xcc\xf6\xe0\xa1\xba^He49\
&\x95\xd4\x83\xf1\xfd\xd3SG[|\xf7 \x80\xbe'\
>\x91\xaf4\xa3+\xbe'\x04\xeb\x87\x9d\xa9\xd7k\x81\
\x1b\xe9\x86G\x8e\xc5\x7f?\xe3\xef\xf8\xc8\xb1\xe0\xc9-\
\x9e\xfc\xfc\x84\xe1\xd1G\x15O\xec\x12x\xdc\x80\xb7\x0a\
\x1e\xbb\x22x<>\xfb\xc1Dt\xec\xb9m\x1fn\x17\
\x00\xf9\xdd\xe7\x14\x02\xffg\x05\xc0\x9d\x98jJhA\
\x08\x8f\x09\xf0\xf8\x7f\x8e\x08o?\xefN\x9f\xa7\x0f}\
{T\xe0\xf6\xe7\xba\x13\x13\x7f\xaeg\xcf{$a\xfe\
\xe7\x18\xe7s}\xbe\xfd\xda\x9f\xeb\xef\xff\xbf\xce\xcf\xcd\
\xbb\xfd9\xa6\xc7O\x9f\xfbs\xed\xc1\xe7\x12f\xff\xb9\
g\xba}\xddn\xff\x1e\x18\x87HL\xaf\x8f\xdb\xce\x9d\
\xa2\x89;\xdd\xebv\x01\xf0\xb9\x04\xd4\x9d\x84\xdc\xf4\xfd\
\xa6\xc2\xe7N\xeb%\xc0\xa3tE\x93\xdf=\x22\xc0\x16\
\x81'&\xcf;U.\x8f\xc4s?\xc9\xc9\xb1q\xde\
\x93\xf0\xebeD,\xcfy\x0c\xa3\xe3p\xfa\xf3\xc4\x1d\
\x9e\xfbQ\xf1\xf3og\xf2\x87\x0cx\x07\x82O\xe2\xd8\
\xb7\xd2\xbf\xcbk\xbc\x0d\xa1\xdd%>O\xd6\xe8\xad\x92\
\xfe\xba;\xac\xd5\xff\xa9\x9f\xff/fpA\xdc\xfc\xc7\
\x9aw\x00\x00\x00\x00IEND\xaeB`\x82\
\x00\x00\x02U\
<\
svg xmlns=\x22http:\
//www.w3.org/200\
0/svg\x22 viewBox=\x22\
0 0 24 24\x22>\x0a\x0a<ci\
rcle cx=\x2210\x22 cy=\
\x2210\x22 r=\x225.5\x22 str\
oke=\x22currentColo\
r\x22 stroke-width=\
\x221.8\x22 stroke-lin\
ecap=\x22round\x22 str\
oke-linejoin=\x22ro\
und\x22 fill=\x22none\x22\
/>\x0a<path stroke=\
\x22currentColor\x22 s\
troke-width=\x221.8\
\x22 stroke-linecap\
=\x22round\x22 stroke-\
linejoin=\x22round\x22\
 fill=\x22none\x22 d=\x22\
M15.5 15.5 21 21\
\x22/>\x0a<path stroke\
=\x22currentColor\x22 \
stroke-width=\x221.\
8\x22 stroke-lineca\
p=\x22round\x22 stroke\
-linejoin=\x22round\
\x22 fill=\x22none\x22 d=\
\x22M16.5 9.5 20.5 \
13.5\x22/>\x0a<path st\
roke=\x22currentCol\
or\x22 stroke-width\
=\x221.8\x22 stroke-li\
necap=\x22round\x22 st\
roke-linejoin=\x22r\
ound\x22 fill=\x22none\
\x22 d=\x22M20.5 9.5 1\
6.5 13.5\x22/>\x0a\x0a</s\
vg>\x0a\
\x00\x00\x01\xc8\
<\
svg xmlns=\x22http:\
//www.w3.org/200\
0/svg\x22 viewBox=\x22\
0 0 24 24\x22>\x0a\x0a<ci\
rcle cx=\x2212\x22 cy=\
\x2212\x22 r=\x228\x22 strok\
e=\x22currentColor\x22\
 stroke-width=\x221\
.8\x22 stroke-linec\
ap=\x22round\x22 strok\
e-linejoin=\x22roun\
d\x22 fill=\x22none\x22/>\
\x0a<path stroke=\x22c\
urrentColor\x22 str\
oke-width=\x221.8\x22 \
stroke-linecap=\x22\
round\x22 stroke-li\
nejoin=\x22round\x22 f\
ill=\x22none\x22 d=\x22M1\
2 4a8 8 0 0 1 0 \
16\x22/>\x0a<path stro\
ke=\x22currentColor\
\x22 stroke-width=\x22\
1.8\x22 stroke-line\
cap=\x22round\x22 stro\
ke-linejoin=\x22rou\
nd\x22 fill=\x22none\x22 \
d=\x22M12 4v16\x22/>\x0a\x0a\
</svg>\x0a\
\x00\x00\x03\x8a\
\xef\
\xbb\xbf<svg xmlns=\x22ht\
tp://www.w3.org/\
2000/svg\x22 width=\
\x22980\x22 height=\x2218\
0\x22 viewBox=\x220 0 \
980 180\x22 fill=\x22n\
one\x22>\x0a  <rect wi\
dth=\x22980\x22 height\
=\x22180\x22 rx=\x2220\x22 f\
ill=\x22#1F2227\x22/>\x0a\
  <g transform=\x22\
translate(24,30)\
\x22 stroke=\x22#00AEE\
F\x22 stroke-width=\
\x223\x22 stroke-linec\
ap=\x22round\x22 strok\
e-linejoin=\x22roun\
d\x22 fill=\x22none\x22>\x0a\
    <path d=\x22M36\
 92 68 20 114 90\
 70 110z\x22/>\x0a    \
<path d=\x22M68 20 \
148 32 114 90\x22/>\
\x0a    <path d=\x22M1\
48 32 178 60 152\
 104 70 110\x22/>\x0a \
   <circle cx=\x223\
6\x22 cy=\x2292\x22 r=\x223\x22\
 fill=\x22#00AEEF\x22/\
>\x0a    <circle cx\
=\x2268\x22 cy=\x2220\x22 r=\
\x223\x22 fill=\x22#00AEE\
F\x22/>\x0a    <circle\
 cx=\x22114\x22 cy=\x2290\
\x22 r=\x223\x22 fill=\x22#0\
0AEEF\x22/>\x0a    <ci\
rcle cx=\x22178\x22 cy\
=\x2260\x22 r=\x223\x22 fill\
=\x22#00AEEF\x22/>\x0a  <\
/g>\x0a  <text x=\x222\
50\x22 y=\x22100\x22 fill\
=\x22#E5E9F0\x22 font-\
family=\x22Segoe UI\
, Inter, Arial\x22 \
font-size=\x2264\x22 f\
ont-weight=\x22700\x22\
>3DXFlat Advance\
d</text>\x0a  <text\
 x=\x22252\x22 y=\x22132\x22\
 fill=\x22#9AA4B2\x22 \
font-family=\x22Seg\
oe UI, Inter, Ar\
ial\x22 font-size=\x22\
24\x22>Precision 3D\
-to-2D Surface F\
lattening</text>\
\x0a</svg>\x0d\x0a\
\x00\x00\x00\xdb\
\x00\
\x00\x03Ox\xda\xc5\x93=\x8e\xc20\x10\x85\xfb\x9cb\
4}\xe2\xbf\xb0Y\xad\xe2\x14\xd0\xd0lK\x1f\x11/\
6k\xec\xc811\xda\xd3c\x10B\xec\x05\x884\xc5\
\xbc7#}o\x8ai\xa7\xf9\x00\x97\x93u\x93D\x1d\
\xe3\xf8EHJ\xa9J\xa2\xf2\xe1@8\xa5\x94\xe4\x0d\
\x84\xd9\xa8\xb4\xf6\x17\x89\x14(\xf0:\x17vE\xd1\x8e\
}\xd40\xc5\xe0\x7f\x95\xc4\xfd9\x04\xe5\xe2\xc6[\x1f\
\xf0\xe1\x96\xc9\x0cQKd\xd5\xe7\xd3\xb2\xc6\xa9}?\
J\x0c\xfe\xec\x86\x7f\xf6\xd1\x1b\xf7\xf4\x7f\x8c\xb5\x12\x9d\
w\x0aa\x90\xf8\xdd\x80\xd0\x8d\x15 f\xb6\xea9p\
\xb8eae\xee\xb6\xcd\xab.\xf9\xeee\x0eY\xff!\
\xe9\xde\x1c\x96\xd59\xa7\xd0b\x01r>\x9a\xebf\x19\
\xf0j\x09p\x0dL\xe8\xfa\xfd\xdc\x0f`l\xbes\x8b\
\xf6\xf6&]q\x05\xe2\x9c\x14\x1e\
\x00\x00\x02_\
<\
svg xmlns=\x22http:\
//www.w3.org/200\
0/svg\x22 viewBox=\x22\
0 0 24 24\x22>\x0a\x0a<pa\
th stroke=\x22curre\
ntColor\x22 stroke-\
width=\x221.8\x22 stro\
ke-linecap=\x22roun\
d\x22 stroke-linejo\
in=\x22round\x22 fill=\
\x22none\x22 d=\x22M12 15\
.5a3.5 3.5 0 1 0\
 0-7 3.5 3.5 0 0\
 0 0 7z\x22/>\x0a<path\
 stroke=\x22current\
Color\x22 stroke-wi\
dth=\x221.8\x22 stroke\
-linecap=\x22round\x22\
 stroke-linejoin\
=\x22round\x22 fill=\x22n\
one\x22 d=\x22M19 12a7\
.2 7.2 0 0 0-.1-\
1l2-1.5-2-3.5-2.\
4 1a7.5 7.5 0 0 \
0-1.7-1L14.5 3h-\
5L9.2 6a7.5 7.5 \
0 0 0-1.7 1l-2.4\
-1-2 3.5 2 1.5A7\
.2 7.2 0 0 0 5 1\
2c0 .34.03.67.08\
 1L3.1 14.5l2 3.\
5 2.4-1c.52.42 1\
.1.77 1.7 1l.3 3\
h5l.3-3c.6-.23 1\
.18-.58 1.7-1l2.\
4 1 2-3.5-2-1.5c\
.06-.33.1-.66.1-\
1z\x22/>\x0a\x0a</svg>\x0a\
\x00\x00\x01\xce\
<\
svg xmlns=\x22http:\
//www.w3.org/200\
0/svg\x22 viewBox=\x22\
0 0 24 24\x22>\x0a\x0a<re\
ct x=\x225\x22 y=\x225\x22 w\
idth=\x2214\x22 height\
=\x2214\x22 rx=\x222\x22 str\
oke=\x22currentColo\
r\x22 stroke-width=\
\x221.8\x22 stroke-lin\
ecap=\x22round\x22 str\
oke-linejoin=\x22ro\
und\x22 fill=\x22none\x22\
/>\x0a<path stroke=\
\x22currentColor\x22 s\
troke-width=\x221.8\
\x22 stroke-linecap\
=\x22round\x22 stroke-\
linejoin=\x22round\x22\
 fill=\x22none\x22 d=\x22\
M5 10h14\x22/>\x0a<pat\
h stroke=\x22curren\
tColor\x22 stroke-w\
idth=\x221.8\x22 strok\
e-linecap=\x22round\
\x22 stroke-linejoi\
n=\x22round\x22 fill=\x22\
none\x22 d=\x22M10 5v1\
4\x22/>\x0a\x0a</svg>\x0a\
\x00\x00\x01d\
<\
svg xmlns=\x22http:\
//www.w3.org/200\
0/svg\x22 viewBox=\x22\
0 0 24 24\x22>\x0a\x0a<pa\
th stroke=\x22curre\
ntColor\x22 stroke-\
width=\x221.8\x22 stro\
ke-linecap=\x22roun\
d\x22 stroke-linejo\
in=\x22round\x22 fill=\
\x22none\x22 d=\x22M14 3l\
7 7-3 1-2 7-2-2-\
6 6-2-2 6-6-2-2 \
7-2 1-3z\x22/>\x0a<pat\
h stroke=\x22curren\
tColor\x22 stroke-w\
idth=\x221.8\x22 strok\
e-linecap=\x22round\
\x22 stroke-linejoi\
n=\x22round\x22 fill=\x22\
none\x22 d=\x22M9 20l-\
5 1 1-5\x22/>\x0a\x0a</sv\
g>\x0a\
\x00\x00\x02\xae\
<\
svg xmlns=\x22http:\
//www.w3.org/200\
0/svg\x22 width=\x2248\
\x22 height=\x2248\x22 vi\
ewBox=\x220 0 48 48\
\x22 fill=\x22none\x22>\x0a \
 <circle cx=\x2224\x22\
 cy=\x2224\x22 r=\x2220\x22 \
stroke=\x22currentC\
olor\x22 stroke-wid\
th=\x221.5\x22 stroke-\
dasharray=\x222 4\x22 \
opacity=\x220.4\x22/>\x0a\
  <path d=\x22M8 24\
C8 15.1634 15.16\
34 8 24 8C32.836\
6 8 40 15.1634 4\
0 24\x22 stroke=\x22cu\
rrentColor\x22 stro\
ke-width=\x222.5\x22 s\
troke-linecap=\x22r\
ound\x22/>\x0a  <path \
d=\x22M40 21L43 24L\
40 27\x22 stroke=\x22c\
urrentColor\x22 str\
oke-width=\x222.5\x22 \
stroke-linejoin=\
\x22round\x22/>\x0a  <pat\
h d=\x22M8 27L5 24L\
8 21\x22 stroke=\x22cu\
rrentColor\x22 stro\
ke-width=\x222.5\x22 s\
troke-linejoin=\x22\
round\x22/>\x0a  <circ\
le cx=\x2224\x22 cy=\x222\
4\x22 r=\x223\x22 fill=\x22c\
urrentColor\x22/>\x0a \
 <circle cx=\x2224\x22\
 cy=\x2224\x22 r=\x226\x22 s\
troke=\x22currentCo\
lor\x22 stroke-widt\
h=\x221\x22 opacity=\x220\
.6\x22/>\x0a</svg>\x0a\
\x00\x00\x02Z\
<\
svg xmlns=\x22http:\
//www.w3.org/200\
0/svg\x22 viewBox=\x22\
0 0 24 24\x22>\x0a\x0a<pa\
th stroke=\x22curre\
ntColor\x22 stroke-\
width=\x221.8\x22 stro\
ke-linecap=\x22roun\
d\x22 stroke-linejo\
in=\x22round\x22 fill=\
\x22none\x22 d=\x22M4 14v\
4a2 2 0 0 0 2 2h\
12a2 2 0 0 0 2-2\
v-4\x22/>\x0a<path str\
oke=\x22currentColo\
r\x22 stroke-width=\
\x221.8\x22 stroke-lin\
ecap=\x22round\x22 str\
oke-linejoin=\x22ro\
und\x22 fill=\x22none\x22\
 d=\x22M12 3v11\x22/>\x0a\
<path stroke=\x22cu\
rrentColor\x22 stro\
ke-width=\x221.8\x22 s\
troke-linecap=\x22r\
ound\x22 stroke-lin\
ejoin=\x22round\x22 fi\
ll=\x22none\x22 d=\x22M8.\
5 10.5 12 14l3.5\
-3.5\x22/>\x0a<path st\
roke=\x22currentCol\
or\x22 stroke-width\
=\x221.8\x22 stroke-li\
necap=\x22round\x22 st\
roke-linejoin=\x22r\
ound\x22 fill=\x22none\
\x22 d=\x22M6 14h12\x22/>\
\x0a\x0a</svg>\x0a\
\x00\x00\x01m\
<\
svg xmlns=\x22http:\
//www.w3.org/200\
0/svg\x22 viewBox=\x22\
0 0 24 24\x22>\x0a\x0a<pa\
th stroke=\x22curre\
ntColor\x22 stroke-\
width=\x221.8\x22 stro\
ke-linecap=\x22roun\
d\x22 stroke-linejo\
in=\x22round\x22 fill=\
\x22none\x22 d=\x22M14 4l\
6 3.5v7L14 18l-6\
-3.5v-7L14 4z\x22/>\
\x0a<path stroke=\x22c\
urrentColor\x22 str\
oke-width=\x221.8\x22 \
stroke-linecap=\x22\
round\x22 stroke-li\
nejoin=\x22round\x22 f\
ill=\x22none\x22 d=\x22M1\
0.5 10.5l-4-4v9l\
2.2-2.2L10.5 17z\
\x22/>\x0a\x0a</svg>\x0a\
\x00\x00\x02\xfd\
<\
svg xmlns=\x22http:\
//www.w3.org/200\
0/svg\x22 viewBox=\x22\
0 0 24 24\x22>\x0a\x0a<pa\
th stroke=\x22curre\
ntColor\x22 stroke-\
width=\x221.8\x22 stro\
ke-linecap=\x22roun\
d\x22 stroke-linejo\
in=\x22round\x22 fill=\
\x22none\x22 d=\x22M8 3H5\
a2 2 0 0 0-2 2v3\
\x22/>\x0a<path stroke\
=\x22currentColor\x22 \
stroke-width=\x221.\
8\x22 stroke-lineca\
p=\x22round\x22 stroke\
-linejoin=\x22round\
\x22 fill=\x22none\x22 d=\
\x22M16 3h3a2 2 0 0\
 1 2 2v3\x22/>\x0a<pat\
h stroke=\x22curren\
tColor\x22 stroke-w\
idth=\x221.8\x22 strok\
e-linecap=\x22round\
\x22 stroke-linejoi\
n=\x22round\x22 fill=\x22\
none\x22 d=\x22M21 16v\
3a2 2 0 0 1-2 2h\
-3\x22/>\x0a<path stro\
ke=\x22currentColor\
\x22 stroke-width=\x22\
1.8\x22 stroke-line\
cap=\x22round\x22 stro\
ke-linejoin=\x22rou\
nd\x22 fill=\x22none\x22 \
d=\x22M3 16v3a2 2 0\
 0 0 2 2h3\x22/>\x0a<r\
ect x=\x228\x22 y=\x228\x22 \
width=\x228\x22 height\
=\x228\x22 rx=\x221.5\x22 st\
roke=\x22currentCol\
or\x22 stroke-width\
=\x221.8\x22 stroke-li\
necap=\x22round\x22 st\
roke-linejoin=\x22r\
ound\x22 fill=\x22none\
\x22/>\x0a\x0a</svg>\x0a\
\x00\x00\x00\xd9\
\x00\
\x00\x02\xd5x\xda\xc5\x92Kn\xc30\x0cD\xf7>\x05\
\xc1\xbd\xf5ab\xb7),/\xd2m{\x88\xc0Vc\
\xa5\x8ad\xc8\x8a\x95\xe3W*\xda\x00\xbd\x80\x0b\x90\xb3\
x$0\x03\x90\xdd\xb2\x9e\xe1~\xb5nQ8\xc58\
\xbfp\x9eRbi\xc7|8s\x12B\xf0\xbc\x81\xb0\
\x1a\x9d\x8e\xfe\xaeP\x80\x00\xda\xe7\xc2\xbe\xaa\xba\xf9\x14\
'Xb\xf0\x9fZ\xe1p\x0bA\xbb\xf8\xea\xad\x0f\xf8\
C\xebd\xc68)\x94\xec\xf9\x81\xacqz8\xcd\x0a\
\x83\xbf\xb9\xf1\x0f\xbex\xe3\x1e\xfc\xc3X\xab\xd0y\xa7\
\x11F\x85\xef{\x90\xed\xb0\xab\x1b\x90\xdf\xd2\x82@\xde\
\xffC\x06K\xac\xa9[\xd6\x0cTS\xc9\x92\xa5\x01\xf1\
F\x22\xcf\xb6O\xd4\x02\x89I\xd2\xf6\xc6\x92\xe0i=\
l\xef{`\xe5\x03\x8a\xd0\xef1r\x97\x1cUW\x9e\
\xb5\xaf\xbe\x00\xb0p\xe9\xf5\
\x00\x00\x01\xbd\
<\
svg xmlns=\x22http:\
//www.w3.org/200\
0/svg\x22 viewBox=\x22\
0 0 24 24\x22>\x0a\x0a<ci\
rcle cx=\x2212\x22 cy=\
\x2212\x22 r=\x229\x22 strok\
e=\x22currentColor\x22\
 stroke-width=\x221\
.8\x22 stroke-linec\
ap=\x22round\x22 strok\
e-linejoin=\x22roun\
d\x22 fill=\x22none\x22/>\
\x0a<path stroke=\x22c\
urrentColor\x22 str\
oke-width=\x221.8\x22 \
stroke-linecap=\x22\
round\x22 stroke-li\
nejoin=\x22round\x22 f\
ill=\x22none\x22 d=\x22M1\
2 10v6\x22/>\x0a<path \
stroke=\x22currentC\
olor\x22 stroke-wid\
th=\x221.8\x22 stroke-\
linecap=\x22round\x22 \
stroke-linejoin=\
\x22round\x22 fill=\x22no\
ne\x22 d=\x22M12 7h.01\
\x22/>\x0a\x0a</svg>\x0a\
\x00\x00\x02G\
<\
svg xmlns=\x22http:\
//www.w3.org/200\
0/svg\x22 viewBox=\x22\
0 0 24 24\x22>\x0a\x0a<pa\
th stroke=\x22curre\
ntColor\x22 stroke-\
width=\x221.8\x22 stro\
ke-linecap=\x22roun\
d\x22 stroke-linejo\
in=\x22round\x22 fill=\
\x22none\x22 d=\x22M12 3l\
8 4v10l-8 4-8-4V\
7l8-4z\x22/>\x0a<path \
stroke=\x22currentC\
olor\x22 stroke-wid\
th=\x221.8\x22 stroke-\
linecap=\x22round\x22 \
stroke-linejoin=\
\x22round\x22 fill=\x22no\
ne\x22 d=\x22M12 3v18\x22\
/>\x0a<path stroke=\
\x22currentColor\x22 s\
troke-width=\x221.8\
\x22 stroke-linecap\
=\x22round\x22 stroke-\
linejoin=\x22round\x22\
 fill=\x22none\x22 d=\x22\
M4 7l8 4 8-4\x22/>\x0a\
<path stroke=\x22cu\
rrentColor\x22 stro\
ke-width=\x221.8\x22 s\
troke-linecap=\x22r\
ound\x22 stroke-lin\
ejoin=\x22round\x22 fi\
ll=\x22none\x22 d=\x22M4 \
17l8-4 8 4\x22/>\x0a\x0a<\
/svg>\x0a\
\x00\x00\x00\xd4\
\x00\
\x00\x03Jx\xda\xc5\x93\xcd\x0e\xc2 \x0c\x80\xef<E\
\xd3\xbb\x83M\xb2\x183v\xd0\xb3\x0f\xb1l8P\x84\
\x85\xe1\x98o/\xfe&\xbe\x80KIK\xbe\xb4\xf9\xca\
\x81j\x9cz\x98/\xc6\x8e\x02U\x08\xc3\x96\xd2\x18c\
\x16\xd7\x99\xf3=-\x18c4u LZ\xc6\x9d\x9b\
\x052`P\xf0t\xb0&\xa4\xf2\xb2\x0d\x90(G\xb8\
=s\xd4]P\x02\xf3\x12AI\xdd\xab\xf0\xba\xfb\xd4\
S \x8c\xc1\xbb\xb3\x14\xd8^\xbd\x976\xec\x9dq\xfe\
CW\x9f\xd1l\xf3EF[\xd96\x83@\xef\xae\xb6\
\xfb\xc1'\xa7\xed\x97\x1f\xb51\x02\xad\xb3\x12iM\xaa\
\xa1\x09\xea\x1f.\xe8\x04\x1e8\xe4L\xa57.!\xe6\
\x8b\x88s\x06|ZD\xcc\x17\x12\x97\x90o\xdab\x95\
\xf4)J`\xe3\xbb>6!\xd5\xe3\x87\xd4\xe4\x0e\xb6\
\xf1\x14\xce\
\x00\x00\x02\x05\
<\
svg xmlns=\x22http:\
//www.w3.org/200\
0/svg\x22 viewBox=\x22\
0 0 24 24\x22>\x0a\x0a<re\
ct x=\x224\x22 y=\x226\x22 w\
idth=\x228\x22 height=\
\x226\x22 rx=\x221\x22 strok\
e=\x22currentColor\x22\
 stroke-width=\x221\
.8\x22 stroke-linec\
ap=\x22round\x22 strok\
e-linejoin=\x22roun\
d\x22 fill=\x22none\x22/>\
\x0a<rect x=\x2212\x22 y=\
\x224\x22 width=\x228\x22 he\
ight=\x227\x22 rx=\x221\x22 \
stroke=\x22currentC\
olor\x22 stroke-wid\
th=\x221.8\x22 stroke-\
linecap=\x22round\x22 \
stroke-linejoin=\
\x22round\x22 fill=\x22no\
ne\x22/>\x0a<rect x=\x228\
\x22 y=\x2212\x22 width=\x22\
12\x22 height=\x228\x22 r\
x=\x221\x22 stroke=\x22cu\
rrentColor\x22 stro\
ke-width=\x221.8\x22 s\
troke-linecap=\x22r\
ound\x22 stroke-lin\
ejoin=\x22round\x22 fi\
ll=\x22none\x22/>\x0a\x0a</s\
vg>\x0a\
\x00\x00\x00\xde\
\x00\
\x00\x02\xeex\xda\xc5\xd2\xcf\x8a\xc20\x10\x06\xf0{\x9f\
b\x98{\x9a?\xad\xcb\xae4=\xe8y\xaf\xdeK\x9a\
\xb5\xd1\x98\x9446\xee\xdb\xdb\xb0\xe2\xd2\x17P\x08\x0c\
|\x0c\xe4\xc7\xf05\xd3|\x84\xdb\xc5\xbaI\xe2\x10\xe3\
\xb8\xa54\xa5T\xa6\xaa\xf4\xe1H\x05c\x8c.\x1b\x08\
\xb3\xd1i\xe7o\x12\x190\x10\xf5\xf2\xb0-\x8af\xec\
\xe2\x00S\x0c\xfe\xac%\xaak\x08\xda\xc5\xbd\xb7>\xe0\
#%\xc9\xf4q\x90\xc8\xcb\xcfgd\x8d\xd3\xaa\x1b%\
\x06\x7fu\xfd*>y\xe3\x9e\xf9\x8f\xb1V\xa2\xf3N\
#\xf4\x12\xbfk\xf8:|t\x02\x04d\x04\x07A\xc4\
P!m_\xcc\x10l\xe5`$;\xc8\x1b 5\xf0\
\xcd\x5c\xfdC\x96\xf9\xae\x83\xac \x9cd\xc8\xe3\x22\xca\
\x04e5\xa8\xa5:\x5c \xa8\xdf\xbf\x19\xf2\xd7\x1b|\
\x85\x91\xe6\xa2\xe6\x16\xb7\xc5\x1d\xe5k\xef\xf2\
"

qt_resource_name = b"\
\x00\x05\
\x00o\xa6S\
\x00i\
\x00c\x00o\x00n\x00s\
\x00\x05\
\x00i\x88D\
\x00b\
\x00r\x00a\x00n\x00d\
\x00\x08\
\x05\xe2T\xa7\
\x00l\
\x00o\x00g\x00o\x00.\x00s\x00v\x00g\
\x00\x0d\
\x0e2\xf7g\
\x00l\
\x00o\x00g\x00o\x00_\x00m\x00a\x00r\x00k\x00.\x00s\x00v\x00g\
\x00\x10\
\x0eg\x8a\x87\
\x00a\
\x00p\x00p\x00_\x00i\x00c\x00o\x00n\x00_\x002\x005\x006\x00.\x00p\x00n\x00g\
\x00\x0c\
\x07CL\xa7\
\x00w\
\x00o\x00r\x00d\x00m\x00a\x00r\x00k\x00.\x00s\x00v\x00g\
\x00\x0c\
\x07o\x84\x7f\
\x00a\
\x00p\x00p\x00_\x00i\x00c\x00o\x00n\x00.\x00i\x00c\x00o\
\x00\x13\
\x04\x8a\x0dg\
\x00c\
\x00l\x00e\x00a\x00r\x00_\x00s\x00e\x00l\x00e\x00c\x00t\x00i\x00o\x00n\x00.\x00s\
\x00v\x00g\
\x00\x14\
\x0d\x16N\x07\
\x00i\
\x00n\x00v\x00e\x00r\x00t\x00_\x00s\x00e\x00l\x00e\x00c\x00t\x00i\x00o\x00n\x00.\
\x00s\x00v\x00g\
\x00\x0e\
\x05\x04uG\
\x00e\
\x00x\x00p\x00o\x00r\x00t\x00_\x00d\x00x\x00f\x00.\x00s\x00v\x00g\
\x00\x0c\
\x0b\xdf,\xc7\
\x00s\
\x00e\x00t\x00t\x00i\x00n\x00g\x00s\x00.\x00s\x00v\x00g\
\x00\x0e\
\x03 \xf3\xe7\
\x00s\
\x00h\x00o\x00w\x00_\x00e\x00d\x00g\x00e\x00s\x00.\x00s\x00v\x00g\
\x00\x0e\
\x0aF\xde'\
\x00p\
\x00i\x00n\x00_\x00v\x00e\x00r\x00t\x00e\x00x\x00.\x00s\x00v\x00g\
\x00\x10\
\x0a7\xc1\xe7\
\x00o\
\x00r\x00b\x00i\x00t\x00_\x00b\x00u\x00t\x00t\x00o\x00n\x00.\x00s\x00v\x00g\
\x00\x10\
\x07\x8f\x83\xa7\
\x00i\
\x00m\x00p\x00o\x00r\x00t\x00_\x00m\x00o\x00d\x00e\x00l\x00.\x00s\x00v\x00g\
\x00\x12\
\x06xSG\
\x00s\
\x00u\x00r\x00f\x00a\x00c\x00e\x00_\x00s\x00e\x00l\x00e\x00c\x00t\x00.\x00s\x00v\
\x00g\
\x00\x0b\
\x08I\x16\x87\
\x00i\
\x00s\x00o\x00l\x00a\x00t\x00e\x00.\x00s\x00v\x00g\
\x00\x0b\
\x0a\x9b\x0b\xa7\
\x00f\
\x00l\x00a\x00t\x00t\x00e\x00n\x00.\x00s\x00v\x00g\
\x00\x09\
\x06\xc7\x95\xe7\
\x00a\
\x00b\x00o\x00u\x00t\x00.\x00s\x00v\x00g\
\x00\x0d\
\x0c) '\
\x00w\
\x00i\x00r\x00e\x00f\x00r\x00a\x00m\x00e\x00.\x00s\x00v\x00g\
\x00\x0e\
\x04\x93D\xa7\
\x00s\
\x00t\x00r\x00a\x00i\x00n\x00_\x00m\x00a\x00p\x00.\x00s\x00v\x00g\
\x00\x08\
\x0c\xa7TG\
\x00n\
\x00e\x00s\x00t\x00.\x00s\x00v\x00g\
\x00\x13\
\x0e\x04\xc1G\
\x00f\
\x00r\x00a\x00m\x00e\x00_\x00s\x00e\x00l\x00e\x00c\x00t\x00i\x00o\x00n\x00.\x00s\
\x00v\x00g\
"

qt_resource_struct = b"\
\x00\x00\x00\x00\x00\x02\x00\x00\x00\x02\x00\x00\x00\x01\
\x00\x00\x00\x00\x00\x00\x00\x00\
\x00\x00\x00\x10\x00\x02\x00\x00\x00\x05\x00\x00\x00\x14\
\x00\x00\x00\x00\x00\x00\x00\x00\
\x00\x00\x00\x00\x00\x02\x00\x00\x00\x11\x00\x00\x00\x03\
\x00\x00\x00\x00\x00\x00\x00\x00\
\x00\x00\x01R\x00\x00\x00\x00\x00\x01\x00\x03\xa5\xda\
\x00\x00\x01\x9cq\x91\xbc\x19\
\x00\x00\x00\xb8\x00\x00\x00\x00\x00\x01\x00\x03\x9a\xe5\
\x00\x00\x01\x9cq\x91\xba[\
\x00\x00\x02|\x00\x01\x00\x00\x00\x01\x00\x03\xb7\x7f\
\x00\x00\x01\x9cq\x91\xbcC\
\x00\x00\x01\x12\x00\x01\x00\x00\x00\x01\x00\x03\xa2\x98\
\x00\x00\x01\x9cq\x91\xba\x89\
\x00\x00\x00 \x00\x00\x00\x00\x00\x01\x00\x03\x9f\x0a\
\x00\x00\x01\x9ck`}\xd0\
\x00\x00\x01\xe2\x00\x00\x00\x00\x00\x01\x00\x03\xae$\
\x00\x00\x01\x9cq\x91\xbcc\
\x00\x00\x02D\x00\x00\x00\x00\x00\x01\x00\x03\xb3s\
\x00\x00\x01\x9cq\x91\xba+\
\x00\x00\x01\xbc\x00\x00\x00\x00\x00\x01\x00\x03\xab\xc6\
\x00\x00\x01\x9cq\x91\xbb\x0c\
\x00\x00\x02\x0c\x00\x00\x00\x00\x00\x01\x00\x03\xaf\x95\
\x00\x00\x01\x9cq\x91\xbbh\
\x00\x00\x01\x96\x00\x00\x00\x00\x00\x01\x00\x03\xa9\x14\
\x00\x00\x01\x9cu\x96\x08\x9e\
\x00\x00\x01t\x00\x00\x00\x00\x00\x01\x00\x03\xa7\xac\
\x00\x00\x01\x9cq\x91\xbb\xb7\
\x00\x00\x02(\x00\x01\x00\x00\x00\x01\x00\x03\xb2\x96\
\x00\x00\x01\x9cq\x91\xba\xb0\
\x00\x00\x014\x00\x00\x00\x00\x00\x01\x00\x03\xa3w\
\x00\x00\x01\x9cq\x91\xbb\xe6\
\x00\x00\x02\x5c\x00\x00\x00\x00\x00\x01\x00\x03\xb54\
\x00\x00\x01\x9cq\x91\xbc\x9d\
\x00\x00\x02\x9e\x00\x00\x00\x00\x00\x01\x00\x03\xb8W\
\x00\x00\x01\x9cq\x91\xbb\x8b\
\x00\x00\x00\xe4\x00\x00\x00\x00\x00\x01\x00\x03\x9d>\
\x00\x00\x01\x9cq\x91\xbb>\
\x00\x00\x02\xb4\x00\x01\x00\x00\x00\x01\x00\x03\xba`\
\x00\x00\x01\x9cq\x91\xba\xe4\
\x00\x00\x00 \x00\x00\x00\x00\x00\x01\x00\x00\x00\x00\
\x00\x00\x01\x9ck`}\xd0\
\x00\x00\x00|\x00\x00\x00\x00\x00\x01\x00\x01\xaa\x92\
\x00\x00\x01\x9ck`}\xcf\
\x00\x00\x00\x9a\x00\x00\x00\x00\x00\x01\x00\x01\xab\xc2\
\x00\x00\x01\x9ck,\xdc\xef\
\x00\x00\x006\x00\x00\x00\x00\x00\x01\x00\x00\x03\x8e\
\x00\x00\x01\x9ck`}\xce\
\x00\x00\x00V\x00\x00\x00\x00\x00\x01\x00\x00\x05\xec\
\x00\x00\x01\x9ck-\xa3\xc6\
"

def qInitResources():
    QtCore.qRegisterResourceData(0x03, qt_resource_struct, qt_resource_name, qt_resource_data)

def qCleanupResources():
    QtCore.qUnregisterResourceData(0x03, qt_resource_struct, qt_resource_name, qt_resource_data)

qInitResources()
